ARM GAS  C:\Users\alireza\AppData\Local\Temp\ccw51SGa.s 			page 1


   1              		.cpu cortex-m4
   2              		.arch armv7e-m
   3              		.fpu fpv4-sp-d16
   4              		.eabi_attribute 27, 1
   5              		.eabi_attribute 28, 1
   6              		.eabi_attribute 20, 1
   7              		.eabi_attribute 21, 1
   8              		.eabi_attribute 23, 3
   9              		.eabi_attribute 24, 1
  10              		.eabi_attribute 25, 1
  11              		.eabi_attribute 26, 1
  12              		.eabi_attribute 30, 1
  13              		.eabi_attribute 34, 1
  14              		.eabi_attribute 18, 4
  15              		.file	"controller.c"
  16              		.text
  17              	.Ltext0:
  18              		.cfi_sections	.debug_frame
  19              		.file 1 "controller/controller.c"
  20              		.section	.text.__NVIC_SystemReset,"ax",%progbits
  21              		.align	1
  22              		.syntax unified
  23              		.thumb
  24              		.thumb_func
  26              	__NVIC_SystemReset:
  27              	.LFB121:
  28              		.file 2 "Drivers/CMSIS/Include/core_cm4.h"
   1:Drivers/CMSIS/Include/core_cm4.h **** /**************************************************************************//**
   2:Drivers/CMSIS/Include/core_cm4.h ****  * @file     core_cm4.h
   3:Drivers/CMSIS/Include/core_cm4.h ****  * @brief    CMSIS Cortex-M4 Core Peripheral Access Layer Header File
   4:Drivers/CMSIS/Include/core_cm4.h ****  * @version  V5.1.2
   5:Drivers/CMSIS/Include/core_cm4.h ****  * @date     04. June 2021
   6:Drivers/CMSIS/Include/core_cm4.h ****  ******************************************************************************/
   7:Drivers/CMSIS/Include/core_cm4.h **** /*
   8:Drivers/CMSIS/Include/core_cm4.h ****  * Copyright (c) 2009-2020 Arm Limited. All rights reserved.
   9:Drivers/CMSIS/Include/core_cm4.h ****  *
  10:Drivers/CMSIS/Include/core_cm4.h ****  * SPDX-License-Identifier: Apache-2.0
  11:Drivers/CMSIS/Include/core_cm4.h ****  *
  12:Drivers/CMSIS/Include/core_cm4.h ****  * Licensed under the Apache License, Version 2.0 (the License); you may
  13:Drivers/CMSIS/Include/core_cm4.h ****  * not use this file except in compliance with the License.
  14:Drivers/CMSIS/Include/core_cm4.h ****  * You may obtain a copy of the License at
  15:Drivers/CMSIS/Include/core_cm4.h ****  *
  16:Drivers/CMSIS/Include/core_cm4.h ****  * www.apache.org/licenses/LICENSE-2.0
  17:Drivers/CMSIS/Include/core_cm4.h ****  *
  18:Drivers/CMSIS/Include/core_cm4.h ****  * Unless required by applicable law or agreed to in writing, software
  19:Drivers/CMSIS/Include/core_cm4.h ****  * distributed under the License is distributed on an AS IS BASIS, WITHOUT
  20:Drivers/CMSIS/Include/core_cm4.h ****  * WARRANTIES OR CONDITIONS OF ANY KIND, either express or implied.
  21:Drivers/CMSIS/Include/core_cm4.h ****  * See the License for the specific language governing permissions and
  22:Drivers/CMSIS/Include/core_cm4.h ****  * limitations under the License.
  23:Drivers/CMSIS/Include/core_cm4.h ****  */
  24:Drivers/CMSIS/Include/core_cm4.h **** 
  25:Drivers/CMSIS/Include/core_cm4.h **** #if   defined ( __ICCARM__ )
  26:Drivers/CMSIS/Include/core_cm4.h ****   #pragma system_include         /* treat file as system include file for MISRA check */
  27:Drivers/CMSIS/Include/core_cm4.h **** #elif defined (__clang__)
  28:Drivers/CMSIS/Include/core_cm4.h ****   #pragma clang system_header   /* treat file as system include file */
  29:Drivers/CMSIS/Include/core_cm4.h **** #endif
  30:Drivers/CMSIS/Include/core_cm4.h **** 
ARM GAS  C:\Users\alireza\AppData\Local\Temp\ccw51SGa.s 			page 2


  31:Drivers/CMSIS/Include/core_cm4.h **** #ifndef __CORE_CM4_H_GENERIC
  32:Drivers/CMSIS/Include/core_cm4.h **** #define __CORE_CM4_H_GENERIC
  33:Drivers/CMSIS/Include/core_cm4.h **** 
  34:Drivers/CMSIS/Include/core_cm4.h **** #include <stdint.h>
  35:Drivers/CMSIS/Include/core_cm4.h **** 
  36:Drivers/CMSIS/Include/core_cm4.h **** #ifdef __cplusplus
  37:Drivers/CMSIS/Include/core_cm4.h ****  extern "C" {
  38:Drivers/CMSIS/Include/core_cm4.h **** #endif
  39:Drivers/CMSIS/Include/core_cm4.h **** 
  40:Drivers/CMSIS/Include/core_cm4.h **** /**
  41:Drivers/CMSIS/Include/core_cm4.h ****   \page CMSIS_MISRA_Exceptions  MISRA-C:2004 Compliance Exceptions
  42:Drivers/CMSIS/Include/core_cm4.h ****   CMSIS violates the following MISRA-C:2004 rules:
  43:Drivers/CMSIS/Include/core_cm4.h **** 
  44:Drivers/CMSIS/Include/core_cm4.h ****    \li Required Rule 8.5, object/function definition in header file.<br>
  45:Drivers/CMSIS/Include/core_cm4.h ****      Function definitions in header files are used to allow 'inlining'.
  46:Drivers/CMSIS/Include/core_cm4.h **** 
  47:Drivers/CMSIS/Include/core_cm4.h ****    \li Required Rule 18.4, declaration of union type or object of union type: '{...}'.<br>
  48:Drivers/CMSIS/Include/core_cm4.h ****      Unions are used for effective representation of core registers.
  49:Drivers/CMSIS/Include/core_cm4.h **** 
  50:Drivers/CMSIS/Include/core_cm4.h ****    \li Advisory Rule 19.7, Function-like macro defined.<br>
  51:Drivers/CMSIS/Include/core_cm4.h ****      Function-like macros are used to allow more efficient code.
  52:Drivers/CMSIS/Include/core_cm4.h ****  */
  53:Drivers/CMSIS/Include/core_cm4.h **** 
  54:Drivers/CMSIS/Include/core_cm4.h **** 
  55:Drivers/CMSIS/Include/core_cm4.h **** /*******************************************************************************
  56:Drivers/CMSIS/Include/core_cm4.h ****  *                 CMSIS definitions
  57:Drivers/CMSIS/Include/core_cm4.h ****  ******************************************************************************/
  58:Drivers/CMSIS/Include/core_cm4.h **** /**
  59:Drivers/CMSIS/Include/core_cm4.h ****   \ingroup Cortex_M4
  60:Drivers/CMSIS/Include/core_cm4.h ****   @{
  61:Drivers/CMSIS/Include/core_cm4.h ****  */
  62:Drivers/CMSIS/Include/core_cm4.h **** 
  63:Drivers/CMSIS/Include/core_cm4.h **** #include "cmsis_version.h"
  64:Drivers/CMSIS/Include/core_cm4.h **** 
  65:Drivers/CMSIS/Include/core_cm4.h **** /* CMSIS CM4 definitions */
  66:Drivers/CMSIS/Include/core_cm4.h **** #define __CM4_CMSIS_VERSION_MAIN  (__CM_CMSIS_VERSION_MAIN)              /*!< \deprecated [31:16] C
  67:Drivers/CMSIS/Include/core_cm4.h **** #define __CM4_CMSIS_VERSION_SUB   (__CM_CMSIS_VERSION_SUB)               /*!< \deprecated [15:0]  C
  68:Drivers/CMSIS/Include/core_cm4.h **** #define __CM4_CMSIS_VERSION       ((__CM4_CMSIS_VERSION_MAIN << 16U) | \
  69:Drivers/CMSIS/Include/core_cm4.h ****                                     __CM4_CMSIS_VERSION_SUB           )  /*!< \deprecated CMSIS HAL
  70:Drivers/CMSIS/Include/core_cm4.h **** 
  71:Drivers/CMSIS/Include/core_cm4.h **** #define __CORTEX_M                (4U)                                   /*!< Cortex-M Core */
  72:Drivers/CMSIS/Include/core_cm4.h **** 
  73:Drivers/CMSIS/Include/core_cm4.h **** /** __FPU_USED indicates whether an FPU is used or not.
  74:Drivers/CMSIS/Include/core_cm4.h ****     For this, __FPU_PRESENT has to be checked prior to making use of FPU specific registers and fun
  75:Drivers/CMSIS/Include/core_cm4.h **** */
  76:Drivers/CMSIS/Include/core_cm4.h **** #if defined ( __CC_ARM )
  77:Drivers/CMSIS/Include/core_cm4.h ****   #if defined __TARGET_FPU_VFP
  78:Drivers/CMSIS/Include/core_cm4.h ****     #if defined (__FPU_PRESENT) && (__FPU_PRESENT == 1U)
  79:Drivers/CMSIS/Include/core_cm4.h ****       #define __FPU_USED       1U
  80:Drivers/CMSIS/Include/core_cm4.h ****     #else
  81:Drivers/CMSIS/Include/core_cm4.h ****       #error "Compiler generates FPU instructions for a device without an FPU (check __FPU_PRESENT)
  82:Drivers/CMSIS/Include/core_cm4.h ****       #define __FPU_USED       0U
  83:Drivers/CMSIS/Include/core_cm4.h ****     #endif
  84:Drivers/CMSIS/Include/core_cm4.h ****   #else
  85:Drivers/CMSIS/Include/core_cm4.h ****     #define __FPU_USED         0U
  86:Drivers/CMSIS/Include/core_cm4.h ****   #endif
  87:Drivers/CMSIS/Include/core_cm4.h **** 
ARM GAS  C:\Users\alireza\AppData\Local\Temp\ccw51SGa.s 			page 3


  88:Drivers/CMSIS/Include/core_cm4.h **** #elif defined (__ARMCC_VERSION) && (__ARMCC_VERSION >= 6010050)
  89:Drivers/CMSIS/Include/core_cm4.h ****   #if defined __ARM_FP
  90:Drivers/CMSIS/Include/core_cm4.h ****     #if defined (__FPU_PRESENT) && (__FPU_PRESENT == 1U)
  91:Drivers/CMSIS/Include/core_cm4.h ****       #define __FPU_USED       1U
  92:Drivers/CMSIS/Include/core_cm4.h ****     #else
  93:Drivers/CMSIS/Include/core_cm4.h ****       #warning "Compiler generates FPU instructions for a device without an FPU (check __FPU_PRESEN
  94:Drivers/CMSIS/Include/core_cm4.h ****       #define __FPU_USED       0U
  95:Drivers/CMSIS/Include/core_cm4.h ****     #endif
  96:Drivers/CMSIS/Include/core_cm4.h ****   #else
  97:Drivers/CMSIS/Include/core_cm4.h ****     #define __FPU_USED         0U
  98:Drivers/CMSIS/Include/core_cm4.h ****   #endif
  99:Drivers/CMSIS/Include/core_cm4.h **** 
 100:Drivers/CMSIS/Include/core_cm4.h **** #elif defined ( __GNUC__ )
 101:Drivers/CMSIS/Include/core_cm4.h ****   #if defined (__VFP_FP__) && !defined(__SOFTFP__)
 102:Drivers/CMSIS/Include/core_cm4.h ****     #if defined (__FPU_PRESENT) && (__FPU_PRESENT == 1U)
 103:Drivers/CMSIS/Include/core_cm4.h ****       #define __FPU_USED       1U
 104:Drivers/CMSIS/Include/core_cm4.h ****     #else
 105:Drivers/CMSIS/Include/core_cm4.h ****       #error "Compiler generates FPU instructions for a device without an FPU (check __FPU_PRESENT)
 106:Drivers/CMSIS/Include/core_cm4.h ****       #define __FPU_USED       0U
 107:Drivers/CMSIS/Include/core_cm4.h ****     #endif
 108:Drivers/CMSIS/Include/core_cm4.h ****   #else
 109:Drivers/CMSIS/Include/core_cm4.h ****     #define __FPU_USED         0U
 110:Drivers/CMSIS/Include/core_cm4.h ****   #endif
 111:Drivers/CMSIS/Include/core_cm4.h **** 
 112:Drivers/CMSIS/Include/core_cm4.h **** #elif defined ( __ICCARM__ )
 113:Drivers/CMSIS/Include/core_cm4.h ****   #if defined __ARMVFP__
 114:Drivers/CMSIS/Include/core_cm4.h ****     #if defined (__FPU_PRESENT) && (__FPU_PRESENT == 1U)
 115:Drivers/CMSIS/Include/core_cm4.h ****       #define __FPU_USED       1U
 116:Drivers/CMSIS/Include/core_cm4.h ****     #else
 117:Drivers/CMSIS/Include/core_cm4.h ****       #error "Compiler generates FPU instructions for a device without an FPU (check __FPU_PRESENT)
 118:Drivers/CMSIS/Include/core_cm4.h ****       #define __FPU_USED       0U
 119:Drivers/CMSIS/Include/core_cm4.h ****     #endif
 120:Drivers/CMSIS/Include/core_cm4.h ****   #else
 121:Drivers/CMSIS/Include/core_cm4.h ****     #define __FPU_USED         0U
 122:Drivers/CMSIS/Include/core_cm4.h ****   #endif
 123:Drivers/CMSIS/Include/core_cm4.h **** 
 124:Drivers/CMSIS/Include/core_cm4.h **** #elif defined ( __TI_ARM__ )
 125:Drivers/CMSIS/Include/core_cm4.h ****   #if defined __TI_VFP_SUPPORT__
 126:Drivers/CMSIS/Include/core_cm4.h ****     #if defined (__FPU_PRESENT) && (__FPU_PRESENT == 1U)
 127:Drivers/CMSIS/Include/core_cm4.h ****       #define __FPU_USED       1U
 128:Drivers/CMSIS/Include/core_cm4.h ****     #else
 129:Drivers/CMSIS/Include/core_cm4.h ****       #error "Compiler generates FPU instructions for a device without an FPU (check __FPU_PRESENT)
 130:Drivers/CMSIS/Include/core_cm4.h ****       #define __FPU_USED       0U
 131:Drivers/CMSIS/Include/core_cm4.h ****     #endif
 132:Drivers/CMSIS/Include/core_cm4.h ****   #else
 133:Drivers/CMSIS/Include/core_cm4.h ****     #define __FPU_USED         0U
 134:Drivers/CMSIS/Include/core_cm4.h ****   #endif
 135:Drivers/CMSIS/Include/core_cm4.h **** 
 136:Drivers/CMSIS/Include/core_cm4.h **** #elif defined ( __TASKING__ )
 137:Drivers/CMSIS/Include/core_cm4.h ****   #if defined __FPU_VFP__
 138:Drivers/CMSIS/Include/core_cm4.h ****     #if defined (__FPU_PRESENT) && (__FPU_PRESENT == 1U)
 139:Drivers/CMSIS/Include/core_cm4.h ****       #define __FPU_USED       1U
 140:Drivers/CMSIS/Include/core_cm4.h ****     #else
 141:Drivers/CMSIS/Include/core_cm4.h ****       #error "Compiler generates FPU instructions for a device without an FPU (check __FPU_PRESENT)
 142:Drivers/CMSIS/Include/core_cm4.h ****       #define __FPU_USED       0U
 143:Drivers/CMSIS/Include/core_cm4.h ****     #endif
 144:Drivers/CMSIS/Include/core_cm4.h ****   #else
ARM GAS  C:\Users\alireza\AppData\Local\Temp\ccw51SGa.s 			page 4


 145:Drivers/CMSIS/Include/core_cm4.h ****     #define __FPU_USED         0U
 146:Drivers/CMSIS/Include/core_cm4.h ****   #endif
 147:Drivers/CMSIS/Include/core_cm4.h **** 
 148:Drivers/CMSIS/Include/core_cm4.h **** #elif defined ( __CSMC__ )
 149:Drivers/CMSIS/Include/core_cm4.h ****   #if ( __CSMC__ & 0x400U)
 150:Drivers/CMSIS/Include/core_cm4.h ****     #if defined (__FPU_PRESENT) && (__FPU_PRESENT == 1U)
 151:Drivers/CMSIS/Include/core_cm4.h ****       #define __FPU_USED       1U
 152:Drivers/CMSIS/Include/core_cm4.h ****     #else
 153:Drivers/CMSIS/Include/core_cm4.h ****       #error "Compiler generates FPU instructions for a device without an FPU (check __FPU_PRESENT)
 154:Drivers/CMSIS/Include/core_cm4.h ****       #define __FPU_USED       0U
 155:Drivers/CMSIS/Include/core_cm4.h ****     #endif
 156:Drivers/CMSIS/Include/core_cm4.h ****   #else
 157:Drivers/CMSIS/Include/core_cm4.h ****     #define __FPU_USED         0U
 158:Drivers/CMSIS/Include/core_cm4.h ****   #endif
 159:Drivers/CMSIS/Include/core_cm4.h **** 
 160:Drivers/CMSIS/Include/core_cm4.h **** #endif
 161:Drivers/CMSIS/Include/core_cm4.h **** 
 162:Drivers/CMSIS/Include/core_cm4.h **** #include "cmsis_compiler.h"               /* CMSIS compiler specific defines */
 163:Drivers/CMSIS/Include/core_cm4.h **** 
 164:Drivers/CMSIS/Include/core_cm4.h **** 
 165:Drivers/CMSIS/Include/core_cm4.h **** #ifdef __cplusplus
 166:Drivers/CMSIS/Include/core_cm4.h **** }
 167:Drivers/CMSIS/Include/core_cm4.h **** #endif
 168:Drivers/CMSIS/Include/core_cm4.h **** 
 169:Drivers/CMSIS/Include/core_cm4.h **** #endif /* __CORE_CM4_H_GENERIC */
 170:Drivers/CMSIS/Include/core_cm4.h **** 
 171:Drivers/CMSIS/Include/core_cm4.h **** #ifndef __CMSIS_GENERIC
 172:Drivers/CMSIS/Include/core_cm4.h **** 
 173:Drivers/CMSIS/Include/core_cm4.h **** #ifndef __CORE_CM4_H_DEPENDANT
 174:Drivers/CMSIS/Include/core_cm4.h **** #define __CORE_CM4_H_DEPENDANT
 175:Drivers/CMSIS/Include/core_cm4.h **** 
 176:Drivers/CMSIS/Include/core_cm4.h **** #ifdef __cplusplus
 177:Drivers/CMSIS/Include/core_cm4.h ****  extern "C" {
 178:Drivers/CMSIS/Include/core_cm4.h **** #endif
 179:Drivers/CMSIS/Include/core_cm4.h **** 
 180:Drivers/CMSIS/Include/core_cm4.h **** /* check device defines and use defaults */
 181:Drivers/CMSIS/Include/core_cm4.h **** #if defined __CHECK_DEVICE_DEFINES
 182:Drivers/CMSIS/Include/core_cm4.h ****   #ifndef __CM4_REV
 183:Drivers/CMSIS/Include/core_cm4.h ****     #define __CM4_REV               0x0000U
 184:Drivers/CMSIS/Include/core_cm4.h ****     #warning "__CM4_REV not defined in device header file; using default!"
 185:Drivers/CMSIS/Include/core_cm4.h ****   #endif
 186:Drivers/CMSIS/Include/core_cm4.h **** 
 187:Drivers/CMSIS/Include/core_cm4.h ****   #ifndef __FPU_PRESENT
 188:Drivers/CMSIS/Include/core_cm4.h ****     #define __FPU_PRESENT             0U
 189:Drivers/CMSIS/Include/core_cm4.h ****     #warning "__FPU_PRESENT not defined in device header file; using default!"
 190:Drivers/CMSIS/Include/core_cm4.h ****   #endif
 191:Drivers/CMSIS/Include/core_cm4.h **** 
 192:Drivers/CMSIS/Include/core_cm4.h ****   #ifndef __MPU_PRESENT
 193:Drivers/CMSIS/Include/core_cm4.h ****     #define __MPU_PRESENT             0U
 194:Drivers/CMSIS/Include/core_cm4.h ****     #warning "__MPU_PRESENT not defined in device header file; using default!"
 195:Drivers/CMSIS/Include/core_cm4.h ****   #endif
 196:Drivers/CMSIS/Include/core_cm4.h **** 
 197:Drivers/CMSIS/Include/core_cm4.h ****   #ifndef __VTOR_PRESENT
 198:Drivers/CMSIS/Include/core_cm4.h ****     #define __VTOR_PRESENT             1U
 199:Drivers/CMSIS/Include/core_cm4.h ****     #warning "__VTOR_PRESENT not defined in device header file; using default!"
 200:Drivers/CMSIS/Include/core_cm4.h ****   #endif
 201:Drivers/CMSIS/Include/core_cm4.h **** 
ARM GAS  C:\Users\alireza\AppData\Local\Temp\ccw51SGa.s 			page 5


 202:Drivers/CMSIS/Include/core_cm4.h ****   #ifndef __NVIC_PRIO_BITS
 203:Drivers/CMSIS/Include/core_cm4.h ****     #define __NVIC_PRIO_BITS          3U
 204:Drivers/CMSIS/Include/core_cm4.h ****     #warning "__NVIC_PRIO_BITS not defined in device header file; using default!"
 205:Drivers/CMSIS/Include/core_cm4.h ****   #endif
 206:Drivers/CMSIS/Include/core_cm4.h **** 
 207:Drivers/CMSIS/Include/core_cm4.h ****   #ifndef __Vendor_SysTickConfig
 208:Drivers/CMSIS/Include/core_cm4.h ****     #define __Vendor_SysTickConfig    0U
 209:Drivers/CMSIS/Include/core_cm4.h ****     #warning "__Vendor_SysTickConfig not defined in device header file; using default!"
 210:Drivers/CMSIS/Include/core_cm4.h ****   #endif
 211:Drivers/CMSIS/Include/core_cm4.h **** #endif
 212:Drivers/CMSIS/Include/core_cm4.h **** 
 213:Drivers/CMSIS/Include/core_cm4.h **** /* IO definitions (access restrictions to peripheral registers) */
 214:Drivers/CMSIS/Include/core_cm4.h **** /**
 215:Drivers/CMSIS/Include/core_cm4.h ****     \defgroup CMSIS_glob_defs CMSIS Global Defines
 216:Drivers/CMSIS/Include/core_cm4.h **** 
 217:Drivers/CMSIS/Include/core_cm4.h ****     <strong>IO Type Qualifiers</strong> are used
 218:Drivers/CMSIS/Include/core_cm4.h ****     \li to specify the access to peripheral variables.
 219:Drivers/CMSIS/Include/core_cm4.h ****     \li for automatic generation of peripheral register debug information.
 220:Drivers/CMSIS/Include/core_cm4.h **** */
 221:Drivers/CMSIS/Include/core_cm4.h **** #ifdef __cplusplus
 222:Drivers/CMSIS/Include/core_cm4.h ****   #define   __I     volatile             /*!< Defines 'read only' permissions */
 223:Drivers/CMSIS/Include/core_cm4.h **** #else
 224:Drivers/CMSIS/Include/core_cm4.h ****   #define   __I     volatile const       /*!< Defines 'read only' permissions */
 225:Drivers/CMSIS/Include/core_cm4.h **** #endif
 226:Drivers/CMSIS/Include/core_cm4.h **** #define     __O     volatile             /*!< Defines 'write only' permissions */
 227:Drivers/CMSIS/Include/core_cm4.h **** #define     __IO    volatile             /*!< Defines 'read / write' permissions */
 228:Drivers/CMSIS/Include/core_cm4.h **** 
 229:Drivers/CMSIS/Include/core_cm4.h **** /* following defines should be used for structure members */
 230:Drivers/CMSIS/Include/core_cm4.h **** #define     __IM     volatile const      /*! Defines 'read only' structure member permissions */
 231:Drivers/CMSIS/Include/core_cm4.h **** #define     __OM     volatile            /*! Defines 'write only' structure member permissions */
 232:Drivers/CMSIS/Include/core_cm4.h **** #define     __IOM    volatile            /*! Defines 'read / write' structure member permissions */
 233:Drivers/CMSIS/Include/core_cm4.h **** 
 234:Drivers/CMSIS/Include/core_cm4.h **** /*@} end of group Cortex_M4 */
 235:Drivers/CMSIS/Include/core_cm4.h **** 
 236:Drivers/CMSIS/Include/core_cm4.h **** 
 237:Drivers/CMSIS/Include/core_cm4.h **** 
 238:Drivers/CMSIS/Include/core_cm4.h **** /*******************************************************************************
 239:Drivers/CMSIS/Include/core_cm4.h ****  *                 Register Abstraction
 240:Drivers/CMSIS/Include/core_cm4.h ****   Core Register contain:
 241:Drivers/CMSIS/Include/core_cm4.h ****   - Core Register
 242:Drivers/CMSIS/Include/core_cm4.h ****   - Core NVIC Register
 243:Drivers/CMSIS/Include/core_cm4.h ****   - Core SCB Register
 244:Drivers/CMSIS/Include/core_cm4.h ****   - Core SysTick Register
 245:Drivers/CMSIS/Include/core_cm4.h ****   - Core Debug Register
 246:Drivers/CMSIS/Include/core_cm4.h ****   - Core MPU Register
 247:Drivers/CMSIS/Include/core_cm4.h ****   - Core FPU Register
 248:Drivers/CMSIS/Include/core_cm4.h ****  ******************************************************************************/
 249:Drivers/CMSIS/Include/core_cm4.h **** /**
 250:Drivers/CMSIS/Include/core_cm4.h ****   \defgroup CMSIS_core_register Defines and Type Definitions
 251:Drivers/CMSIS/Include/core_cm4.h ****   \brief Type definitions and defines for Cortex-M processor based devices.
 252:Drivers/CMSIS/Include/core_cm4.h **** */
 253:Drivers/CMSIS/Include/core_cm4.h **** 
 254:Drivers/CMSIS/Include/core_cm4.h **** /**
 255:Drivers/CMSIS/Include/core_cm4.h ****   \ingroup    CMSIS_core_register
 256:Drivers/CMSIS/Include/core_cm4.h ****   \defgroup   CMSIS_CORE  Status and Control Registers
 257:Drivers/CMSIS/Include/core_cm4.h ****   \brief      Core Register type definitions.
 258:Drivers/CMSIS/Include/core_cm4.h ****   @{
ARM GAS  C:\Users\alireza\AppData\Local\Temp\ccw51SGa.s 			page 6


 259:Drivers/CMSIS/Include/core_cm4.h ****  */
 260:Drivers/CMSIS/Include/core_cm4.h **** 
 261:Drivers/CMSIS/Include/core_cm4.h **** /**
 262:Drivers/CMSIS/Include/core_cm4.h ****   \brief  Union type to access the Application Program Status Register (APSR).
 263:Drivers/CMSIS/Include/core_cm4.h ****  */
 264:Drivers/CMSIS/Include/core_cm4.h **** typedef union
 265:Drivers/CMSIS/Include/core_cm4.h **** {
 266:Drivers/CMSIS/Include/core_cm4.h ****   struct
 267:Drivers/CMSIS/Include/core_cm4.h ****   {
 268:Drivers/CMSIS/Include/core_cm4.h ****     uint32_t _reserved0:16;              /*!< bit:  0..15  Reserved */
 269:Drivers/CMSIS/Include/core_cm4.h ****     uint32_t GE:4;                       /*!< bit: 16..19  Greater than or Equal flags */
 270:Drivers/CMSIS/Include/core_cm4.h ****     uint32_t _reserved1:7;               /*!< bit: 20..26  Reserved */
 271:Drivers/CMSIS/Include/core_cm4.h ****     uint32_t Q:1;                        /*!< bit:     27  Saturation condition flag */
 272:Drivers/CMSIS/Include/core_cm4.h ****     uint32_t V:1;                        /*!< bit:     28  Overflow condition code flag */
 273:Drivers/CMSIS/Include/core_cm4.h ****     uint32_t C:1;                        /*!< bit:     29  Carry condition code flag */
 274:Drivers/CMSIS/Include/core_cm4.h ****     uint32_t Z:1;                        /*!< bit:     30  Zero condition code flag */
 275:Drivers/CMSIS/Include/core_cm4.h ****     uint32_t N:1;                        /*!< bit:     31  Negative condition code flag */
 276:Drivers/CMSIS/Include/core_cm4.h ****   } b;                                   /*!< Structure used for bit  access */
 277:Drivers/CMSIS/Include/core_cm4.h ****   uint32_t w;                            /*!< Type      used for word access */
 278:Drivers/CMSIS/Include/core_cm4.h **** } APSR_Type;
 279:Drivers/CMSIS/Include/core_cm4.h **** 
 280:Drivers/CMSIS/Include/core_cm4.h **** /* APSR Register Definitions */
 281:Drivers/CMSIS/Include/core_cm4.h **** #define APSR_N_Pos                         31U                                            /*!< APSR
 282:Drivers/CMSIS/Include/core_cm4.h **** #define APSR_N_Msk                         (1UL << APSR_N_Pos)                            /*!< APSR
 283:Drivers/CMSIS/Include/core_cm4.h **** 
 284:Drivers/CMSIS/Include/core_cm4.h **** #define APSR_Z_Pos                         30U                                            /*!< APSR
 285:Drivers/CMSIS/Include/core_cm4.h **** #define APSR_Z_Msk                         (1UL << APSR_Z_Pos)                            /*!< APSR
 286:Drivers/CMSIS/Include/core_cm4.h **** 
 287:Drivers/CMSIS/Include/core_cm4.h **** #define APSR_C_Pos                         29U                                            /*!< APSR
 288:Drivers/CMSIS/Include/core_cm4.h **** #define APSR_C_Msk                         (1UL << APSR_C_Pos)                            /*!< APSR
 289:Drivers/CMSIS/Include/core_cm4.h **** 
 290:Drivers/CMSIS/Include/core_cm4.h **** #define APSR_V_Pos                         28U                                            /*!< APSR
 291:Drivers/CMSIS/Include/core_cm4.h **** #define APSR_V_Msk                         (1UL << APSR_V_Pos)                            /*!< APSR
 292:Drivers/CMSIS/Include/core_cm4.h **** 
 293:Drivers/CMSIS/Include/core_cm4.h **** #define APSR_Q_Pos                         27U                                            /*!< APSR
 294:Drivers/CMSIS/Include/core_cm4.h **** #define APSR_Q_Msk                         (1UL << APSR_Q_Pos)                            /*!< APSR
 295:Drivers/CMSIS/Include/core_cm4.h **** 
 296:Drivers/CMSIS/Include/core_cm4.h **** #define APSR_GE_Pos                        16U                                            /*!< APSR
 297:Drivers/CMSIS/Include/core_cm4.h **** #define APSR_GE_Msk                        (0xFUL << APSR_GE_Pos)                         /*!< APSR
 298:Drivers/CMSIS/Include/core_cm4.h **** 
 299:Drivers/CMSIS/Include/core_cm4.h **** 
 300:Drivers/CMSIS/Include/core_cm4.h **** /**
 301:Drivers/CMSIS/Include/core_cm4.h ****   \brief  Union type to access the Interrupt Program Status Register (IPSR).
 302:Drivers/CMSIS/Include/core_cm4.h ****  */
 303:Drivers/CMSIS/Include/core_cm4.h **** typedef union
 304:Drivers/CMSIS/Include/core_cm4.h **** {
 305:Drivers/CMSIS/Include/core_cm4.h ****   struct
 306:Drivers/CMSIS/Include/core_cm4.h ****   {
 307:Drivers/CMSIS/Include/core_cm4.h ****     uint32_t ISR:9;                      /*!< bit:  0.. 8  Exception number */
 308:Drivers/CMSIS/Include/core_cm4.h ****     uint32_t _reserved0:23;              /*!< bit:  9..31  Reserved */
 309:Drivers/CMSIS/Include/core_cm4.h ****   } b;                                   /*!< Structure used for bit  access */
 310:Drivers/CMSIS/Include/core_cm4.h ****   uint32_t w;                            /*!< Type      used for word access */
 311:Drivers/CMSIS/Include/core_cm4.h **** } IPSR_Type;
 312:Drivers/CMSIS/Include/core_cm4.h **** 
 313:Drivers/CMSIS/Include/core_cm4.h **** /* IPSR Register Definitions */
 314:Drivers/CMSIS/Include/core_cm4.h **** #define IPSR_ISR_Pos                        0U                                            /*!< IPSR
 315:Drivers/CMSIS/Include/core_cm4.h **** #define IPSR_ISR_Msk                       (0x1FFUL /*<< IPSR_ISR_Pos*/)                  /*!< IPSR
ARM GAS  C:\Users\alireza\AppData\Local\Temp\ccw51SGa.s 			page 7


 316:Drivers/CMSIS/Include/core_cm4.h **** 
 317:Drivers/CMSIS/Include/core_cm4.h **** 
 318:Drivers/CMSIS/Include/core_cm4.h **** /**
 319:Drivers/CMSIS/Include/core_cm4.h ****   \brief  Union type to access the Special-Purpose Program Status Registers (xPSR).
 320:Drivers/CMSIS/Include/core_cm4.h ****  */
 321:Drivers/CMSIS/Include/core_cm4.h **** typedef union
 322:Drivers/CMSIS/Include/core_cm4.h **** {
 323:Drivers/CMSIS/Include/core_cm4.h ****   struct
 324:Drivers/CMSIS/Include/core_cm4.h ****   {
 325:Drivers/CMSIS/Include/core_cm4.h ****     uint32_t ISR:9;                      /*!< bit:  0.. 8  Exception number */
 326:Drivers/CMSIS/Include/core_cm4.h ****     uint32_t _reserved0:1;               /*!< bit:      9  Reserved */
 327:Drivers/CMSIS/Include/core_cm4.h ****     uint32_t ICI_IT_1:6;                 /*!< bit: 10..15  ICI/IT part 1 */
 328:Drivers/CMSIS/Include/core_cm4.h ****     uint32_t GE:4;                       /*!< bit: 16..19  Greater than or Equal flags */
 329:Drivers/CMSIS/Include/core_cm4.h ****     uint32_t _reserved1:4;               /*!< bit: 20..23  Reserved */
 330:Drivers/CMSIS/Include/core_cm4.h ****     uint32_t T:1;                        /*!< bit:     24  Thumb bit */
 331:Drivers/CMSIS/Include/core_cm4.h ****     uint32_t ICI_IT_2:2;                 /*!< bit: 25..26  ICI/IT part 2 */
 332:Drivers/CMSIS/Include/core_cm4.h ****     uint32_t Q:1;                        /*!< bit:     27  Saturation condition flag */
 333:Drivers/CMSIS/Include/core_cm4.h ****     uint32_t V:1;                        /*!< bit:     28  Overflow condition code flag */
 334:Drivers/CMSIS/Include/core_cm4.h ****     uint32_t C:1;                        /*!< bit:     29  Carry condition code flag */
 335:Drivers/CMSIS/Include/core_cm4.h ****     uint32_t Z:1;                        /*!< bit:     30  Zero condition code flag */
 336:Drivers/CMSIS/Include/core_cm4.h ****     uint32_t N:1;                        /*!< bit:     31  Negative condition code flag */
 337:Drivers/CMSIS/Include/core_cm4.h ****   } b;                                   /*!< Structure used for bit  access */
 338:Drivers/CMSIS/Include/core_cm4.h ****   uint32_t w;                            /*!< Type      used for word access */
 339:Drivers/CMSIS/Include/core_cm4.h **** } xPSR_Type;
 340:Drivers/CMSIS/Include/core_cm4.h **** 
 341:Drivers/CMSIS/Include/core_cm4.h **** /* xPSR Register Definitions */
 342:Drivers/CMSIS/Include/core_cm4.h **** #define xPSR_N_Pos                         31U                                            /*!< xPSR
 343:Drivers/CMSIS/Include/core_cm4.h **** #define xPSR_N_Msk                         (1UL << xPSR_N_Pos)                            /*!< xPSR
 344:Drivers/CMSIS/Include/core_cm4.h **** 
 345:Drivers/CMSIS/Include/core_cm4.h **** #define xPSR_Z_Pos                         30U                                            /*!< xPSR
 346:Drivers/CMSIS/Include/core_cm4.h **** #define xPSR_Z_Msk                         (1UL << xPSR_Z_Pos)                            /*!< xPSR
 347:Drivers/CMSIS/Include/core_cm4.h **** 
 348:Drivers/CMSIS/Include/core_cm4.h **** #define xPSR_C_Pos                         29U                                            /*!< xPSR
 349:Drivers/CMSIS/Include/core_cm4.h **** #define xPSR_C_Msk                         (1UL << xPSR_C_Pos)                            /*!< xPSR
 350:Drivers/CMSIS/Include/core_cm4.h **** 
 351:Drivers/CMSIS/Include/core_cm4.h **** #define xPSR_V_Pos                         28U                                            /*!< xPSR
 352:Drivers/CMSIS/Include/core_cm4.h **** #define xPSR_V_Msk                         (1UL << xPSR_V_Pos)                            /*!< xPSR
 353:Drivers/CMSIS/Include/core_cm4.h **** 
 354:Drivers/CMSIS/Include/core_cm4.h **** #define xPSR_Q_Pos                         27U                                            /*!< xPSR
 355:Drivers/CMSIS/Include/core_cm4.h **** #define xPSR_Q_Msk                         (1UL << xPSR_Q_Pos)                            /*!< xPSR
 356:Drivers/CMSIS/Include/core_cm4.h **** 
 357:Drivers/CMSIS/Include/core_cm4.h **** #define xPSR_ICI_IT_2_Pos                  25U                                            /*!< xPSR
 358:Drivers/CMSIS/Include/core_cm4.h **** #define xPSR_ICI_IT_2_Msk                  (3UL << xPSR_ICI_IT_2_Pos)                     /*!< xPSR
 359:Drivers/CMSIS/Include/core_cm4.h **** 
 360:Drivers/CMSIS/Include/core_cm4.h **** #define xPSR_T_Pos                         24U                                            /*!< xPSR
 361:Drivers/CMSIS/Include/core_cm4.h **** #define xPSR_T_Msk                         (1UL << xPSR_T_Pos)                            /*!< xPSR
 362:Drivers/CMSIS/Include/core_cm4.h **** 
 363:Drivers/CMSIS/Include/core_cm4.h **** #define xPSR_GE_Pos                        16U                                            /*!< xPSR
 364:Drivers/CMSIS/Include/core_cm4.h **** #define xPSR_GE_Msk                        (0xFUL << xPSR_GE_Pos)                         /*!< xPSR
 365:Drivers/CMSIS/Include/core_cm4.h **** 
 366:Drivers/CMSIS/Include/core_cm4.h **** #define xPSR_ICI_IT_1_Pos                  10U                                            /*!< xPSR
 367:Drivers/CMSIS/Include/core_cm4.h **** #define xPSR_ICI_IT_1_Msk                  (0x3FUL << xPSR_ICI_IT_1_Pos)                  /*!< xPSR
 368:Drivers/CMSIS/Include/core_cm4.h **** 
 369:Drivers/CMSIS/Include/core_cm4.h **** #define xPSR_ISR_Pos                        0U                                            /*!< xPSR
 370:Drivers/CMSIS/Include/core_cm4.h **** #define xPSR_ISR_Msk                       (0x1FFUL /*<< xPSR_ISR_Pos*/)                  /*!< xPSR
 371:Drivers/CMSIS/Include/core_cm4.h **** 
 372:Drivers/CMSIS/Include/core_cm4.h **** 
ARM GAS  C:\Users\alireza\AppData\Local\Temp\ccw51SGa.s 			page 8


 373:Drivers/CMSIS/Include/core_cm4.h **** /**
 374:Drivers/CMSIS/Include/core_cm4.h ****   \brief  Union type to access the Control Registers (CONTROL).
 375:Drivers/CMSIS/Include/core_cm4.h ****  */
 376:Drivers/CMSIS/Include/core_cm4.h **** typedef union
 377:Drivers/CMSIS/Include/core_cm4.h **** {
 378:Drivers/CMSIS/Include/core_cm4.h ****   struct
 379:Drivers/CMSIS/Include/core_cm4.h ****   {
 380:Drivers/CMSIS/Include/core_cm4.h ****     uint32_t nPRIV:1;                    /*!< bit:      0  Execution privilege in Thread mode */
 381:Drivers/CMSIS/Include/core_cm4.h ****     uint32_t SPSEL:1;                    /*!< bit:      1  Stack to be used */
 382:Drivers/CMSIS/Include/core_cm4.h ****     uint32_t FPCA:1;                     /*!< bit:      2  FP extension active flag */
 383:Drivers/CMSIS/Include/core_cm4.h ****     uint32_t _reserved0:29;              /*!< bit:  3..31  Reserved */
 384:Drivers/CMSIS/Include/core_cm4.h ****   } b;                                   /*!< Structure used for bit  access */
 385:Drivers/CMSIS/Include/core_cm4.h ****   uint32_t w;                            /*!< Type      used for word access */
 386:Drivers/CMSIS/Include/core_cm4.h **** } CONTROL_Type;
 387:Drivers/CMSIS/Include/core_cm4.h **** 
 388:Drivers/CMSIS/Include/core_cm4.h **** /* CONTROL Register Definitions */
 389:Drivers/CMSIS/Include/core_cm4.h **** #define CONTROL_FPCA_Pos                    2U                                            /*!< CONT
 390:Drivers/CMSIS/Include/core_cm4.h **** #define CONTROL_FPCA_Msk                   (1UL << CONTROL_FPCA_Pos)                      /*!< CONT
 391:Drivers/CMSIS/Include/core_cm4.h **** 
 392:Drivers/CMSIS/Include/core_cm4.h **** #define CONTROL_SPSEL_Pos                   1U                                            /*!< CONT
 393:Drivers/CMSIS/Include/core_cm4.h **** #define CONTROL_SPSEL_Msk                  (1UL << CONTROL_SPSEL_Pos)                     /*!< CONT
 394:Drivers/CMSIS/Include/core_cm4.h **** 
 395:Drivers/CMSIS/Include/core_cm4.h **** #define CONTROL_nPRIV_Pos                   0U                                            /*!< CONT
 396:Drivers/CMSIS/Include/core_cm4.h **** #define CONTROL_nPRIV_Msk                  (1UL /*<< CONTROL_nPRIV_Pos*/)                 /*!< CONT
 397:Drivers/CMSIS/Include/core_cm4.h **** 
 398:Drivers/CMSIS/Include/core_cm4.h **** /*@} end of group CMSIS_CORE */
 399:Drivers/CMSIS/Include/core_cm4.h **** 
 400:Drivers/CMSIS/Include/core_cm4.h **** 
 401:Drivers/CMSIS/Include/core_cm4.h **** /**
 402:Drivers/CMSIS/Include/core_cm4.h ****   \ingroup    CMSIS_core_register
 403:Drivers/CMSIS/Include/core_cm4.h ****   \defgroup   CMSIS_NVIC  Nested Vectored Interrupt Controller (NVIC)
 404:Drivers/CMSIS/Include/core_cm4.h ****   \brief      Type definitions for the NVIC Registers
 405:Drivers/CMSIS/Include/core_cm4.h ****   @{
 406:Drivers/CMSIS/Include/core_cm4.h ****  */
 407:Drivers/CMSIS/Include/core_cm4.h **** 
 408:Drivers/CMSIS/Include/core_cm4.h **** /**
 409:Drivers/CMSIS/Include/core_cm4.h ****   \brief  Structure type to access the Nested Vectored Interrupt Controller (NVIC).
 410:Drivers/CMSIS/Include/core_cm4.h ****  */
 411:Drivers/CMSIS/Include/core_cm4.h **** typedef struct
 412:Drivers/CMSIS/Include/core_cm4.h **** {
 413:Drivers/CMSIS/Include/core_cm4.h ****   __IOM uint32_t ISER[8U];               /*!< Offset: 0x000 (R/W)  Interrupt Set Enable Register */
 414:Drivers/CMSIS/Include/core_cm4.h ****         uint32_t RESERVED0[24U];
 415:Drivers/CMSIS/Include/core_cm4.h ****   __IOM uint32_t ICER[8U];               /*!< Offset: 0x080 (R/W)  Interrupt Clear Enable Register 
 416:Drivers/CMSIS/Include/core_cm4.h ****         uint32_t RESERVED1[24U];
 417:Drivers/CMSIS/Include/core_cm4.h ****   __IOM uint32_t ISPR[8U];               /*!< Offset: 0x100 (R/W)  Interrupt Set Pending Register *
 418:Drivers/CMSIS/Include/core_cm4.h ****         uint32_t RESERVED2[24U];
 419:Drivers/CMSIS/Include/core_cm4.h ****   __IOM uint32_t ICPR[8U];               /*!< Offset: 0x180 (R/W)  Interrupt Clear Pending Register
 420:Drivers/CMSIS/Include/core_cm4.h ****         uint32_t RESERVED3[24U];
 421:Drivers/CMSIS/Include/core_cm4.h ****   __IOM uint32_t IABR[8U];               /*!< Offset: 0x200 (R/W)  Interrupt Active bit Register */
 422:Drivers/CMSIS/Include/core_cm4.h ****         uint32_t RESERVED4[56U];
 423:Drivers/CMSIS/Include/core_cm4.h ****   __IOM uint8_t  IP[240U];               /*!< Offset: 0x300 (R/W)  Interrupt Priority Register (8Bi
 424:Drivers/CMSIS/Include/core_cm4.h ****         uint32_t RESERVED5[644U];
 425:Drivers/CMSIS/Include/core_cm4.h ****   __OM  uint32_t STIR;                   /*!< Offset: 0xE00 ( /W)  Software Trigger Interrupt Regis
 426:Drivers/CMSIS/Include/core_cm4.h **** }  NVIC_Type;
 427:Drivers/CMSIS/Include/core_cm4.h **** 
 428:Drivers/CMSIS/Include/core_cm4.h **** /* Software Triggered Interrupt Register Definitions */
 429:Drivers/CMSIS/Include/core_cm4.h **** #define NVIC_STIR_INTID_Pos                 0U                                         /*!< STIR: I
ARM GAS  C:\Users\alireza\AppData\Local\Temp\ccw51SGa.s 			page 9


 430:Drivers/CMSIS/Include/core_cm4.h **** #define NVIC_STIR_INTID_Msk                (0x1FFUL /*<< NVIC_STIR_INTID_Pos*/)        /*!< STIR: I
 431:Drivers/CMSIS/Include/core_cm4.h **** 
 432:Drivers/CMSIS/Include/core_cm4.h **** /*@} end of group CMSIS_NVIC */
 433:Drivers/CMSIS/Include/core_cm4.h **** 
 434:Drivers/CMSIS/Include/core_cm4.h **** 
 435:Drivers/CMSIS/Include/core_cm4.h **** /**
 436:Drivers/CMSIS/Include/core_cm4.h ****   \ingroup  CMSIS_core_register
 437:Drivers/CMSIS/Include/core_cm4.h ****   \defgroup CMSIS_SCB     System Control Block (SCB)
 438:Drivers/CMSIS/Include/core_cm4.h ****   \brief    Type definitions for the System Control Block Registers
 439:Drivers/CMSIS/Include/core_cm4.h ****   @{
 440:Drivers/CMSIS/Include/core_cm4.h ****  */
 441:Drivers/CMSIS/Include/core_cm4.h **** 
 442:Drivers/CMSIS/Include/core_cm4.h **** /**
 443:Drivers/CMSIS/Include/core_cm4.h ****   \brief  Structure type to access the System Control Block (SCB).
 444:Drivers/CMSIS/Include/core_cm4.h ****  */
 445:Drivers/CMSIS/Include/core_cm4.h **** typedef struct
 446:Drivers/CMSIS/Include/core_cm4.h **** {
 447:Drivers/CMSIS/Include/core_cm4.h ****   __IM  uint32_t CPUID;                  /*!< Offset: 0x000 (R/ )  CPUID Base Register */
 448:Drivers/CMSIS/Include/core_cm4.h ****   __IOM uint32_t ICSR;                   /*!< Offset: 0x004 (R/W)  Interrupt Control and State Regi
 449:Drivers/CMSIS/Include/core_cm4.h ****   __IOM uint32_t VTOR;                   /*!< Offset: 0x008 (R/W)  Vector Table Offset Register */
 450:Drivers/CMSIS/Include/core_cm4.h ****   __IOM uint32_t AIRCR;                  /*!< Offset: 0x00C (R/W)  Application Interrupt and Reset 
 451:Drivers/CMSIS/Include/core_cm4.h ****   __IOM uint32_t SCR;                    /*!< Offset: 0x010 (R/W)  System Control Register */
 452:Drivers/CMSIS/Include/core_cm4.h ****   __IOM uint32_t CCR;                    /*!< Offset: 0x014 (R/W)  Configuration Control Register *
 453:Drivers/CMSIS/Include/core_cm4.h ****   __IOM uint8_t  SHP[12U];               /*!< Offset: 0x018 (R/W)  System Handlers Priority Registe
 454:Drivers/CMSIS/Include/core_cm4.h ****   __IOM uint32_t SHCSR;                  /*!< Offset: 0x024 (R/W)  System Handler Control and State
 455:Drivers/CMSIS/Include/core_cm4.h ****   __IOM uint32_t CFSR;                   /*!< Offset: 0x028 (R/W)  Configurable Fault Status Regist
 456:Drivers/CMSIS/Include/core_cm4.h ****   __IOM uint32_t HFSR;                   /*!< Offset: 0x02C (R/W)  HardFault Status Register */
 457:Drivers/CMSIS/Include/core_cm4.h ****   __IOM uint32_t DFSR;                   /*!< Offset: 0x030 (R/W)  Debug Fault Status Register */
 458:Drivers/CMSIS/Include/core_cm4.h ****   __IOM uint32_t MMFAR;                  /*!< Offset: 0x034 (R/W)  MemManage Fault Address Register
 459:Drivers/CMSIS/Include/core_cm4.h ****   __IOM uint32_t BFAR;                   /*!< Offset: 0x038 (R/W)  BusFault Address Register */
 460:Drivers/CMSIS/Include/core_cm4.h ****   __IOM uint32_t AFSR;                   /*!< Offset: 0x03C (R/W)  Auxiliary Fault Status Register 
 461:Drivers/CMSIS/Include/core_cm4.h ****   __IM  uint32_t PFR[2U];                /*!< Offset: 0x040 (R/ )  Processor Feature Register */
 462:Drivers/CMSIS/Include/core_cm4.h ****   __IM  uint32_t DFR;                    /*!< Offset: 0x048 (R/ )  Debug Feature Register */
 463:Drivers/CMSIS/Include/core_cm4.h ****   __IM  uint32_t ADR;                    /*!< Offset: 0x04C (R/ )  Auxiliary Feature Register */
 464:Drivers/CMSIS/Include/core_cm4.h ****   __IM  uint32_t MMFR[4U];               /*!< Offset: 0x050 (R/ )  Memory Model Feature Register */
 465:Drivers/CMSIS/Include/core_cm4.h ****   __IM  uint32_t ISAR[5U];               /*!< Offset: 0x060 (R/ )  Instruction Set Attributes Regis
 466:Drivers/CMSIS/Include/core_cm4.h ****         uint32_t RESERVED0[5U];
 467:Drivers/CMSIS/Include/core_cm4.h ****   __IOM uint32_t CPACR;                  /*!< Offset: 0x088 (R/W)  Coprocessor Access Control Regis
 468:Drivers/CMSIS/Include/core_cm4.h **** } SCB_Type;
 469:Drivers/CMSIS/Include/core_cm4.h **** 
 470:Drivers/CMSIS/Include/core_cm4.h **** /* SCB CPUID Register Definitions */
 471:Drivers/CMSIS/Include/core_cm4.h **** #define SCB_CPUID_IMPLEMENTER_Pos          24U                                            /*!< SCB 
 472:Drivers/CMSIS/Include/core_cm4.h **** #define SCB_CPUID_IMPLEMENTER_Msk          (0xFFUL << SCB_CPUID_IMPLEMENTER_Pos)          /*!< SCB 
 473:Drivers/CMSIS/Include/core_cm4.h **** 
 474:Drivers/CMSIS/Include/core_cm4.h **** #define SCB_CPUID_VARIANT_Pos              20U                                            /*!< SCB 
 475:Drivers/CMSIS/Include/core_cm4.h **** #define SCB_CPUID_VARIANT_Msk              (0xFUL << SCB_CPUID_VARIANT_Pos)               /*!< SCB 
 476:Drivers/CMSIS/Include/core_cm4.h **** 
 477:Drivers/CMSIS/Include/core_cm4.h **** #define SCB_CPUID_ARCHITECTURE_Pos         16U                                            /*!< SCB 
 478:Drivers/CMSIS/Include/core_cm4.h **** #define SCB_CPUID_ARCHITECTURE_Msk         (0xFUL << SCB_CPUID_ARCHITECTURE_Pos)          /*!< SCB 
 479:Drivers/CMSIS/Include/core_cm4.h **** 
 480:Drivers/CMSIS/Include/core_cm4.h **** #define SCB_CPUID_PARTNO_Pos                4U                                            /*!< SCB 
 481:Drivers/CMSIS/Include/core_cm4.h **** #define SCB_CPUID_PARTNO_Msk               (0xFFFUL << SCB_CPUID_PARTNO_Pos)              /*!< SCB 
 482:Drivers/CMSIS/Include/core_cm4.h **** 
 483:Drivers/CMSIS/Include/core_cm4.h **** #define SCB_CPUID_REVISION_Pos              0U                                            /*!< SCB 
 484:Drivers/CMSIS/Include/core_cm4.h **** #define SCB_CPUID_REVISION_Msk             (0xFUL /*<< SCB_CPUID_REVISION_Pos*/)          /*!< SCB 
 485:Drivers/CMSIS/Include/core_cm4.h **** 
 486:Drivers/CMSIS/Include/core_cm4.h **** /* SCB Interrupt Control State Register Definitions */
ARM GAS  C:\Users\alireza\AppData\Local\Temp\ccw51SGa.s 			page 10


 487:Drivers/CMSIS/Include/core_cm4.h **** #define SCB_ICSR_NMIPENDSET_Pos            31U                                            /*!< SCB 
 488:Drivers/CMSIS/Include/core_cm4.h **** #define SCB_ICSR_NMIPENDSET_Msk            (1UL << SCB_ICSR_NMIPENDSET_Pos)               /*!< SCB 
 489:Drivers/CMSIS/Include/core_cm4.h **** 
 490:Drivers/CMSIS/Include/core_cm4.h **** #define SCB_ICSR_PENDSVSET_Pos             28U                                            /*!< SCB 
 491:Drivers/CMSIS/Include/core_cm4.h **** #define SCB_ICSR_PENDSVSET_Msk             (1UL << SCB_ICSR_PENDSVSET_Pos)                /*!< SCB 
 492:Drivers/CMSIS/Include/core_cm4.h **** 
 493:Drivers/CMSIS/Include/core_cm4.h **** #define SCB_ICSR_PENDSVCLR_Pos             27U                                            /*!< SCB 
 494:Drivers/CMSIS/Include/core_cm4.h **** #define SCB_ICSR_PENDSVCLR_Msk             (1UL << SCB_ICSR_PENDSVCLR_Pos)                /*!< SCB 
 495:Drivers/CMSIS/Include/core_cm4.h **** 
 496:Drivers/CMSIS/Include/core_cm4.h **** #define SCB_ICSR_PENDSTSET_Pos             26U                                            /*!< SCB 
 497:Drivers/CMSIS/Include/core_cm4.h **** #define SCB_ICSR_PENDSTSET_Msk             (1UL << SCB_ICSR_PENDSTSET_Pos)                /*!< SCB 
 498:Drivers/CMSIS/Include/core_cm4.h **** 
 499:Drivers/CMSIS/Include/core_cm4.h **** #define SCB_ICSR_PENDSTCLR_Pos             25U                                            /*!< SCB 
 500:Drivers/CMSIS/Include/core_cm4.h **** #define SCB_ICSR_PENDSTCLR_Msk             (1UL << SCB_ICSR_PENDSTCLR_Pos)                /*!< SCB 
 501:Drivers/CMSIS/Include/core_cm4.h **** 
 502:Drivers/CMSIS/Include/core_cm4.h **** #define SCB_ICSR_ISRPREEMPT_Pos            23U                                            /*!< SCB 
 503:Drivers/CMSIS/Include/core_cm4.h **** #define SCB_ICSR_ISRPREEMPT_Msk            (1UL << SCB_ICSR_ISRPREEMPT_Pos)               /*!< SCB 
 504:Drivers/CMSIS/Include/core_cm4.h **** 
 505:Drivers/CMSIS/Include/core_cm4.h **** #define SCB_ICSR_ISRPENDING_Pos            22U                                            /*!< SCB 
 506:Drivers/CMSIS/Include/core_cm4.h **** #define SCB_ICSR_ISRPENDING_Msk            (1UL << SCB_ICSR_ISRPENDING_Pos)               /*!< SCB 
 507:Drivers/CMSIS/Include/core_cm4.h **** 
 508:Drivers/CMSIS/Include/core_cm4.h **** #define SCB_ICSR_VECTPENDING_Pos           12U                                            /*!< SCB 
 509:Drivers/CMSIS/Include/core_cm4.h **** #define SCB_ICSR_VECTPENDING_Msk           (0x1FFUL << SCB_ICSR_VECTPENDING_Pos)          /*!< SCB 
 510:Drivers/CMSIS/Include/core_cm4.h **** 
 511:Drivers/CMSIS/Include/core_cm4.h **** #define SCB_ICSR_RETTOBASE_Pos             11U                                            /*!< SCB 
 512:Drivers/CMSIS/Include/core_cm4.h **** #define SCB_ICSR_RETTOBASE_Msk             (1UL << SCB_ICSR_RETTOBASE_Pos)                /*!< SCB 
 513:Drivers/CMSIS/Include/core_cm4.h **** 
 514:Drivers/CMSIS/Include/core_cm4.h **** #define SCB_ICSR_VECTACTIVE_Pos             0U                                            /*!< SCB 
 515:Drivers/CMSIS/Include/core_cm4.h **** #define SCB_ICSR_VECTACTIVE_Msk            (0x1FFUL /*<< SCB_ICSR_VECTACTIVE_Pos*/)       /*!< SCB 
 516:Drivers/CMSIS/Include/core_cm4.h **** 
 517:Drivers/CMSIS/Include/core_cm4.h **** /* SCB Vector Table Offset Register Definitions */
 518:Drivers/CMSIS/Include/core_cm4.h **** #define SCB_VTOR_TBLOFF_Pos                 7U                                            /*!< SCB 
 519:Drivers/CMSIS/Include/core_cm4.h **** #define SCB_VTOR_TBLOFF_Msk                (0x1FFFFFFUL << SCB_VTOR_TBLOFF_Pos)           /*!< SCB 
 520:Drivers/CMSIS/Include/core_cm4.h **** 
 521:Drivers/CMSIS/Include/core_cm4.h **** /* SCB Application Interrupt and Reset Control Register Definitions */
 522:Drivers/CMSIS/Include/core_cm4.h **** #define SCB_AIRCR_VECTKEY_Pos              16U                                            /*!< SCB 
 523:Drivers/CMSIS/Include/core_cm4.h **** #define SCB_AIRCR_VECTKEY_Msk              (0xFFFFUL << SCB_AIRCR_VECTKEY_Pos)            /*!< SCB 
 524:Drivers/CMSIS/Include/core_cm4.h **** 
 525:Drivers/CMSIS/Include/core_cm4.h **** #define SCB_AIRCR_VECTKEYSTAT_Pos          16U                                            /*!< SCB 
 526:Drivers/CMSIS/Include/core_cm4.h **** #define SCB_AIRCR_VECTKEYSTAT_Msk          (0xFFFFUL << SCB_AIRCR_VECTKEYSTAT_Pos)        /*!< SCB 
 527:Drivers/CMSIS/Include/core_cm4.h **** 
 528:Drivers/CMSIS/Include/core_cm4.h **** #define SCB_AIRCR_ENDIANESS_Pos            15U                                            /*!< SCB 
 529:Drivers/CMSIS/Include/core_cm4.h **** #define SCB_AIRCR_ENDIANESS_Msk            (1UL << SCB_AIRCR_ENDIANESS_Pos)               /*!< SCB 
 530:Drivers/CMSIS/Include/core_cm4.h **** 
 531:Drivers/CMSIS/Include/core_cm4.h **** #define SCB_AIRCR_PRIGROUP_Pos              8U                                            /*!< SCB 
 532:Drivers/CMSIS/Include/core_cm4.h **** #define SCB_AIRCR_PRIGROUP_Msk             (7UL << SCB_AIRCR_PRIGROUP_Pos)                /*!< SCB 
 533:Drivers/CMSIS/Include/core_cm4.h **** 
 534:Drivers/CMSIS/Include/core_cm4.h **** #define SCB_AIRCR_SYSRESETREQ_Pos           2U                                            /*!< SCB 
 535:Drivers/CMSIS/Include/core_cm4.h **** #define SCB_AIRCR_SYSRESETREQ_Msk          (1UL << SCB_AIRCR_SYSRESETREQ_Pos)             /*!< SCB 
 536:Drivers/CMSIS/Include/core_cm4.h **** 
 537:Drivers/CMSIS/Include/core_cm4.h **** #define SCB_AIRCR_VECTCLRACTIVE_Pos         1U                                            /*!< SCB 
 538:Drivers/CMSIS/Include/core_cm4.h **** #define SCB_AIRCR_VECTCLRACTIVE_Msk        (1UL << SCB_AIRCR_VECTCLRACTIVE_Pos)           /*!< SCB 
 539:Drivers/CMSIS/Include/core_cm4.h **** 
 540:Drivers/CMSIS/Include/core_cm4.h **** #define SCB_AIRCR_VECTRESET_Pos             0U                                            /*!< SCB 
 541:Drivers/CMSIS/Include/core_cm4.h **** #define SCB_AIRCR_VECTRESET_Msk            (1UL /*<< SCB_AIRCR_VECTRESET_Pos*/)           /*!< SCB 
 542:Drivers/CMSIS/Include/core_cm4.h **** 
 543:Drivers/CMSIS/Include/core_cm4.h **** /* SCB System Control Register Definitions */
ARM GAS  C:\Users\alireza\AppData\Local\Temp\ccw51SGa.s 			page 11


 544:Drivers/CMSIS/Include/core_cm4.h **** #define SCB_SCR_SEVONPEND_Pos               4U                                            /*!< SCB 
 545:Drivers/CMSIS/Include/core_cm4.h **** #define SCB_SCR_SEVONPEND_Msk              (1UL << SCB_SCR_SEVONPEND_Pos)                 /*!< SCB 
 546:Drivers/CMSIS/Include/core_cm4.h **** 
 547:Drivers/CMSIS/Include/core_cm4.h **** #define SCB_SCR_SLEEPDEEP_Pos               2U                                            /*!< SCB 
 548:Drivers/CMSIS/Include/core_cm4.h **** #define SCB_SCR_SLEEPDEEP_Msk              (1UL << SCB_SCR_SLEEPDEEP_Pos)                 /*!< SCB 
 549:Drivers/CMSIS/Include/core_cm4.h **** 
 550:Drivers/CMSIS/Include/core_cm4.h **** #define SCB_SCR_SLEEPONEXIT_Pos             1U                                            /*!< SCB 
 551:Drivers/CMSIS/Include/core_cm4.h **** #define SCB_SCR_SLEEPONEXIT_Msk            (1UL << SCB_SCR_SLEEPONEXIT_Pos)               /*!< SCB 
 552:Drivers/CMSIS/Include/core_cm4.h **** 
 553:Drivers/CMSIS/Include/core_cm4.h **** /* SCB Configuration Control Register Definitions */
 554:Drivers/CMSIS/Include/core_cm4.h **** #define SCB_CCR_STKALIGN_Pos                9U                                            /*!< SCB 
 555:Drivers/CMSIS/Include/core_cm4.h **** #define SCB_CCR_STKALIGN_Msk               (1UL << SCB_CCR_STKALIGN_Pos)                  /*!< SCB 
 556:Drivers/CMSIS/Include/core_cm4.h **** 
 557:Drivers/CMSIS/Include/core_cm4.h **** #define SCB_CCR_BFHFNMIGN_Pos               8U                                            /*!< SCB 
 558:Drivers/CMSIS/Include/core_cm4.h **** #define SCB_CCR_BFHFNMIGN_Msk              (1UL << SCB_CCR_BFHFNMIGN_Pos)                 /*!< SCB 
 559:Drivers/CMSIS/Include/core_cm4.h **** 
 560:Drivers/CMSIS/Include/core_cm4.h **** #define SCB_CCR_DIV_0_TRP_Pos               4U                                            /*!< SCB 
 561:Drivers/CMSIS/Include/core_cm4.h **** #define SCB_CCR_DIV_0_TRP_Msk              (1UL << SCB_CCR_DIV_0_TRP_Pos)                 /*!< SCB 
 562:Drivers/CMSIS/Include/core_cm4.h **** 
 563:Drivers/CMSIS/Include/core_cm4.h **** #define SCB_CCR_UNALIGN_TRP_Pos             3U                                            /*!< SCB 
 564:Drivers/CMSIS/Include/core_cm4.h **** #define SCB_CCR_UNALIGN_TRP_Msk            (1UL << SCB_CCR_UNALIGN_TRP_Pos)               /*!< SCB 
 565:Drivers/CMSIS/Include/core_cm4.h **** 
 566:Drivers/CMSIS/Include/core_cm4.h **** #define SCB_CCR_USERSETMPEND_Pos            1U                                            /*!< SCB 
 567:Drivers/CMSIS/Include/core_cm4.h **** #define SCB_CCR_USERSETMPEND_Msk           (1UL << SCB_CCR_USERSETMPEND_Pos)              /*!< SCB 
 568:Drivers/CMSIS/Include/core_cm4.h **** 
 569:Drivers/CMSIS/Include/core_cm4.h **** #define SCB_CCR_NONBASETHRDENA_Pos          0U                                            /*!< SCB 
 570:Drivers/CMSIS/Include/core_cm4.h **** #define SCB_CCR_NONBASETHRDENA_Msk         (1UL /*<< SCB_CCR_NONBASETHRDENA_Pos*/)        /*!< SCB 
 571:Drivers/CMSIS/Include/core_cm4.h **** 
 572:Drivers/CMSIS/Include/core_cm4.h **** /* SCB System Handler Control and State Register Definitions */
 573:Drivers/CMSIS/Include/core_cm4.h **** #define SCB_SHCSR_USGFAULTENA_Pos          18U                                            /*!< SCB 
 574:Drivers/CMSIS/Include/core_cm4.h **** #define SCB_SHCSR_USGFAULTENA_Msk          (1UL << SCB_SHCSR_USGFAULTENA_Pos)             /*!< SCB 
 575:Drivers/CMSIS/Include/core_cm4.h **** 
 576:Drivers/CMSIS/Include/core_cm4.h **** #define SCB_SHCSR_BUSFAULTENA_Pos          17U                                            /*!< SCB 
 577:Drivers/CMSIS/Include/core_cm4.h **** #define SCB_SHCSR_BUSFAULTENA_Msk          (1UL << SCB_SHCSR_BUSFAULTENA_Pos)             /*!< SCB 
 578:Drivers/CMSIS/Include/core_cm4.h **** 
 579:Drivers/CMSIS/Include/core_cm4.h **** #define SCB_SHCSR_MEMFAULTENA_Pos          16U                                            /*!< SCB 
 580:Drivers/CMSIS/Include/core_cm4.h **** #define SCB_SHCSR_MEMFAULTENA_Msk          (1UL << SCB_SHCSR_MEMFAULTENA_Pos)             /*!< SCB 
 581:Drivers/CMSIS/Include/core_cm4.h **** 
 582:Drivers/CMSIS/Include/core_cm4.h **** #define SCB_SHCSR_SVCALLPENDED_Pos         15U                                            /*!< SCB 
 583:Drivers/CMSIS/Include/core_cm4.h **** #define SCB_SHCSR_SVCALLPENDED_Msk         (1UL << SCB_SHCSR_SVCALLPENDED_Pos)            /*!< SCB 
 584:Drivers/CMSIS/Include/core_cm4.h **** 
 585:Drivers/CMSIS/Include/core_cm4.h **** #define SCB_SHCSR_BUSFAULTPENDED_Pos       14U                                            /*!< SCB 
 586:Drivers/CMSIS/Include/core_cm4.h **** #define SCB_SHCSR_BUSFAULTPENDED_Msk       (1UL << SCB_SHCSR_BUSFAULTPENDED_Pos)          /*!< SCB 
 587:Drivers/CMSIS/Include/core_cm4.h **** 
 588:Drivers/CMSIS/Include/core_cm4.h **** #define SCB_SHCSR_MEMFAULTPENDED_Pos       13U                                            /*!< SCB 
 589:Drivers/CMSIS/Include/core_cm4.h **** #define SCB_SHCSR_MEMFAULTPENDED_Msk       (1UL << SCB_SHCSR_MEMFAULTPENDED_Pos)          /*!< SCB 
 590:Drivers/CMSIS/Include/core_cm4.h **** 
 591:Drivers/CMSIS/Include/core_cm4.h **** #define SCB_SHCSR_USGFAULTPENDED_Pos       12U                                            /*!< SCB 
 592:Drivers/CMSIS/Include/core_cm4.h **** #define SCB_SHCSR_USGFAULTPENDED_Msk       (1UL << SCB_SHCSR_USGFAULTPENDED_Pos)          /*!< SCB 
 593:Drivers/CMSIS/Include/core_cm4.h **** 
 594:Drivers/CMSIS/Include/core_cm4.h **** #define SCB_SHCSR_SYSTICKACT_Pos           11U                                            /*!< SCB 
 595:Drivers/CMSIS/Include/core_cm4.h **** #define SCB_SHCSR_SYSTICKACT_Msk           (1UL << SCB_SHCSR_SYSTICKACT_Pos)              /*!< SCB 
 596:Drivers/CMSIS/Include/core_cm4.h **** 
 597:Drivers/CMSIS/Include/core_cm4.h **** #define SCB_SHCSR_PENDSVACT_Pos            10U                                            /*!< SCB 
 598:Drivers/CMSIS/Include/core_cm4.h **** #define SCB_SHCSR_PENDSVACT_Msk            (1UL << SCB_SHCSR_PENDSVACT_Pos)               /*!< SCB 
 599:Drivers/CMSIS/Include/core_cm4.h **** 
 600:Drivers/CMSIS/Include/core_cm4.h **** #define SCB_SHCSR_MONITORACT_Pos            8U                                            /*!< SCB 
ARM GAS  C:\Users\alireza\AppData\Local\Temp\ccw51SGa.s 			page 12


 601:Drivers/CMSIS/Include/core_cm4.h **** #define SCB_SHCSR_MONITORACT_Msk           (1UL << SCB_SHCSR_MONITORACT_Pos)              /*!< SCB 
 602:Drivers/CMSIS/Include/core_cm4.h **** 
 603:Drivers/CMSIS/Include/core_cm4.h **** #define SCB_SHCSR_SVCALLACT_Pos             7U                                            /*!< SCB 
 604:Drivers/CMSIS/Include/core_cm4.h **** #define SCB_SHCSR_SVCALLACT_Msk            (1UL << SCB_SHCSR_SVCALLACT_Pos)               /*!< SCB 
 605:Drivers/CMSIS/Include/core_cm4.h **** 
 606:Drivers/CMSIS/Include/core_cm4.h **** #define SCB_SHCSR_USGFAULTACT_Pos           3U                                            /*!< SCB 
 607:Drivers/CMSIS/Include/core_cm4.h **** #define SCB_SHCSR_USGFAULTACT_Msk          (1UL << SCB_SHCSR_USGFAULTACT_Pos)             /*!< SCB 
 608:Drivers/CMSIS/Include/core_cm4.h **** 
 609:Drivers/CMSIS/Include/core_cm4.h **** #define SCB_SHCSR_BUSFAULTACT_Pos           1U                                            /*!< SCB 
 610:Drivers/CMSIS/Include/core_cm4.h **** #define SCB_SHCSR_BUSFAULTACT_Msk          (1UL << SCB_SHCSR_BUSFAULTACT_Pos)             /*!< SCB 
 611:Drivers/CMSIS/Include/core_cm4.h **** 
 612:Drivers/CMSIS/Include/core_cm4.h **** #define SCB_SHCSR_MEMFAULTACT_Pos           0U                                            /*!< SCB 
 613:Drivers/CMSIS/Include/core_cm4.h **** #define SCB_SHCSR_MEMFAULTACT_Msk          (1UL /*<< SCB_SHCSR_MEMFAULTACT_Pos*/)         /*!< SCB 
 614:Drivers/CMSIS/Include/core_cm4.h **** 
 615:Drivers/CMSIS/Include/core_cm4.h **** /* SCB Configurable Fault Status Register Definitions */
 616:Drivers/CMSIS/Include/core_cm4.h **** #define SCB_CFSR_USGFAULTSR_Pos            16U                                            /*!< SCB 
 617:Drivers/CMSIS/Include/core_cm4.h **** #define SCB_CFSR_USGFAULTSR_Msk            (0xFFFFUL << SCB_CFSR_USGFAULTSR_Pos)          /*!< SCB 
 618:Drivers/CMSIS/Include/core_cm4.h **** 
 619:Drivers/CMSIS/Include/core_cm4.h **** #define SCB_CFSR_BUSFAULTSR_Pos             8U                                            /*!< SCB 
 620:Drivers/CMSIS/Include/core_cm4.h **** #define SCB_CFSR_BUSFAULTSR_Msk            (0xFFUL << SCB_CFSR_BUSFAULTSR_Pos)            /*!< SCB 
 621:Drivers/CMSIS/Include/core_cm4.h **** 
 622:Drivers/CMSIS/Include/core_cm4.h **** #define SCB_CFSR_MEMFAULTSR_Pos             0U                                            /*!< SCB 
 623:Drivers/CMSIS/Include/core_cm4.h **** #define SCB_CFSR_MEMFAULTSR_Msk            (0xFFUL /*<< SCB_CFSR_MEMFAULTSR_Pos*/)        /*!< SCB 
 624:Drivers/CMSIS/Include/core_cm4.h **** 
 625:Drivers/CMSIS/Include/core_cm4.h **** /* MemManage Fault Status Register (part of SCB Configurable Fault Status Register) */
 626:Drivers/CMSIS/Include/core_cm4.h **** #define SCB_CFSR_MMARVALID_Pos             (SCB_CFSR_MEMFAULTSR_Pos + 7U)                 /*!< SCB 
 627:Drivers/CMSIS/Include/core_cm4.h **** #define SCB_CFSR_MMARVALID_Msk             (1UL << SCB_CFSR_MMARVALID_Pos)                /*!< SCB 
 628:Drivers/CMSIS/Include/core_cm4.h **** 
 629:Drivers/CMSIS/Include/core_cm4.h **** #define SCB_CFSR_MLSPERR_Pos               (SCB_CFSR_MEMFAULTSR_Pos + 5U)                 /*!< SCB 
 630:Drivers/CMSIS/Include/core_cm4.h **** #define SCB_CFSR_MLSPERR_Msk               (1UL << SCB_CFSR_MLSPERR_Pos)                  /*!< SCB 
 631:Drivers/CMSIS/Include/core_cm4.h **** 
 632:Drivers/CMSIS/Include/core_cm4.h **** #define SCB_CFSR_MSTKERR_Pos               (SCB_CFSR_MEMFAULTSR_Pos + 4U)                 /*!< SCB 
 633:Drivers/CMSIS/Include/core_cm4.h **** #define SCB_CFSR_MSTKERR_Msk               (1UL << SCB_CFSR_MSTKERR_Pos)                  /*!< SCB 
 634:Drivers/CMSIS/Include/core_cm4.h **** 
 635:Drivers/CMSIS/Include/core_cm4.h **** #define SCB_CFSR_MUNSTKERR_Pos             (SCB_CFSR_MEMFAULTSR_Pos + 3U)                 /*!< SCB 
 636:Drivers/CMSIS/Include/core_cm4.h **** #define SCB_CFSR_MUNSTKERR_Msk             (1UL << SCB_CFSR_MUNSTKERR_Pos)                /*!< SCB 
 637:Drivers/CMSIS/Include/core_cm4.h **** 
 638:Drivers/CMSIS/Include/core_cm4.h **** #define SCB_CFSR_DACCVIOL_Pos              (SCB_CFSR_MEMFAULTSR_Pos + 1U)                 /*!< SCB 
 639:Drivers/CMSIS/Include/core_cm4.h **** #define SCB_CFSR_DACCVIOL_Msk              (1UL << SCB_CFSR_DACCVIOL_Pos)                 /*!< SCB 
 640:Drivers/CMSIS/Include/core_cm4.h **** 
 641:Drivers/CMSIS/Include/core_cm4.h **** #define SCB_CFSR_IACCVIOL_Pos              (SCB_CFSR_MEMFAULTSR_Pos + 0U)                 /*!< SCB 
 642:Drivers/CMSIS/Include/core_cm4.h **** #define SCB_CFSR_IACCVIOL_Msk              (1UL /*<< SCB_CFSR_IACCVIOL_Pos*/)             /*!< SCB 
 643:Drivers/CMSIS/Include/core_cm4.h **** 
 644:Drivers/CMSIS/Include/core_cm4.h **** /* BusFault Status Register (part of SCB Configurable Fault Status Register) */
 645:Drivers/CMSIS/Include/core_cm4.h **** #define SCB_CFSR_BFARVALID_Pos            (SCB_CFSR_BUSFAULTSR_Pos + 7U)                  /*!< SCB 
 646:Drivers/CMSIS/Include/core_cm4.h **** #define SCB_CFSR_BFARVALID_Msk            (1UL << SCB_CFSR_BFARVALID_Pos)                 /*!< SCB 
 647:Drivers/CMSIS/Include/core_cm4.h **** 
 648:Drivers/CMSIS/Include/core_cm4.h **** #define SCB_CFSR_LSPERR_Pos               (SCB_CFSR_BUSFAULTSR_Pos + 5U)                  /*!< SCB 
 649:Drivers/CMSIS/Include/core_cm4.h **** #define SCB_CFSR_LSPERR_Msk               (1UL << SCB_CFSR_LSPERR_Pos)                    /*!< SCB 
 650:Drivers/CMSIS/Include/core_cm4.h **** 
 651:Drivers/CMSIS/Include/core_cm4.h **** #define SCB_CFSR_STKERR_Pos               (SCB_CFSR_BUSFAULTSR_Pos + 4U)                  /*!< SCB 
 652:Drivers/CMSIS/Include/core_cm4.h **** #define SCB_CFSR_STKERR_Msk               (1UL << SCB_CFSR_STKERR_Pos)                    /*!< SCB 
 653:Drivers/CMSIS/Include/core_cm4.h **** 
 654:Drivers/CMSIS/Include/core_cm4.h **** #define SCB_CFSR_UNSTKERR_Pos             (SCB_CFSR_BUSFAULTSR_Pos + 3U)                  /*!< SCB 
 655:Drivers/CMSIS/Include/core_cm4.h **** #define SCB_CFSR_UNSTKERR_Msk             (1UL << SCB_CFSR_UNSTKERR_Pos)                  /*!< SCB 
 656:Drivers/CMSIS/Include/core_cm4.h **** 
 657:Drivers/CMSIS/Include/core_cm4.h **** #define SCB_CFSR_IMPRECISERR_Pos          (SCB_CFSR_BUSFAULTSR_Pos + 2U)                  /*!< SCB 
ARM GAS  C:\Users\alireza\AppData\Local\Temp\ccw51SGa.s 			page 13


 658:Drivers/CMSIS/Include/core_cm4.h **** #define SCB_CFSR_IMPRECISERR_Msk          (1UL << SCB_CFSR_IMPRECISERR_Pos)               /*!< SCB 
 659:Drivers/CMSIS/Include/core_cm4.h **** 
 660:Drivers/CMSIS/Include/core_cm4.h **** #define SCB_CFSR_PRECISERR_Pos            (SCB_CFSR_BUSFAULTSR_Pos + 1U)                  /*!< SCB 
 661:Drivers/CMSIS/Include/core_cm4.h **** #define SCB_CFSR_PRECISERR_Msk            (1UL << SCB_CFSR_PRECISERR_Pos)                 /*!< SCB 
 662:Drivers/CMSIS/Include/core_cm4.h **** 
 663:Drivers/CMSIS/Include/core_cm4.h **** #define SCB_CFSR_IBUSERR_Pos              (SCB_CFSR_BUSFAULTSR_Pos + 0U)                  /*!< SCB 
 664:Drivers/CMSIS/Include/core_cm4.h **** #define SCB_CFSR_IBUSERR_Msk              (1UL << SCB_CFSR_IBUSERR_Pos)                   /*!< SCB 
 665:Drivers/CMSIS/Include/core_cm4.h **** 
 666:Drivers/CMSIS/Include/core_cm4.h **** /* UsageFault Status Register (part of SCB Configurable Fault Status Register) */
 667:Drivers/CMSIS/Include/core_cm4.h **** #define SCB_CFSR_DIVBYZERO_Pos            (SCB_CFSR_USGFAULTSR_Pos + 9U)                  /*!< SCB 
 668:Drivers/CMSIS/Include/core_cm4.h **** #define SCB_CFSR_DIVBYZERO_Msk            (1UL << SCB_CFSR_DIVBYZERO_Pos)                 /*!< SCB 
 669:Drivers/CMSIS/Include/core_cm4.h **** 
 670:Drivers/CMSIS/Include/core_cm4.h **** #define SCB_CFSR_UNALIGNED_Pos            (SCB_CFSR_USGFAULTSR_Pos + 8U)                  /*!< SCB 
 671:Drivers/CMSIS/Include/core_cm4.h **** #define SCB_CFSR_UNALIGNED_Msk            (1UL << SCB_CFSR_UNALIGNED_Pos)                 /*!< SCB 
 672:Drivers/CMSIS/Include/core_cm4.h **** 
 673:Drivers/CMSIS/Include/core_cm4.h **** #define SCB_CFSR_NOCP_Pos                 (SCB_CFSR_USGFAULTSR_Pos + 3U)                  /*!< SCB 
 674:Drivers/CMSIS/Include/core_cm4.h **** #define SCB_CFSR_NOCP_Msk                 (1UL << SCB_CFSR_NOCP_Pos)                      /*!< SCB 
 675:Drivers/CMSIS/Include/core_cm4.h **** 
 676:Drivers/CMSIS/Include/core_cm4.h **** #define SCB_CFSR_INVPC_Pos                (SCB_CFSR_USGFAULTSR_Pos + 2U)                  /*!< SCB 
 677:Drivers/CMSIS/Include/core_cm4.h **** #define SCB_CFSR_INVPC_Msk                (1UL << SCB_CFSR_INVPC_Pos)                     /*!< SCB 
 678:Drivers/CMSIS/Include/core_cm4.h **** 
 679:Drivers/CMSIS/Include/core_cm4.h **** #define SCB_CFSR_INVSTATE_Pos             (SCB_CFSR_USGFAULTSR_Pos + 1U)                  /*!< SCB 
 680:Drivers/CMSIS/Include/core_cm4.h **** #define SCB_CFSR_INVSTATE_Msk             (1UL << SCB_CFSR_INVSTATE_Pos)                  /*!< SCB 
 681:Drivers/CMSIS/Include/core_cm4.h **** 
 682:Drivers/CMSIS/Include/core_cm4.h **** #define SCB_CFSR_UNDEFINSTR_Pos           (SCB_CFSR_USGFAULTSR_Pos + 0U)                  /*!< SCB 
 683:Drivers/CMSIS/Include/core_cm4.h **** #define SCB_CFSR_UNDEFINSTR_Msk           (1UL << SCB_CFSR_UNDEFINSTR_Pos)                /*!< SCB 
 684:Drivers/CMSIS/Include/core_cm4.h **** 
 685:Drivers/CMSIS/Include/core_cm4.h **** /* SCB Hard Fault Status Register Definitions */
 686:Drivers/CMSIS/Include/core_cm4.h **** #define SCB_HFSR_DEBUGEVT_Pos              31U                                            /*!< SCB 
 687:Drivers/CMSIS/Include/core_cm4.h **** #define SCB_HFSR_DEBUGEVT_Msk              (1UL << SCB_HFSR_DEBUGEVT_Pos)                 /*!< SCB 
 688:Drivers/CMSIS/Include/core_cm4.h **** 
 689:Drivers/CMSIS/Include/core_cm4.h **** #define SCB_HFSR_FORCED_Pos                30U                                            /*!< SCB 
 690:Drivers/CMSIS/Include/core_cm4.h **** #define SCB_HFSR_FORCED_Msk                (1UL << SCB_HFSR_FORCED_Pos)                   /*!< SCB 
 691:Drivers/CMSIS/Include/core_cm4.h **** 
 692:Drivers/CMSIS/Include/core_cm4.h **** #define SCB_HFSR_VECTTBL_Pos                1U                                            /*!< SCB 
 693:Drivers/CMSIS/Include/core_cm4.h **** #define SCB_HFSR_VECTTBL_Msk               (1UL << SCB_HFSR_VECTTBL_Pos)                  /*!< SCB 
 694:Drivers/CMSIS/Include/core_cm4.h **** 
 695:Drivers/CMSIS/Include/core_cm4.h **** /* SCB Debug Fault Status Register Definitions */
 696:Drivers/CMSIS/Include/core_cm4.h **** #define SCB_DFSR_EXTERNAL_Pos               4U                                            /*!< SCB 
 697:Drivers/CMSIS/Include/core_cm4.h **** #define SCB_DFSR_EXTERNAL_Msk              (1UL << SCB_DFSR_EXTERNAL_Pos)                 /*!< SCB 
 698:Drivers/CMSIS/Include/core_cm4.h **** 
 699:Drivers/CMSIS/Include/core_cm4.h **** #define SCB_DFSR_VCATCH_Pos                 3U                                            /*!< SCB 
 700:Drivers/CMSIS/Include/core_cm4.h **** #define SCB_DFSR_VCATCH_Msk                (1UL << SCB_DFSR_VCATCH_Pos)                   /*!< SCB 
 701:Drivers/CMSIS/Include/core_cm4.h **** 
 702:Drivers/CMSIS/Include/core_cm4.h **** #define SCB_DFSR_DWTTRAP_Pos                2U                                            /*!< SCB 
 703:Drivers/CMSIS/Include/core_cm4.h **** #define SCB_DFSR_DWTTRAP_Msk               (1UL << SCB_DFSR_DWTTRAP_Pos)                  /*!< SCB 
 704:Drivers/CMSIS/Include/core_cm4.h **** 
 705:Drivers/CMSIS/Include/core_cm4.h **** #define SCB_DFSR_BKPT_Pos                   1U                                            /*!< SCB 
 706:Drivers/CMSIS/Include/core_cm4.h **** #define SCB_DFSR_BKPT_Msk                  (1UL << SCB_DFSR_BKPT_Pos)                     /*!< SCB 
 707:Drivers/CMSIS/Include/core_cm4.h **** 
 708:Drivers/CMSIS/Include/core_cm4.h **** #define SCB_DFSR_HALTED_Pos                 0U                                            /*!< SCB 
 709:Drivers/CMSIS/Include/core_cm4.h **** #define SCB_DFSR_HALTED_Msk                (1UL /*<< SCB_DFSR_HALTED_Pos*/)               /*!< SCB 
 710:Drivers/CMSIS/Include/core_cm4.h **** 
 711:Drivers/CMSIS/Include/core_cm4.h **** /*@} end of group CMSIS_SCB */
 712:Drivers/CMSIS/Include/core_cm4.h **** 
 713:Drivers/CMSIS/Include/core_cm4.h **** 
 714:Drivers/CMSIS/Include/core_cm4.h **** /**
ARM GAS  C:\Users\alireza\AppData\Local\Temp\ccw51SGa.s 			page 14


 715:Drivers/CMSIS/Include/core_cm4.h ****   \ingroup  CMSIS_core_register
 716:Drivers/CMSIS/Include/core_cm4.h ****   \defgroup CMSIS_SCnSCB System Controls not in SCB (SCnSCB)
 717:Drivers/CMSIS/Include/core_cm4.h ****   \brief    Type definitions for the System Control and ID Register not in the SCB
 718:Drivers/CMSIS/Include/core_cm4.h ****   @{
 719:Drivers/CMSIS/Include/core_cm4.h ****  */
 720:Drivers/CMSIS/Include/core_cm4.h **** 
 721:Drivers/CMSIS/Include/core_cm4.h **** /**
 722:Drivers/CMSIS/Include/core_cm4.h ****   \brief  Structure type to access the System Control and ID Register not in the SCB.
 723:Drivers/CMSIS/Include/core_cm4.h ****  */
 724:Drivers/CMSIS/Include/core_cm4.h **** typedef struct
 725:Drivers/CMSIS/Include/core_cm4.h **** {
 726:Drivers/CMSIS/Include/core_cm4.h ****         uint32_t RESERVED0[1U];
 727:Drivers/CMSIS/Include/core_cm4.h ****   __IM  uint32_t ICTR;                   /*!< Offset: 0x004 (R/ )  Interrupt Controller Type Regist
 728:Drivers/CMSIS/Include/core_cm4.h ****   __IOM uint32_t ACTLR;                  /*!< Offset: 0x008 (R/W)  Auxiliary Control Register */
 729:Drivers/CMSIS/Include/core_cm4.h **** } SCnSCB_Type;
 730:Drivers/CMSIS/Include/core_cm4.h **** 
 731:Drivers/CMSIS/Include/core_cm4.h **** /* Interrupt Controller Type Register Definitions */
 732:Drivers/CMSIS/Include/core_cm4.h **** #define SCnSCB_ICTR_INTLINESNUM_Pos         0U                                         /*!< ICTR: I
 733:Drivers/CMSIS/Include/core_cm4.h **** #define SCnSCB_ICTR_INTLINESNUM_Msk        (0xFUL /*<< SCnSCB_ICTR_INTLINESNUM_Pos*/)  /*!< ICTR: I
 734:Drivers/CMSIS/Include/core_cm4.h **** 
 735:Drivers/CMSIS/Include/core_cm4.h **** /* Auxiliary Control Register Definitions */
 736:Drivers/CMSIS/Include/core_cm4.h **** #define SCnSCB_ACTLR_DISOOFP_Pos            9U                                         /*!< ACTLR: 
 737:Drivers/CMSIS/Include/core_cm4.h **** #define SCnSCB_ACTLR_DISOOFP_Msk           (1UL << SCnSCB_ACTLR_DISOOFP_Pos)           /*!< ACTLR: 
 738:Drivers/CMSIS/Include/core_cm4.h **** 
 739:Drivers/CMSIS/Include/core_cm4.h **** #define SCnSCB_ACTLR_DISFPCA_Pos            8U                                         /*!< ACTLR: 
 740:Drivers/CMSIS/Include/core_cm4.h **** #define SCnSCB_ACTLR_DISFPCA_Msk           (1UL << SCnSCB_ACTLR_DISFPCA_Pos)           /*!< ACTLR: 
 741:Drivers/CMSIS/Include/core_cm4.h **** 
 742:Drivers/CMSIS/Include/core_cm4.h **** #define SCnSCB_ACTLR_DISFOLD_Pos            2U                                         /*!< ACTLR: 
 743:Drivers/CMSIS/Include/core_cm4.h **** #define SCnSCB_ACTLR_DISFOLD_Msk           (1UL << SCnSCB_ACTLR_DISFOLD_Pos)           /*!< ACTLR: 
 744:Drivers/CMSIS/Include/core_cm4.h **** 
 745:Drivers/CMSIS/Include/core_cm4.h **** #define SCnSCB_ACTLR_DISDEFWBUF_Pos         1U                                         /*!< ACTLR: 
 746:Drivers/CMSIS/Include/core_cm4.h **** #define SCnSCB_ACTLR_DISDEFWBUF_Msk        (1UL << SCnSCB_ACTLR_DISDEFWBUF_Pos)        /*!< ACTLR: 
 747:Drivers/CMSIS/Include/core_cm4.h **** 
 748:Drivers/CMSIS/Include/core_cm4.h **** #define SCnSCB_ACTLR_DISMCYCINT_Pos         0U                                         /*!< ACTLR: 
 749:Drivers/CMSIS/Include/core_cm4.h **** #define SCnSCB_ACTLR_DISMCYCINT_Msk        (1UL /*<< SCnSCB_ACTLR_DISMCYCINT_Pos*/)    /*!< ACTLR: 
 750:Drivers/CMSIS/Include/core_cm4.h **** 
 751:Drivers/CMSIS/Include/core_cm4.h **** /*@} end of group CMSIS_SCnotSCB */
 752:Drivers/CMSIS/Include/core_cm4.h **** 
 753:Drivers/CMSIS/Include/core_cm4.h **** 
 754:Drivers/CMSIS/Include/core_cm4.h **** /**
 755:Drivers/CMSIS/Include/core_cm4.h ****   \ingroup  CMSIS_core_register
 756:Drivers/CMSIS/Include/core_cm4.h ****   \defgroup CMSIS_SysTick     System Tick Timer (SysTick)
 757:Drivers/CMSIS/Include/core_cm4.h ****   \brief    Type definitions for the System Timer Registers.
 758:Drivers/CMSIS/Include/core_cm4.h ****   @{
 759:Drivers/CMSIS/Include/core_cm4.h ****  */
 760:Drivers/CMSIS/Include/core_cm4.h **** 
 761:Drivers/CMSIS/Include/core_cm4.h **** /**
 762:Drivers/CMSIS/Include/core_cm4.h ****   \brief  Structure type to access the System Timer (SysTick).
 763:Drivers/CMSIS/Include/core_cm4.h ****  */
 764:Drivers/CMSIS/Include/core_cm4.h **** typedef struct
 765:Drivers/CMSIS/Include/core_cm4.h **** {
 766:Drivers/CMSIS/Include/core_cm4.h ****   __IOM uint32_t CTRL;                   /*!< Offset: 0x000 (R/W)  SysTick Control and Status Regis
 767:Drivers/CMSIS/Include/core_cm4.h ****   __IOM uint32_t LOAD;                   /*!< Offset: 0x004 (R/W)  SysTick Reload Value Register */
 768:Drivers/CMSIS/Include/core_cm4.h ****   __IOM uint32_t VAL;                    /*!< Offset: 0x008 (R/W)  SysTick Current Value Register *
 769:Drivers/CMSIS/Include/core_cm4.h ****   __IM  uint32_t CALIB;                  /*!< Offset: 0x00C (R/ )  SysTick Calibration Register */
 770:Drivers/CMSIS/Include/core_cm4.h **** } SysTick_Type;
 771:Drivers/CMSIS/Include/core_cm4.h **** 
ARM GAS  C:\Users\alireza\AppData\Local\Temp\ccw51SGa.s 			page 15


 772:Drivers/CMSIS/Include/core_cm4.h **** /* SysTick Control / Status Register Definitions */
 773:Drivers/CMSIS/Include/core_cm4.h **** #define SysTick_CTRL_COUNTFLAG_Pos         16U                                            /*!< SysT
 774:Drivers/CMSIS/Include/core_cm4.h **** #define SysTick_CTRL_COUNTFLAG_Msk         (1UL << SysTick_CTRL_COUNTFLAG_Pos)            /*!< SysT
 775:Drivers/CMSIS/Include/core_cm4.h **** 
 776:Drivers/CMSIS/Include/core_cm4.h **** #define SysTick_CTRL_CLKSOURCE_Pos          2U                                            /*!< SysT
 777:Drivers/CMSIS/Include/core_cm4.h **** #define SysTick_CTRL_CLKSOURCE_Msk         (1UL << SysTick_CTRL_CLKSOURCE_Pos)            /*!< SysT
 778:Drivers/CMSIS/Include/core_cm4.h **** 
 779:Drivers/CMSIS/Include/core_cm4.h **** #define SysTick_CTRL_TICKINT_Pos            1U                                            /*!< SysT
 780:Drivers/CMSIS/Include/core_cm4.h **** #define SysTick_CTRL_TICKINT_Msk           (1UL << SysTick_CTRL_TICKINT_Pos)              /*!< SysT
 781:Drivers/CMSIS/Include/core_cm4.h **** 
 782:Drivers/CMSIS/Include/core_cm4.h **** #define SysTick_CTRL_ENABLE_Pos             0U                                            /*!< SysT
 783:Drivers/CMSIS/Include/core_cm4.h **** #define SysTick_CTRL_ENABLE_Msk            (1UL /*<< SysTick_CTRL_ENABLE_Pos*/)           /*!< SysT
 784:Drivers/CMSIS/Include/core_cm4.h **** 
 785:Drivers/CMSIS/Include/core_cm4.h **** /* SysTick Reload Register Definitions */
 786:Drivers/CMSIS/Include/core_cm4.h **** #define SysTick_LOAD_RELOAD_Pos             0U                                            /*!< SysT
 787:Drivers/CMSIS/Include/core_cm4.h **** #define SysTick_LOAD_RELOAD_Msk            (0xFFFFFFUL /*<< SysTick_LOAD_RELOAD_Pos*/)    /*!< SysT
 788:Drivers/CMSIS/Include/core_cm4.h **** 
 789:Drivers/CMSIS/Include/core_cm4.h **** /* SysTick Current Register Definitions */
 790:Drivers/CMSIS/Include/core_cm4.h **** #define SysTick_VAL_CURRENT_Pos             0U                                            /*!< SysT
 791:Drivers/CMSIS/Include/core_cm4.h **** #define SysTick_VAL_CURRENT_Msk            (0xFFFFFFUL /*<< SysTick_VAL_CURRENT_Pos*/)    /*!< SysT
 792:Drivers/CMSIS/Include/core_cm4.h **** 
 793:Drivers/CMSIS/Include/core_cm4.h **** /* SysTick Calibration Register Definitions */
 794:Drivers/CMSIS/Include/core_cm4.h **** #define SysTick_CALIB_NOREF_Pos            31U                                            /*!< SysT
 795:Drivers/CMSIS/Include/core_cm4.h **** #define SysTick_CALIB_NOREF_Msk            (1UL << SysTick_CALIB_NOREF_Pos)               /*!< SysT
 796:Drivers/CMSIS/Include/core_cm4.h **** 
 797:Drivers/CMSIS/Include/core_cm4.h **** #define SysTick_CALIB_SKEW_Pos             30U                                            /*!< SysT
 798:Drivers/CMSIS/Include/core_cm4.h **** #define SysTick_CALIB_SKEW_Msk             (1UL << SysTick_CALIB_SKEW_Pos)                /*!< SysT
 799:Drivers/CMSIS/Include/core_cm4.h **** 
 800:Drivers/CMSIS/Include/core_cm4.h **** #define SysTick_CALIB_TENMS_Pos             0U                                            /*!< SysT
 801:Drivers/CMSIS/Include/core_cm4.h **** #define SysTick_CALIB_TENMS_Msk            (0xFFFFFFUL /*<< SysTick_CALIB_TENMS_Pos*/)    /*!< SysT
 802:Drivers/CMSIS/Include/core_cm4.h **** 
 803:Drivers/CMSIS/Include/core_cm4.h **** /*@} end of group CMSIS_SysTick */
 804:Drivers/CMSIS/Include/core_cm4.h **** 
 805:Drivers/CMSIS/Include/core_cm4.h **** 
 806:Drivers/CMSIS/Include/core_cm4.h **** /**
 807:Drivers/CMSIS/Include/core_cm4.h ****   \ingroup  CMSIS_core_register
 808:Drivers/CMSIS/Include/core_cm4.h ****   \defgroup CMSIS_ITM     Instrumentation Trace Macrocell (ITM)
 809:Drivers/CMSIS/Include/core_cm4.h ****   \brief    Type definitions for the Instrumentation Trace Macrocell (ITM)
 810:Drivers/CMSIS/Include/core_cm4.h ****   @{
 811:Drivers/CMSIS/Include/core_cm4.h ****  */
 812:Drivers/CMSIS/Include/core_cm4.h **** 
 813:Drivers/CMSIS/Include/core_cm4.h **** /**
 814:Drivers/CMSIS/Include/core_cm4.h ****   \brief  Structure type to access the Instrumentation Trace Macrocell Register (ITM).
 815:Drivers/CMSIS/Include/core_cm4.h ****  */
 816:Drivers/CMSIS/Include/core_cm4.h **** typedef struct
 817:Drivers/CMSIS/Include/core_cm4.h **** {
 818:Drivers/CMSIS/Include/core_cm4.h ****   __OM  union
 819:Drivers/CMSIS/Include/core_cm4.h ****   {
 820:Drivers/CMSIS/Include/core_cm4.h ****     __OM  uint8_t    u8;                 /*!< Offset: 0x000 ( /W)  ITM Stimulus Port 8-bit */
 821:Drivers/CMSIS/Include/core_cm4.h ****     __OM  uint16_t   u16;                /*!< Offset: 0x000 ( /W)  ITM Stimulus Port 16-bit */
 822:Drivers/CMSIS/Include/core_cm4.h ****     __OM  uint32_t   u32;                /*!< Offset: 0x000 ( /W)  ITM Stimulus Port 32-bit */
 823:Drivers/CMSIS/Include/core_cm4.h ****   }  PORT [32U];                         /*!< Offset: 0x000 ( /W)  ITM Stimulus Port Registers */
 824:Drivers/CMSIS/Include/core_cm4.h ****         uint32_t RESERVED0[864U];
 825:Drivers/CMSIS/Include/core_cm4.h ****   __IOM uint32_t TER;                    /*!< Offset: 0xE00 (R/W)  ITM Trace Enable Register */
 826:Drivers/CMSIS/Include/core_cm4.h ****         uint32_t RESERVED1[15U];
 827:Drivers/CMSIS/Include/core_cm4.h ****   __IOM uint32_t TPR;                    /*!< Offset: 0xE40 (R/W)  ITM Trace Privilege Register */
 828:Drivers/CMSIS/Include/core_cm4.h ****         uint32_t RESERVED2[15U];
ARM GAS  C:\Users\alireza\AppData\Local\Temp\ccw51SGa.s 			page 16


 829:Drivers/CMSIS/Include/core_cm4.h ****   __IOM uint32_t TCR;                    /*!< Offset: 0xE80 (R/W)  ITM Trace Control Register */
 830:Drivers/CMSIS/Include/core_cm4.h ****         uint32_t RESERVED3[32U];
 831:Drivers/CMSIS/Include/core_cm4.h ****         uint32_t RESERVED4[43U];
 832:Drivers/CMSIS/Include/core_cm4.h ****   __OM  uint32_t LAR;                    /*!< Offset: 0xFB0 ( /W)  ITM Lock Access Register */
 833:Drivers/CMSIS/Include/core_cm4.h ****   __IM  uint32_t LSR;                    /*!< Offset: 0xFB4 (R/ )  ITM Lock Status Register */
 834:Drivers/CMSIS/Include/core_cm4.h ****         uint32_t RESERVED5[6U];
 835:Drivers/CMSIS/Include/core_cm4.h ****   __IM  uint32_t PID4;                   /*!< Offset: 0xFD0 (R/ )  ITM Peripheral Identification Re
 836:Drivers/CMSIS/Include/core_cm4.h ****   __IM  uint32_t PID5;                   /*!< Offset: 0xFD4 (R/ )  ITM Peripheral Identification Re
 837:Drivers/CMSIS/Include/core_cm4.h ****   __IM  uint32_t PID6;                   /*!< Offset: 0xFD8 (R/ )  ITM Peripheral Identification Re
 838:Drivers/CMSIS/Include/core_cm4.h ****   __IM  uint32_t PID7;                   /*!< Offset: 0xFDC (R/ )  ITM Peripheral Identification Re
 839:Drivers/CMSIS/Include/core_cm4.h ****   __IM  uint32_t PID0;                   /*!< Offset: 0xFE0 (R/ )  ITM Peripheral Identification Re
 840:Drivers/CMSIS/Include/core_cm4.h ****   __IM  uint32_t PID1;                   /*!< Offset: 0xFE4 (R/ )  ITM Peripheral Identification Re
 841:Drivers/CMSIS/Include/core_cm4.h ****   __IM  uint32_t PID2;                   /*!< Offset: 0xFE8 (R/ )  ITM Peripheral Identification Re
 842:Drivers/CMSIS/Include/core_cm4.h ****   __IM  uint32_t PID3;                   /*!< Offset: 0xFEC (R/ )  ITM Peripheral Identification Re
 843:Drivers/CMSIS/Include/core_cm4.h ****   __IM  uint32_t CID0;                   /*!< Offset: 0xFF0 (R/ )  ITM Component  Identification Re
 844:Drivers/CMSIS/Include/core_cm4.h ****   __IM  uint32_t CID1;                   /*!< Offset: 0xFF4 (R/ )  ITM Component  Identification Re
 845:Drivers/CMSIS/Include/core_cm4.h ****   __IM  uint32_t CID2;                   /*!< Offset: 0xFF8 (R/ )  ITM Component  Identification Re
 846:Drivers/CMSIS/Include/core_cm4.h ****   __IM  uint32_t CID3;                   /*!< Offset: 0xFFC (R/ )  ITM Component  Identification Re
 847:Drivers/CMSIS/Include/core_cm4.h **** } ITM_Type;
 848:Drivers/CMSIS/Include/core_cm4.h **** 
 849:Drivers/CMSIS/Include/core_cm4.h **** /* ITM Trace Privilege Register Definitions */
 850:Drivers/CMSIS/Include/core_cm4.h **** #define ITM_TPR_PRIVMASK_Pos                0U                                            /*!< ITM 
 851:Drivers/CMSIS/Include/core_cm4.h **** #define ITM_TPR_PRIVMASK_Msk               (0xFFFFFFFFUL /*<< ITM_TPR_PRIVMASK_Pos*/)     /*!< ITM 
 852:Drivers/CMSIS/Include/core_cm4.h **** 
 853:Drivers/CMSIS/Include/core_cm4.h **** /* ITM Trace Control Register Definitions */
 854:Drivers/CMSIS/Include/core_cm4.h **** #define ITM_TCR_BUSY_Pos                   23U                                            /*!< ITM 
 855:Drivers/CMSIS/Include/core_cm4.h **** #define ITM_TCR_BUSY_Msk                   (1UL << ITM_TCR_BUSY_Pos)                      /*!< ITM 
 856:Drivers/CMSIS/Include/core_cm4.h **** 
 857:Drivers/CMSIS/Include/core_cm4.h **** #define ITM_TCR_TraceBusID_Pos             16U                                            /*!< ITM 
 858:Drivers/CMSIS/Include/core_cm4.h **** #define ITM_TCR_TraceBusID_Msk             (0x7FUL << ITM_TCR_TraceBusID_Pos)             /*!< ITM 
 859:Drivers/CMSIS/Include/core_cm4.h **** 
 860:Drivers/CMSIS/Include/core_cm4.h **** #define ITM_TCR_GTSFREQ_Pos                10U                                            /*!< ITM 
 861:Drivers/CMSIS/Include/core_cm4.h **** #define ITM_TCR_GTSFREQ_Msk                (3UL << ITM_TCR_GTSFREQ_Pos)                   /*!< ITM 
 862:Drivers/CMSIS/Include/core_cm4.h **** 
 863:Drivers/CMSIS/Include/core_cm4.h **** #define ITM_TCR_TSPrescale_Pos              8U                                            /*!< ITM 
 864:Drivers/CMSIS/Include/core_cm4.h **** #define ITM_TCR_TSPrescale_Msk             (3UL << ITM_TCR_TSPrescale_Pos)                /*!< ITM 
 865:Drivers/CMSIS/Include/core_cm4.h **** 
 866:Drivers/CMSIS/Include/core_cm4.h **** #define ITM_TCR_SWOENA_Pos                  4U                                            /*!< ITM 
 867:Drivers/CMSIS/Include/core_cm4.h **** #define ITM_TCR_SWOENA_Msk                 (1UL << ITM_TCR_SWOENA_Pos)                    /*!< ITM 
 868:Drivers/CMSIS/Include/core_cm4.h **** 
 869:Drivers/CMSIS/Include/core_cm4.h **** #define ITM_TCR_DWTENA_Pos                  3U                                            /*!< ITM 
 870:Drivers/CMSIS/Include/core_cm4.h **** #define ITM_TCR_DWTENA_Msk                 (1UL << ITM_TCR_DWTENA_Pos)                    /*!< ITM 
 871:Drivers/CMSIS/Include/core_cm4.h **** 
 872:Drivers/CMSIS/Include/core_cm4.h **** #define ITM_TCR_SYNCENA_Pos                 2U                                            /*!< ITM 
 873:Drivers/CMSIS/Include/core_cm4.h **** #define ITM_TCR_SYNCENA_Msk                (1UL << ITM_TCR_SYNCENA_Pos)                   /*!< ITM 
 874:Drivers/CMSIS/Include/core_cm4.h **** 
 875:Drivers/CMSIS/Include/core_cm4.h **** #define ITM_TCR_TSENA_Pos                   1U                                            /*!< ITM 
 876:Drivers/CMSIS/Include/core_cm4.h **** #define ITM_TCR_TSENA_Msk                  (1UL << ITM_TCR_TSENA_Pos)                     /*!< ITM 
 877:Drivers/CMSIS/Include/core_cm4.h **** 
 878:Drivers/CMSIS/Include/core_cm4.h **** #define ITM_TCR_ITMENA_Pos                  0U                                            /*!< ITM 
 879:Drivers/CMSIS/Include/core_cm4.h **** #define ITM_TCR_ITMENA_Msk                 (1UL /*<< ITM_TCR_ITMENA_Pos*/)                /*!< ITM 
 880:Drivers/CMSIS/Include/core_cm4.h **** 
 881:Drivers/CMSIS/Include/core_cm4.h **** /* ITM Lock Status Register Definitions */
 882:Drivers/CMSIS/Include/core_cm4.h **** #define ITM_LSR_ByteAcc_Pos                 2U                                            /*!< ITM 
 883:Drivers/CMSIS/Include/core_cm4.h **** #define ITM_LSR_ByteAcc_Msk                (1UL << ITM_LSR_ByteAcc_Pos)                   /*!< ITM 
 884:Drivers/CMSIS/Include/core_cm4.h **** 
 885:Drivers/CMSIS/Include/core_cm4.h **** #define ITM_LSR_Access_Pos                  1U                                            /*!< ITM 
ARM GAS  C:\Users\alireza\AppData\Local\Temp\ccw51SGa.s 			page 17


 886:Drivers/CMSIS/Include/core_cm4.h **** #define ITM_LSR_Access_Msk                 (1UL << ITM_LSR_Access_Pos)                    /*!< ITM 
 887:Drivers/CMSIS/Include/core_cm4.h **** 
 888:Drivers/CMSIS/Include/core_cm4.h **** #define ITM_LSR_Present_Pos                 0U                                            /*!< ITM 
 889:Drivers/CMSIS/Include/core_cm4.h **** #define ITM_LSR_Present_Msk                (1UL /*<< ITM_LSR_Present_Pos*/)               /*!< ITM 
 890:Drivers/CMSIS/Include/core_cm4.h **** 
 891:Drivers/CMSIS/Include/core_cm4.h **** /*@}*/ /* end of group CMSIS_ITM */
 892:Drivers/CMSIS/Include/core_cm4.h **** 
 893:Drivers/CMSIS/Include/core_cm4.h **** 
 894:Drivers/CMSIS/Include/core_cm4.h **** /**
 895:Drivers/CMSIS/Include/core_cm4.h ****   \ingroup  CMSIS_core_register
 896:Drivers/CMSIS/Include/core_cm4.h ****   \defgroup CMSIS_DWT     Data Watchpoint and Trace (DWT)
 897:Drivers/CMSIS/Include/core_cm4.h ****   \brief    Type definitions for the Data Watchpoint and Trace (DWT)
 898:Drivers/CMSIS/Include/core_cm4.h ****   @{
 899:Drivers/CMSIS/Include/core_cm4.h ****  */
 900:Drivers/CMSIS/Include/core_cm4.h **** 
 901:Drivers/CMSIS/Include/core_cm4.h **** /**
 902:Drivers/CMSIS/Include/core_cm4.h ****   \brief  Structure type to access the Data Watchpoint and Trace Register (DWT).
 903:Drivers/CMSIS/Include/core_cm4.h ****  */
 904:Drivers/CMSIS/Include/core_cm4.h **** typedef struct
 905:Drivers/CMSIS/Include/core_cm4.h **** {
 906:Drivers/CMSIS/Include/core_cm4.h ****   __IOM uint32_t CTRL;                   /*!< Offset: 0x000 (R/W)  Control Register */
 907:Drivers/CMSIS/Include/core_cm4.h ****   __IOM uint32_t CYCCNT;                 /*!< Offset: 0x004 (R/W)  Cycle Count Register */
 908:Drivers/CMSIS/Include/core_cm4.h ****   __IOM uint32_t CPICNT;                 /*!< Offset: 0x008 (R/W)  CPI Count Register */
 909:Drivers/CMSIS/Include/core_cm4.h ****   __IOM uint32_t EXCCNT;                 /*!< Offset: 0x00C (R/W)  Exception Overhead Count Registe
 910:Drivers/CMSIS/Include/core_cm4.h ****   __IOM uint32_t SLEEPCNT;               /*!< Offset: 0x010 (R/W)  Sleep Count Register */
 911:Drivers/CMSIS/Include/core_cm4.h ****   __IOM uint32_t LSUCNT;                 /*!< Offset: 0x014 (R/W)  LSU Count Register */
 912:Drivers/CMSIS/Include/core_cm4.h ****   __IOM uint32_t FOLDCNT;                /*!< Offset: 0x018 (R/W)  Folded-instruction Count Registe
 913:Drivers/CMSIS/Include/core_cm4.h ****   __IM  uint32_t PCSR;                   /*!< Offset: 0x01C (R/ )  Program Counter Sample Register 
 914:Drivers/CMSIS/Include/core_cm4.h ****   __IOM uint32_t COMP0;                  /*!< Offset: 0x020 (R/W)  Comparator Register 0 */
 915:Drivers/CMSIS/Include/core_cm4.h ****   __IOM uint32_t MASK0;                  /*!< Offset: 0x024 (R/W)  Mask Register 0 */
 916:Drivers/CMSIS/Include/core_cm4.h ****   __IOM uint32_t FUNCTION0;              /*!< Offset: 0x028 (R/W)  Function Register 0 */
 917:Drivers/CMSIS/Include/core_cm4.h ****         uint32_t RESERVED0[1U];
 918:Drivers/CMSIS/Include/core_cm4.h ****   __IOM uint32_t COMP1;                  /*!< Offset: 0x030 (R/W)  Comparator Register 1 */
 919:Drivers/CMSIS/Include/core_cm4.h ****   __IOM uint32_t MASK1;                  /*!< Offset: 0x034 (R/W)  Mask Register 1 */
 920:Drivers/CMSIS/Include/core_cm4.h ****   __IOM uint32_t FUNCTION1;              /*!< Offset: 0x038 (R/W)  Function Register 1 */
 921:Drivers/CMSIS/Include/core_cm4.h ****         uint32_t RESERVED1[1U];
 922:Drivers/CMSIS/Include/core_cm4.h ****   __IOM uint32_t COMP2;                  /*!< Offset: 0x040 (R/W)  Comparator Register 2 */
 923:Drivers/CMSIS/Include/core_cm4.h ****   __IOM uint32_t MASK2;                  /*!< Offset: 0x044 (R/W)  Mask Register 2 */
 924:Drivers/CMSIS/Include/core_cm4.h ****   __IOM uint32_t FUNCTION2;              /*!< Offset: 0x048 (R/W)  Function Register 2 */
 925:Drivers/CMSIS/Include/core_cm4.h ****         uint32_t RESERVED2[1U];
 926:Drivers/CMSIS/Include/core_cm4.h ****   __IOM uint32_t COMP3;                  /*!< Offset: 0x050 (R/W)  Comparator Register 3 */
 927:Drivers/CMSIS/Include/core_cm4.h ****   __IOM uint32_t MASK3;                  /*!< Offset: 0x054 (R/W)  Mask Register 3 */
 928:Drivers/CMSIS/Include/core_cm4.h ****   __IOM uint32_t FUNCTION3;              /*!< Offset: 0x058 (R/W)  Function Register 3 */
 929:Drivers/CMSIS/Include/core_cm4.h **** } DWT_Type;
 930:Drivers/CMSIS/Include/core_cm4.h **** 
 931:Drivers/CMSIS/Include/core_cm4.h **** /* DWT Control Register Definitions */
 932:Drivers/CMSIS/Include/core_cm4.h **** #define DWT_CTRL_NUMCOMP_Pos               28U                                         /*!< DWT CTR
 933:Drivers/CMSIS/Include/core_cm4.h **** #define DWT_CTRL_NUMCOMP_Msk               (0xFUL << DWT_CTRL_NUMCOMP_Pos)             /*!< DWT CTR
 934:Drivers/CMSIS/Include/core_cm4.h **** 
 935:Drivers/CMSIS/Include/core_cm4.h **** #define DWT_CTRL_NOTRCPKT_Pos              27U                                         /*!< DWT CTR
 936:Drivers/CMSIS/Include/core_cm4.h **** #define DWT_CTRL_NOTRCPKT_Msk              (0x1UL << DWT_CTRL_NOTRCPKT_Pos)            /*!< DWT CTR
 937:Drivers/CMSIS/Include/core_cm4.h **** 
 938:Drivers/CMSIS/Include/core_cm4.h **** #define DWT_CTRL_NOEXTTRIG_Pos             26U                                         /*!< DWT CTR
 939:Drivers/CMSIS/Include/core_cm4.h **** #define DWT_CTRL_NOEXTTRIG_Msk             (0x1UL << DWT_CTRL_NOEXTTRIG_Pos)           /*!< DWT CTR
 940:Drivers/CMSIS/Include/core_cm4.h **** 
 941:Drivers/CMSIS/Include/core_cm4.h **** #define DWT_CTRL_NOCYCCNT_Pos              25U                                         /*!< DWT CTR
 942:Drivers/CMSIS/Include/core_cm4.h **** #define DWT_CTRL_NOCYCCNT_Msk              (0x1UL << DWT_CTRL_NOCYCCNT_Pos)            /*!< DWT CTR
ARM GAS  C:\Users\alireza\AppData\Local\Temp\ccw51SGa.s 			page 18


 943:Drivers/CMSIS/Include/core_cm4.h **** 
 944:Drivers/CMSIS/Include/core_cm4.h **** #define DWT_CTRL_NOPRFCNT_Pos              24U                                         /*!< DWT CTR
 945:Drivers/CMSIS/Include/core_cm4.h **** #define DWT_CTRL_NOPRFCNT_Msk              (0x1UL << DWT_CTRL_NOPRFCNT_Pos)            /*!< DWT CTR
 946:Drivers/CMSIS/Include/core_cm4.h **** 
 947:Drivers/CMSIS/Include/core_cm4.h **** #define DWT_CTRL_CYCEVTENA_Pos             22U                                         /*!< DWT CTR
 948:Drivers/CMSIS/Include/core_cm4.h **** #define DWT_CTRL_CYCEVTENA_Msk             (0x1UL << DWT_CTRL_CYCEVTENA_Pos)           /*!< DWT CTR
 949:Drivers/CMSIS/Include/core_cm4.h **** 
 950:Drivers/CMSIS/Include/core_cm4.h **** #define DWT_CTRL_FOLDEVTENA_Pos            21U                                         /*!< DWT CTR
 951:Drivers/CMSIS/Include/core_cm4.h **** #define DWT_CTRL_FOLDEVTENA_Msk            (0x1UL << DWT_CTRL_FOLDEVTENA_Pos)          /*!< DWT CTR
 952:Drivers/CMSIS/Include/core_cm4.h **** 
 953:Drivers/CMSIS/Include/core_cm4.h **** #define DWT_CTRL_LSUEVTENA_Pos             20U                                         /*!< DWT CTR
 954:Drivers/CMSIS/Include/core_cm4.h **** #define DWT_CTRL_LSUEVTENA_Msk             (0x1UL << DWT_CTRL_LSUEVTENA_Pos)           /*!< DWT CTR
 955:Drivers/CMSIS/Include/core_cm4.h **** 
 956:Drivers/CMSIS/Include/core_cm4.h **** #define DWT_CTRL_SLEEPEVTENA_Pos           19U                                         /*!< DWT CTR
 957:Drivers/CMSIS/Include/core_cm4.h **** #define DWT_CTRL_SLEEPEVTENA_Msk           (0x1UL << DWT_CTRL_SLEEPEVTENA_Pos)         /*!< DWT CTR
 958:Drivers/CMSIS/Include/core_cm4.h **** 
 959:Drivers/CMSIS/Include/core_cm4.h **** #define DWT_CTRL_EXCEVTENA_Pos             18U                                         /*!< DWT CTR
 960:Drivers/CMSIS/Include/core_cm4.h **** #define DWT_CTRL_EXCEVTENA_Msk             (0x1UL << DWT_CTRL_EXCEVTENA_Pos)           /*!< DWT CTR
 961:Drivers/CMSIS/Include/core_cm4.h **** 
 962:Drivers/CMSIS/Include/core_cm4.h **** #define DWT_CTRL_CPIEVTENA_Pos             17U                                         /*!< DWT CTR
 963:Drivers/CMSIS/Include/core_cm4.h **** #define DWT_CTRL_CPIEVTENA_Msk             (0x1UL << DWT_CTRL_CPIEVTENA_Pos)           /*!< DWT CTR
 964:Drivers/CMSIS/Include/core_cm4.h **** 
 965:Drivers/CMSIS/Include/core_cm4.h **** #define DWT_CTRL_EXCTRCENA_Pos             16U                                         /*!< DWT CTR
 966:Drivers/CMSIS/Include/core_cm4.h **** #define DWT_CTRL_EXCTRCENA_Msk             (0x1UL << DWT_CTRL_EXCTRCENA_Pos)           /*!< DWT CTR
 967:Drivers/CMSIS/Include/core_cm4.h **** 
 968:Drivers/CMSIS/Include/core_cm4.h **** #define DWT_CTRL_PCSAMPLENA_Pos            12U                                         /*!< DWT CTR
 969:Drivers/CMSIS/Include/core_cm4.h **** #define DWT_CTRL_PCSAMPLENA_Msk            (0x1UL << DWT_CTRL_PCSAMPLENA_Pos)          /*!< DWT CTR
 970:Drivers/CMSIS/Include/core_cm4.h **** 
 971:Drivers/CMSIS/Include/core_cm4.h **** #define DWT_CTRL_SYNCTAP_Pos               10U                                         /*!< DWT CTR
 972:Drivers/CMSIS/Include/core_cm4.h **** #define DWT_CTRL_SYNCTAP_Msk               (0x3UL << DWT_CTRL_SYNCTAP_Pos)             /*!< DWT CTR
 973:Drivers/CMSIS/Include/core_cm4.h **** 
 974:Drivers/CMSIS/Include/core_cm4.h **** #define DWT_CTRL_CYCTAP_Pos                 9U                                         /*!< DWT CTR
 975:Drivers/CMSIS/Include/core_cm4.h **** #define DWT_CTRL_CYCTAP_Msk                (0x1UL << DWT_CTRL_CYCTAP_Pos)              /*!< DWT CTR
 976:Drivers/CMSIS/Include/core_cm4.h **** 
 977:Drivers/CMSIS/Include/core_cm4.h **** #define DWT_CTRL_POSTINIT_Pos               5U                                         /*!< DWT CTR
 978:Drivers/CMSIS/Include/core_cm4.h **** #define DWT_CTRL_POSTINIT_Msk              (0xFUL << DWT_CTRL_POSTINIT_Pos)            /*!< DWT CTR
 979:Drivers/CMSIS/Include/core_cm4.h **** 
 980:Drivers/CMSIS/Include/core_cm4.h **** #define DWT_CTRL_POSTPRESET_Pos             1U                                         /*!< DWT CTR
 981:Drivers/CMSIS/Include/core_cm4.h **** #define DWT_CTRL_POSTPRESET_Msk            (0xFUL << DWT_CTRL_POSTPRESET_Pos)          /*!< DWT CTR
 982:Drivers/CMSIS/Include/core_cm4.h **** 
 983:Drivers/CMSIS/Include/core_cm4.h **** #define DWT_CTRL_CYCCNTENA_Pos              0U                                         /*!< DWT CTR
 984:Drivers/CMSIS/Include/core_cm4.h **** #define DWT_CTRL_CYCCNTENA_Msk             (0x1UL /*<< DWT_CTRL_CYCCNTENA_Pos*/)       /*!< DWT CTR
 985:Drivers/CMSIS/Include/core_cm4.h **** 
 986:Drivers/CMSIS/Include/core_cm4.h **** /* DWT CPI Count Register Definitions */
 987:Drivers/CMSIS/Include/core_cm4.h **** #define DWT_CPICNT_CPICNT_Pos               0U                                         /*!< DWT CPI
 988:Drivers/CMSIS/Include/core_cm4.h **** #define DWT_CPICNT_CPICNT_Msk              (0xFFUL /*<< DWT_CPICNT_CPICNT_Pos*/)       /*!< DWT CPI
 989:Drivers/CMSIS/Include/core_cm4.h **** 
 990:Drivers/CMSIS/Include/core_cm4.h **** /* DWT Exception Overhead Count Register Definitions */
 991:Drivers/CMSIS/Include/core_cm4.h **** #define DWT_EXCCNT_EXCCNT_Pos               0U                                         /*!< DWT EXC
 992:Drivers/CMSIS/Include/core_cm4.h **** #define DWT_EXCCNT_EXCCNT_Msk              (0xFFUL /*<< DWT_EXCCNT_EXCCNT_Pos*/)       /*!< DWT EXC
 993:Drivers/CMSIS/Include/core_cm4.h **** 
 994:Drivers/CMSIS/Include/core_cm4.h **** /* DWT Sleep Count Register Definitions */
 995:Drivers/CMSIS/Include/core_cm4.h **** #define DWT_SLEEPCNT_SLEEPCNT_Pos           0U                                         /*!< DWT SLE
 996:Drivers/CMSIS/Include/core_cm4.h **** #define DWT_SLEEPCNT_SLEEPCNT_Msk          (0xFFUL /*<< DWT_SLEEPCNT_SLEEPCNT_Pos*/)   /*!< DWT SLE
 997:Drivers/CMSIS/Include/core_cm4.h **** 
 998:Drivers/CMSIS/Include/core_cm4.h **** /* DWT LSU Count Register Definitions */
 999:Drivers/CMSIS/Include/core_cm4.h **** #define DWT_LSUCNT_LSUCNT_Pos               0U                                         /*!< DWT LSU
ARM GAS  C:\Users\alireza\AppData\Local\Temp\ccw51SGa.s 			page 19


1000:Drivers/CMSIS/Include/core_cm4.h **** #define DWT_LSUCNT_LSUCNT_Msk              (0xFFUL /*<< DWT_LSUCNT_LSUCNT_Pos*/)       /*!< DWT LSU
1001:Drivers/CMSIS/Include/core_cm4.h **** 
1002:Drivers/CMSIS/Include/core_cm4.h **** /* DWT Folded-instruction Count Register Definitions */
1003:Drivers/CMSIS/Include/core_cm4.h **** #define DWT_FOLDCNT_FOLDCNT_Pos             0U                                         /*!< DWT FOL
1004:Drivers/CMSIS/Include/core_cm4.h **** #define DWT_FOLDCNT_FOLDCNT_Msk            (0xFFUL /*<< DWT_FOLDCNT_FOLDCNT_Pos*/)     /*!< DWT FOL
1005:Drivers/CMSIS/Include/core_cm4.h **** 
1006:Drivers/CMSIS/Include/core_cm4.h **** /* DWT Comparator Mask Register Definitions */
1007:Drivers/CMSIS/Include/core_cm4.h **** #define DWT_MASK_MASK_Pos                   0U                                         /*!< DWT MAS
1008:Drivers/CMSIS/Include/core_cm4.h **** #define DWT_MASK_MASK_Msk                  (0x1FUL /*<< DWT_MASK_MASK_Pos*/)           /*!< DWT MAS
1009:Drivers/CMSIS/Include/core_cm4.h **** 
1010:Drivers/CMSIS/Include/core_cm4.h **** /* DWT Comparator Function Register Definitions */
1011:Drivers/CMSIS/Include/core_cm4.h **** #define DWT_FUNCTION_MATCHED_Pos           24U                                         /*!< DWT FUN
1012:Drivers/CMSIS/Include/core_cm4.h **** #define DWT_FUNCTION_MATCHED_Msk           (0x1UL << DWT_FUNCTION_MATCHED_Pos)         /*!< DWT FUN
1013:Drivers/CMSIS/Include/core_cm4.h **** 
1014:Drivers/CMSIS/Include/core_cm4.h **** #define DWT_FUNCTION_DATAVADDR1_Pos        16U                                         /*!< DWT FUN
1015:Drivers/CMSIS/Include/core_cm4.h **** #define DWT_FUNCTION_DATAVADDR1_Msk        (0xFUL << DWT_FUNCTION_DATAVADDR1_Pos)      /*!< DWT FUN
1016:Drivers/CMSIS/Include/core_cm4.h **** 
1017:Drivers/CMSIS/Include/core_cm4.h **** #define DWT_FUNCTION_DATAVADDR0_Pos        12U                                         /*!< DWT FUN
1018:Drivers/CMSIS/Include/core_cm4.h **** #define DWT_FUNCTION_DATAVADDR0_Msk        (0xFUL << DWT_FUNCTION_DATAVADDR0_Pos)      /*!< DWT FUN
1019:Drivers/CMSIS/Include/core_cm4.h **** 
1020:Drivers/CMSIS/Include/core_cm4.h **** #define DWT_FUNCTION_DATAVSIZE_Pos         10U                                         /*!< DWT FUN
1021:Drivers/CMSIS/Include/core_cm4.h **** #define DWT_FUNCTION_DATAVSIZE_Msk         (0x3UL << DWT_FUNCTION_DATAVSIZE_Pos)       /*!< DWT FUN
1022:Drivers/CMSIS/Include/core_cm4.h **** 
1023:Drivers/CMSIS/Include/core_cm4.h **** #define DWT_FUNCTION_LNK1ENA_Pos            9U                                         /*!< DWT FUN
1024:Drivers/CMSIS/Include/core_cm4.h **** #define DWT_FUNCTION_LNK1ENA_Msk           (0x1UL << DWT_FUNCTION_LNK1ENA_Pos)         /*!< DWT FUN
1025:Drivers/CMSIS/Include/core_cm4.h **** 
1026:Drivers/CMSIS/Include/core_cm4.h **** #define DWT_FUNCTION_DATAVMATCH_Pos         8U                                         /*!< DWT FUN
1027:Drivers/CMSIS/Include/core_cm4.h **** #define DWT_FUNCTION_DATAVMATCH_Msk        (0x1UL << DWT_FUNCTION_DATAVMATCH_Pos)      /*!< DWT FUN
1028:Drivers/CMSIS/Include/core_cm4.h **** 
1029:Drivers/CMSIS/Include/core_cm4.h **** #define DWT_FUNCTION_CYCMATCH_Pos           7U                                         /*!< DWT FUN
1030:Drivers/CMSIS/Include/core_cm4.h **** #define DWT_FUNCTION_CYCMATCH_Msk          (0x1UL << DWT_FUNCTION_CYCMATCH_Pos)        /*!< DWT FUN
1031:Drivers/CMSIS/Include/core_cm4.h **** 
1032:Drivers/CMSIS/Include/core_cm4.h **** #define DWT_FUNCTION_EMITRANGE_Pos          5U                                         /*!< DWT FUN
1033:Drivers/CMSIS/Include/core_cm4.h **** #define DWT_FUNCTION_EMITRANGE_Msk         (0x1UL << DWT_FUNCTION_EMITRANGE_Pos)       /*!< DWT FUN
1034:Drivers/CMSIS/Include/core_cm4.h **** 
1035:Drivers/CMSIS/Include/core_cm4.h **** #define DWT_FUNCTION_FUNCTION_Pos           0U                                         /*!< DWT FUN
1036:Drivers/CMSIS/Include/core_cm4.h **** #define DWT_FUNCTION_FUNCTION_Msk          (0xFUL /*<< DWT_FUNCTION_FUNCTION_Pos*/)    /*!< DWT FUN
1037:Drivers/CMSIS/Include/core_cm4.h **** 
1038:Drivers/CMSIS/Include/core_cm4.h **** /*@}*/ /* end of group CMSIS_DWT */
1039:Drivers/CMSIS/Include/core_cm4.h **** 
1040:Drivers/CMSIS/Include/core_cm4.h **** 
1041:Drivers/CMSIS/Include/core_cm4.h **** /**
1042:Drivers/CMSIS/Include/core_cm4.h ****   \ingroup  CMSIS_core_register
1043:Drivers/CMSIS/Include/core_cm4.h ****   \defgroup CMSIS_TPI     Trace Port Interface (TPI)
1044:Drivers/CMSIS/Include/core_cm4.h ****   \brief    Type definitions for the Trace Port Interface (TPI)
1045:Drivers/CMSIS/Include/core_cm4.h ****   @{
1046:Drivers/CMSIS/Include/core_cm4.h ****  */
1047:Drivers/CMSIS/Include/core_cm4.h **** 
1048:Drivers/CMSIS/Include/core_cm4.h **** /**
1049:Drivers/CMSIS/Include/core_cm4.h ****   \brief  Structure type to access the Trace Port Interface Register (TPI).
1050:Drivers/CMSIS/Include/core_cm4.h ****  */
1051:Drivers/CMSIS/Include/core_cm4.h **** typedef struct
1052:Drivers/CMSIS/Include/core_cm4.h **** {
1053:Drivers/CMSIS/Include/core_cm4.h ****   __IM  uint32_t SSPSR;                  /*!< Offset: 0x000 (R/ )  Supported Parallel Port Size Reg
1054:Drivers/CMSIS/Include/core_cm4.h ****   __IOM uint32_t CSPSR;                  /*!< Offset: 0x004 (R/W)  Current Parallel Port Size Regis
1055:Drivers/CMSIS/Include/core_cm4.h ****         uint32_t RESERVED0[2U];
1056:Drivers/CMSIS/Include/core_cm4.h ****   __IOM uint32_t ACPR;                   /*!< Offset: 0x010 (R/W)  Asynchronous Clock Prescaler Reg
ARM GAS  C:\Users\alireza\AppData\Local\Temp\ccw51SGa.s 			page 20


1057:Drivers/CMSIS/Include/core_cm4.h ****         uint32_t RESERVED1[55U];
1058:Drivers/CMSIS/Include/core_cm4.h ****   __IOM uint32_t SPPR;                   /*!< Offset: 0x0F0 (R/W)  Selected Pin Protocol Register *
1059:Drivers/CMSIS/Include/core_cm4.h ****         uint32_t RESERVED2[131U];
1060:Drivers/CMSIS/Include/core_cm4.h ****   __IM  uint32_t FFSR;                   /*!< Offset: 0x300 (R/ )  Formatter and Flush Status Regis
1061:Drivers/CMSIS/Include/core_cm4.h ****   __IOM uint32_t FFCR;                   /*!< Offset: 0x304 (R/W)  Formatter and Flush Control Regi
1062:Drivers/CMSIS/Include/core_cm4.h ****   __IM  uint32_t FSCR;                   /*!< Offset: 0x308 (R/ )  Formatter Synchronization Counte
1063:Drivers/CMSIS/Include/core_cm4.h ****         uint32_t RESERVED3[759U];
1064:Drivers/CMSIS/Include/core_cm4.h ****   __IM  uint32_t TRIGGER;                /*!< Offset: 0xEE8 (R/ )  TRIGGER Register */
1065:Drivers/CMSIS/Include/core_cm4.h ****   __IM  uint32_t FIFO0;                  /*!< Offset: 0xEEC (R/ )  Integration ETM Data */
1066:Drivers/CMSIS/Include/core_cm4.h ****   __IM  uint32_t ITATBCTR2;              /*!< Offset: 0xEF0 (R/ )  ITATBCTR2 */
1067:Drivers/CMSIS/Include/core_cm4.h ****         uint32_t RESERVED4[1U];
1068:Drivers/CMSIS/Include/core_cm4.h ****   __IM  uint32_t ITATBCTR0;              /*!< Offset: 0xEF8 (R/ )  ITATBCTR0 */
1069:Drivers/CMSIS/Include/core_cm4.h ****   __IM  uint32_t FIFO1;                  /*!< Offset: 0xEFC (R/ )  Integration ITM Data */
1070:Drivers/CMSIS/Include/core_cm4.h ****   __IOM uint32_t ITCTRL;                 /*!< Offset: 0xF00 (R/W)  Integration Mode Control */
1071:Drivers/CMSIS/Include/core_cm4.h ****         uint32_t RESERVED5[39U];
1072:Drivers/CMSIS/Include/core_cm4.h ****   __IOM uint32_t CLAIMSET;               /*!< Offset: 0xFA0 (R/W)  Claim tag set */
1073:Drivers/CMSIS/Include/core_cm4.h ****   __IOM uint32_t CLAIMCLR;               /*!< Offset: 0xFA4 (R/W)  Claim tag clear */
1074:Drivers/CMSIS/Include/core_cm4.h ****         uint32_t RESERVED7[8U];
1075:Drivers/CMSIS/Include/core_cm4.h ****   __IM  uint32_t DEVID;                  /*!< Offset: 0xFC8 (R/ )  TPIU_DEVID */
1076:Drivers/CMSIS/Include/core_cm4.h ****   __IM  uint32_t DEVTYPE;                /*!< Offset: 0xFCC (R/ )  TPIU_DEVTYPE */
1077:Drivers/CMSIS/Include/core_cm4.h **** } TPI_Type;
1078:Drivers/CMSIS/Include/core_cm4.h **** 
1079:Drivers/CMSIS/Include/core_cm4.h **** /* TPI Asynchronous Clock Prescaler Register Definitions */
1080:Drivers/CMSIS/Include/core_cm4.h **** #define TPI_ACPR_PRESCALER_Pos              0U                                         /*!< TPI ACP
1081:Drivers/CMSIS/Include/core_cm4.h **** #define TPI_ACPR_PRESCALER_Msk             (0x1FFFUL /*<< TPI_ACPR_PRESCALER_Pos*/)    /*!< TPI ACP
1082:Drivers/CMSIS/Include/core_cm4.h **** 
1083:Drivers/CMSIS/Include/core_cm4.h **** /* TPI Selected Pin Protocol Register Definitions */
1084:Drivers/CMSIS/Include/core_cm4.h **** #define TPI_SPPR_TXMODE_Pos                 0U                                         /*!< TPI SPP
1085:Drivers/CMSIS/Include/core_cm4.h **** #define TPI_SPPR_TXMODE_Msk                (0x3UL /*<< TPI_SPPR_TXMODE_Pos*/)          /*!< TPI SPP
1086:Drivers/CMSIS/Include/core_cm4.h **** 
1087:Drivers/CMSIS/Include/core_cm4.h **** /* TPI Formatter and Flush Status Register Definitions */
1088:Drivers/CMSIS/Include/core_cm4.h **** #define TPI_FFSR_FtNonStop_Pos              3U                                         /*!< TPI FFS
1089:Drivers/CMSIS/Include/core_cm4.h **** #define TPI_FFSR_FtNonStop_Msk             (0x1UL << TPI_FFSR_FtNonStop_Pos)           /*!< TPI FFS
1090:Drivers/CMSIS/Include/core_cm4.h **** 
1091:Drivers/CMSIS/Include/core_cm4.h **** #define TPI_FFSR_TCPresent_Pos              2U                                         /*!< TPI FFS
1092:Drivers/CMSIS/Include/core_cm4.h **** #define TPI_FFSR_TCPresent_Msk             (0x1UL << TPI_FFSR_TCPresent_Pos)           /*!< TPI FFS
1093:Drivers/CMSIS/Include/core_cm4.h **** 
1094:Drivers/CMSIS/Include/core_cm4.h **** #define TPI_FFSR_FtStopped_Pos              1U                                         /*!< TPI FFS
1095:Drivers/CMSIS/Include/core_cm4.h **** #define TPI_FFSR_FtStopped_Msk             (0x1UL << TPI_FFSR_FtStopped_Pos)           /*!< TPI FFS
1096:Drivers/CMSIS/Include/core_cm4.h **** 
1097:Drivers/CMSIS/Include/core_cm4.h **** #define TPI_FFSR_FlInProg_Pos               0U                                         /*!< TPI FFS
1098:Drivers/CMSIS/Include/core_cm4.h **** #define TPI_FFSR_FlInProg_Msk              (0x1UL /*<< TPI_FFSR_FlInProg_Pos*/)        /*!< TPI FFS
1099:Drivers/CMSIS/Include/core_cm4.h **** 
1100:Drivers/CMSIS/Include/core_cm4.h **** /* TPI Formatter and Flush Control Register Definitions */
1101:Drivers/CMSIS/Include/core_cm4.h **** #define TPI_FFCR_TrigIn_Pos                 8U                                         /*!< TPI FFC
1102:Drivers/CMSIS/Include/core_cm4.h **** #define TPI_FFCR_TrigIn_Msk                (0x1UL << TPI_FFCR_TrigIn_Pos)              /*!< TPI FFC
1103:Drivers/CMSIS/Include/core_cm4.h **** 
1104:Drivers/CMSIS/Include/core_cm4.h **** #define TPI_FFCR_EnFCont_Pos                1U                                         /*!< TPI FFC
1105:Drivers/CMSIS/Include/core_cm4.h **** #define TPI_FFCR_EnFCont_Msk               (0x1UL << TPI_FFCR_EnFCont_Pos)             /*!< TPI FFC
1106:Drivers/CMSIS/Include/core_cm4.h **** 
1107:Drivers/CMSIS/Include/core_cm4.h **** /* TPI TRIGGER Register Definitions */
1108:Drivers/CMSIS/Include/core_cm4.h **** #define TPI_TRIGGER_TRIGGER_Pos             0U                                         /*!< TPI TRI
1109:Drivers/CMSIS/Include/core_cm4.h **** #define TPI_TRIGGER_TRIGGER_Msk            (0x1UL /*<< TPI_TRIGGER_TRIGGER_Pos*/)      /*!< TPI TRI
1110:Drivers/CMSIS/Include/core_cm4.h **** 
1111:Drivers/CMSIS/Include/core_cm4.h **** /* TPI Integration ETM Data Register Definitions (FIFO0) */
1112:Drivers/CMSIS/Include/core_cm4.h **** #define TPI_FIFO0_ITM_ATVALID_Pos          29U                                         /*!< TPI FIF
1113:Drivers/CMSIS/Include/core_cm4.h **** #define TPI_FIFO0_ITM_ATVALID_Msk          (0x1UL << TPI_FIFO0_ITM_ATVALID_Pos)        /*!< TPI FIF
ARM GAS  C:\Users\alireza\AppData\Local\Temp\ccw51SGa.s 			page 21


1114:Drivers/CMSIS/Include/core_cm4.h **** 
1115:Drivers/CMSIS/Include/core_cm4.h **** #define TPI_FIFO0_ITM_bytecount_Pos        27U                                         /*!< TPI FIF
1116:Drivers/CMSIS/Include/core_cm4.h **** #define TPI_FIFO0_ITM_bytecount_Msk        (0x3UL << TPI_FIFO0_ITM_bytecount_Pos)      /*!< TPI FIF
1117:Drivers/CMSIS/Include/core_cm4.h **** 
1118:Drivers/CMSIS/Include/core_cm4.h **** #define TPI_FIFO0_ETM_ATVALID_Pos          26U                                         /*!< TPI FIF
1119:Drivers/CMSIS/Include/core_cm4.h **** #define TPI_FIFO0_ETM_ATVALID_Msk          (0x1UL << TPI_FIFO0_ETM_ATVALID_Pos)        /*!< TPI FIF
1120:Drivers/CMSIS/Include/core_cm4.h **** 
1121:Drivers/CMSIS/Include/core_cm4.h **** #define TPI_FIFO0_ETM_bytecount_Pos        24U                                         /*!< TPI FIF
1122:Drivers/CMSIS/Include/core_cm4.h **** #define TPI_FIFO0_ETM_bytecount_Msk        (0x3UL << TPI_FIFO0_ETM_bytecount_Pos)      /*!< TPI FIF
1123:Drivers/CMSIS/Include/core_cm4.h **** 
1124:Drivers/CMSIS/Include/core_cm4.h **** #define TPI_FIFO0_ETM2_Pos                 16U                                         /*!< TPI FIF
1125:Drivers/CMSIS/Include/core_cm4.h **** #define TPI_FIFO0_ETM2_Msk                 (0xFFUL << TPI_FIFO0_ETM2_Pos)              /*!< TPI FIF
1126:Drivers/CMSIS/Include/core_cm4.h **** 
1127:Drivers/CMSIS/Include/core_cm4.h **** #define TPI_FIFO0_ETM1_Pos                  8U                                         /*!< TPI FIF
1128:Drivers/CMSIS/Include/core_cm4.h **** #define TPI_FIFO0_ETM1_Msk                 (0xFFUL << TPI_FIFO0_ETM1_Pos)              /*!< TPI FIF
1129:Drivers/CMSIS/Include/core_cm4.h **** 
1130:Drivers/CMSIS/Include/core_cm4.h **** #define TPI_FIFO0_ETM0_Pos                  0U                                         /*!< TPI FIF
1131:Drivers/CMSIS/Include/core_cm4.h **** #define TPI_FIFO0_ETM0_Msk                 (0xFFUL /*<< TPI_FIFO0_ETM0_Pos*/)          /*!< TPI FIF
1132:Drivers/CMSIS/Include/core_cm4.h **** 
1133:Drivers/CMSIS/Include/core_cm4.h **** /* TPI ITATBCTR2 Register Definitions */
1134:Drivers/CMSIS/Include/core_cm4.h **** #define TPI_ITATBCTR2_ATREADY2_Pos          0U                                         /*!< TPI ITA
1135:Drivers/CMSIS/Include/core_cm4.h **** #define TPI_ITATBCTR2_ATREADY2_Msk         (0x1UL /*<< TPI_ITATBCTR2_ATREADY2_Pos*/)   /*!< TPI ITA
1136:Drivers/CMSIS/Include/core_cm4.h **** 
1137:Drivers/CMSIS/Include/core_cm4.h **** #define TPI_ITATBCTR2_ATREADY1_Pos          0U                                         /*!< TPI ITA
1138:Drivers/CMSIS/Include/core_cm4.h **** #define TPI_ITATBCTR2_ATREADY1_Msk         (0x1UL /*<< TPI_ITATBCTR2_ATREADY1_Pos*/)   /*!< TPI ITA
1139:Drivers/CMSIS/Include/core_cm4.h **** 
1140:Drivers/CMSIS/Include/core_cm4.h **** /* TPI Integration ITM Data Register Definitions (FIFO1) */
1141:Drivers/CMSIS/Include/core_cm4.h **** #define TPI_FIFO1_ITM_ATVALID_Pos          29U                                         /*!< TPI FIF
1142:Drivers/CMSIS/Include/core_cm4.h **** #define TPI_FIFO1_ITM_ATVALID_Msk          (0x1UL << TPI_FIFO1_ITM_ATVALID_Pos)        /*!< TPI FIF
1143:Drivers/CMSIS/Include/core_cm4.h **** 
1144:Drivers/CMSIS/Include/core_cm4.h **** #define TPI_FIFO1_ITM_bytecount_Pos        27U                                         /*!< TPI FIF
1145:Drivers/CMSIS/Include/core_cm4.h **** #define TPI_FIFO1_ITM_bytecount_Msk        (0x3UL << TPI_FIFO1_ITM_bytecount_Pos)      /*!< TPI FIF
1146:Drivers/CMSIS/Include/core_cm4.h **** 
1147:Drivers/CMSIS/Include/core_cm4.h **** #define TPI_FIFO1_ETM_ATVALID_Pos          26U                                         /*!< TPI FIF
1148:Drivers/CMSIS/Include/core_cm4.h **** #define TPI_FIFO1_ETM_ATVALID_Msk          (0x1UL << TPI_FIFO1_ETM_ATVALID_Pos)        /*!< TPI FIF
1149:Drivers/CMSIS/Include/core_cm4.h **** 
1150:Drivers/CMSIS/Include/core_cm4.h **** #define TPI_FIFO1_ETM_bytecount_Pos        24U                                         /*!< TPI FIF
1151:Drivers/CMSIS/Include/core_cm4.h **** #define TPI_FIFO1_ETM_bytecount_Msk        (0x3UL << TPI_FIFO1_ETM_bytecount_Pos)      /*!< TPI FIF
1152:Drivers/CMSIS/Include/core_cm4.h **** 
1153:Drivers/CMSIS/Include/core_cm4.h **** #define TPI_FIFO1_ITM2_Pos                 16U                                         /*!< TPI FIF
1154:Drivers/CMSIS/Include/core_cm4.h **** #define TPI_FIFO1_ITM2_Msk                 (0xFFUL << TPI_FIFO1_ITM2_Pos)              /*!< TPI FIF
1155:Drivers/CMSIS/Include/core_cm4.h **** 
1156:Drivers/CMSIS/Include/core_cm4.h **** #define TPI_FIFO1_ITM1_Pos                  8U                                         /*!< TPI FIF
1157:Drivers/CMSIS/Include/core_cm4.h **** #define TPI_FIFO1_ITM1_Msk                 (0xFFUL << TPI_FIFO1_ITM1_Pos)              /*!< TPI FIF
1158:Drivers/CMSIS/Include/core_cm4.h **** 
1159:Drivers/CMSIS/Include/core_cm4.h **** #define TPI_FIFO1_ITM0_Pos                  0U                                         /*!< TPI FIF
1160:Drivers/CMSIS/Include/core_cm4.h **** #define TPI_FIFO1_ITM0_Msk                 (0xFFUL /*<< TPI_FIFO1_ITM0_Pos*/)          /*!< TPI FIF
1161:Drivers/CMSIS/Include/core_cm4.h **** 
1162:Drivers/CMSIS/Include/core_cm4.h **** /* TPI ITATBCTR0 Register Definitions */
1163:Drivers/CMSIS/Include/core_cm4.h **** #define TPI_ITATBCTR0_ATREADY2_Pos          0U                                         /*!< TPI ITA
1164:Drivers/CMSIS/Include/core_cm4.h **** #define TPI_ITATBCTR0_ATREADY2_Msk         (0x1UL /*<< TPI_ITATBCTR0_ATREADY2_Pos*/)   /*!< TPI ITA
1165:Drivers/CMSIS/Include/core_cm4.h **** 
1166:Drivers/CMSIS/Include/core_cm4.h **** #define TPI_ITATBCTR0_ATREADY1_Pos          0U                                         /*!< TPI ITA
1167:Drivers/CMSIS/Include/core_cm4.h **** #define TPI_ITATBCTR0_ATREADY1_Msk         (0x1UL /*<< TPI_ITATBCTR0_ATREADY1_Pos*/)   /*!< TPI ITA
1168:Drivers/CMSIS/Include/core_cm4.h **** 
1169:Drivers/CMSIS/Include/core_cm4.h **** /* TPI Integration Mode Control Register Definitions */
1170:Drivers/CMSIS/Include/core_cm4.h **** #define TPI_ITCTRL_Mode_Pos                 0U                                         /*!< TPI ITC
ARM GAS  C:\Users\alireza\AppData\Local\Temp\ccw51SGa.s 			page 22


1171:Drivers/CMSIS/Include/core_cm4.h **** #define TPI_ITCTRL_Mode_Msk                (0x3UL /*<< TPI_ITCTRL_Mode_Pos*/)          /*!< TPI ITC
1172:Drivers/CMSIS/Include/core_cm4.h **** 
1173:Drivers/CMSIS/Include/core_cm4.h **** /* TPI DEVID Register Definitions */
1174:Drivers/CMSIS/Include/core_cm4.h **** #define TPI_DEVID_NRZVALID_Pos             11U                                         /*!< TPI DEV
1175:Drivers/CMSIS/Include/core_cm4.h **** #define TPI_DEVID_NRZVALID_Msk             (0x1UL << TPI_DEVID_NRZVALID_Pos)           /*!< TPI DEV
1176:Drivers/CMSIS/Include/core_cm4.h **** 
1177:Drivers/CMSIS/Include/core_cm4.h **** #define TPI_DEVID_MANCVALID_Pos            10U                                         /*!< TPI DEV
1178:Drivers/CMSIS/Include/core_cm4.h **** #define TPI_DEVID_MANCVALID_Msk            (0x1UL << TPI_DEVID_MANCVALID_Pos)          /*!< TPI DEV
1179:Drivers/CMSIS/Include/core_cm4.h **** 
1180:Drivers/CMSIS/Include/core_cm4.h **** #define TPI_DEVID_PTINVALID_Pos             9U                                         /*!< TPI DEV
1181:Drivers/CMSIS/Include/core_cm4.h **** #define TPI_DEVID_PTINVALID_Msk            (0x1UL << TPI_DEVID_PTINVALID_Pos)          /*!< TPI DEV
1182:Drivers/CMSIS/Include/core_cm4.h **** 
1183:Drivers/CMSIS/Include/core_cm4.h **** #define TPI_DEVID_MinBufSz_Pos              6U                                         /*!< TPI DEV
1184:Drivers/CMSIS/Include/core_cm4.h **** #define TPI_DEVID_MinBufSz_Msk             (0x7UL << TPI_DEVID_MinBufSz_Pos)           /*!< TPI DEV
1185:Drivers/CMSIS/Include/core_cm4.h **** 
1186:Drivers/CMSIS/Include/core_cm4.h **** #define TPI_DEVID_AsynClkIn_Pos             5U                                         /*!< TPI DEV
1187:Drivers/CMSIS/Include/core_cm4.h **** #define TPI_DEVID_AsynClkIn_Msk            (0x1UL << TPI_DEVID_AsynClkIn_Pos)          /*!< TPI DEV
1188:Drivers/CMSIS/Include/core_cm4.h **** 
1189:Drivers/CMSIS/Include/core_cm4.h **** #define TPI_DEVID_NrTraceInput_Pos          0U                                         /*!< TPI DEV
1190:Drivers/CMSIS/Include/core_cm4.h **** #define TPI_DEVID_NrTraceInput_Msk         (0x1FUL /*<< TPI_DEVID_NrTraceInput_Pos*/)  /*!< TPI DEV
1191:Drivers/CMSIS/Include/core_cm4.h **** 
1192:Drivers/CMSIS/Include/core_cm4.h **** /* TPI DEVTYPE Register Definitions */
1193:Drivers/CMSIS/Include/core_cm4.h **** #define TPI_DEVTYPE_SubType_Pos             4U                                         /*!< TPI DEV
1194:Drivers/CMSIS/Include/core_cm4.h **** #define TPI_DEVTYPE_SubType_Msk            (0xFUL /*<< TPI_DEVTYPE_SubType_Pos*/)      /*!< TPI DEV
1195:Drivers/CMSIS/Include/core_cm4.h **** 
1196:Drivers/CMSIS/Include/core_cm4.h **** #define TPI_DEVTYPE_MajorType_Pos           0U                                         /*!< TPI DEV
1197:Drivers/CMSIS/Include/core_cm4.h **** #define TPI_DEVTYPE_MajorType_Msk          (0xFUL << TPI_DEVTYPE_MajorType_Pos)        /*!< TPI DEV
1198:Drivers/CMSIS/Include/core_cm4.h **** 
1199:Drivers/CMSIS/Include/core_cm4.h **** /*@}*/ /* end of group CMSIS_TPI */
1200:Drivers/CMSIS/Include/core_cm4.h **** 
1201:Drivers/CMSIS/Include/core_cm4.h **** 
1202:Drivers/CMSIS/Include/core_cm4.h **** #if defined (__MPU_PRESENT) && (__MPU_PRESENT == 1U)
1203:Drivers/CMSIS/Include/core_cm4.h **** /**
1204:Drivers/CMSIS/Include/core_cm4.h ****   \ingroup  CMSIS_core_register
1205:Drivers/CMSIS/Include/core_cm4.h ****   \defgroup CMSIS_MPU     Memory Protection Unit (MPU)
1206:Drivers/CMSIS/Include/core_cm4.h ****   \brief    Type definitions for the Memory Protection Unit (MPU)
1207:Drivers/CMSIS/Include/core_cm4.h ****   @{
1208:Drivers/CMSIS/Include/core_cm4.h ****  */
1209:Drivers/CMSIS/Include/core_cm4.h **** 
1210:Drivers/CMSIS/Include/core_cm4.h **** /**
1211:Drivers/CMSIS/Include/core_cm4.h ****   \brief  Structure type to access the Memory Protection Unit (MPU).
1212:Drivers/CMSIS/Include/core_cm4.h ****  */
1213:Drivers/CMSIS/Include/core_cm4.h **** typedef struct
1214:Drivers/CMSIS/Include/core_cm4.h **** {
1215:Drivers/CMSIS/Include/core_cm4.h ****   __IM  uint32_t TYPE;                   /*!< Offset: 0x000 (R/ )  MPU Type Register */
1216:Drivers/CMSIS/Include/core_cm4.h ****   __IOM uint32_t CTRL;                   /*!< Offset: 0x004 (R/W)  MPU Control Register */
1217:Drivers/CMSIS/Include/core_cm4.h ****   __IOM uint32_t RNR;                    /*!< Offset: 0x008 (R/W)  MPU Region RNRber Register */
1218:Drivers/CMSIS/Include/core_cm4.h ****   __IOM uint32_t RBAR;                   /*!< Offset: 0x00C (R/W)  MPU Region Base Address Register
1219:Drivers/CMSIS/Include/core_cm4.h ****   __IOM uint32_t RASR;                   /*!< Offset: 0x010 (R/W)  MPU Region Attribute and Size Re
1220:Drivers/CMSIS/Include/core_cm4.h ****   __IOM uint32_t RBAR_A1;                /*!< Offset: 0x014 (R/W)  MPU Alias 1 Region Base Address 
1221:Drivers/CMSIS/Include/core_cm4.h ****   __IOM uint32_t RASR_A1;                /*!< Offset: 0x018 (R/W)  MPU Alias 1 Region Attribute and
1222:Drivers/CMSIS/Include/core_cm4.h ****   __IOM uint32_t RBAR_A2;                /*!< Offset: 0x01C (R/W)  MPU Alias 2 Region Base Address 
1223:Drivers/CMSIS/Include/core_cm4.h ****   __IOM uint32_t RASR_A2;                /*!< Offset: 0x020 (R/W)  MPU Alias 2 Region Attribute and
1224:Drivers/CMSIS/Include/core_cm4.h ****   __IOM uint32_t RBAR_A3;                /*!< Offset: 0x024 (R/W)  MPU Alias 3 Region Base Address 
1225:Drivers/CMSIS/Include/core_cm4.h ****   __IOM uint32_t RASR_A3;                /*!< Offset: 0x028 (R/W)  MPU Alias 3 Region Attribute and
1226:Drivers/CMSIS/Include/core_cm4.h **** } MPU_Type;
1227:Drivers/CMSIS/Include/core_cm4.h **** 
ARM GAS  C:\Users\alireza\AppData\Local\Temp\ccw51SGa.s 			page 23


1228:Drivers/CMSIS/Include/core_cm4.h **** #define MPU_TYPE_RALIASES                  4U
1229:Drivers/CMSIS/Include/core_cm4.h **** 
1230:Drivers/CMSIS/Include/core_cm4.h **** /* MPU Type Register Definitions */
1231:Drivers/CMSIS/Include/core_cm4.h **** #define MPU_TYPE_IREGION_Pos               16U                                            /*!< MPU 
1232:Drivers/CMSIS/Include/core_cm4.h **** #define MPU_TYPE_IREGION_Msk               (0xFFUL << MPU_TYPE_IREGION_Pos)               /*!< MPU 
1233:Drivers/CMSIS/Include/core_cm4.h **** 
1234:Drivers/CMSIS/Include/core_cm4.h **** #define MPU_TYPE_DREGION_Pos                8U                                            /*!< MPU 
1235:Drivers/CMSIS/Include/core_cm4.h **** #define MPU_TYPE_DREGION_Msk               (0xFFUL << MPU_TYPE_DREGION_Pos)               /*!< MPU 
1236:Drivers/CMSIS/Include/core_cm4.h **** 
1237:Drivers/CMSIS/Include/core_cm4.h **** #define MPU_TYPE_SEPARATE_Pos               0U                                            /*!< MPU 
1238:Drivers/CMSIS/Include/core_cm4.h **** #define MPU_TYPE_SEPARATE_Msk              (1UL /*<< MPU_TYPE_SEPARATE_Pos*/)             /*!< MPU 
1239:Drivers/CMSIS/Include/core_cm4.h **** 
1240:Drivers/CMSIS/Include/core_cm4.h **** /* MPU Control Register Definitions */
1241:Drivers/CMSIS/Include/core_cm4.h **** #define MPU_CTRL_PRIVDEFENA_Pos             2U                                            /*!< MPU 
1242:Drivers/CMSIS/Include/core_cm4.h **** #define MPU_CTRL_PRIVDEFENA_Msk            (1UL << MPU_CTRL_PRIVDEFENA_Pos)               /*!< MPU 
1243:Drivers/CMSIS/Include/core_cm4.h **** 
1244:Drivers/CMSIS/Include/core_cm4.h **** #define MPU_CTRL_HFNMIENA_Pos               1U                                            /*!< MPU 
1245:Drivers/CMSIS/Include/core_cm4.h **** #define MPU_CTRL_HFNMIENA_Msk              (1UL << MPU_CTRL_HFNMIENA_Pos)                 /*!< MPU 
1246:Drivers/CMSIS/Include/core_cm4.h **** 
1247:Drivers/CMSIS/Include/core_cm4.h **** #define MPU_CTRL_ENABLE_Pos                 0U                                            /*!< MPU 
1248:Drivers/CMSIS/Include/core_cm4.h **** #define MPU_CTRL_ENABLE_Msk                (1UL /*<< MPU_CTRL_ENABLE_Pos*/)               /*!< MPU 
1249:Drivers/CMSIS/Include/core_cm4.h **** 
1250:Drivers/CMSIS/Include/core_cm4.h **** /* MPU Region Number Register Definitions */
1251:Drivers/CMSIS/Include/core_cm4.h **** #define MPU_RNR_REGION_Pos                  0U                                            /*!< MPU 
1252:Drivers/CMSIS/Include/core_cm4.h **** #define MPU_RNR_REGION_Msk                 (0xFFUL /*<< MPU_RNR_REGION_Pos*/)             /*!< MPU 
1253:Drivers/CMSIS/Include/core_cm4.h **** 
1254:Drivers/CMSIS/Include/core_cm4.h **** /* MPU Region Base Address Register Definitions */
1255:Drivers/CMSIS/Include/core_cm4.h **** #define MPU_RBAR_ADDR_Pos                   5U                                            /*!< MPU 
1256:Drivers/CMSIS/Include/core_cm4.h **** #define MPU_RBAR_ADDR_Msk                  (0x7FFFFFFUL << MPU_RBAR_ADDR_Pos)             /*!< MPU 
1257:Drivers/CMSIS/Include/core_cm4.h **** 
1258:Drivers/CMSIS/Include/core_cm4.h **** #define MPU_RBAR_VALID_Pos                  4U                                            /*!< MPU 
1259:Drivers/CMSIS/Include/core_cm4.h **** #define MPU_RBAR_VALID_Msk                 (1UL << MPU_RBAR_VALID_Pos)                    /*!< MPU 
1260:Drivers/CMSIS/Include/core_cm4.h **** 
1261:Drivers/CMSIS/Include/core_cm4.h **** #define MPU_RBAR_REGION_Pos                 0U                                            /*!< MPU 
1262:Drivers/CMSIS/Include/core_cm4.h **** #define MPU_RBAR_REGION_Msk                (0xFUL /*<< MPU_RBAR_REGION_Pos*/)             /*!< MPU 
1263:Drivers/CMSIS/Include/core_cm4.h **** 
1264:Drivers/CMSIS/Include/core_cm4.h **** /* MPU Region Attribute and Size Register Definitions */
1265:Drivers/CMSIS/Include/core_cm4.h **** #define MPU_RASR_ATTRS_Pos                 16U                                            /*!< MPU 
1266:Drivers/CMSIS/Include/core_cm4.h **** #define MPU_RASR_ATTRS_Msk                 (0xFFFFUL << MPU_RASR_ATTRS_Pos)               /*!< MPU 
1267:Drivers/CMSIS/Include/core_cm4.h **** 
1268:Drivers/CMSIS/Include/core_cm4.h **** #define MPU_RASR_XN_Pos                    28U                                            /*!< MPU 
1269:Drivers/CMSIS/Include/core_cm4.h **** #define MPU_RASR_XN_Msk                    (1UL << MPU_RASR_XN_Pos)                       /*!< MPU 
1270:Drivers/CMSIS/Include/core_cm4.h **** 
1271:Drivers/CMSIS/Include/core_cm4.h **** #define MPU_RASR_AP_Pos                    24U                                            /*!< MPU 
1272:Drivers/CMSIS/Include/core_cm4.h **** #define MPU_RASR_AP_Msk                    (0x7UL << MPU_RASR_AP_Pos)                     /*!< MPU 
1273:Drivers/CMSIS/Include/core_cm4.h **** 
1274:Drivers/CMSIS/Include/core_cm4.h **** #define MPU_RASR_TEX_Pos                   19U                                            /*!< MPU 
1275:Drivers/CMSIS/Include/core_cm4.h **** #define MPU_RASR_TEX_Msk                   (0x7UL << MPU_RASR_TEX_Pos)                    /*!< MPU 
1276:Drivers/CMSIS/Include/core_cm4.h **** 
1277:Drivers/CMSIS/Include/core_cm4.h **** #define MPU_RASR_S_Pos                     18U                                            /*!< MPU 
1278:Drivers/CMSIS/Include/core_cm4.h **** #define MPU_RASR_S_Msk                     (1UL << MPU_RASR_S_Pos)                        /*!< MPU 
1279:Drivers/CMSIS/Include/core_cm4.h **** 
1280:Drivers/CMSIS/Include/core_cm4.h **** #define MPU_RASR_C_Pos                     17U                                            /*!< MPU 
1281:Drivers/CMSIS/Include/core_cm4.h **** #define MPU_RASR_C_Msk                     (1UL << MPU_RASR_C_Pos)                        /*!< MPU 
1282:Drivers/CMSIS/Include/core_cm4.h **** 
1283:Drivers/CMSIS/Include/core_cm4.h **** #define MPU_RASR_B_Pos                     16U                                            /*!< MPU 
1284:Drivers/CMSIS/Include/core_cm4.h **** #define MPU_RASR_B_Msk                     (1UL << MPU_RASR_B_Pos)                        /*!< MPU 
ARM GAS  C:\Users\alireza\AppData\Local\Temp\ccw51SGa.s 			page 24


1285:Drivers/CMSIS/Include/core_cm4.h **** 
1286:Drivers/CMSIS/Include/core_cm4.h **** #define MPU_RASR_SRD_Pos                    8U                                            /*!< MPU 
1287:Drivers/CMSIS/Include/core_cm4.h **** #define MPU_RASR_SRD_Msk                   (0xFFUL << MPU_RASR_SRD_Pos)                   /*!< MPU 
1288:Drivers/CMSIS/Include/core_cm4.h **** 
1289:Drivers/CMSIS/Include/core_cm4.h **** #define MPU_RASR_SIZE_Pos                   1U                                            /*!< MPU 
1290:Drivers/CMSIS/Include/core_cm4.h **** #define MPU_RASR_SIZE_Msk                  (0x1FUL << MPU_RASR_SIZE_Pos)                  /*!< MPU 
1291:Drivers/CMSIS/Include/core_cm4.h **** 
1292:Drivers/CMSIS/Include/core_cm4.h **** #define MPU_RASR_ENABLE_Pos                 0U                                            /*!< MPU 
1293:Drivers/CMSIS/Include/core_cm4.h **** #define MPU_RASR_ENABLE_Msk                (1UL /*<< MPU_RASR_ENABLE_Pos*/)               /*!< MPU 
1294:Drivers/CMSIS/Include/core_cm4.h **** 
1295:Drivers/CMSIS/Include/core_cm4.h **** /*@} end of group CMSIS_MPU */
1296:Drivers/CMSIS/Include/core_cm4.h **** #endif /* defined (__MPU_PRESENT) && (__MPU_PRESENT == 1U) */
1297:Drivers/CMSIS/Include/core_cm4.h **** 
1298:Drivers/CMSIS/Include/core_cm4.h **** 
1299:Drivers/CMSIS/Include/core_cm4.h **** /**
1300:Drivers/CMSIS/Include/core_cm4.h ****   \ingroup  CMSIS_core_register
1301:Drivers/CMSIS/Include/core_cm4.h ****   \defgroup CMSIS_FPU     Floating Point Unit (FPU)
1302:Drivers/CMSIS/Include/core_cm4.h ****   \brief    Type definitions for the Floating Point Unit (FPU)
1303:Drivers/CMSIS/Include/core_cm4.h ****   @{
1304:Drivers/CMSIS/Include/core_cm4.h ****  */
1305:Drivers/CMSIS/Include/core_cm4.h **** 
1306:Drivers/CMSIS/Include/core_cm4.h **** /**
1307:Drivers/CMSIS/Include/core_cm4.h ****   \brief  Structure type to access the Floating Point Unit (FPU).
1308:Drivers/CMSIS/Include/core_cm4.h ****  */
1309:Drivers/CMSIS/Include/core_cm4.h **** typedef struct
1310:Drivers/CMSIS/Include/core_cm4.h **** {
1311:Drivers/CMSIS/Include/core_cm4.h ****         uint32_t RESERVED0[1U];
1312:Drivers/CMSIS/Include/core_cm4.h ****   __IOM uint32_t FPCCR;                  /*!< Offset: 0x004 (R/W)  Floating-Point Context Control R
1313:Drivers/CMSIS/Include/core_cm4.h ****   __IOM uint32_t FPCAR;                  /*!< Offset: 0x008 (R/W)  Floating-Point Context Address R
1314:Drivers/CMSIS/Include/core_cm4.h ****   __IOM uint32_t FPDSCR;                 /*!< Offset: 0x00C (R/W)  Floating-Point Default Status Co
1315:Drivers/CMSIS/Include/core_cm4.h ****   __IM  uint32_t MVFR0;                  /*!< Offset: 0x010 (R/ )  Media and FP Feature Register 0 
1316:Drivers/CMSIS/Include/core_cm4.h ****   __IM  uint32_t MVFR1;                  /*!< Offset: 0x014 (R/ )  Media and FP Feature Register 1 
1317:Drivers/CMSIS/Include/core_cm4.h ****   __IM  uint32_t MVFR2;                  /*!< Offset: 0x018 (R/ )  Media and FP Feature Register 2 
1318:Drivers/CMSIS/Include/core_cm4.h **** } FPU_Type;
1319:Drivers/CMSIS/Include/core_cm4.h **** 
1320:Drivers/CMSIS/Include/core_cm4.h **** /* Floating-Point Context Control Register Definitions */
1321:Drivers/CMSIS/Include/core_cm4.h **** #define FPU_FPCCR_ASPEN_Pos                31U                                            /*!< FPCC
1322:Drivers/CMSIS/Include/core_cm4.h **** #define FPU_FPCCR_ASPEN_Msk                (1UL << FPU_FPCCR_ASPEN_Pos)                   /*!< FPCC
1323:Drivers/CMSIS/Include/core_cm4.h **** 
1324:Drivers/CMSIS/Include/core_cm4.h **** #define FPU_FPCCR_LSPEN_Pos                30U                                            /*!< FPCC
1325:Drivers/CMSIS/Include/core_cm4.h **** #define FPU_FPCCR_LSPEN_Msk                (1UL << FPU_FPCCR_LSPEN_Pos)                   /*!< FPCC
1326:Drivers/CMSIS/Include/core_cm4.h **** 
1327:Drivers/CMSIS/Include/core_cm4.h **** #define FPU_FPCCR_MONRDY_Pos                8U                                            /*!< FPCC
1328:Drivers/CMSIS/Include/core_cm4.h **** #define FPU_FPCCR_MONRDY_Msk               (1UL << FPU_FPCCR_MONRDY_Pos)                  /*!< FPCC
1329:Drivers/CMSIS/Include/core_cm4.h **** 
1330:Drivers/CMSIS/Include/core_cm4.h **** #define FPU_FPCCR_BFRDY_Pos                 6U                                            /*!< FPCC
1331:Drivers/CMSIS/Include/core_cm4.h **** #define FPU_FPCCR_BFRDY_Msk                (1UL << FPU_FPCCR_BFRDY_Pos)                   /*!< FPCC
1332:Drivers/CMSIS/Include/core_cm4.h **** 
1333:Drivers/CMSIS/Include/core_cm4.h **** #define FPU_FPCCR_MMRDY_Pos                 5U                                            /*!< FPCC
1334:Drivers/CMSIS/Include/core_cm4.h **** #define FPU_FPCCR_MMRDY_Msk                (1UL << FPU_FPCCR_MMRDY_Pos)                   /*!< FPCC
1335:Drivers/CMSIS/Include/core_cm4.h **** 
1336:Drivers/CMSIS/Include/core_cm4.h **** #define FPU_FPCCR_HFRDY_Pos                 4U                                            /*!< FPCC
1337:Drivers/CMSIS/Include/core_cm4.h **** #define FPU_FPCCR_HFRDY_Msk                (1UL << FPU_FPCCR_HFRDY_Pos)                   /*!< FPCC
1338:Drivers/CMSIS/Include/core_cm4.h **** 
1339:Drivers/CMSIS/Include/core_cm4.h **** #define FPU_FPCCR_THREAD_Pos                3U                                            /*!< FPCC
1340:Drivers/CMSIS/Include/core_cm4.h **** #define FPU_FPCCR_THREAD_Msk               (1UL << FPU_FPCCR_THREAD_Pos)                  /*!< FPCC
1341:Drivers/CMSIS/Include/core_cm4.h **** 
ARM GAS  C:\Users\alireza\AppData\Local\Temp\ccw51SGa.s 			page 25


1342:Drivers/CMSIS/Include/core_cm4.h **** #define FPU_FPCCR_USER_Pos                  1U                                            /*!< FPCC
1343:Drivers/CMSIS/Include/core_cm4.h **** #define FPU_FPCCR_USER_Msk                 (1UL << FPU_FPCCR_USER_Pos)                    /*!< FPCC
1344:Drivers/CMSIS/Include/core_cm4.h **** 
1345:Drivers/CMSIS/Include/core_cm4.h **** #define FPU_FPCCR_LSPACT_Pos                0U                                            /*!< FPCC
1346:Drivers/CMSIS/Include/core_cm4.h **** #define FPU_FPCCR_LSPACT_Msk               (1UL /*<< FPU_FPCCR_LSPACT_Pos*/)              /*!< FPCC
1347:Drivers/CMSIS/Include/core_cm4.h **** 
1348:Drivers/CMSIS/Include/core_cm4.h **** /* Floating-Point Context Address Register Definitions */
1349:Drivers/CMSIS/Include/core_cm4.h **** #define FPU_FPCAR_ADDRESS_Pos               3U                                            /*!< FPCA
1350:Drivers/CMSIS/Include/core_cm4.h **** #define FPU_FPCAR_ADDRESS_Msk              (0x1FFFFFFFUL << FPU_FPCAR_ADDRESS_Pos)        /*!< FPCA
1351:Drivers/CMSIS/Include/core_cm4.h **** 
1352:Drivers/CMSIS/Include/core_cm4.h **** /* Floating-Point Default Status Control Register Definitions */
1353:Drivers/CMSIS/Include/core_cm4.h **** #define FPU_FPDSCR_AHP_Pos                 26U                                            /*!< FPDS
1354:Drivers/CMSIS/Include/core_cm4.h **** #define FPU_FPDSCR_AHP_Msk                 (1UL << FPU_FPDSCR_AHP_Pos)                    /*!< FPDS
1355:Drivers/CMSIS/Include/core_cm4.h **** 
1356:Drivers/CMSIS/Include/core_cm4.h **** #define FPU_FPDSCR_DN_Pos                  25U                                            /*!< FPDS
1357:Drivers/CMSIS/Include/core_cm4.h **** #define FPU_FPDSCR_DN_Msk                  (1UL << FPU_FPDSCR_DN_Pos)                     /*!< FPDS
1358:Drivers/CMSIS/Include/core_cm4.h **** 
1359:Drivers/CMSIS/Include/core_cm4.h **** #define FPU_FPDSCR_FZ_Pos                  24U                                            /*!< FPDS
1360:Drivers/CMSIS/Include/core_cm4.h **** #define FPU_FPDSCR_FZ_Msk                  (1UL << FPU_FPDSCR_FZ_Pos)                     /*!< FPDS
1361:Drivers/CMSIS/Include/core_cm4.h **** 
1362:Drivers/CMSIS/Include/core_cm4.h **** #define FPU_FPDSCR_RMode_Pos               22U                                            /*!< FPDS
1363:Drivers/CMSIS/Include/core_cm4.h **** #define FPU_FPDSCR_RMode_Msk               (3UL << FPU_FPDSCR_RMode_Pos)                  /*!< FPDS
1364:Drivers/CMSIS/Include/core_cm4.h **** 
1365:Drivers/CMSIS/Include/core_cm4.h **** /* Media and FP Feature Register 0 Definitions */
1366:Drivers/CMSIS/Include/core_cm4.h **** #define FPU_MVFR0_FP_rounding_modes_Pos    28U                                            /*!< MVFR
1367:Drivers/CMSIS/Include/core_cm4.h **** #define FPU_MVFR0_FP_rounding_modes_Msk    (0xFUL << FPU_MVFR0_FP_rounding_modes_Pos)     /*!< MVFR
1368:Drivers/CMSIS/Include/core_cm4.h **** 
1369:Drivers/CMSIS/Include/core_cm4.h **** #define FPU_MVFR0_Short_vectors_Pos        24U                                            /*!< MVFR
1370:Drivers/CMSIS/Include/core_cm4.h **** #define FPU_MVFR0_Short_vectors_Msk        (0xFUL << FPU_MVFR0_Short_vectors_Pos)         /*!< MVFR
1371:Drivers/CMSIS/Include/core_cm4.h **** 
1372:Drivers/CMSIS/Include/core_cm4.h **** #define FPU_MVFR0_Square_root_Pos          20U                                            /*!< MVFR
1373:Drivers/CMSIS/Include/core_cm4.h **** #define FPU_MVFR0_Square_root_Msk          (0xFUL << FPU_MVFR0_Square_root_Pos)           /*!< MVFR
1374:Drivers/CMSIS/Include/core_cm4.h **** 
1375:Drivers/CMSIS/Include/core_cm4.h **** #define FPU_MVFR0_Divide_Pos               16U                                            /*!< MVFR
1376:Drivers/CMSIS/Include/core_cm4.h **** #define FPU_MVFR0_Divide_Msk               (0xFUL << FPU_MVFR0_Divide_Pos)                /*!< MVFR
1377:Drivers/CMSIS/Include/core_cm4.h **** 
1378:Drivers/CMSIS/Include/core_cm4.h **** #define FPU_MVFR0_FP_excep_trapping_Pos    12U                                            /*!< MVFR
1379:Drivers/CMSIS/Include/core_cm4.h **** #define FPU_MVFR0_FP_excep_trapping_Msk    (0xFUL << FPU_MVFR0_FP_excep_trapping_Pos)     /*!< MVFR
1380:Drivers/CMSIS/Include/core_cm4.h **** 
1381:Drivers/CMSIS/Include/core_cm4.h **** #define FPU_MVFR0_Double_precision_Pos      8U                                            /*!< MVFR
1382:Drivers/CMSIS/Include/core_cm4.h **** #define FPU_MVFR0_Double_precision_Msk     (0xFUL << FPU_MVFR0_Double_precision_Pos)      /*!< MVFR
1383:Drivers/CMSIS/Include/core_cm4.h **** 
1384:Drivers/CMSIS/Include/core_cm4.h **** #define FPU_MVFR0_Single_precision_Pos      4U                                            /*!< MVFR
1385:Drivers/CMSIS/Include/core_cm4.h **** #define FPU_MVFR0_Single_precision_Msk     (0xFUL << FPU_MVFR0_Single_precision_Pos)      /*!< MVFR
1386:Drivers/CMSIS/Include/core_cm4.h **** 
1387:Drivers/CMSIS/Include/core_cm4.h **** #define FPU_MVFR0_A_SIMD_registers_Pos      0U                                            /*!< MVFR
1388:Drivers/CMSIS/Include/core_cm4.h **** #define FPU_MVFR0_A_SIMD_registers_Msk     (0xFUL /*<< FPU_MVFR0_A_SIMD_registers_Pos*/)  /*!< MVFR
1389:Drivers/CMSIS/Include/core_cm4.h **** 
1390:Drivers/CMSIS/Include/core_cm4.h **** /* Media and FP Feature Register 1 Definitions */
1391:Drivers/CMSIS/Include/core_cm4.h **** #define FPU_MVFR1_FP_fused_MAC_Pos         28U                                            /*!< MVFR
1392:Drivers/CMSIS/Include/core_cm4.h **** #define FPU_MVFR1_FP_fused_MAC_Msk         (0xFUL << FPU_MVFR1_FP_fused_MAC_Pos)          /*!< MVFR
1393:Drivers/CMSIS/Include/core_cm4.h **** 
1394:Drivers/CMSIS/Include/core_cm4.h **** #define FPU_MVFR1_FP_HPFP_Pos              24U                                            /*!< MVFR
1395:Drivers/CMSIS/Include/core_cm4.h **** #define FPU_MVFR1_FP_HPFP_Msk              (0xFUL << FPU_MVFR1_FP_HPFP_Pos)               /*!< MVFR
1396:Drivers/CMSIS/Include/core_cm4.h **** 
1397:Drivers/CMSIS/Include/core_cm4.h **** #define FPU_MVFR1_D_NaN_mode_Pos            4U                                            /*!< MVFR
1398:Drivers/CMSIS/Include/core_cm4.h **** #define FPU_MVFR1_D_NaN_mode_Msk           (0xFUL << FPU_MVFR1_D_NaN_mode_Pos)            /*!< MVFR
ARM GAS  C:\Users\alireza\AppData\Local\Temp\ccw51SGa.s 			page 26


1399:Drivers/CMSIS/Include/core_cm4.h **** 
1400:Drivers/CMSIS/Include/core_cm4.h **** #define FPU_MVFR1_FtZ_mode_Pos              0U                                            /*!< MVFR
1401:Drivers/CMSIS/Include/core_cm4.h **** #define FPU_MVFR1_FtZ_mode_Msk             (0xFUL /*<< FPU_MVFR1_FtZ_mode_Pos*/)          /*!< MVFR
1402:Drivers/CMSIS/Include/core_cm4.h **** 
1403:Drivers/CMSIS/Include/core_cm4.h **** /* Media and FP Feature Register 2 Definitions */
1404:Drivers/CMSIS/Include/core_cm4.h **** 
1405:Drivers/CMSIS/Include/core_cm4.h **** #define FPU_MVFR2_VFP_Misc_Pos              4U                                            /*!< MVFR
1406:Drivers/CMSIS/Include/core_cm4.h **** #define FPU_MVFR2_VFP_Misc_Msk             (0xFUL << FPU_MVFR2_VFP_Misc_Pos)              /*!< MVFR
1407:Drivers/CMSIS/Include/core_cm4.h **** 
1408:Drivers/CMSIS/Include/core_cm4.h **** /*@} end of group CMSIS_FPU */
1409:Drivers/CMSIS/Include/core_cm4.h **** 
1410:Drivers/CMSIS/Include/core_cm4.h **** 
1411:Drivers/CMSIS/Include/core_cm4.h **** /**
1412:Drivers/CMSIS/Include/core_cm4.h ****   \ingroup  CMSIS_core_register
1413:Drivers/CMSIS/Include/core_cm4.h ****   \defgroup CMSIS_CoreDebug       Core Debug Registers (CoreDebug)
1414:Drivers/CMSIS/Include/core_cm4.h ****   \brief    Type definitions for the Core Debug Registers
1415:Drivers/CMSIS/Include/core_cm4.h ****   @{
1416:Drivers/CMSIS/Include/core_cm4.h ****  */
1417:Drivers/CMSIS/Include/core_cm4.h **** 
1418:Drivers/CMSIS/Include/core_cm4.h **** /**
1419:Drivers/CMSIS/Include/core_cm4.h ****   \brief  Structure type to access the Core Debug Register (CoreDebug).
1420:Drivers/CMSIS/Include/core_cm4.h ****  */
1421:Drivers/CMSIS/Include/core_cm4.h **** typedef struct
1422:Drivers/CMSIS/Include/core_cm4.h **** {
1423:Drivers/CMSIS/Include/core_cm4.h ****   __IOM uint32_t DHCSR;                  /*!< Offset: 0x000 (R/W)  Debug Halting Control and Status
1424:Drivers/CMSIS/Include/core_cm4.h ****   __OM  uint32_t DCRSR;                  /*!< Offset: 0x004 ( /W)  Debug Core Register Selector Reg
1425:Drivers/CMSIS/Include/core_cm4.h ****   __IOM uint32_t DCRDR;                  /*!< Offset: 0x008 (R/W)  Debug Core Register Data Registe
1426:Drivers/CMSIS/Include/core_cm4.h ****   __IOM uint32_t DEMCR;                  /*!< Offset: 0x00C (R/W)  Debug Exception and Monitor Cont
1427:Drivers/CMSIS/Include/core_cm4.h **** } CoreDebug_Type;
1428:Drivers/CMSIS/Include/core_cm4.h **** 
1429:Drivers/CMSIS/Include/core_cm4.h **** /* Debug Halting Control and Status Register Definitions */
1430:Drivers/CMSIS/Include/core_cm4.h **** #define CoreDebug_DHCSR_DBGKEY_Pos         16U                                            /*!< Core
1431:Drivers/CMSIS/Include/core_cm4.h **** #define CoreDebug_DHCSR_DBGKEY_Msk         (0xFFFFUL << CoreDebug_DHCSR_DBGKEY_Pos)       /*!< Core
1432:Drivers/CMSIS/Include/core_cm4.h **** 
1433:Drivers/CMSIS/Include/core_cm4.h **** #define CoreDebug_DHCSR_S_RESET_ST_Pos     25U                                            /*!< Core
1434:Drivers/CMSIS/Include/core_cm4.h **** #define CoreDebug_DHCSR_S_RESET_ST_Msk     (1UL << CoreDebug_DHCSR_S_RESET_ST_Pos)        /*!< Core
1435:Drivers/CMSIS/Include/core_cm4.h **** 
1436:Drivers/CMSIS/Include/core_cm4.h **** #define CoreDebug_DHCSR_S_RETIRE_ST_Pos    24U                                            /*!< Core
1437:Drivers/CMSIS/Include/core_cm4.h **** #define CoreDebug_DHCSR_S_RETIRE_ST_Msk    (1UL << CoreDebug_DHCSR_S_RETIRE_ST_Pos)       /*!< Core
1438:Drivers/CMSIS/Include/core_cm4.h **** 
1439:Drivers/CMSIS/Include/core_cm4.h **** #define CoreDebug_DHCSR_S_LOCKUP_Pos       19U                                            /*!< Core
1440:Drivers/CMSIS/Include/core_cm4.h **** #define CoreDebug_DHCSR_S_LOCKUP_Msk       (1UL << CoreDebug_DHCSR_S_LOCKUP_Pos)          /*!< Core
1441:Drivers/CMSIS/Include/core_cm4.h **** 
1442:Drivers/CMSIS/Include/core_cm4.h **** #define CoreDebug_DHCSR_S_SLEEP_Pos        18U                                            /*!< Core
1443:Drivers/CMSIS/Include/core_cm4.h **** #define CoreDebug_DHCSR_S_SLEEP_Msk        (1UL << CoreDebug_DHCSR_S_SLEEP_Pos)           /*!< Core
1444:Drivers/CMSIS/Include/core_cm4.h **** 
1445:Drivers/CMSIS/Include/core_cm4.h **** #define CoreDebug_DHCSR_S_HALT_Pos         17U                                            /*!< Core
1446:Drivers/CMSIS/Include/core_cm4.h **** #define CoreDebug_DHCSR_S_HALT_Msk         (1UL << CoreDebug_DHCSR_S_HALT_Pos)            /*!< Core
1447:Drivers/CMSIS/Include/core_cm4.h **** 
1448:Drivers/CMSIS/Include/core_cm4.h **** #define CoreDebug_DHCSR_S_REGRDY_Pos       16U                                            /*!< Core
1449:Drivers/CMSIS/Include/core_cm4.h **** #define CoreDebug_DHCSR_S_REGRDY_Msk       (1UL << CoreDebug_DHCSR_S_REGRDY_Pos)          /*!< Core
1450:Drivers/CMSIS/Include/core_cm4.h **** 
1451:Drivers/CMSIS/Include/core_cm4.h **** #define CoreDebug_DHCSR_C_SNAPSTALL_Pos     5U                                            /*!< Core
1452:Drivers/CMSIS/Include/core_cm4.h **** #define CoreDebug_DHCSR_C_SNAPSTALL_Msk    (1UL << CoreDebug_DHCSR_C_SNAPSTALL_Pos)       /*!< Core
1453:Drivers/CMSIS/Include/core_cm4.h **** 
1454:Drivers/CMSIS/Include/core_cm4.h **** #define CoreDebug_DHCSR_C_MASKINTS_Pos      3U                                            /*!< Core
1455:Drivers/CMSIS/Include/core_cm4.h **** #define CoreDebug_DHCSR_C_MASKINTS_Msk     (1UL << CoreDebug_DHCSR_C_MASKINTS_Pos)        /*!< Core
ARM GAS  C:\Users\alireza\AppData\Local\Temp\ccw51SGa.s 			page 27


1456:Drivers/CMSIS/Include/core_cm4.h **** 
1457:Drivers/CMSIS/Include/core_cm4.h **** #define CoreDebug_DHCSR_C_STEP_Pos          2U                                            /*!< Core
1458:Drivers/CMSIS/Include/core_cm4.h **** #define CoreDebug_DHCSR_C_STEP_Msk         (1UL << CoreDebug_DHCSR_C_STEP_Pos)            /*!< Core
1459:Drivers/CMSIS/Include/core_cm4.h **** 
1460:Drivers/CMSIS/Include/core_cm4.h **** #define CoreDebug_DHCSR_C_HALT_Pos          1U                                            /*!< Core
1461:Drivers/CMSIS/Include/core_cm4.h **** #define CoreDebug_DHCSR_C_HALT_Msk         (1UL << CoreDebug_DHCSR_C_HALT_Pos)            /*!< Core
1462:Drivers/CMSIS/Include/core_cm4.h **** 
1463:Drivers/CMSIS/Include/core_cm4.h **** #define CoreDebug_DHCSR_C_DEBUGEN_Pos       0U                                            /*!< Core
1464:Drivers/CMSIS/Include/core_cm4.h **** #define CoreDebug_DHCSR_C_DEBUGEN_Msk      (1UL /*<< CoreDebug_DHCSR_C_DEBUGEN_Pos*/)     /*!< Core
1465:Drivers/CMSIS/Include/core_cm4.h **** 
1466:Drivers/CMSIS/Include/core_cm4.h **** /* Debug Core Register Selector Register Definitions */
1467:Drivers/CMSIS/Include/core_cm4.h **** #define CoreDebug_DCRSR_REGWnR_Pos         16U                                            /*!< Core
1468:Drivers/CMSIS/Include/core_cm4.h **** #define CoreDebug_DCRSR_REGWnR_Msk         (1UL << CoreDebug_DCRSR_REGWnR_Pos)            /*!< Core
1469:Drivers/CMSIS/Include/core_cm4.h **** 
1470:Drivers/CMSIS/Include/core_cm4.h **** #define CoreDebug_DCRSR_REGSEL_Pos          0U                                            /*!< Core
1471:Drivers/CMSIS/Include/core_cm4.h **** #define CoreDebug_DCRSR_REGSEL_Msk         (0x1FUL /*<< CoreDebug_DCRSR_REGSEL_Pos*/)     /*!< Core
1472:Drivers/CMSIS/Include/core_cm4.h **** 
1473:Drivers/CMSIS/Include/core_cm4.h **** /* Debug Exception and Monitor Control Register Definitions */
1474:Drivers/CMSIS/Include/core_cm4.h **** #define CoreDebug_DEMCR_TRCENA_Pos         24U                                            /*!< Core
1475:Drivers/CMSIS/Include/core_cm4.h **** #define CoreDebug_DEMCR_TRCENA_Msk         (1UL << CoreDebug_DEMCR_TRCENA_Pos)            /*!< Core
1476:Drivers/CMSIS/Include/core_cm4.h **** 
1477:Drivers/CMSIS/Include/core_cm4.h **** #define CoreDebug_DEMCR_MON_REQ_Pos        19U                                            /*!< Core
1478:Drivers/CMSIS/Include/core_cm4.h **** #define CoreDebug_DEMCR_MON_REQ_Msk        (1UL << CoreDebug_DEMCR_MON_REQ_Pos)           /*!< Core
1479:Drivers/CMSIS/Include/core_cm4.h **** 
1480:Drivers/CMSIS/Include/core_cm4.h **** #define CoreDebug_DEMCR_MON_STEP_Pos       18U                                            /*!< Core
1481:Drivers/CMSIS/Include/core_cm4.h **** #define CoreDebug_DEMCR_MON_STEP_Msk       (1UL << CoreDebug_DEMCR_MON_STEP_Pos)          /*!< Core
1482:Drivers/CMSIS/Include/core_cm4.h **** 
1483:Drivers/CMSIS/Include/core_cm4.h **** #define CoreDebug_DEMCR_MON_PEND_Pos       17U                                            /*!< Core
1484:Drivers/CMSIS/Include/core_cm4.h **** #define CoreDebug_DEMCR_MON_PEND_Msk       (1UL << CoreDebug_DEMCR_MON_PEND_Pos)          /*!< Core
1485:Drivers/CMSIS/Include/core_cm4.h **** 
1486:Drivers/CMSIS/Include/core_cm4.h **** #define CoreDebug_DEMCR_MON_EN_Pos         16U                                            /*!< Core
1487:Drivers/CMSIS/Include/core_cm4.h **** #define CoreDebug_DEMCR_MON_EN_Msk         (1UL << CoreDebug_DEMCR_MON_EN_Pos)            /*!< Core
1488:Drivers/CMSIS/Include/core_cm4.h **** 
1489:Drivers/CMSIS/Include/core_cm4.h **** #define CoreDebug_DEMCR_VC_HARDERR_Pos     10U                                            /*!< Core
1490:Drivers/CMSIS/Include/core_cm4.h **** #define CoreDebug_DEMCR_VC_HARDERR_Msk     (1UL << CoreDebug_DEMCR_VC_HARDERR_Pos)        /*!< Core
1491:Drivers/CMSIS/Include/core_cm4.h **** 
1492:Drivers/CMSIS/Include/core_cm4.h **** #define CoreDebug_DEMCR_VC_INTERR_Pos       9U                                            /*!< Core
1493:Drivers/CMSIS/Include/core_cm4.h **** #define CoreDebug_DEMCR_VC_INTERR_Msk      (1UL << CoreDebug_DEMCR_VC_INTERR_Pos)         /*!< Core
1494:Drivers/CMSIS/Include/core_cm4.h **** 
1495:Drivers/CMSIS/Include/core_cm4.h **** #define CoreDebug_DEMCR_VC_BUSERR_Pos       8U                                            /*!< Core
1496:Drivers/CMSIS/Include/core_cm4.h **** #define CoreDebug_DEMCR_VC_BUSERR_Msk      (1UL << CoreDebug_DEMCR_VC_BUSERR_Pos)         /*!< Core
1497:Drivers/CMSIS/Include/core_cm4.h **** 
1498:Drivers/CMSIS/Include/core_cm4.h **** #define CoreDebug_DEMCR_VC_STATERR_Pos      7U                                            /*!< Core
1499:Drivers/CMSIS/Include/core_cm4.h **** #define CoreDebug_DEMCR_VC_STATERR_Msk     (1UL << CoreDebug_DEMCR_VC_STATERR_Pos)        /*!< Core
1500:Drivers/CMSIS/Include/core_cm4.h **** 
1501:Drivers/CMSIS/Include/core_cm4.h **** #define CoreDebug_DEMCR_VC_CHKERR_Pos       6U                                            /*!< Core
1502:Drivers/CMSIS/Include/core_cm4.h **** #define CoreDebug_DEMCR_VC_CHKERR_Msk      (1UL << CoreDebug_DEMCR_VC_CHKERR_Pos)         /*!< Core
1503:Drivers/CMSIS/Include/core_cm4.h **** 
1504:Drivers/CMSIS/Include/core_cm4.h **** #define CoreDebug_DEMCR_VC_NOCPERR_Pos      5U                                            /*!< Core
1505:Drivers/CMSIS/Include/core_cm4.h **** #define CoreDebug_DEMCR_VC_NOCPERR_Msk     (1UL << CoreDebug_DEMCR_VC_NOCPERR_Pos)        /*!< Core
1506:Drivers/CMSIS/Include/core_cm4.h **** 
1507:Drivers/CMSIS/Include/core_cm4.h **** #define CoreDebug_DEMCR_VC_MMERR_Pos        4U                                            /*!< Core
1508:Drivers/CMSIS/Include/core_cm4.h **** #define CoreDebug_DEMCR_VC_MMERR_Msk       (1UL << CoreDebug_DEMCR_VC_MMERR_Pos)          /*!< Core
1509:Drivers/CMSIS/Include/core_cm4.h **** 
1510:Drivers/CMSIS/Include/core_cm4.h **** #define CoreDebug_DEMCR_VC_CORERESET_Pos    0U                                            /*!< Core
1511:Drivers/CMSIS/Include/core_cm4.h **** #define CoreDebug_DEMCR_VC_CORERESET_Msk   (1UL /*<< CoreDebug_DEMCR_VC_CORERESET_Pos*/)  /*!< Core
1512:Drivers/CMSIS/Include/core_cm4.h **** 
ARM GAS  C:\Users\alireza\AppData\Local\Temp\ccw51SGa.s 			page 28


1513:Drivers/CMSIS/Include/core_cm4.h **** /*@} end of group CMSIS_CoreDebug */
1514:Drivers/CMSIS/Include/core_cm4.h **** 
1515:Drivers/CMSIS/Include/core_cm4.h **** 
1516:Drivers/CMSIS/Include/core_cm4.h **** /**
1517:Drivers/CMSIS/Include/core_cm4.h ****   \ingroup    CMSIS_core_register
1518:Drivers/CMSIS/Include/core_cm4.h ****   \defgroup   CMSIS_core_bitfield     Core register bit field macros
1519:Drivers/CMSIS/Include/core_cm4.h ****   \brief      Macros for use with bit field definitions (xxx_Pos, xxx_Msk).
1520:Drivers/CMSIS/Include/core_cm4.h ****   @{
1521:Drivers/CMSIS/Include/core_cm4.h ****  */
1522:Drivers/CMSIS/Include/core_cm4.h **** 
1523:Drivers/CMSIS/Include/core_cm4.h **** /**
1524:Drivers/CMSIS/Include/core_cm4.h ****   \brief   Mask and shift a bit field value for use in a register bit range.
1525:Drivers/CMSIS/Include/core_cm4.h ****   \param[in] field  Name of the register bit field.
1526:Drivers/CMSIS/Include/core_cm4.h ****   \param[in] value  Value of the bit field. This parameter is interpreted as an uint32_t type.
1527:Drivers/CMSIS/Include/core_cm4.h ****   \return           Masked and shifted value.
1528:Drivers/CMSIS/Include/core_cm4.h **** */
1529:Drivers/CMSIS/Include/core_cm4.h **** #define _VAL2FLD(field, value)    (((uint32_t)(value) << field ## _Pos) & field ## _Msk)
1530:Drivers/CMSIS/Include/core_cm4.h **** 
1531:Drivers/CMSIS/Include/core_cm4.h **** /**
1532:Drivers/CMSIS/Include/core_cm4.h ****   \brief     Mask and shift a register value to extract a bit filed value.
1533:Drivers/CMSIS/Include/core_cm4.h ****   \param[in] field  Name of the register bit field.
1534:Drivers/CMSIS/Include/core_cm4.h ****   \param[in] value  Value of register. This parameter is interpreted as an uint32_t type.
1535:Drivers/CMSIS/Include/core_cm4.h ****   \return           Masked and shifted bit field value.
1536:Drivers/CMSIS/Include/core_cm4.h **** */
1537:Drivers/CMSIS/Include/core_cm4.h **** #define _FLD2VAL(field, value)    (((uint32_t)(value) & field ## _Msk) >> field ## _Pos)
1538:Drivers/CMSIS/Include/core_cm4.h **** 
1539:Drivers/CMSIS/Include/core_cm4.h **** /*@} end of group CMSIS_core_bitfield */
1540:Drivers/CMSIS/Include/core_cm4.h **** 
1541:Drivers/CMSIS/Include/core_cm4.h **** 
1542:Drivers/CMSIS/Include/core_cm4.h **** /**
1543:Drivers/CMSIS/Include/core_cm4.h ****   \ingroup    CMSIS_core_register
1544:Drivers/CMSIS/Include/core_cm4.h ****   \defgroup   CMSIS_core_base     Core Definitions
1545:Drivers/CMSIS/Include/core_cm4.h ****   \brief      Definitions for base addresses, unions, and structures.
1546:Drivers/CMSIS/Include/core_cm4.h ****   @{
1547:Drivers/CMSIS/Include/core_cm4.h ****  */
1548:Drivers/CMSIS/Include/core_cm4.h **** 
1549:Drivers/CMSIS/Include/core_cm4.h **** /* Memory mapping of Core Hardware */
1550:Drivers/CMSIS/Include/core_cm4.h **** #define SCS_BASE            (0xE000E000UL)                            /*!< System Control Space Bas
1551:Drivers/CMSIS/Include/core_cm4.h **** #define ITM_BASE            (0xE0000000UL)                            /*!< ITM Base Address */
1552:Drivers/CMSIS/Include/core_cm4.h **** #define DWT_BASE            (0xE0001000UL)                            /*!< DWT Base Address */
1553:Drivers/CMSIS/Include/core_cm4.h **** #define TPI_BASE            (0xE0040000UL)                            /*!< TPI Base Address */
1554:Drivers/CMSIS/Include/core_cm4.h **** #define CoreDebug_BASE      (0xE000EDF0UL)                            /*!< Core Debug Base Address 
1555:Drivers/CMSIS/Include/core_cm4.h **** #define SysTick_BASE        (SCS_BASE +  0x0010UL)                    /*!< SysTick Base Address */
1556:Drivers/CMSIS/Include/core_cm4.h **** #define NVIC_BASE           (SCS_BASE +  0x0100UL)                    /*!< NVIC Base Address */
1557:Drivers/CMSIS/Include/core_cm4.h **** #define SCB_BASE            (SCS_BASE +  0x0D00UL)                    /*!< System Control Block Bas
1558:Drivers/CMSIS/Include/core_cm4.h **** 
1559:Drivers/CMSIS/Include/core_cm4.h **** #define SCnSCB              ((SCnSCB_Type    *)     SCS_BASE      )   /*!< System control Register 
1560:Drivers/CMSIS/Include/core_cm4.h **** #define SCB                 ((SCB_Type       *)     SCB_BASE      )   /*!< SCB configuration struct
1561:Drivers/CMSIS/Include/core_cm4.h **** #define SysTick             ((SysTick_Type   *)     SysTick_BASE  )   /*!< SysTick configuration st
1562:Drivers/CMSIS/Include/core_cm4.h **** #define NVIC                ((NVIC_Type      *)     NVIC_BASE     )   /*!< NVIC configuration struc
1563:Drivers/CMSIS/Include/core_cm4.h **** #define ITM                 ((ITM_Type       *)     ITM_BASE      )   /*!< ITM configuration struct
1564:Drivers/CMSIS/Include/core_cm4.h **** #define DWT                 ((DWT_Type       *)     DWT_BASE      )   /*!< DWT configuration struct
1565:Drivers/CMSIS/Include/core_cm4.h **** #define TPI                 ((TPI_Type       *)     TPI_BASE      )   /*!< TPI configuration struct
1566:Drivers/CMSIS/Include/core_cm4.h **** #define CoreDebug           ((CoreDebug_Type *)     CoreDebug_BASE)   /*!< Core Debug configuration
1567:Drivers/CMSIS/Include/core_cm4.h **** 
1568:Drivers/CMSIS/Include/core_cm4.h **** #if defined (__MPU_PRESENT) && (__MPU_PRESENT == 1U)
1569:Drivers/CMSIS/Include/core_cm4.h ****   #define MPU_BASE          (SCS_BASE +  0x0D90UL)                    /*!< Memory Protection Unit *
ARM GAS  C:\Users\alireza\AppData\Local\Temp\ccw51SGa.s 			page 29


1570:Drivers/CMSIS/Include/core_cm4.h ****   #define MPU               ((MPU_Type       *)     MPU_BASE      )   /*!< Memory Protection Unit *
1571:Drivers/CMSIS/Include/core_cm4.h **** #endif
1572:Drivers/CMSIS/Include/core_cm4.h **** 
1573:Drivers/CMSIS/Include/core_cm4.h **** #define FPU_BASE            (SCS_BASE +  0x0F30UL)                    /*!< Floating Point Unit */
1574:Drivers/CMSIS/Include/core_cm4.h **** #define FPU                 ((FPU_Type       *)     FPU_BASE      )   /*!< Floating Point Unit */
1575:Drivers/CMSIS/Include/core_cm4.h **** 
1576:Drivers/CMSIS/Include/core_cm4.h **** /*@} */
1577:Drivers/CMSIS/Include/core_cm4.h **** 
1578:Drivers/CMSIS/Include/core_cm4.h **** 
1579:Drivers/CMSIS/Include/core_cm4.h **** 
1580:Drivers/CMSIS/Include/core_cm4.h **** /*******************************************************************************
1581:Drivers/CMSIS/Include/core_cm4.h ****  *                Hardware Abstraction Layer
1582:Drivers/CMSIS/Include/core_cm4.h ****   Core Function Interface contains:
1583:Drivers/CMSIS/Include/core_cm4.h ****   - Core NVIC Functions
1584:Drivers/CMSIS/Include/core_cm4.h ****   - Core SysTick Functions
1585:Drivers/CMSIS/Include/core_cm4.h ****   - Core Debug Functions
1586:Drivers/CMSIS/Include/core_cm4.h ****   - Core Register Access Functions
1587:Drivers/CMSIS/Include/core_cm4.h ****  ******************************************************************************/
1588:Drivers/CMSIS/Include/core_cm4.h **** /**
1589:Drivers/CMSIS/Include/core_cm4.h ****   \defgroup CMSIS_Core_FunctionInterface Functions and Instructions Reference
1590:Drivers/CMSIS/Include/core_cm4.h **** */
1591:Drivers/CMSIS/Include/core_cm4.h **** 
1592:Drivers/CMSIS/Include/core_cm4.h **** 
1593:Drivers/CMSIS/Include/core_cm4.h **** 
1594:Drivers/CMSIS/Include/core_cm4.h **** /* ##########################   NVIC functions  #################################### */
1595:Drivers/CMSIS/Include/core_cm4.h **** /**
1596:Drivers/CMSIS/Include/core_cm4.h ****   \ingroup  CMSIS_Core_FunctionInterface
1597:Drivers/CMSIS/Include/core_cm4.h ****   \defgroup CMSIS_Core_NVICFunctions NVIC Functions
1598:Drivers/CMSIS/Include/core_cm4.h ****   \brief    Functions that manage interrupts and exceptions via the NVIC.
1599:Drivers/CMSIS/Include/core_cm4.h ****   @{
1600:Drivers/CMSIS/Include/core_cm4.h ****  */
1601:Drivers/CMSIS/Include/core_cm4.h **** 
1602:Drivers/CMSIS/Include/core_cm4.h **** #ifdef CMSIS_NVIC_VIRTUAL
1603:Drivers/CMSIS/Include/core_cm4.h ****   #ifndef CMSIS_NVIC_VIRTUAL_HEADER_FILE
1604:Drivers/CMSIS/Include/core_cm4.h ****     #define CMSIS_NVIC_VIRTUAL_HEADER_FILE "cmsis_nvic_virtual.h"
1605:Drivers/CMSIS/Include/core_cm4.h ****   #endif
1606:Drivers/CMSIS/Include/core_cm4.h ****   #include CMSIS_NVIC_VIRTUAL_HEADER_FILE
1607:Drivers/CMSIS/Include/core_cm4.h **** #else
1608:Drivers/CMSIS/Include/core_cm4.h ****   #define NVIC_SetPriorityGrouping    __NVIC_SetPriorityGrouping
1609:Drivers/CMSIS/Include/core_cm4.h ****   #define NVIC_GetPriorityGrouping    __NVIC_GetPriorityGrouping
1610:Drivers/CMSIS/Include/core_cm4.h ****   #define NVIC_EnableIRQ              __NVIC_EnableIRQ
1611:Drivers/CMSIS/Include/core_cm4.h ****   #define NVIC_GetEnableIRQ           __NVIC_GetEnableIRQ
1612:Drivers/CMSIS/Include/core_cm4.h ****   #define NVIC_DisableIRQ             __NVIC_DisableIRQ
1613:Drivers/CMSIS/Include/core_cm4.h ****   #define NVIC_GetPendingIRQ          __NVIC_GetPendingIRQ
1614:Drivers/CMSIS/Include/core_cm4.h ****   #define NVIC_SetPendingIRQ          __NVIC_SetPendingIRQ
1615:Drivers/CMSIS/Include/core_cm4.h ****   #define NVIC_ClearPendingIRQ        __NVIC_ClearPendingIRQ
1616:Drivers/CMSIS/Include/core_cm4.h ****   #define NVIC_GetActive              __NVIC_GetActive
1617:Drivers/CMSIS/Include/core_cm4.h ****   #define NVIC_SetPriority            __NVIC_SetPriority
1618:Drivers/CMSIS/Include/core_cm4.h ****   #define NVIC_GetPriority            __NVIC_GetPriority
1619:Drivers/CMSIS/Include/core_cm4.h ****   #define NVIC_SystemReset            __NVIC_SystemReset
1620:Drivers/CMSIS/Include/core_cm4.h **** #endif /* CMSIS_NVIC_VIRTUAL */
1621:Drivers/CMSIS/Include/core_cm4.h **** 
1622:Drivers/CMSIS/Include/core_cm4.h **** #ifdef CMSIS_VECTAB_VIRTUAL
1623:Drivers/CMSIS/Include/core_cm4.h ****   #ifndef CMSIS_VECTAB_VIRTUAL_HEADER_FILE
1624:Drivers/CMSIS/Include/core_cm4.h ****     #define CMSIS_VECTAB_VIRTUAL_HEADER_FILE "cmsis_vectab_virtual.h"
1625:Drivers/CMSIS/Include/core_cm4.h ****   #endif
1626:Drivers/CMSIS/Include/core_cm4.h ****   #include CMSIS_VECTAB_VIRTUAL_HEADER_FILE
ARM GAS  C:\Users\alireza\AppData\Local\Temp\ccw51SGa.s 			page 30


1627:Drivers/CMSIS/Include/core_cm4.h **** #else
1628:Drivers/CMSIS/Include/core_cm4.h ****   #define NVIC_SetVector              __NVIC_SetVector
1629:Drivers/CMSIS/Include/core_cm4.h ****   #define NVIC_GetVector              __NVIC_GetVector
1630:Drivers/CMSIS/Include/core_cm4.h **** #endif  /* (CMSIS_VECTAB_VIRTUAL) */
1631:Drivers/CMSIS/Include/core_cm4.h **** 
1632:Drivers/CMSIS/Include/core_cm4.h **** #define NVIC_USER_IRQ_OFFSET          16
1633:Drivers/CMSIS/Include/core_cm4.h **** 
1634:Drivers/CMSIS/Include/core_cm4.h **** 
1635:Drivers/CMSIS/Include/core_cm4.h **** /* The following EXC_RETURN values are saved the LR on exception entry */
1636:Drivers/CMSIS/Include/core_cm4.h **** #define EXC_RETURN_HANDLER         (0xFFFFFFF1UL)     /* return to Handler mode, uses MSP after ret
1637:Drivers/CMSIS/Include/core_cm4.h **** #define EXC_RETURN_THREAD_MSP      (0xFFFFFFF9UL)     /* return to Thread mode, uses MSP after retu
1638:Drivers/CMSIS/Include/core_cm4.h **** #define EXC_RETURN_THREAD_PSP      (0xFFFFFFFDUL)     /* return to Thread mode, uses PSP after retu
1639:Drivers/CMSIS/Include/core_cm4.h **** #define EXC_RETURN_HANDLER_FPU     (0xFFFFFFE1UL)     /* return to Handler mode, uses MSP after ret
1640:Drivers/CMSIS/Include/core_cm4.h **** #define EXC_RETURN_THREAD_MSP_FPU  (0xFFFFFFE9UL)     /* return to Thread mode, uses MSP after retu
1641:Drivers/CMSIS/Include/core_cm4.h **** #define EXC_RETURN_THREAD_PSP_FPU  (0xFFFFFFEDUL)     /* return to Thread mode, uses PSP after retu
1642:Drivers/CMSIS/Include/core_cm4.h **** 
1643:Drivers/CMSIS/Include/core_cm4.h **** 
1644:Drivers/CMSIS/Include/core_cm4.h **** /**
1645:Drivers/CMSIS/Include/core_cm4.h ****   \brief   Set Priority Grouping
1646:Drivers/CMSIS/Include/core_cm4.h ****   \details Sets the priority grouping field using the required unlock sequence.
1647:Drivers/CMSIS/Include/core_cm4.h ****            The parameter PriorityGroup is assigned to the field SCB->AIRCR [10:8] PRIGROUP field.
1648:Drivers/CMSIS/Include/core_cm4.h ****            Only values from 0..7 are used.
1649:Drivers/CMSIS/Include/core_cm4.h ****            In case of a conflict between priority grouping and available
1650:Drivers/CMSIS/Include/core_cm4.h ****            priority bits (__NVIC_PRIO_BITS), the smallest possible priority group is set.
1651:Drivers/CMSIS/Include/core_cm4.h ****   \param [in]      PriorityGroup  Priority grouping field.
1652:Drivers/CMSIS/Include/core_cm4.h ****  */
1653:Drivers/CMSIS/Include/core_cm4.h **** __STATIC_INLINE void __NVIC_SetPriorityGrouping(uint32_t PriorityGroup)
1654:Drivers/CMSIS/Include/core_cm4.h **** {
1655:Drivers/CMSIS/Include/core_cm4.h ****   uint32_t reg_value;
1656:Drivers/CMSIS/Include/core_cm4.h ****   uint32_t PriorityGroupTmp = (PriorityGroup & (uint32_t)0x07UL);             /* only values 0..7 a
1657:Drivers/CMSIS/Include/core_cm4.h **** 
1658:Drivers/CMSIS/Include/core_cm4.h ****   reg_value  =  SCB->AIRCR;                                                   /* read old register 
1659:Drivers/CMSIS/Include/core_cm4.h ****   reg_value &= ~((uint32_t)(SCB_AIRCR_VECTKEY_Msk | SCB_AIRCR_PRIGROUP_Msk)); /* clear bits to chan
1660:Drivers/CMSIS/Include/core_cm4.h ****   reg_value  =  (reg_value                                   |
1661:Drivers/CMSIS/Include/core_cm4.h ****                 ((uint32_t)0x5FAUL << SCB_AIRCR_VECTKEY_Pos) |
1662:Drivers/CMSIS/Include/core_cm4.h ****                 (PriorityGroupTmp << SCB_AIRCR_PRIGROUP_Pos)  );              /* Insert write key a
1663:Drivers/CMSIS/Include/core_cm4.h ****   SCB->AIRCR =  reg_value;
1664:Drivers/CMSIS/Include/core_cm4.h **** }
1665:Drivers/CMSIS/Include/core_cm4.h **** 
1666:Drivers/CMSIS/Include/core_cm4.h **** 
1667:Drivers/CMSIS/Include/core_cm4.h **** /**
1668:Drivers/CMSIS/Include/core_cm4.h ****   \brief   Get Priority Grouping
1669:Drivers/CMSIS/Include/core_cm4.h ****   \details Reads the priority grouping field from the NVIC Interrupt Controller.
1670:Drivers/CMSIS/Include/core_cm4.h ****   \return                Priority grouping field (SCB->AIRCR [10:8] PRIGROUP field).
1671:Drivers/CMSIS/Include/core_cm4.h ****  */
1672:Drivers/CMSIS/Include/core_cm4.h **** __STATIC_INLINE uint32_t __NVIC_GetPriorityGrouping(void)
1673:Drivers/CMSIS/Include/core_cm4.h **** {
1674:Drivers/CMSIS/Include/core_cm4.h ****   return ((uint32_t)((SCB->AIRCR & SCB_AIRCR_PRIGROUP_Msk) >> SCB_AIRCR_PRIGROUP_Pos));
1675:Drivers/CMSIS/Include/core_cm4.h **** }
1676:Drivers/CMSIS/Include/core_cm4.h **** 
1677:Drivers/CMSIS/Include/core_cm4.h **** 
1678:Drivers/CMSIS/Include/core_cm4.h **** /**
1679:Drivers/CMSIS/Include/core_cm4.h ****   \brief   Enable Interrupt
1680:Drivers/CMSIS/Include/core_cm4.h ****   \details Enables a device specific interrupt in the NVIC interrupt controller.
1681:Drivers/CMSIS/Include/core_cm4.h ****   \param [in]      IRQn  Device specific interrupt number.
1682:Drivers/CMSIS/Include/core_cm4.h ****   \note    IRQn must not be negative.
1683:Drivers/CMSIS/Include/core_cm4.h ****  */
ARM GAS  C:\Users\alireza\AppData\Local\Temp\ccw51SGa.s 			page 31


1684:Drivers/CMSIS/Include/core_cm4.h **** __STATIC_INLINE void __NVIC_EnableIRQ(IRQn_Type IRQn)
1685:Drivers/CMSIS/Include/core_cm4.h **** {
1686:Drivers/CMSIS/Include/core_cm4.h ****   if ((int32_t)(IRQn) >= 0)
1687:Drivers/CMSIS/Include/core_cm4.h ****   {
1688:Drivers/CMSIS/Include/core_cm4.h ****     __COMPILER_BARRIER();
1689:Drivers/CMSIS/Include/core_cm4.h ****     NVIC->ISER[(((uint32_t)IRQn) >> 5UL)] = (uint32_t)(1UL << (((uint32_t)IRQn) & 0x1FUL));
1690:Drivers/CMSIS/Include/core_cm4.h ****     __COMPILER_BARRIER();
1691:Drivers/CMSIS/Include/core_cm4.h ****   }
1692:Drivers/CMSIS/Include/core_cm4.h **** }
1693:Drivers/CMSIS/Include/core_cm4.h **** 
1694:Drivers/CMSIS/Include/core_cm4.h **** 
1695:Drivers/CMSIS/Include/core_cm4.h **** /**
1696:Drivers/CMSIS/Include/core_cm4.h ****   \brief   Get Interrupt Enable status
1697:Drivers/CMSIS/Include/core_cm4.h ****   \details Returns a device specific interrupt enable status from the NVIC interrupt controller.
1698:Drivers/CMSIS/Include/core_cm4.h ****   \param [in]      IRQn  Device specific interrupt number.
1699:Drivers/CMSIS/Include/core_cm4.h ****   \return             0  Interrupt is not enabled.
1700:Drivers/CMSIS/Include/core_cm4.h ****   \return             1  Interrupt is enabled.
1701:Drivers/CMSIS/Include/core_cm4.h ****   \note    IRQn must not be negative.
1702:Drivers/CMSIS/Include/core_cm4.h ****  */
1703:Drivers/CMSIS/Include/core_cm4.h **** __STATIC_INLINE uint32_t __NVIC_GetEnableIRQ(IRQn_Type IRQn)
1704:Drivers/CMSIS/Include/core_cm4.h **** {
1705:Drivers/CMSIS/Include/core_cm4.h ****   if ((int32_t)(IRQn) >= 0)
1706:Drivers/CMSIS/Include/core_cm4.h ****   {
1707:Drivers/CMSIS/Include/core_cm4.h ****     return((uint32_t)(((NVIC->ISER[(((uint32_t)IRQn) >> 5UL)] & (1UL << (((uint32_t)IRQn) & 0x1FUL)
1708:Drivers/CMSIS/Include/core_cm4.h ****   }
1709:Drivers/CMSIS/Include/core_cm4.h ****   else
1710:Drivers/CMSIS/Include/core_cm4.h ****   {
1711:Drivers/CMSIS/Include/core_cm4.h ****     return(0U);
1712:Drivers/CMSIS/Include/core_cm4.h ****   }
1713:Drivers/CMSIS/Include/core_cm4.h **** }
1714:Drivers/CMSIS/Include/core_cm4.h **** 
1715:Drivers/CMSIS/Include/core_cm4.h **** 
1716:Drivers/CMSIS/Include/core_cm4.h **** /**
1717:Drivers/CMSIS/Include/core_cm4.h ****   \brief   Disable Interrupt
1718:Drivers/CMSIS/Include/core_cm4.h ****   \details Disables a device specific interrupt in the NVIC interrupt controller.
1719:Drivers/CMSIS/Include/core_cm4.h ****   \param [in]      IRQn  Device specific interrupt number.
1720:Drivers/CMSIS/Include/core_cm4.h ****   \note    IRQn must not be negative.
1721:Drivers/CMSIS/Include/core_cm4.h ****  */
1722:Drivers/CMSIS/Include/core_cm4.h **** __STATIC_INLINE void __NVIC_DisableIRQ(IRQn_Type IRQn)
1723:Drivers/CMSIS/Include/core_cm4.h **** {
1724:Drivers/CMSIS/Include/core_cm4.h ****   if ((int32_t)(IRQn) >= 0)
1725:Drivers/CMSIS/Include/core_cm4.h ****   {
1726:Drivers/CMSIS/Include/core_cm4.h ****     NVIC->ICER[(((uint32_t)IRQn) >> 5UL)] = (uint32_t)(1UL << (((uint32_t)IRQn) & 0x1FUL));
1727:Drivers/CMSIS/Include/core_cm4.h ****     __DSB();
1728:Drivers/CMSIS/Include/core_cm4.h ****     __ISB();
1729:Drivers/CMSIS/Include/core_cm4.h ****   }
1730:Drivers/CMSIS/Include/core_cm4.h **** }
1731:Drivers/CMSIS/Include/core_cm4.h **** 
1732:Drivers/CMSIS/Include/core_cm4.h **** 
1733:Drivers/CMSIS/Include/core_cm4.h **** /**
1734:Drivers/CMSIS/Include/core_cm4.h ****   \brief   Get Pending Interrupt
1735:Drivers/CMSIS/Include/core_cm4.h ****   \details Reads the NVIC pending register and returns the pending bit for the specified device spe
1736:Drivers/CMSIS/Include/core_cm4.h ****   \param [in]      IRQn  Device specific interrupt number.
1737:Drivers/CMSIS/Include/core_cm4.h ****   \return             0  Interrupt status is not pending.
1738:Drivers/CMSIS/Include/core_cm4.h ****   \return             1  Interrupt status is pending.
1739:Drivers/CMSIS/Include/core_cm4.h ****   \note    IRQn must not be negative.
1740:Drivers/CMSIS/Include/core_cm4.h ****  */
ARM GAS  C:\Users\alireza\AppData\Local\Temp\ccw51SGa.s 			page 32


1741:Drivers/CMSIS/Include/core_cm4.h **** __STATIC_INLINE uint32_t __NVIC_GetPendingIRQ(IRQn_Type IRQn)
1742:Drivers/CMSIS/Include/core_cm4.h **** {
1743:Drivers/CMSIS/Include/core_cm4.h ****   if ((int32_t)(IRQn) >= 0)
1744:Drivers/CMSIS/Include/core_cm4.h ****   {
1745:Drivers/CMSIS/Include/core_cm4.h ****     return((uint32_t)(((NVIC->ISPR[(((uint32_t)IRQn) >> 5UL)] & (1UL << (((uint32_t)IRQn) & 0x1FUL)
1746:Drivers/CMSIS/Include/core_cm4.h ****   }
1747:Drivers/CMSIS/Include/core_cm4.h ****   else
1748:Drivers/CMSIS/Include/core_cm4.h ****   {
1749:Drivers/CMSIS/Include/core_cm4.h ****     return(0U);
1750:Drivers/CMSIS/Include/core_cm4.h ****   }
1751:Drivers/CMSIS/Include/core_cm4.h **** }
1752:Drivers/CMSIS/Include/core_cm4.h **** 
1753:Drivers/CMSIS/Include/core_cm4.h **** 
1754:Drivers/CMSIS/Include/core_cm4.h **** /**
1755:Drivers/CMSIS/Include/core_cm4.h ****   \brief   Set Pending Interrupt
1756:Drivers/CMSIS/Include/core_cm4.h ****   \details Sets the pending bit of a device specific interrupt in the NVIC pending register.
1757:Drivers/CMSIS/Include/core_cm4.h ****   \param [in]      IRQn  Device specific interrupt number.
1758:Drivers/CMSIS/Include/core_cm4.h ****   \note    IRQn must not be negative.
1759:Drivers/CMSIS/Include/core_cm4.h ****  */
1760:Drivers/CMSIS/Include/core_cm4.h **** __STATIC_INLINE void __NVIC_SetPendingIRQ(IRQn_Type IRQn)
1761:Drivers/CMSIS/Include/core_cm4.h **** {
1762:Drivers/CMSIS/Include/core_cm4.h ****   if ((int32_t)(IRQn) >= 0)
1763:Drivers/CMSIS/Include/core_cm4.h ****   {
1764:Drivers/CMSIS/Include/core_cm4.h ****     NVIC->ISPR[(((uint32_t)IRQn) >> 5UL)] = (uint32_t)(1UL << (((uint32_t)IRQn) & 0x1FUL));
1765:Drivers/CMSIS/Include/core_cm4.h ****   }
1766:Drivers/CMSIS/Include/core_cm4.h **** }
1767:Drivers/CMSIS/Include/core_cm4.h **** 
1768:Drivers/CMSIS/Include/core_cm4.h **** 
1769:Drivers/CMSIS/Include/core_cm4.h **** /**
1770:Drivers/CMSIS/Include/core_cm4.h ****   \brief   Clear Pending Interrupt
1771:Drivers/CMSIS/Include/core_cm4.h ****   \details Clears the pending bit of a device specific interrupt in the NVIC pending register.
1772:Drivers/CMSIS/Include/core_cm4.h ****   \param [in]      IRQn  Device specific interrupt number.
1773:Drivers/CMSIS/Include/core_cm4.h ****   \note    IRQn must not be negative.
1774:Drivers/CMSIS/Include/core_cm4.h ****  */
1775:Drivers/CMSIS/Include/core_cm4.h **** __STATIC_INLINE void __NVIC_ClearPendingIRQ(IRQn_Type IRQn)
1776:Drivers/CMSIS/Include/core_cm4.h **** {
1777:Drivers/CMSIS/Include/core_cm4.h ****   if ((int32_t)(IRQn) >= 0)
1778:Drivers/CMSIS/Include/core_cm4.h ****   {
1779:Drivers/CMSIS/Include/core_cm4.h ****     NVIC->ICPR[(((uint32_t)IRQn) >> 5UL)] = (uint32_t)(1UL << (((uint32_t)IRQn) & 0x1FUL));
1780:Drivers/CMSIS/Include/core_cm4.h ****   }
1781:Drivers/CMSIS/Include/core_cm4.h **** }
1782:Drivers/CMSIS/Include/core_cm4.h **** 
1783:Drivers/CMSIS/Include/core_cm4.h **** 
1784:Drivers/CMSIS/Include/core_cm4.h **** /**
1785:Drivers/CMSIS/Include/core_cm4.h ****   \brief   Get Active Interrupt
1786:Drivers/CMSIS/Include/core_cm4.h ****   \details Reads the active register in the NVIC and returns the active bit for the device specific
1787:Drivers/CMSIS/Include/core_cm4.h ****   \param [in]      IRQn  Device specific interrupt number.
1788:Drivers/CMSIS/Include/core_cm4.h ****   \return             0  Interrupt status is not active.
1789:Drivers/CMSIS/Include/core_cm4.h ****   \return             1  Interrupt status is active.
1790:Drivers/CMSIS/Include/core_cm4.h ****   \note    IRQn must not be negative.
1791:Drivers/CMSIS/Include/core_cm4.h ****  */
1792:Drivers/CMSIS/Include/core_cm4.h **** __STATIC_INLINE uint32_t __NVIC_GetActive(IRQn_Type IRQn)
1793:Drivers/CMSIS/Include/core_cm4.h **** {
1794:Drivers/CMSIS/Include/core_cm4.h ****   if ((int32_t)(IRQn) >= 0)
1795:Drivers/CMSIS/Include/core_cm4.h ****   {
1796:Drivers/CMSIS/Include/core_cm4.h ****     return((uint32_t)(((NVIC->IABR[(((uint32_t)IRQn) >> 5UL)] & (1UL << (((uint32_t)IRQn) & 0x1FUL)
1797:Drivers/CMSIS/Include/core_cm4.h ****   }
ARM GAS  C:\Users\alireza\AppData\Local\Temp\ccw51SGa.s 			page 33


1798:Drivers/CMSIS/Include/core_cm4.h ****   else
1799:Drivers/CMSIS/Include/core_cm4.h ****   {
1800:Drivers/CMSIS/Include/core_cm4.h ****     return(0U);
1801:Drivers/CMSIS/Include/core_cm4.h ****   }
1802:Drivers/CMSIS/Include/core_cm4.h **** }
1803:Drivers/CMSIS/Include/core_cm4.h **** 
1804:Drivers/CMSIS/Include/core_cm4.h **** 
1805:Drivers/CMSIS/Include/core_cm4.h **** /**
1806:Drivers/CMSIS/Include/core_cm4.h ****   \brief   Set Interrupt Priority
1807:Drivers/CMSIS/Include/core_cm4.h ****   \details Sets the priority of a device specific interrupt or a processor exception.
1808:Drivers/CMSIS/Include/core_cm4.h ****            The interrupt number can be positive to specify a device specific interrupt,
1809:Drivers/CMSIS/Include/core_cm4.h ****            or negative to specify a processor exception.
1810:Drivers/CMSIS/Include/core_cm4.h ****   \param [in]      IRQn  Interrupt number.
1811:Drivers/CMSIS/Include/core_cm4.h ****   \param [in]  priority  Priority to set.
1812:Drivers/CMSIS/Include/core_cm4.h ****   \note    The priority cannot be set for every processor exception.
1813:Drivers/CMSIS/Include/core_cm4.h ****  */
1814:Drivers/CMSIS/Include/core_cm4.h **** __STATIC_INLINE void __NVIC_SetPriority(IRQn_Type IRQn, uint32_t priority)
1815:Drivers/CMSIS/Include/core_cm4.h **** {
1816:Drivers/CMSIS/Include/core_cm4.h ****   if ((int32_t)(IRQn) >= 0)
1817:Drivers/CMSIS/Include/core_cm4.h ****   {
1818:Drivers/CMSIS/Include/core_cm4.h ****     NVIC->IP[((uint32_t)IRQn)]               = (uint8_t)((priority << (8U - __NVIC_PRIO_BITS)) & (u
1819:Drivers/CMSIS/Include/core_cm4.h ****   }
1820:Drivers/CMSIS/Include/core_cm4.h ****   else
1821:Drivers/CMSIS/Include/core_cm4.h ****   {
1822:Drivers/CMSIS/Include/core_cm4.h ****     SCB->SHP[(((uint32_t)IRQn) & 0xFUL)-4UL] = (uint8_t)((priority << (8U - __NVIC_PRIO_BITS)) & (u
1823:Drivers/CMSIS/Include/core_cm4.h ****   }
1824:Drivers/CMSIS/Include/core_cm4.h **** }
1825:Drivers/CMSIS/Include/core_cm4.h **** 
1826:Drivers/CMSIS/Include/core_cm4.h **** 
1827:Drivers/CMSIS/Include/core_cm4.h **** /**
1828:Drivers/CMSIS/Include/core_cm4.h ****   \brief   Get Interrupt Priority
1829:Drivers/CMSIS/Include/core_cm4.h ****   \details Reads the priority of a device specific interrupt or a processor exception.
1830:Drivers/CMSIS/Include/core_cm4.h ****            The interrupt number can be positive to specify a device specific interrupt,
1831:Drivers/CMSIS/Include/core_cm4.h ****            or negative to specify a processor exception.
1832:Drivers/CMSIS/Include/core_cm4.h ****   \param [in]   IRQn  Interrupt number.
1833:Drivers/CMSIS/Include/core_cm4.h ****   \return             Interrupt Priority.
1834:Drivers/CMSIS/Include/core_cm4.h ****                       Value is aligned automatically to the implemented priority bits of the microc
1835:Drivers/CMSIS/Include/core_cm4.h ****  */
1836:Drivers/CMSIS/Include/core_cm4.h **** __STATIC_INLINE uint32_t __NVIC_GetPriority(IRQn_Type IRQn)
1837:Drivers/CMSIS/Include/core_cm4.h **** {
1838:Drivers/CMSIS/Include/core_cm4.h **** 
1839:Drivers/CMSIS/Include/core_cm4.h ****   if ((int32_t)(IRQn) >= 0)
1840:Drivers/CMSIS/Include/core_cm4.h ****   {
1841:Drivers/CMSIS/Include/core_cm4.h ****     return(((uint32_t)NVIC->IP[((uint32_t)IRQn)]               >> (8U - __NVIC_PRIO_BITS)));
1842:Drivers/CMSIS/Include/core_cm4.h ****   }
1843:Drivers/CMSIS/Include/core_cm4.h ****   else
1844:Drivers/CMSIS/Include/core_cm4.h ****   {
1845:Drivers/CMSIS/Include/core_cm4.h ****     return(((uint32_t)SCB->SHP[(((uint32_t)IRQn) & 0xFUL)-4UL] >> (8U - __NVIC_PRIO_BITS)));
1846:Drivers/CMSIS/Include/core_cm4.h ****   }
1847:Drivers/CMSIS/Include/core_cm4.h **** }
1848:Drivers/CMSIS/Include/core_cm4.h **** 
1849:Drivers/CMSIS/Include/core_cm4.h **** 
1850:Drivers/CMSIS/Include/core_cm4.h **** /**
1851:Drivers/CMSIS/Include/core_cm4.h ****   \brief   Encode Priority
1852:Drivers/CMSIS/Include/core_cm4.h ****   \details Encodes the priority for an interrupt with the given priority group,
1853:Drivers/CMSIS/Include/core_cm4.h ****            preemptive priority value, and subpriority value.
1854:Drivers/CMSIS/Include/core_cm4.h ****            In case of a conflict between priority grouping and available
ARM GAS  C:\Users\alireza\AppData\Local\Temp\ccw51SGa.s 			page 34


1855:Drivers/CMSIS/Include/core_cm4.h ****            priority bits (__NVIC_PRIO_BITS), the smallest possible priority group is set.
1856:Drivers/CMSIS/Include/core_cm4.h ****   \param [in]     PriorityGroup  Used priority group.
1857:Drivers/CMSIS/Include/core_cm4.h ****   \param [in]   PreemptPriority  Preemptive priority value (starting from 0).
1858:Drivers/CMSIS/Include/core_cm4.h ****   \param [in]       SubPriority  Subpriority value (starting from 0).
1859:Drivers/CMSIS/Include/core_cm4.h ****   \return                        Encoded priority. Value can be used in the function \ref NVIC_SetP
1860:Drivers/CMSIS/Include/core_cm4.h ****  */
1861:Drivers/CMSIS/Include/core_cm4.h **** __STATIC_INLINE uint32_t NVIC_EncodePriority (uint32_t PriorityGroup, uint32_t PreemptPriority, uin
1862:Drivers/CMSIS/Include/core_cm4.h **** {
1863:Drivers/CMSIS/Include/core_cm4.h ****   uint32_t PriorityGroupTmp = (PriorityGroup & (uint32_t)0x07UL);   /* only values 0..7 are used   
1864:Drivers/CMSIS/Include/core_cm4.h ****   uint32_t PreemptPriorityBits;
1865:Drivers/CMSIS/Include/core_cm4.h ****   uint32_t SubPriorityBits;
1866:Drivers/CMSIS/Include/core_cm4.h **** 
1867:Drivers/CMSIS/Include/core_cm4.h ****   PreemptPriorityBits = ((7UL - PriorityGroupTmp) > (uint32_t)(__NVIC_PRIO_BITS)) ? (uint32_t)(__NV
1868:Drivers/CMSIS/Include/core_cm4.h ****   SubPriorityBits     = ((PriorityGroupTmp + (uint32_t)(__NVIC_PRIO_BITS)) < (uint32_t)7UL) ? (uint
1869:Drivers/CMSIS/Include/core_cm4.h **** 
1870:Drivers/CMSIS/Include/core_cm4.h ****   return (
1871:Drivers/CMSIS/Include/core_cm4.h ****            ((PreemptPriority & (uint32_t)((1UL << (PreemptPriorityBits)) - 1UL)) << SubPriorityBits
1872:Drivers/CMSIS/Include/core_cm4.h ****            ((SubPriority     & (uint32_t)((1UL << (SubPriorityBits    )) - 1UL)))
1873:Drivers/CMSIS/Include/core_cm4.h ****          );
1874:Drivers/CMSIS/Include/core_cm4.h **** }
1875:Drivers/CMSIS/Include/core_cm4.h **** 
1876:Drivers/CMSIS/Include/core_cm4.h **** 
1877:Drivers/CMSIS/Include/core_cm4.h **** /**
1878:Drivers/CMSIS/Include/core_cm4.h ****   \brief   Decode Priority
1879:Drivers/CMSIS/Include/core_cm4.h ****   \details Decodes an interrupt priority value with a given priority group to
1880:Drivers/CMSIS/Include/core_cm4.h ****            preemptive priority value and subpriority value.
1881:Drivers/CMSIS/Include/core_cm4.h ****            In case of a conflict between priority grouping and available
1882:Drivers/CMSIS/Include/core_cm4.h ****            priority bits (__NVIC_PRIO_BITS) the smallest possible priority group is set.
1883:Drivers/CMSIS/Include/core_cm4.h ****   \param [in]         Priority   Priority value, which can be retrieved with the function \ref NVIC
1884:Drivers/CMSIS/Include/core_cm4.h ****   \param [in]     PriorityGroup  Used priority group.
1885:Drivers/CMSIS/Include/core_cm4.h ****   \param [out] pPreemptPriority  Preemptive priority value (starting from 0).
1886:Drivers/CMSIS/Include/core_cm4.h ****   \param [out]     pSubPriority  Subpriority value (starting from 0).
1887:Drivers/CMSIS/Include/core_cm4.h ****  */
1888:Drivers/CMSIS/Include/core_cm4.h **** __STATIC_INLINE void NVIC_DecodePriority (uint32_t Priority, uint32_t PriorityGroup, uint32_t* cons
1889:Drivers/CMSIS/Include/core_cm4.h **** {
1890:Drivers/CMSIS/Include/core_cm4.h ****   uint32_t PriorityGroupTmp = (PriorityGroup & (uint32_t)0x07UL);   /* only values 0..7 are used   
1891:Drivers/CMSIS/Include/core_cm4.h ****   uint32_t PreemptPriorityBits;
1892:Drivers/CMSIS/Include/core_cm4.h ****   uint32_t SubPriorityBits;
1893:Drivers/CMSIS/Include/core_cm4.h **** 
1894:Drivers/CMSIS/Include/core_cm4.h ****   PreemptPriorityBits = ((7UL - PriorityGroupTmp) > (uint32_t)(__NVIC_PRIO_BITS)) ? (uint32_t)(__NV
1895:Drivers/CMSIS/Include/core_cm4.h ****   SubPriorityBits     = ((PriorityGroupTmp + (uint32_t)(__NVIC_PRIO_BITS)) < (uint32_t)7UL) ? (uint
1896:Drivers/CMSIS/Include/core_cm4.h **** 
1897:Drivers/CMSIS/Include/core_cm4.h ****   *pPreemptPriority = (Priority >> SubPriorityBits) & (uint32_t)((1UL << (PreemptPriorityBits)) - 1
1898:Drivers/CMSIS/Include/core_cm4.h ****   *pSubPriority     = (Priority                   ) & (uint32_t)((1UL << (SubPriorityBits    )) - 1
1899:Drivers/CMSIS/Include/core_cm4.h **** }
1900:Drivers/CMSIS/Include/core_cm4.h **** 
1901:Drivers/CMSIS/Include/core_cm4.h **** 
1902:Drivers/CMSIS/Include/core_cm4.h **** /**
1903:Drivers/CMSIS/Include/core_cm4.h ****   \brief   Set Interrupt Vector
1904:Drivers/CMSIS/Include/core_cm4.h ****   \details Sets an interrupt vector in SRAM based interrupt vector table.
1905:Drivers/CMSIS/Include/core_cm4.h ****            The interrupt number can be positive to specify a device specific interrupt,
1906:Drivers/CMSIS/Include/core_cm4.h ****            or negative to specify a processor exception.
1907:Drivers/CMSIS/Include/core_cm4.h ****            VTOR must been relocated to SRAM before.
1908:Drivers/CMSIS/Include/core_cm4.h ****   \param [in]   IRQn      Interrupt number
1909:Drivers/CMSIS/Include/core_cm4.h ****   \param [in]   vector    Address of interrupt handler function
1910:Drivers/CMSIS/Include/core_cm4.h ****  */
1911:Drivers/CMSIS/Include/core_cm4.h **** __STATIC_INLINE void __NVIC_SetVector(IRQn_Type IRQn, uint32_t vector)
ARM GAS  C:\Users\alireza\AppData\Local\Temp\ccw51SGa.s 			page 35


1912:Drivers/CMSIS/Include/core_cm4.h **** {
1913:Drivers/CMSIS/Include/core_cm4.h ****   uint32_t *vectors = (uint32_t *)SCB->VTOR;
1914:Drivers/CMSIS/Include/core_cm4.h ****   vectors[(int32_t)IRQn + NVIC_USER_IRQ_OFFSET] = vector;
1915:Drivers/CMSIS/Include/core_cm4.h ****   /* ARM Application Note 321 states that the M4 does not require the architectural barrier */
1916:Drivers/CMSIS/Include/core_cm4.h **** }
1917:Drivers/CMSIS/Include/core_cm4.h **** 
1918:Drivers/CMSIS/Include/core_cm4.h **** 
1919:Drivers/CMSIS/Include/core_cm4.h **** /**
1920:Drivers/CMSIS/Include/core_cm4.h ****   \brief   Get Interrupt Vector
1921:Drivers/CMSIS/Include/core_cm4.h ****   \details Reads an interrupt vector from interrupt vector table.
1922:Drivers/CMSIS/Include/core_cm4.h ****            The interrupt number can be positive to specify a device specific interrupt,
1923:Drivers/CMSIS/Include/core_cm4.h ****            or negative to specify a processor exception.
1924:Drivers/CMSIS/Include/core_cm4.h ****   \param [in]   IRQn      Interrupt number.
1925:Drivers/CMSIS/Include/core_cm4.h ****   \return                 Address of interrupt handler function
1926:Drivers/CMSIS/Include/core_cm4.h ****  */
1927:Drivers/CMSIS/Include/core_cm4.h **** __STATIC_INLINE uint32_t __NVIC_GetVector(IRQn_Type IRQn)
1928:Drivers/CMSIS/Include/core_cm4.h **** {
1929:Drivers/CMSIS/Include/core_cm4.h ****   uint32_t *vectors = (uint32_t *)SCB->VTOR;
1930:Drivers/CMSIS/Include/core_cm4.h ****   return vectors[(int32_t)IRQn + NVIC_USER_IRQ_OFFSET];
1931:Drivers/CMSIS/Include/core_cm4.h **** }
1932:Drivers/CMSIS/Include/core_cm4.h **** 
1933:Drivers/CMSIS/Include/core_cm4.h **** 
1934:Drivers/CMSIS/Include/core_cm4.h **** /**
1935:Drivers/CMSIS/Include/core_cm4.h ****   \brief   System Reset
1936:Drivers/CMSIS/Include/core_cm4.h ****   \details Initiates a system reset request to reset the MCU.
1937:Drivers/CMSIS/Include/core_cm4.h ****  */
1938:Drivers/CMSIS/Include/core_cm4.h **** __NO_RETURN __STATIC_INLINE void __NVIC_SystemReset(void)
1939:Drivers/CMSIS/Include/core_cm4.h **** {
  29              		.loc 2 1939 1 view -0
  30              		.cfi_startproc
  31              		@ Volatile: function does not return.
  32              		@ args = 0, pretend = 0, frame = 0
  33              		@ frame_needed = 0, uses_anonymous_args = 0
  34              		@ link register save eliminated.
1940:Drivers/CMSIS/Include/core_cm4.h ****   __DSB();                                                          /* Ensure all outstanding memor
  35              		.loc 2 1940 3 view .LVU1
  36              	.LBB22:
  37              	.LBI22:
  38              		.file 3 "Drivers/CMSIS/Include/cmsis_gcc.h"
   1:Drivers/CMSIS/Include/cmsis_gcc.h **** /**************************************************************************//**
   2:Drivers/CMSIS/Include/cmsis_gcc.h ****  * @file     cmsis_gcc.h
   3:Drivers/CMSIS/Include/cmsis_gcc.h ****  * @brief    CMSIS compiler GCC header file
   4:Drivers/CMSIS/Include/cmsis_gcc.h ****  * @version  V5.4.1
   5:Drivers/CMSIS/Include/cmsis_gcc.h ****  * @date     27. May 2021
   6:Drivers/CMSIS/Include/cmsis_gcc.h ****  ******************************************************************************/
   7:Drivers/CMSIS/Include/cmsis_gcc.h **** /*
   8:Drivers/CMSIS/Include/cmsis_gcc.h ****  * Copyright (c) 2009-2021 Arm Limited. All rights reserved.
   9:Drivers/CMSIS/Include/cmsis_gcc.h ****  *
  10:Drivers/CMSIS/Include/cmsis_gcc.h ****  * SPDX-License-Identifier: Apache-2.0
  11:Drivers/CMSIS/Include/cmsis_gcc.h ****  *
  12:Drivers/CMSIS/Include/cmsis_gcc.h ****  * Licensed under the Apache License, Version 2.0 (the License); you may
  13:Drivers/CMSIS/Include/cmsis_gcc.h ****  * not use this file except in compliance with the License.
  14:Drivers/CMSIS/Include/cmsis_gcc.h ****  * You may obtain a copy of the License at
  15:Drivers/CMSIS/Include/cmsis_gcc.h ****  *
  16:Drivers/CMSIS/Include/cmsis_gcc.h ****  * www.apache.org/licenses/LICENSE-2.0
  17:Drivers/CMSIS/Include/cmsis_gcc.h ****  *
  18:Drivers/CMSIS/Include/cmsis_gcc.h ****  * Unless required by applicable law or agreed to in writing, software
ARM GAS  C:\Users\alireza\AppData\Local\Temp\ccw51SGa.s 			page 36


  19:Drivers/CMSIS/Include/cmsis_gcc.h ****  * distributed under the License is distributed on an AS IS BASIS, WITHOUT
  20:Drivers/CMSIS/Include/cmsis_gcc.h ****  * WARRANTIES OR CONDITIONS OF ANY KIND, either express or implied.
  21:Drivers/CMSIS/Include/cmsis_gcc.h ****  * See the License for the specific language governing permissions and
  22:Drivers/CMSIS/Include/cmsis_gcc.h ****  * limitations under the License.
  23:Drivers/CMSIS/Include/cmsis_gcc.h ****  */
  24:Drivers/CMSIS/Include/cmsis_gcc.h **** 
  25:Drivers/CMSIS/Include/cmsis_gcc.h **** #ifndef __CMSIS_GCC_H
  26:Drivers/CMSIS/Include/cmsis_gcc.h **** #define __CMSIS_GCC_H
  27:Drivers/CMSIS/Include/cmsis_gcc.h **** 
  28:Drivers/CMSIS/Include/cmsis_gcc.h **** /* ignore some GCC warnings */
  29:Drivers/CMSIS/Include/cmsis_gcc.h **** #pragma GCC diagnostic push
  30:Drivers/CMSIS/Include/cmsis_gcc.h **** #pragma GCC diagnostic ignored "-Wsign-conversion"
  31:Drivers/CMSIS/Include/cmsis_gcc.h **** #pragma GCC diagnostic ignored "-Wconversion"
  32:Drivers/CMSIS/Include/cmsis_gcc.h **** #pragma GCC diagnostic ignored "-Wunused-parameter"
  33:Drivers/CMSIS/Include/cmsis_gcc.h **** 
  34:Drivers/CMSIS/Include/cmsis_gcc.h **** /* Fallback for __has_builtin */
  35:Drivers/CMSIS/Include/cmsis_gcc.h **** #ifndef __has_builtin
  36:Drivers/CMSIS/Include/cmsis_gcc.h ****   #define __has_builtin(x) (0)
  37:Drivers/CMSIS/Include/cmsis_gcc.h **** #endif
  38:Drivers/CMSIS/Include/cmsis_gcc.h **** 
  39:Drivers/CMSIS/Include/cmsis_gcc.h **** /* CMSIS compiler specific defines */
  40:Drivers/CMSIS/Include/cmsis_gcc.h **** #ifndef   __ASM
  41:Drivers/CMSIS/Include/cmsis_gcc.h ****   #define __ASM                                  __asm
  42:Drivers/CMSIS/Include/cmsis_gcc.h **** #endif
  43:Drivers/CMSIS/Include/cmsis_gcc.h **** #ifndef   __INLINE
  44:Drivers/CMSIS/Include/cmsis_gcc.h ****   #define __INLINE                               inline
  45:Drivers/CMSIS/Include/cmsis_gcc.h **** #endif
  46:Drivers/CMSIS/Include/cmsis_gcc.h **** #ifndef   __STATIC_INLINE
  47:Drivers/CMSIS/Include/cmsis_gcc.h ****   #define __STATIC_INLINE                        static inline
  48:Drivers/CMSIS/Include/cmsis_gcc.h **** #endif
  49:Drivers/CMSIS/Include/cmsis_gcc.h **** #ifndef   __STATIC_FORCEINLINE
  50:Drivers/CMSIS/Include/cmsis_gcc.h ****   #define __STATIC_FORCEINLINE                   __attribute__((always_inline)) static inline
  51:Drivers/CMSIS/Include/cmsis_gcc.h **** #endif
  52:Drivers/CMSIS/Include/cmsis_gcc.h **** #ifndef   __NO_RETURN
  53:Drivers/CMSIS/Include/cmsis_gcc.h ****   #define __NO_RETURN                            __attribute__((__noreturn__))
  54:Drivers/CMSIS/Include/cmsis_gcc.h **** #endif
  55:Drivers/CMSIS/Include/cmsis_gcc.h **** #ifndef   __USED
  56:Drivers/CMSIS/Include/cmsis_gcc.h ****   #define __USED                                 __attribute__((used))
  57:Drivers/CMSIS/Include/cmsis_gcc.h **** #endif
  58:Drivers/CMSIS/Include/cmsis_gcc.h **** #ifndef   __WEAK
  59:Drivers/CMSIS/Include/cmsis_gcc.h ****   #define __WEAK                                 __attribute__((weak))
  60:Drivers/CMSIS/Include/cmsis_gcc.h **** #endif
  61:Drivers/CMSIS/Include/cmsis_gcc.h **** #ifndef   __PACKED
  62:Drivers/CMSIS/Include/cmsis_gcc.h ****   #define __PACKED                               __attribute__((packed, aligned(1)))
  63:Drivers/CMSIS/Include/cmsis_gcc.h **** #endif
  64:Drivers/CMSIS/Include/cmsis_gcc.h **** #ifndef   __PACKED_STRUCT
  65:Drivers/CMSIS/Include/cmsis_gcc.h ****   #define __PACKED_STRUCT                        struct __attribute__((packed, aligned(1)))
  66:Drivers/CMSIS/Include/cmsis_gcc.h **** #endif
  67:Drivers/CMSIS/Include/cmsis_gcc.h **** #ifndef   __PACKED_UNION
  68:Drivers/CMSIS/Include/cmsis_gcc.h ****   #define __PACKED_UNION                         union __attribute__((packed, aligned(1)))
  69:Drivers/CMSIS/Include/cmsis_gcc.h **** #endif
  70:Drivers/CMSIS/Include/cmsis_gcc.h **** #ifndef   __UNALIGNED_UINT32        /* deprecated */
  71:Drivers/CMSIS/Include/cmsis_gcc.h ****   #pragma GCC diagnostic push
  72:Drivers/CMSIS/Include/cmsis_gcc.h ****   #pragma GCC diagnostic ignored "-Wpacked"
  73:Drivers/CMSIS/Include/cmsis_gcc.h ****   #pragma GCC diagnostic ignored "-Wattributes"
  74:Drivers/CMSIS/Include/cmsis_gcc.h ****   struct __attribute__((packed)) T_UINT32 { uint32_t v; };
  75:Drivers/CMSIS/Include/cmsis_gcc.h ****   #pragma GCC diagnostic pop
ARM GAS  C:\Users\alireza\AppData\Local\Temp\ccw51SGa.s 			page 37


  76:Drivers/CMSIS/Include/cmsis_gcc.h ****   #define __UNALIGNED_UINT32(x)                  (((struct T_UINT32 *)(x))->v)
  77:Drivers/CMSIS/Include/cmsis_gcc.h **** #endif
  78:Drivers/CMSIS/Include/cmsis_gcc.h **** #ifndef   __UNALIGNED_UINT16_WRITE
  79:Drivers/CMSIS/Include/cmsis_gcc.h ****   #pragma GCC diagnostic push
  80:Drivers/CMSIS/Include/cmsis_gcc.h ****   #pragma GCC diagnostic ignored "-Wpacked"
  81:Drivers/CMSIS/Include/cmsis_gcc.h ****   #pragma GCC diagnostic ignored "-Wattributes"
  82:Drivers/CMSIS/Include/cmsis_gcc.h ****   __PACKED_STRUCT T_UINT16_WRITE { uint16_t v; };
  83:Drivers/CMSIS/Include/cmsis_gcc.h ****   #pragma GCC diagnostic pop
  84:Drivers/CMSIS/Include/cmsis_gcc.h ****   #define __UNALIGNED_UINT16_WRITE(addr, val)    (void)((((struct T_UINT16_WRITE *)(void *)(addr))-
  85:Drivers/CMSIS/Include/cmsis_gcc.h **** #endif
  86:Drivers/CMSIS/Include/cmsis_gcc.h **** #ifndef   __UNALIGNED_UINT16_READ
  87:Drivers/CMSIS/Include/cmsis_gcc.h ****   #pragma GCC diagnostic push
  88:Drivers/CMSIS/Include/cmsis_gcc.h ****   #pragma GCC diagnostic ignored "-Wpacked"
  89:Drivers/CMSIS/Include/cmsis_gcc.h ****   #pragma GCC diagnostic ignored "-Wattributes"
  90:Drivers/CMSIS/Include/cmsis_gcc.h ****   __PACKED_STRUCT T_UINT16_READ { uint16_t v; };
  91:Drivers/CMSIS/Include/cmsis_gcc.h ****   #pragma GCC diagnostic pop
  92:Drivers/CMSIS/Include/cmsis_gcc.h ****   #define __UNALIGNED_UINT16_READ(addr)          (((const struct T_UINT16_READ *)(const void *)(add
  93:Drivers/CMSIS/Include/cmsis_gcc.h **** #endif
  94:Drivers/CMSIS/Include/cmsis_gcc.h **** #ifndef   __UNALIGNED_UINT32_WRITE
  95:Drivers/CMSIS/Include/cmsis_gcc.h ****   #pragma GCC diagnostic push
  96:Drivers/CMSIS/Include/cmsis_gcc.h ****   #pragma GCC diagnostic ignored "-Wpacked"
  97:Drivers/CMSIS/Include/cmsis_gcc.h ****   #pragma GCC diagnostic ignored "-Wattributes"
  98:Drivers/CMSIS/Include/cmsis_gcc.h ****   __PACKED_STRUCT T_UINT32_WRITE { uint32_t v; };
  99:Drivers/CMSIS/Include/cmsis_gcc.h ****   #pragma GCC diagnostic pop
 100:Drivers/CMSIS/Include/cmsis_gcc.h ****   #define __UNALIGNED_UINT32_WRITE(addr, val)    (void)((((struct T_UINT32_WRITE *)(void *)(addr))-
 101:Drivers/CMSIS/Include/cmsis_gcc.h **** #endif
 102:Drivers/CMSIS/Include/cmsis_gcc.h **** #ifndef   __UNALIGNED_UINT32_READ
 103:Drivers/CMSIS/Include/cmsis_gcc.h ****   #pragma GCC diagnostic push
 104:Drivers/CMSIS/Include/cmsis_gcc.h ****   #pragma GCC diagnostic ignored "-Wpacked"
 105:Drivers/CMSIS/Include/cmsis_gcc.h ****   #pragma GCC diagnostic ignored "-Wattributes"
 106:Drivers/CMSIS/Include/cmsis_gcc.h ****   __PACKED_STRUCT T_UINT32_READ { uint32_t v; };
 107:Drivers/CMSIS/Include/cmsis_gcc.h ****   #pragma GCC diagnostic pop
 108:Drivers/CMSIS/Include/cmsis_gcc.h ****   #define __UNALIGNED_UINT32_READ(addr)          (((const struct T_UINT32_READ *)(const void *)(add
 109:Drivers/CMSIS/Include/cmsis_gcc.h **** #endif
 110:Drivers/CMSIS/Include/cmsis_gcc.h **** #ifndef   __ALIGNED
 111:Drivers/CMSIS/Include/cmsis_gcc.h ****   #define __ALIGNED(x)                           __attribute__((aligned(x)))
 112:Drivers/CMSIS/Include/cmsis_gcc.h **** #endif
 113:Drivers/CMSIS/Include/cmsis_gcc.h **** #ifndef   __RESTRICT
 114:Drivers/CMSIS/Include/cmsis_gcc.h ****   #define __RESTRICT                             __restrict
 115:Drivers/CMSIS/Include/cmsis_gcc.h **** #endif
 116:Drivers/CMSIS/Include/cmsis_gcc.h **** #ifndef   __COMPILER_BARRIER
 117:Drivers/CMSIS/Include/cmsis_gcc.h ****   #define __COMPILER_BARRIER()                   __ASM volatile("":::"memory")
 118:Drivers/CMSIS/Include/cmsis_gcc.h **** #endif
 119:Drivers/CMSIS/Include/cmsis_gcc.h **** 
 120:Drivers/CMSIS/Include/cmsis_gcc.h **** /* #########################  Startup and Lowlevel Init  ######################## */
 121:Drivers/CMSIS/Include/cmsis_gcc.h **** 
 122:Drivers/CMSIS/Include/cmsis_gcc.h **** #ifndef __PROGRAM_START
 123:Drivers/CMSIS/Include/cmsis_gcc.h **** 
 124:Drivers/CMSIS/Include/cmsis_gcc.h **** /**
 125:Drivers/CMSIS/Include/cmsis_gcc.h ****   \brief   Initializes data and bss sections
 126:Drivers/CMSIS/Include/cmsis_gcc.h ****   \details This default implementations initialized all data and additional bss
 127:Drivers/CMSIS/Include/cmsis_gcc.h ****            sections relying on .copy.table and .zero.table specified properly
 128:Drivers/CMSIS/Include/cmsis_gcc.h ****            in the used linker script.
 129:Drivers/CMSIS/Include/cmsis_gcc.h **** 
 130:Drivers/CMSIS/Include/cmsis_gcc.h ****  */
 131:Drivers/CMSIS/Include/cmsis_gcc.h **** __STATIC_FORCEINLINE __NO_RETURN void __cmsis_start(void)
 132:Drivers/CMSIS/Include/cmsis_gcc.h **** {
ARM GAS  C:\Users\alireza\AppData\Local\Temp\ccw51SGa.s 			page 38


 133:Drivers/CMSIS/Include/cmsis_gcc.h ****   extern void _start(void) __NO_RETURN;
 134:Drivers/CMSIS/Include/cmsis_gcc.h **** 
 135:Drivers/CMSIS/Include/cmsis_gcc.h ****   typedef struct {
 136:Drivers/CMSIS/Include/cmsis_gcc.h ****     uint32_t const* src;
 137:Drivers/CMSIS/Include/cmsis_gcc.h ****     uint32_t* dest;
 138:Drivers/CMSIS/Include/cmsis_gcc.h ****     uint32_t  wlen;
 139:Drivers/CMSIS/Include/cmsis_gcc.h ****   } __copy_table_t;
 140:Drivers/CMSIS/Include/cmsis_gcc.h **** 
 141:Drivers/CMSIS/Include/cmsis_gcc.h ****   typedef struct {
 142:Drivers/CMSIS/Include/cmsis_gcc.h ****     uint32_t* dest;
 143:Drivers/CMSIS/Include/cmsis_gcc.h ****     uint32_t  wlen;
 144:Drivers/CMSIS/Include/cmsis_gcc.h ****   } __zero_table_t;
 145:Drivers/CMSIS/Include/cmsis_gcc.h **** 
 146:Drivers/CMSIS/Include/cmsis_gcc.h ****   extern const __copy_table_t __copy_table_start__;
 147:Drivers/CMSIS/Include/cmsis_gcc.h ****   extern const __copy_table_t __copy_table_end__;
 148:Drivers/CMSIS/Include/cmsis_gcc.h ****   extern const __zero_table_t __zero_table_start__;
 149:Drivers/CMSIS/Include/cmsis_gcc.h ****   extern const __zero_table_t __zero_table_end__;
 150:Drivers/CMSIS/Include/cmsis_gcc.h **** 
 151:Drivers/CMSIS/Include/cmsis_gcc.h ****   for (__copy_table_t const* pTable = &__copy_table_start__; pTable < &__copy_table_end__; ++pTable
 152:Drivers/CMSIS/Include/cmsis_gcc.h ****     for(uint32_t i=0u; i<pTable->wlen; ++i) {
 153:Drivers/CMSIS/Include/cmsis_gcc.h ****       pTable->dest[i] = pTable->src[i];
 154:Drivers/CMSIS/Include/cmsis_gcc.h ****     }
 155:Drivers/CMSIS/Include/cmsis_gcc.h ****   }
 156:Drivers/CMSIS/Include/cmsis_gcc.h **** 
 157:Drivers/CMSIS/Include/cmsis_gcc.h ****   for (__zero_table_t const* pTable = &__zero_table_start__; pTable < &__zero_table_end__; ++pTable
 158:Drivers/CMSIS/Include/cmsis_gcc.h ****     for(uint32_t i=0u; i<pTable->wlen; ++i) {
 159:Drivers/CMSIS/Include/cmsis_gcc.h ****       pTable->dest[i] = 0u;
 160:Drivers/CMSIS/Include/cmsis_gcc.h ****     }
 161:Drivers/CMSIS/Include/cmsis_gcc.h ****   }
 162:Drivers/CMSIS/Include/cmsis_gcc.h **** 
 163:Drivers/CMSIS/Include/cmsis_gcc.h ****   _start();
 164:Drivers/CMSIS/Include/cmsis_gcc.h **** }
 165:Drivers/CMSIS/Include/cmsis_gcc.h **** 
 166:Drivers/CMSIS/Include/cmsis_gcc.h **** #define __PROGRAM_START           __cmsis_start
 167:Drivers/CMSIS/Include/cmsis_gcc.h **** #endif
 168:Drivers/CMSIS/Include/cmsis_gcc.h **** 
 169:Drivers/CMSIS/Include/cmsis_gcc.h **** #ifndef __INITIAL_SP
 170:Drivers/CMSIS/Include/cmsis_gcc.h **** #define __INITIAL_SP              __StackTop
 171:Drivers/CMSIS/Include/cmsis_gcc.h **** #endif
 172:Drivers/CMSIS/Include/cmsis_gcc.h **** 
 173:Drivers/CMSIS/Include/cmsis_gcc.h **** #ifndef __STACK_LIMIT
 174:Drivers/CMSIS/Include/cmsis_gcc.h **** #define __STACK_LIMIT             __StackLimit
 175:Drivers/CMSIS/Include/cmsis_gcc.h **** #endif
 176:Drivers/CMSIS/Include/cmsis_gcc.h **** 
 177:Drivers/CMSIS/Include/cmsis_gcc.h **** #ifndef __VECTOR_TABLE
 178:Drivers/CMSIS/Include/cmsis_gcc.h **** #define __VECTOR_TABLE            __Vectors
 179:Drivers/CMSIS/Include/cmsis_gcc.h **** #endif
 180:Drivers/CMSIS/Include/cmsis_gcc.h **** 
 181:Drivers/CMSIS/Include/cmsis_gcc.h **** #ifndef __VECTOR_TABLE_ATTRIBUTE
 182:Drivers/CMSIS/Include/cmsis_gcc.h **** #define __VECTOR_TABLE_ATTRIBUTE  __attribute__((used, section(".vectors")))
 183:Drivers/CMSIS/Include/cmsis_gcc.h **** #endif
 184:Drivers/CMSIS/Include/cmsis_gcc.h **** 
 185:Drivers/CMSIS/Include/cmsis_gcc.h **** #if defined (__ARM_FEATURE_CMSE) && (__ARM_FEATURE_CMSE == 3U)
 186:Drivers/CMSIS/Include/cmsis_gcc.h **** #ifndef __STACK_SEAL
 187:Drivers/CMSIS/Include/cmsis_gcc.h **** #define __STACK_SEAL              __StackSeal
 188:Drivers/CMSIS/Include/cmsis_gcc.h **** #endif
 189:Drivers/CMSIS/Include/cmsis_gcc.h **** 
ARM GAS  C:\Users\alireza\AppData\Local\Temp\ccw51SGa.s 			page 39


 190:Drivers/CMSIS/Include/cmsis_gcc.h **** #ifndef __TZ_STACK_SEAL_SIZE
 191:Drivers/CMSIS/Include/cmsis_gcc.h **** #define __TZ_STACK_SEAL_SIZE      8U
 192:Drivers/CMSIS/Include/cmsis_gcc.h **** #endif
 193:Drivers/CMSIS/Include/cmsis_gcc.h **** 
 194:Drivers/CMSIS/Include/cmsis_gcc.h **** #ifndef __TZ_STACK_SEAL_VALUE
 195:Drivers/CMSIS/Include/cmsis_gcc.h **** #define __TZ_STACK_SEAL_VALUE     0xFEF5EDA5FEF5EDA5ULL
 196:Drivers/CMSIS/Include/cmsis_gcc.h **** #endif
 197:Drivers/CMSIS/Include/cmsis_gcc.h **** 
 198:Drivers/CMSIS/Include/cmsis_gcc.h **** 
 199:Drivers/CMSIS/Include/cmsis_gcc.h **** __STATIC_FORCEINLINE void __TZ_set_STACKSEAL_S (uint32_t* stackTop) {
 200:Drivers/CMSIS/Include/cmsis_gcc.h ****   *((uint64_t *)stackTop) = __TZ_STACK_SEAL_VALUE;
 201:Drivers/CMSIS/Include/cmsis_gcc.h **** }
 202:Drivers/CMSIS/Include/cmsis_gcc.h **** #endif
 203:Drivers/CMSIS/Include/cmsis_gcc.h **** 
 204:Drivers/CMSIS/Include/cmsis_gcc.h **** 
 205:Drivers/CMSIS/Include/cmsis_gcc.h **** /* ##########################  Core Instruction Access  ######################### */
 206:Drivers/CMSIS/Include/cmsis_gcc.h **** /** \defgroup CMSIS_Core_InstructionInterface CMSIS Core Instruction Interface
 207:Drivers/CMSIS/Include/cmsis_gcc.h ****   Access to dedicated instructions
 208:Drivers/CMSIS/Include/cmsis_gcc.h ****   @{
 209:Drivers/CMSIS/Include/cmsis_gcc.h **** */
 210:Drivers/CMSIS/Include/cmsis_gcc.h **** 
 211:Drivers/CMSIS/Include/cmsis_gcc.h **** /* Define macros for porting to both thumb1 and thumb2.
 212:Drivers/CMSIS/Include/cmsis_gcc.h ****  * For thumb1, use low register (r0-r7), specified by constraint "l"
 213:Drivers/CMSIS/Include/cmsis_gcc.h ****  * Otherwise, use general registers, specified by constraint "r" */
 214:Drivers/CMSIS/Include/cmsis_gcc.h **** #if defined (__thumb__) && !defined (__thumb2__)
 215:Drivers/CMSIS/Include/cmsis_gcc.h **** #define __CMSIS_GCC_OUT_REG(r) "=l" (r)
 216:Drivers/CMSIS/Include/cmsis_gcc.h **** #define __CMSIS_GCC_RW_REG(r) "+l" (r)
 217:Drivers/CMSIS/Include/cmsis_gcc.h **** #define __CMSIS_GCC_USE_REG(r) "l" (r)
 218:Drivers/CMSIS/Include/cmsis_gcc.h **** #else
 219:Drivers/CMSIS/Include/cmsis_gcc.h **** #define __CMSIS_GCC_OUT_REG(r) "=r" (r)
 220:Drivers/CMSIS/Include/cmsis_gcc.h **** #define __CMSIS_GCC_RW_REG(r) "+r" (r)
 221:Drivers/CMSIS/Include/cmsis_gcc.h **** #define __CMSIS_GCC_USE_REG(r) "r" (r)
 222:Drivers/CMSIS/Include/cmsis_gcc.h **** #endif
 223:Drivers/CMSIS/Include/cmsis_gcc.h **** 
 224:Drivers/CMSIS/Include/cmsis_gcc.h **** /**
 225:Drivers/CMSIS/Include/cmsis_gcc.h ****   \brief   No Operation
 226:Drivers/CMSIS/Include/cmsis_gcc.h ****   \details No Operation does nothing. This instruction can be used for code alignment purposes.
 227:Drivers/CMSIS/Include/cmsis_gcc.h ****  */
 228:Drivers/CMSIS/Include/cmsis_gcc.h **** #define __NOP()                             __ASM volatile ("nop")
 229:Drivers/CMSIS/Include/cmsis_gcc.h **** 
 230:Drivers/CMSIS/Include/cmsis_gcc.h **** /**
 231:Drivers/CMSIS/Include/cmsis_gcc.h ****   \brief   Wait For Interrupt
 232:Drivers/CMSIS/Include/cmsis_gcc.h ****   \details Wait For Interrupt is a hint instruction that suspends execution until one of a number o
 233:Drivers/CMSIS/Include/cmsis_gcc.h ****  */
 234:Drivers/CMSIS/Include/cmsis_gcc.h **** #define __WFI()                             __ASM volatile ("wfi":::"memory")
 235:Drivers/CMSIS/Include/cmsis_gcc.h **** 
 236:Drivers/CMSIS/Include/cmsis_gcc.h **** 
 237:Drivers/CMSIS/Include/cmsis_gcc.h **** /**
 238:Drivers/CMSIS/Include/cmsis_gcc.h ****   \brief   Wait For Event
 239:Drivers/CMSIS/Include/cmsis_gcc.h ****   \details Wait For Event is a hint instruction that permits the processor to enter
 240:Drivers/CMSIS/Include/cmsis_gcc.h ****            a low-power state until one of a number of events occurs.
 241:Drivers/CMSIS/Include/cmsis_gcc.h ****  */
 242:Drivers/CMSIS/Include/cmsis_gcc.h **** #define __WFE()                             __ASM volatile ("wfe":::"memory")
 243:Drivers/CMSIS/Include/cmsis_gcc.h **** 
 244:Drivers/CMSIS/Include/cmsis_gcc.h **** 
 245:Drivers/CMSIS/Include/cmsis_gcc.h **** /**
 246:Drivers/CMSIS/Include/cmsis_gcc.h ****   \brief   Send Event
ARM GAS  C:\Users\alireza\AppData\Local\Temp\ccw51SGa.s 			page 40


 247:Drivers/CMSIS/Include/cmsis_gcc.h ****   \details Send Event is a hint instruction. It causes an event to be signaled to the CPU.
 248:Drivers/CMSIS/Include/cmsis_gcc.h ****  */
 249:Drivers/CMSIS/Include/cmsis_gcc.h **** #define __SEV()                             __ASM volatile ("sev")
 250:Drivers/CMSIS/Include/cmsis_gcc.h **** 
 251:Drivers/CMSIS/Include/cmsis_gcc.h **** 
 252:Drivers/CMSIS/Include/cmsis_gcc.h **** /**
 253:Drivers/CMSIS/Include/cmsis_gcc.h ****   \brief   Instruction Synchronization Barrier
 254:Drivers/CMSIS/Include/cmsis_gcc.h ****   \details Instruction Synchronization Barrier flushes the pipeline in the processor,
 255:Drivers/CMSIS/Include/cmsis_gcc.h ****            so that all instructions following the ISB are fetched from cache or memory,
 256:Drivers/CMSIS/Include/cmsis_gcc.h ****            after the instruction has been completed.
 257:Drivers/CMSIS/Include/cmsis_gcc.h ****  */
 258:Drivers/CMSIS/Include/cmsis_gcc.h **** __STATIC_FORCEINLINE void __ISB(void)
 259:Drivers/CMSIS/Include/cmsis_gcc.h **** {
 260:Drivers/CMSIS/Include/cmsis_gcc.h ****   __ASM volatile ("isb 0xF":::"memory");
 261:Drivers/CMSIS/Include/cmsis_gcc.h **** }
 262:Drivers/CMSIS/Include/cmsis_gcc.h **** 
 263:Drivers/CMSIS/Include/cmsis_gcc.h **** 
 264:Drivers/CMSIS/Include/cmsis_gcc.h **** /**
 265:Drivers/CMSIS/Include/cmsis_gcc.h ****   \brief   Data Synchronization Barrier
 266:Drivers/CMSIS/Include/cmsis_gcc.h ****   \details Acts as a special kind of Data Memory Barrier.
 267:Drivers/CMSIS/Include/cmsis_gcc.h ****            It completes when all explicit memory accesses before this instruction complete.
 268:Drivers/CMSIS/Include/cmsis_gcc.h ****  */
 269:Drivers/CMSIS/Include/cmsis_gcc.h **** __STATIC_FORCEINLINE void __DSB(void)
  39              		.loc 3 269 27 view .LVU2
  40              	.LBB23:
 270:Drivers/CMSIS/Include/cmsis_gcc.h **** {
 271:Drivers/CMSIS/Include/cmsis_gcc.h ****   __ASM volatile ("dsb 0xF":::"memory");
  41              		.loc 3 271 3 view .LVU3
  42              		.syntax unified
  43              	@ 271 "Drivers/CMSIS/Include/cmsis_gcc.h" 1
  44 0000 BFF34F8F 		dsb 0xF
  45              	@ 0 "" 2
  46              		.thumb
  47              		.syntax unified
  48              	.LBE23:
  49              	.LBE22:
1941:Drivers/CMSIS/Include/core_cm4.h ****                                                                        buffered write are completed
1942:Drivers/CMSIS/Include/core_cm4.h ****   SCB->AIRCR  = (uint32_t)((0x5FAUL << SCB_AIRCR_VECTKEY_Pos)    |
  50              		.loc 2 1942 3 view .LVU4
1943:Drivers/CMSIS/Include/core_cm4.h ****                            (SCB->AIRCR & SCB_AIRCR_PRIGROUP_Msk) |
  51              		.loc 2 1943 32 is_stmt 0 view .LVU5
  52 0004 0549     		ldr	r1, .L3
  53 0006 CA68     		ldr	r2, [r1, #12]
  54              		.loc 2 1943 40 view .LVU6
  55 0008 02F4E062 		and	r2, r2, #1792
1942:Drivers/CMSIS/Include/core_cm4.h ****                            (SCB->AIRCR & SCB_AIRCR_PRIGROUP_Msk) |
  56              		.loc 2 1942 17 view .LVU7
  57 000c 044B     		ldr	r3, .L3+4
  58 000e 1343     		orrs	r3, r3, r2
1942:Drivers/CMSIS/Include/core_cm4.h ****                            (SCB->AIRCR & SCB_AIRCR_PRIGROUP_Msk) |
  59              		.loc 2 1942 15 view .LVU8
  60 0010 CB60     		str	r3, [r1, #12]
1944:Drivers/CMSIS/Include/core_cm4.h ****                             SCB_AIRCR_SYSRESETREQ_Msk    );         /* Keep priority group unchange
1945:Drivers/CMSIS/Include/core_cm4.h ****   __DSB();                                                          /* Ensure completion of memory 
  61              		.loc 2 1945 3 is_stmt 1 view .LVU9
  62              	.LBB24:
  63              	.LBI24:
ARM GAS  C:\Users\alireza\AppData\Local\Temp\ccw51SGa.s 			page 41


 269:Drivers/CMSIS/Include/cmsis_gcc.h **** {
  64              		.loc 3 269 27 view .LVU10
  65              	.LBB25:
  66              		.loc 3 271 3 view .LVU11
  67              		.syntax unified
  68              	@ 271 "Drivers/CMSIS/Include/cmsis_gcc.h" 1
  69 0012 BFF34F8F 		dsb 0xF
  70              	@ 0 "" 2
  71              		.thumb
  72              		.syntax unified
  73              	.L2:
  74              	.LBE25:
  75              	.LBE24:
1946:Drivers/CMSIS/Include/core_cm4.h **** 
1947:Drivers/CMSIS/Include/core_cm4.h ****   for(;;)                                                           /* wait until reset */
  76              		.loc 2 1947 3 view .LVU12
1948:Drivers/CMSIS/Include/core_cm4.h ****   {
1949:Drivers/CMSIS/Include/core_cm4.h ****     __NOP();
  77              		.loc 2 1949 5 discriminator 1 view .LVU13
  78              		.syntax unified
  79              	@ 1949 "Drivers/CMSIS/Include/core_cm4.h" 1
  80 0016 00BF     		nop
  81              	@ 0 "" 2
1947:Drivers/CMSIS/Include/core_cm4.h ****   {
  82              		.loc 2 1947 3 view .LVU14
  83              		.thumb
  84              		.syntax unified
  85 0018 FDE7     		b	.L2
  86              	.L4:
  87 001a 00BF     		.align	2
  88              	.L3:
  89 001c 00ED00E0 		.word	-536810240
  90 0020 0400FA05 		.word	100270084
  91              		.cfi_endproc
  92              	.LFE121:
  94              		.section	.text.task_long_routines,"ax",%progbits
  95              		.align	1
  96              		.global	task_long_routines
  97              		.syntax unified
  98              		.thumb
  99              		.thumb_func
 101              	task_long_routines:
 102              	.LFB247:
   1:controller/controller.c **** #include "controller.h"
   2:controller/controller.c **** 
   3:controller/controller.c **** /**
   4:controller/controller.c **** 
   5:controller/controller.c **** 
   6:controller/controller.c ****  * @bug make composite trigger logger work
   7:controller/controller.c ****  * @bug etb 1 watchdog seems to not work!
   8:controller/controller.c ****  * @bug add all the curves to ts and make sure they are correct
   9:controller/controller.c ****  * @bug gas valve stays on after sync loss
  10:controller/controller.c ****  */
  11:controller/controller.c **** 
  12:controller/controller.c **** static bool controller_initialized = false;
  13:controller/controller.c **** 
  14:controller/controller.c **** config_t config = {0};
ARM GAS  C:\Users\alireza\AppData\Local\Temp\ccw51SGa.s 			page 42


  15:controller/controller.c **** runtime_t runtime = {0};
  16:controller/controller.c **** diagnostics_config_t diagnostics_config = {0};
  17:controller/controller.c **** 
  18:controller/controller.c **** spinning_state_t diagnostic_spinning_state = 0;
  19:controller/controller.c **** governer_status_t diagnostic_governer_status = 0;
  20:controller/controller.c **** 
  21:controller/controller.c **** osMessageQueueId_t trigger_signal_queue_id = NULL;
  22:controller/controller.c **** static uint8_t trigger_queue_mem[FIRMWARE_TRIGGER_EVENT_QUEUE_DEPTH * sizeof(trigger_event_t)];
  23:controller/controller.c **** static uint8_t trigger_queue_cb[sizeof(StaticQueue_t)];
  24:controller/controller.c **** static const osMessageQueueAttr_t trigger_signal_queue_attr = {
  25:controller/controller.c ****     .name = "trigger queue",
  26:controller/controller.c ****     .cb_mem = trigger_queue_cb,
  27:controller/controller.c ****     .cb_size = sizeof(trigger_queue_cb),
  28:controller/controller.c ****     .mq_mem = trigger_queue_mem,
  29:controller/controller.c ****     .mq_size = sizeof(trigger_queue_mem)};
  30:controller/controller.c **** 
  31:controller/controller.c **** static osMessageQueueId_t controller_flags = NULL;
  32:controller/controller.c **** static uint8_t eventflags_controller_flags_cb[sizeof(StaticEventGroup_t)];
  33:controller/controller.c **** static const osEventFlagsAttr_t controller_flags_attr = {
  34:controller/controller.c ****     .name = "controller flags",
  35:controller/controller.c ****     .cb_mem = eventflags_controller_flags_cb,
  36:controller/controller.c ****     .cb_size = sizeof(eventflags_controller_flags_cb)};
  37:controller/controller.c **** 
  38:controller/controller.c **** static uint8_t task_trigger_driven_mem[4 * 1024];
  39:controller/controller.c **** static uint8_t task_trigger_driven_cb[sizeof(StaticTask_t)];
  40:controller/controller.c **** static const osThreadAttr_t task_trigger_driven_attr = {
  41:controller/controller.c ****     .name = "trigger driven",
  42:controller/controller.c ****     .cb_mem = task_trigger_driven_cb,
  43:controller/controller.c ****     .cb_size = sizeof(task_trigger_driven_cb),
  44:controller/controller.c ****     .stack_mem = task_trigger_driven_mem,
  45:controller/controller.c ****     .stack_size = sizeof(task_trigger_driven_mem),
  46:controller/controller.c ****     .priority = osPriorityHigh6};
  47:controller/controller.c **** void task_trigger_driven(void *arg);
  48:controller/controller.c **** 
  49:controller/controller.c **** static uint8_t task_controller_test_mem[512];
  50:controller/controller.c **** static uint8_t task_controller_test_cb[sizeof(StaticTask_t)];
  51:controller/controller.c **** static const osThreadAttr_t task_controller_test_attr = {
  52:controller/controller.c ****     .name = "controller test",
  53:controller/controller.c ****     .cb_mem = task_controller_test_cb,
  54:controller/controller.c ****     .cb_size = sizeof(task_controller_test_cb),
  55:controller/controller.c ****     .stack_mem = task_controller_test_mem,
  56:controller/controller.c ****     .stack_size = sizeof(task_controller_test_mem),
  57:controller/controller.c ****     .priority = osPriorityHigh7,
  58:controller/controller.c **** };
  59:controller/controller.c **** void task_controller_test(void *arg);
  60:controller/controller.c **** 
  61:controller/controller.c **** static uint8_t task_sensor_mem[1024];
  62:controller/controller.c **** static uint8_t task_sensor_cb[sizeof(StaticTask_t)];
  63:controller/controller.c **** static const osThreadAttr_t task_sensor_attr = {
  64:controller/controller.c ****     .name = "sensor_task",
  65:controller/controller.c ****     .cb_mem = task_sensor_cb,
  66:controller/controller.c ****     .cb_size = sizeof(task_sensor_cb),
  67:controller/controller.c ****     .stack_mem = task_sensor_mem,
  68:controller/controller.c ****     .stack_size = sizeof(task_sensor_mem),
  69:controller/controller.c ****     .priority = osPriorityHigh,
  70:controller/controller.c **** };
  71:controller/controller.c **** void task_sensor(void *arg);
ARM GAS  C:\Users\alireza\AppData\Local\Temp\ccw51SGa.s 			page 43


  72:controller/controller.c **** 
  73:controller/controller.c **** static uint8_t task_long_routines_mem[512];
  74:controller/controller.c **** static uint8_t task_long_routines_cb[sizeof(StaticTask_t)];
  75:controller/controller.c **** static const osThreadAttr_t task_long_routines_attr = {
  76:controller/controller.c ****     .name = "long_routines",
  77:controller/controller.c ****     .cb_mem = task_long_routines_cb,
  78:controller/controller.c ****     .cb_size = sizeof(task_long_routines_cb),
  79:controller/controller.c ****     .stack_mem = task_long_routines_mem,
  80:controller/controller.c ****     .stack_size = sizeof(task_long_routines_mem),
  81:controller/controller.c ****     .priority = osPriorityNormal,
  82:controller/controller.c **** };
  83:controller/controller.c **** void task_long_routines(void *arg);
  84:controller/controller.c **** 
  85:controller/controller.c **** static uint8_t task_updater_mem[1024];
  86:controller/controller.c **** static uint8_t task_updater_cb[sizeof(StaticTask_t)];
  87:controller/controller.c **** static const osThreadAttr_t task_updater_attr = {
  88:controller/controller.c ****     .name = "updater",
  89:controller/controller.c ****     .cb_mem = task_updater_cb,
  90:controller/controller.c ****     .cb_size = sizeof(task_updater_cb),
  91:controller/controller.c ****     .stack_mem = task_updater_mem,
  92:controller/controller.c ****     .stack_size = sizeof(task_updater_mem),
  93:controller/controller.c ****     .priority = osPriorityAboveNormal,
  94:controller/controller.c **** };
  95:controller/controller.c **** void task_updater(void *arg);
  96:controller/controller.c **** 
  97:controller/controller.c **** sensor_tps_t tps1 = {
  98:controller/controller.c ****     .config.status_bit = STATUS_TPS1_ERROR,
  99:controller/controller.c ****     .config.analog_channel = ANALOG_INPUT_ETB1_SENSE1,
 100:controller/controller.c ****     .config.fully_closed_adc_value = 1313,
 101:controller/controller.c ****     .config.fully_open_adc_value = 3017,
 102:controller/controller.c ****     .config.is_inverted = false};
 103:controller/controller.c **** sensor_tps_t tps2 = {
 104:controller/controller.c ****     .config.status_bit = STATUS_TPS2_ERROR,
 105:controller/controller.c ****     .config.analog_channel = ANALOG_INPUT_ETB2_SENSE1,
 106:controller/controller.c ****     .config.fully_closed_adc_value = 1313,
 107:controller/controller.c ****     .config.fully_open_adc_value = 3017,
 108:controller/controller.c ****     .config.is_inverted = false};
 109:controller/controller.c **** 
 110:controller/controller.c **** static electronic_throttle_t etb1 = {0};
 111:controller/controller.c **** static dc_motor_t etb1_motor = {0};
 112:controller/controller.c **** static pid_t etb1_pid = {0};
 113:controller/controller.c **** 
 114:controller/controller.c **** static electronic_throttle_t etb2 = {0};
 115:controller/controller.c **** static dc_motor_t etb2_motor = {0};
 116:controller/controller.c **** static pid_t etb2_pid = {0};
 117:controller/controller.c **** 
 118:controller/controller.c **** static thermistor_t sensor_clt = {0};
 119:controller/controller.c **** static thermistor_t sensor_iat = {0};
 120:controller/controller.c **** static sensor_map_t sensor_map = {0};
 121:controller/controller.c **** 
 122:controller/controller.c **** void controller_configuration_load_default()
 123:controller/controller.c **** {
 124:controller/controller.c ****   const float ve_table_fill_value = 80;
 125:controller/controller.c ****   const float ign_table_fill_value = 25;
 126:controller/controller.c ****   const float fuel_blend_table_fill_value = 100;
 127:controller/controller.c **** 
 128:controller/controller.c ****   // x_bins: RPM axis
ARM GAS  C:\Users\alireza\AppData\Local\Temp\ccw51SGa.s 			page 44


 129:controller/controller.c ****   for (size_t i = 0; i < TABLE_PRIMARY_SIZE_X; i++)
 130:controller/controller.c ****   {
 131:controller/controller.c ****     config.ve_table_1.x_bins[i] = i * FIRMWARE_LIMIT_MAX_RPM / TABLE_PRIMARY_SIZE_X;
 132:controller/controller.c ****     config.ve_table_2.x_bins[i] = i * FIRMWARE_LIMIT_MAX_RPM / TABLE_PRIMARY_SIZE_X;
 133:controller/controller.c ****     config.ign_table_1.x_bins[i] = i * FIRMWARE_LIMIT_MAX_RPM / TABLE_PRIMARY_SIZE_X;
 134:controller/controller.c ****     config.ign_table_2.x_bins[i] = i * FIRMWARE_LIMIT_MAX_RPM / TABLE_PRIMARY_SIZE_X;
 135:controller/controller.c ****     config.fuel_blend_table.x_bins[i] = i * FIRMWARE_LIMIT_MAX_RPM / TABLE_PRIMARY_SIZE_X;
 136:controller/controller.c ****   }
 137:controller/controller.c **** 
 138:controller/controller.c ****   // y_bins: MAP/load axis
 139:controller/controller.c ****   for (size_t i = 0; i < TABLE_PRIMARY_SIZE_Y; i++)
 140:controller/controller.c ****   {
 141:controller/controller.c ****     config.ve_table_1.y_bins[i] = i * FIRMWARE_LIMIT_MAX_MAP / TABLE_PRIMARY_SIZE_Y;
 142:controller/controller.c ****     config.ve_table_2.y_bins[i] = i * FIRMWARE_LIMIT_MAX_MAP / TABLE_PRIMARY_SIZE_Y;
 143:controller/controller.c ****     config.ign_table_1.y_bins[i] = i * FIRMWARE_LIMIT_MAX_MAP / TABLE_PRIMARY_SIZE_Y;
 144:controller/controller.c ****     config.ign_table_2.y_bins[i] = i * FIRMWARE_LIMIT_MAX_MAP / TABLE_PRIMARY_SIZE_Y;
 145:controller/controller.c ****     config.fuel_blend_table.y_bins[i] = i * FIRMWARE_LIMIT_MAX_MAP / TABLE_PRIMARY_SIZE_Y;
 146:controller/controller.c ****   }
 147:controller/controller.c **** 
 148:controller/controller.c ****   for (size_t i = 0; i < TABLE_PRIMARY_SIZE_X; i++)
 149:controller/controller.c ****   {
 150:controller/controller.c ****     for (size_t j = 0; j < TABLE_PRIMARY_SIZE_Y; j++)
 151:controller/controller.c ****     {
 152:controller/controller.c ****       config.ve_table_1.data[i][j] = ve_table_fill_value;
 153:controller/controller.c ****       config.ve_table_2.data[i][j] = ve_table_fill_value;
 154:controller/controller.c ****       config.ign_table_1.data[i][j] = ign_table_fill_value;
 155:controller/controller.c ****       config.ign_table_2.data[i][j] = ign_table_fill_value;
 156:controller/controller.c ****       config.fuel_blend_table.data[i][j] = fuel_blend_table_fill_value;
 157:controller/controller.c ****     }
 158:controller/controller.c ****   }
 159:controller/controller.c **** 
 160:controller/controller.c ****   for (size_t i = 0; i < TABLE_PRIMARY_SIZE_X; i++)
 161:controller/controller.c ****   {
 162:controller/controller.c ****     config.accel_enrichment_tps_table.data[i] = 0;
 163:controller/controller.c ****     config.accel_enrichment_tps_table.x_bins[i] = (float)((i - (TABLE_PRIMARY_SIZE_X / 2)) / (TABLE
 164:controller/controller.c ****     config.accel_enrichment_map_table.data[i] = 0;
 165:controller/controller.c ****     config.accel_enrichment_map_table.x_bins[i] = (float)((i - (TABLE_PRIMARY_SIZE_X / 2)) / (TABLE
 166:controller/controller.c ****   }
 167:controller/controller.c **** 
 168:controller/controller.c ****   for (size_t i = 0; i < TABLE_PRIMARY_SIZE_X; i++)
 169:controller/controller.c ****   {
 170:controller/controller.c ****     config.clt_based_advance_correction_table.data[i] = 0;
 171:controller/controller.c ****     config.clt_based_fuel_correction_table_gas.data[i] = 0;
 172:controller/controller.c ****     config.clt_based_fuel_correction_table_petrol.data[i] = 0;
 173:controller/controller.c ****     float x = mapf((float)i, 0, TABLE_PRIMARY_SIZE_X - 1, FIRMWARE_LIMIT_MIN_TEMP, FIRMWARE_LIMIT_M
 174:controller/controller.c ****     config.clt_based_advance_correction_table.x_bins[i] = x;
 175:controller/controller.c ****     config.clt_based_fuel_correction_table_gas.x_bins[i] = x;
 176:controller/controller.c ****     config.clt_based_fuel_correction_table_petrol.x_bins[i] = x;
 177:controller/controller.c ****   }
 178:controller/controller.c **** 
 179:controller/controller.c ****   config.cranking_rpm_threshold = 400.0f;
 180:controller/controller.c ****   config.cranking_advance = 10.0f;
 181:controller/controller.c ****   config.cranking_throttle = 15.0f;
 182:controller/controller.c ****   config.trigger_offset_deg = 114.0f;
 183:controller/controller.c **** 
 184:controller/controller.c ****   config.ignition_dwell = 4.0f;
 185:controller/controller.c ****   config.ignition_fixed_timing_advance = 25.0f;
ARM GAS  C:\Users\alireza\AppData\Local\Temp\ccw51SGa.s 			page 45


 186:controller/controller.c ****   config.multi_spark_rpm_threshold = 2000.0;
 187:controller/controller.c ****   config.multi_spark_rest_time_ms = 0.2f;
 188:controller/controller.c ****   config.multi_spark_max_trailing_angle = 15.0f;
 189:controller/controller.c **** 
 190:controller/controller.c ****   config.stoich_afr_gas = 12.0;
 191:controller/controller.c ****   config.stoich_afr_petrol = 14.0;
 192:controller/controller.c **** 
 193:controller/controller.c ****   config.gas_control_etb_flowrate_grams_per_sec = 8.6f;
 194:controller/controller.c ****   config.gas_reference_pressure = 2.0f;
 195:controller/controller.c ****   config.gas_priming_time_sec = 2.0f;
 196:controller/controller.c ****   config.gas_control_etb_priming_position_percent = 20.0f;
 197:controller/controller.c ****   config.petrol_priming_time_sec = 5.0f;
 198:controller/controller.c **** 
 199:controller/controller.c ****   config.injection_end_of_injection_angle = 180.0f;
 200:controller/controller.c ****   config.injector_flow_rate_cc_per_min = 250.0f;
 201:controller/controller.c **** 
 202:controller/controller.c ****   config.governer_target_rpm = 1500.0f;
 203:controller/controller.c ****   config.governer_idle_rpm = 850.0f;
 204:controller/controller.c ****   config.governer_pid_parameters.Kp = 0.01f;
 205:controller/controller.c ****   config.governer_pid_parameters.Ki = 0.005f;
 206:controller/controller.c ****   config.governer_pid_parameters.Kd = 0.001f;
 207:controller/controller.c ****   config.governer_pid_parameters.limit_integrator_max = 100.0f;
 208:controller/controller.c ****   config.governer_pid_parameters.limit_integrator_min = -100.0f;
 209:controller/controller.c ****   config.governer_pid_parameters.derivative_filter_tau = 0.01f;
 210:controller/controller.c **** 
 211:controller/controller.c ****   
 212:controller/controller.c ****   config.etb1_pid_parameters.Kp = 7.5f;
 213:controller/controller.c ****   config.etb1_pid_parameters.Ki = 5.0f;
 214:controller/controller.c ****   config.etb1_pid_parameters.Kd = 0.01f;
 215:controller/controller.c ****   config.etb1_pid_parameters.limit_integrator_min = -100.0f;
 216:controller/controller.c ****   config.etb1_pid_parameters.limit_integrator_max = 100.0f;
 217:controller/controller.c ****   config.etb1_pid_parameters.derivative_filter_tau = 0.01f;
 218:controller/controller.c ****   config.etb1_end_of_travel_duty_cycle_limit_upper = 70.0f;
 219:controller/controller.c ****   config.etb1_end_of_travel_duty_cycle_limit_lower = 70.0f;
 220:controller/controller.c **** 
 221:controller/controller.c ****   config.etb2_pid_parameters.Kp = 7.5f;
 222:controller/controller.c ****   config.etb2_pid_parameters.Ki = 5.0f;
 223:controller/controller.c ****   config.etb2_pid_parameters.Kd = 0.01f;
 224:controller/controller.c ****   config.etb2_pid_parameters.limit_integrator_min = -100.0f;
 225:controller/controller.c ****   config.etb2_pid_parameters.limit_integrator_max = 100.0f;
 226:controller/controller.c ****   config.etb2_pid_parameters.derivative_filter_tau = 0.01f;
 227:controller/controller.c ****   config.etb2_end_of_travel_duty_cycle_limit_upper = 70.0f;
 228:controller/controller.c ****   config.etb2_end_of_travel_duty_cycle_limit_lower = 70.0f;
 229:controller/controller.c **** 
 230:controller/controller.c ****   config.protection_clt_shutdown_temprature = 110.0f;
 231:controller/controller.c ****   config.protection_clt_load_disconnect_enabled = 105.0f;
 232:controller/controller.c ****   config.fan1_on_temp = 84.0f;
 233:controller/controller.c ****   config.fan1_off_temp = 80.0f;
 234:controller/controller.c ****   config.fan2_on_temp = 88.0f;
 235:controller/controller.c ****   config.fan2_off_temp = 84.0f;
 236:controller/controller.c **** 
 237:controller/controller.c ****   config.rev_limit = 2500;
 238:controller/controller.c ****   config.rev_limit_hystersis = 500;
 239:controller/controller.c ****   config.engine_displacement_cc = 2400;
 240:controller/controller.c **** 
 241:controller/controller.c ****   config.tps1_calib_wide_open_throttle_adc_value = 3817;
 242:controller/controller.c ****   config.tps1_calib_closed_throttle_adc_value = 417;
ARM GAS  C:\Users\alireza\AppData\Local\Temp\ccw51SGa.s 			page 46


 243:controller/controller.c ****   config.tps2_calib_wide_open_throttle_adc_value = 3817;
 244:controller/controller.c ****   config.tps2_calib_closed_throttle_adc_value = 417;
 245:controller/controller.c **** 
 246:controller/controller.c ****   config.firing_order = FO_1342;
 247:controller/controller.c ****   config.fuel_type = FUEL_TYPE_GAS;
 248:controller/controller.c ****   config.trigger_crank_type = TRIGGER_WHEEL_TYPE_CRANK_58_TOOTH_2_MISSING;
 249:controller/controller.c ****   config.trigger_crank_filtering = TRIGGER_FILTERING_NONE;
 250:controller/controller.c ****   config.trigger_cam_type = TRIGGER_WHEEL_TYPE_CAM_NO_WHEEL;
 251:controller/controller.c ****   config.trigger_cam_filtering = TRIGGER_FILTERING_NONE;
 252:controller/controller.c ****   config.trigger_cam_enabled = false;
 253:controller/controller.c **** 
 254:controller/controller.c ****   config.injection_mode = INJECTION_MODE_NO_FUEL_INJECTION;
 255:controller/controller.c ****   config.ignition_mode = IGNITION_MODE_WASTED_SPARK;
 256:controller/controller.c ****   config.ignition_fixed_timing_enabled = false;
 257:controller/controller.c **** 
 258:controller/controller.c ****   config.multi_spark_enabled = false;
 259:controller/controller.c ****   config.multi_spark_number_of_sparks = 3;
 260:controller/controller.c **** 
 261:controller/controller.c ****   config.tps1_calib_is_inverted = false;
 262:controller/controller.c ****   config.tps2_calib_is_inverted = false;
 263:controller/controller.c ****   config.tps1_type = SENSOR_TPS_TYPE_SAMAND_ETB;
 264:controller/controller.c ****   config.tps2_type = SENSOR_TPS_TYPE_SAMAND_ETB;
 265:controller/controller.c **** 
 266:controller/controller.c ****   config.sensor_clt_type = SENSOR_CLT_TYPE_NISSAN;
 267:controller/controller.c ****   config.sensor_iat_type = SENSOR_IAT_TYPE_BOSCH_816;
 268:controller/controller.c ****   config.sensor_map_type = SENSOR_MAP_TYPE_BOSCH_816;
 269:controller/controller.c **** 
 270:controller/controller.c ****   config.protection_oil_pressure_time = 3;
 271:controller/controller.c ****   config.protection_oil_pressure_enabled = false;
 272:controller/controller.c ****   config.protection_clt_enabled = false;
 273:controller/controller.c ****   config.protection_clt_load_disconnect_enabled = false;
 274:controller/controller.c **** 
 275:controller/controller.c ****   config.etb1_enabled = true;
 276:controller/controller.c ****   config.etb2_enabled = true;
 277:controller/controller.c ****   config.etb1_motor_inverted = false;
 278:controller/controller.c ****   config.etb2_motor_inverted = false;
 279:controller/controller.c ****   config.etb1_end_of_travel_duty_cycle_limit_enabled = false;
 280:controller/controller.c ****   config.etb2_end_of_travel_duty_cycle_limit_enabled = false;
 281:controller/controller.c **** 
 282:controller/controller.c ****   config.fan1_enabled = true;
 283:controller/controller.c ****   config.fan2_enabled = true;
 284:controller/controller.c **** 
 285:controller/controller.c ****   diagnostics_config.timing_light_enabled = false;
 286:controller/controller.c ****   diagnostics_config.trigger_light_enabled = false;
 287:controller/controller.c **** }
 288:controller/controller.c **** 
 289:controller/controller.c **** void controller_init()
 290:controller/controller.c **** {
 291:controller/controller.c **** 
 292:controller/controller.c ****   /* Initialize engine stats to 0 */
 293:controller/controller.c ****   memset(&runtime, 0, sizeof(runtime));
 294:controller/controller.c ****   memset(&config, 0, sizeof(config));
 295:controller/controller.c **** 
 296:controller/controller.c ****   if (EE_Init(&config, sizeof(config_t)) != true)
 297:controller/controller.c ****   {
 298:controller/controller.c ****     controller_configuration_load_default();
 299:controller/controller.c ****     log_error("Not able to init eeprom");
ARM GAS  C:\Users\alireza\AppData\Local\Temp\ccw51SGa.s 			page 47


 300:controller/controller.c ****   }
 301:controller/controller.c ****   controller_load_configuration();
 302:controller/controller.c **** 
 303:controller/controller.c ****   /* Start controller timing */
 304:controller/controller.c ****   controller_timing_start(&htim2);
 305:controller/controller.c **** 
 306:controller/controller.c ****   controller_flags = osEventFlagsNew(&controller_flags_attr);
 307:controller/controller.c ****   if (controller_flags == NULL)
 308:controller/controller.c ****   {
 309:controller/controller.c ****     /**
 310:controller/controller.c ****      * @todo add proper handling here
 311:controller/controller.c ****      */
 312:controller/controller.c ****     __NOP();
 313:controller/controller.c ****   }
 314:controller/controller.c **** 
 315:controller/controller.c ****   /* Init analog inputs*/
 316:controller/controller.c ****   analog_inputs_init(&hadc1, &htim5);
 317:controller/controller.c **** 
 318:controller/controller.c ****   if (config.trigger_cam_enabled)
 319:controller/controller.c ****     trigger_camshaft_init(config.trigger_cam_type, &config.trigger_cam_filtering);
 320:controller/controller.c **** 
 321:controller/controller.c ****   trigger_crankshaft_init(config.trigger_crank_type);
 322:controller/controller.c ****   trigger_signal_queue_id = osMessageQueueNew(FIRMWARE_TRIGGER_EVENT_QUEUE_DEPTH, sizeof(trigger_ev
 323:controller/controller.c ****   if (trigger_signal_queue_id == NULL)
 324:controller/controller.c ****   {
 325:controller/controller.c ****     /**
 326:controller/controller.c ****      * @todo add proper handling here
 327:controller/controller.c ****      */
 328:controller/controller.c ****   }
 329:controller/controller.c ****   osThreadNew(task_trigger_driven, NULL, &task_trigger_driven_attr);
 330:controller/controller.c **** 
 331:controller/controller.c ****   /* Initialize analog sensors BEGIN*/
 332:controller/controller.c **** 
 333:controller/controller.c ****   sensor_tps_init(&tps1, STATUS_TPS1_ERROR);
 334:controller/controller.c ****   sensor_tps_init(&tps2, STATUS_TPS2_ERROR);
 335:controller/controller.c **** 
 336:controller/controller.c ****   /* CLT */
 337:controller/controller.c ****   sensor_clt_init(&sensor_clt, config.sensor_clt_type);
 338:controller/controller.c **** 
 339:controller/controller.c ****   /* IAT */
 340:controller/controller.c ****   sensor_iat_init(&sensor_iat, config.sensor_iat_type);
 341:controller/controller.c **** 
 342:controller/controller.c ****   /* MAP */
 343:controller/controller.c ****   sensor_map_init(&sensor_map, config.sensor_map_type);
 344:controller/controller.c **** 
 345:controller/controller.c ****   /* Initialize analog sensors END*/
 346:controller/controller.c **** 
 347:controller/controller.c ****   fuel_math_use_tps_map_sensors(&tps1, &sensor_map);
 348:controller/controller.c **** 
 349:controller/controller.c ****   /* Initialize ignition */
 350:controller/controller.c **** 
 351:controller/controller.c ****   ignition_init();
 352:controller/controller.c ****   injection_init();
 353:controller/controller.c **** 
 354:controller/controller.c ****   osDelay(500);
 355:controller/controller.c ****   // Electronic Throttle Body 1
 356:controller/controller.c ****   if (config.etb1_enabled)
ARM GAS  C:\Users\alireza\AppData\Local\Temp\ccw51SGa.s 			page 48


 357:controller/controller.c ****   {
 358:controller/controller.c ****     if (config.etb1_motor_inverted)
 359:controller/controller.c ****     {
 360:controller/controller.c ****       dc_motor_init(&etb1_motor, &htim3, TIM_CHANNEL_4, TIM_CHANNEL_3, 20000);
 361:controller/controller.c ****     }
 362:controller/controller.c ****     else
 363:controller/controller.c ****     {
 364:controller/controller.c ****       dc_motor_init(&etb1_motor, &htim3, TIM_CHANNEL_3, TIM_CHANNEL_4, 20000);
 365:controller/controller.c ****     }
 366:controller/controller.c **** 
 367:controller/controller.c ****     pid_init(&etb1_pid, &config.etb1_pid_parameters);
 368:controller/controller.c ****     electronic_throttle_init(&etb1, &etb1_pid, &tps1, &etb1_motor, &config.etb1_feedforward_table, 
 369:controller/controller.c **** 
 370:controller/controller.c ****     if (config.etb1_end_of_travel_duty_cycle_limit_enabled)
 371:controller/controller.c ****     {
 372:controller/controller.c ****       electronic_throttle_enable_end_of_travel_protection(&etb1, (percent_t)config.etb1_end_of_trav
 373:controller/controller.c ****     }
 374:controller/controller.c ****     electronic_throttle_set(&etb1, config.cranking_throttle);
 375:controller/controller.c ****     /* Init governer */
 376:controller/controller.c ****     if (config.etb1_enabled)
 377:controller/controller.c ****     {
 378:controller/controller.c ****       governer_init(&etb1, &config.governer_pid_parameters);
 379:controller/controller.c ****     }
 380:controller/controller.c ****   }
 381:controller/controller.c ****   if (config.etb2_enabled)
 382:controller/controller.c ****   {
 383:controller/controller.c **** 
 384:controller/controller.c ****     if (config.etb2_motor_inverted)
 385:controller/controller.c ****     {
 386:controller/controller.c ****       dc_motor_init(&etb2_motor, &htim3, TIM_CHANNEL_2, TIM_CHANNEL_1, 20000);
 387:controller/controller.c ****     }
 388:controller/controller.c ****     else
 389:controller/controller.c ****     {
 390:controller/controller.c ****       dc_motor_init(&etb2_motor, &htim3, TIM_CHANNEL_1, TIM_CHANNEL_2, 20000);
 391:controller/controller.c ****     }
 392:controller/controller.c **** 
 393:controller/controller.c ****     pid_init(&etb2_pid, &config.etb2_pid_parameters);
 394:controller/controller.c ****     electronic_throttle_init(&etb2, &etb2_pid, &tps2, &etb2_motor, &config.etb2_feedforward_table, 
 395:controller/controller.c ****     if (config.etb2_end_of_travel_duty_cycle_limit_enabled)
 396:controller/controller.c ****     {
 397:controller/controller.c ****       electronic_throttle_enable_end_of_travel_protection(&etb2, (percent_t)config.etb2_end_of_trav
 398:controller/controller.c ****     }
 399:controller/controller.c ****     electronic_throttle_set(&etb2, 0);
 400:controller/controller.c **** 
 401:controller/controller.c ****     gas_injection_init(&etb2);
 402:controller/controller.c ****   }
 403:controller/controller.c ****   protections_init(&etb1);
 404:controller/controller.c ****   comms_init();
 405:controller/controller.c **** 
 406:controller/controller.c ****   osThreadNew(task_updater, NULL, &task_updater_attr);
 407:controller/controller.c ****   osThreadNew(task_controller_test, NULL, &task_controller_test_attr);
 408:controller/controller.c ****   osThreadNew(task_sensor, NULL, &task_sensor_attr);
 409:controller/controller.c ****   osThreadNew(task_long_routines, NULL, &task_long_routines_attr);
 410:controller/controller.c **** 
 411:controller/controller.c ****   osEventFlagsSet(controller_flags, CONTROLLER_FLAG_INIT_DONE);
 412:controller/controller.c **** }
 413:controller/controller.c **** 
ARM GAS  C:\Users\alireza\AppData\Local\Temp\ccw51SGa.s 			page 49


 414:controller/controller.c **** void controller_load_configuration()
 415:controller/controller.c **** {
 416:controller/controller.c ****   EE_Read();
 417:controller/controller.c ****   // Validate loaded data (checksum)
 418:controller/controller.c **** }
 419:controller/controller.c **** 
 420:controller/controller.c **** bool controller_save_configuration()
 421:controller/controller.c **** {
 422:controller/controller.c ****   bool state = false;
 423:controller/controller.c ****   state = EE_Write();
 424:controller/controller.c ****   return state;
 425:controller/controller.c **** }
 426:controller/controller.c **** 
 427:controller/controller.c **** void task_long_routines(void *arg)
 428:controller/controller.c **** {
 103              		.loc 1 428 1 view -0
 104              		.cfi_startproc
 105              		@ Volatile: function does not return.
 106              		@ args = 0, pretend = 0, frame = 0
 107              		@ frame_needed = 0, uses_anonymous_args = 0
 108              	.LVL0:
 109              		.loc 1 428 1 is_stmt 0 view .LVU16
 110 0000 08B5     		push	{r3, lr}
 111              		.cfi_def_cfa_offset 8
 112              		.cfi_offset 3, -8
 113              		.cfi_offset 14, -4
 114              	.LVL1:
 115              	.L6:
 429:controller/controller.c ****   // uint32_t next_routine_time_ticks = 1000;
 430:controller/controller.c ****   for (;;)
 116              		.loc 1 430 3 is_stmt 1 view .LVU17
 431:controller/controller.c ****   {
 432:controller/controller.c ****     runtime.seconds = get_time_ms() / 1000;
 117              		.loc 1 432 5 view .LVU18
 118              		.loc 1 432 23 is_stmt 0 view .LVU19
 119 0002 FFF7FEFF 		bl	get_time_ms
 120              	.LVL2:
 121              		.loc 1 432 37 discriminator 1 view .LVU20
 122 0006 094B     		ldr	r3, .L8
 123 0008 A3FB0030 		umull	r3, r0, r3, r0
 124 000c 8009     		lsrs	r0, r0, #6
 125              		.loc 1 432 21 discriminator 1 view .LVU21
 126 000e 084B     		ldr	r3, .L8+4
 127 0010 D860     		str	r0, [r3, #12]
 433:controller/controller.c ****     fan_control_update();
 128              		.loc 1 433 5 is_stmt 1 view .LVU22
 129 0012 FFF7FEFF 		bl	fan_control_update
 130              	.LVL3:
 434:controller/controller.c ****     HAL_GPIO_TogglePin(LED_GPIO_Port, LED_Pin);
 131              		.loc 1 434 5 view .LVU23
 132 0016 4FF40051 		mov	r1, #8192
 133 001a 0648     		ldr	r0, .L8+8
 134 001c FFF7FEFF 		bl	HAL_GPIO_TogglePin
 135              	.LVL4:
 435:controller/controller.c ****     osDelay(1000);
 136              		.loc 1 435 5 discriminator 1 view .LVU24
 137 0020 4FF47A70 		mov	r0, #1000
ARM GAS  C:\Users\alireza\AppData\Local\Temp\ccw51SGa.s 			page 50


 138 0024 FFF7FEFF 		bl	osDelay
 139              	.LVL5:
 430:controller/controller.c ****   {
 140              		.loc 1 430 3 view .LVU25
 141 0028 EBE7     		b	.L6
 142              	.L9:
 143 002a 00BF     		.align	2
 144              	.L8:
 145 002c D34D6210 		.word	274877907
 146 0030 00000000 		.word	runtime
 147 0034 00080240 		.word	1073874944
 148              		.cfi_endproc
 149              	.LFE247:
 151              		.section	.text.task_sensor,"ax",%progbits
 152              		.align	1
 153              		.global	task_sensor
 154              		.syntax unified
 155              		.thumb
 156              		.thumb_func
 158              	task_sensor:
 159              	.LFB249:
 436:controller/controller.c ****   }
 437:controller/controller.c **** }
 438:controller/controller.c **** 
 439:controller/controller.c **** void controller_analog_inputs_read_callback()
 440:controller/controller.c **** {
 441:controller/controller.c ****   osEventFlagsSet(controller_flags, CONTROLLER_FLAG_ANALOG_DATA_AVAILABLE);
 442:controller/controller.c **** }
 443:controller/controller.c **** 
 444:controller/controller.c **** void task_sensor(void *arg)
 445:controller/controller.c **** {
 160              		.loc 1 445 1 view -0
 161              		.cfi_startproc
 162              		@ args = 0, pretend = 0, frame = 0
 163              		@ frame_needed = 0, uses_anonymous_args = 0
 164              	.LVL6:
 165              		.loc 1 445 1 is_stmt 0 view .LVU27
 166 0000 70B5     		push	{r4, r5, r6, lr}
 167              		.cfi_def_cfa_offset 16
 168              		.cfi_offset 4, -16
 169              		.cfi_offset 5, -12
 170              		.cfi_offset 6, -8
 171              		.cfi_offset 14, -4
 172 0002 18E0     		b	.L17
 173              	.LVL7:
 174              	.L11:
 175              	.LBB26:
 446:controller/controller.c ****   for (;;)
 447:controller/controller.c ****   {
 448:controller/controller.c ****     osEventFlagsWait(controller_flags, CONTROLLER_FLAG_ANALOG_DATA_AVAILABLE ^ CONTROLLER_FLAG_INIT
 449:controller/controller.c ****     osEventFlagsClear(controller_flags, CONTROLLER_FLAG_ANALOG_DATA_AVAILABLE);
 450:controller/controller.c **** 
 451:controller/controller.c ****     time_us_t timestamp = get_time_us();
 452:controller/controller.c ****     sensor_tps_update(&tps1, timestamp);
 453:controller/controller.c ****     sensor_tps_update(&tps2, timestamp);
 454:controller/controller.c ****     sensor_map_update(timestamp);
 455:controller/controller.c ****     sensor_iat_update();
ARM GAS  C:\Users\alireza\AppData\Local\Temp\ccw51SGa.s 			page 51


 456:controller/controller.c ****     sensor_clt_update();
 457:controller/controller.c ****     sensor_ops_update(timestamp);
 458:controller/controller.c ****     vbat_update();
 459:controller/controller.c **** 
 460:controller/controller.c ****     runtime.tps1 = sensor_tps_get(&tps1);
 461:controller/controller.c ****     runtime.tps2 = sensor_tps_get(&tps2);
 462:controller/controller.c ****     runtime.tps1_dot = sensor_tps_rate_of_change_get(&tps1);
 463:controller/controller.c ****     runtime.map_dot = sensor_map_rate_of_change_get(&sensor_map);
 464:controller/controller.c ****     runtime.lambda = 1;
 465:controller/controller.c ****     runtime.dwell_actual = ignition_dwell_get();
 466:controller/controller.c ****     runtime.clt_degc = sensor_clt_get();
 467:controller/controller.c ****     runtime.iat_degc = sensor_iat_get();
 468:controller/controller.c ****     runtime.map_kpa = sensor_map_get();
 469:controller/controller.c ****     runtime.egt_degc = sensor_egt_get();
 470:controller/controller.c ****     runtime.vbatt_volts = vbat_get();
 471:controller/controller.c ****     runtime.ignition_advance_deg = ignition_get_advance();
 472:controller/controller.c ****     runtime.etb1_target = etb1.target_position;
 473:controller/controller.c ****     runtime.etb1_motor_effort = etb1.motor->current_direction ? (float)-1 * (float)(etb1.motor->cur
 176              		.loc 1 473 137 discriminator 2 view .LVU28
 177 0004 5B7D     		ldrb	r3, [r3, #21]	@ zero_extendqisi2
 178 0006 07EE903A 		vmov	s15, r3	@ int
 179              		.loc 1 473 117 discriminator 2 view .LVU29
 180 000a F8EE677A 		vcvt.f32.u32	s15, s15
 181 000e 79E0     		b	.L12
 182              	.L13:
 474:controller/controller.c ****     runtime.etb2_target = etb2.target_position;
 475:controller/controller.c ****     runtime.etb2_motor_effort = etb2.motor->current_direction ? (float)-1 * (float)(etb2.motor->cur
 183              		.loc 1 475 137 discriminator 2 view .LVU30
 184 0010 5B7D     		ldrb	r3, [r3, #21]	@ zero_extendqisi2
 185 0012 07EE903A 		vmov	s15, r3	@ int
 186              		.loc 1 475 117 discriminator 2 view .LVU31
 187 0016 F8EE677A 		vcvt.f32.u32	s15, s15
 188 001a 85E0     		b	.L14
 189              	.LVL8:
 190              	.L15:
 191              	.LBB27:
 192              	.LBB28:
 193              		.file 4 "controller/utils/utils.h"
   1:controller/utils/utils.h **** /**
   2:controller/utils/utils.h ****  * @file utils.h
   3:controller/utils/utils.h ****  * @brief Header file containing utility functions and definitions for the smart generator controll
   4:controller/utils/utils.h ****  *
   5:controller/utils/utils.h ****  * This file provides declarations for utility functions and macros that are
   6:controller/utils/utils.h ****  * used throughout the firmware to support various functionalities.
   7:controller/utils/utils.h ****  *
   8:controller/utils/utils.h ****  * @note Ensure that this file is included wherever utility functions are required.
   9:controller/utils/utils.h ****  */
  10:controller/utils/utils.h **** #ifndef UTILS_H
  11:controller/utils/utils.h **** #define UTILS_H
  12:controller/utils/utils.h **** 
  13:controller/utils/utils.h **** #include "types.h"
  14:controller/utils/utils.h **** #include "math.h"
  15:controller/utils/utils.h **** 
  16:controller/utils/utils.h **** #define PI 3.14159265358979323846f
  17:controller/utils/utils.h **** #define IS_IN_RANGE(value, min, max) ((value) >= (min) && (value) <= (max))
  18:controller/utils/utils.h **** #define ABS(value) ((value) < 0 ? -(value) : (value))
  19:controller/utils/utils.h **** #define CLAMP(value, min, max) ((value) < (min) ? (min) : ((value) > (max) ? (max) : (value)))
ARM GAS  C:\Users\alireza\AppData\Local\Temp\ccw51SGa.s 			page 52


  20:controller/utils/utils.h **** 
  21:controller/utils/utils.h **** #define SIZE_OF_ARRAY(arr) (sizeof(arr) / sizeof(arr[0]))
  22:controller/utils/utils.h **** 
  23:controller/utils/utils.h **** bool is_phase_in_range(float test, float current, float next);
  24:controller/utils/utils.h **** 
  25:controller/utils/utils.h **** size_t nearest_index_float(const float *arr, size_t size, float target);
  26:controller/utils/utils.h **** size_t nearest_index_u8(const uint8_t *arr, size_t size, uint8_t target);
  27:controller/utils/utils.h **** size_t nearest_index_u16(const uint16_t *arr, size_t size, uint16_t target);
  28:controller/utils/utils.h **** size_t nearest_index_u32(const uint32_t *arr, size_t size, uint32_t target);
  29:controller/utils/utils.h **** 
  30:controller/utils/utils.h **** static inline void change_bit(uint32_t *var, uint8_t bit, bool state)
  31:controller/utils/utils.h **** {
  32:controller/utils/utils.h ****     if (bit > 31)
  33:controller/utils/utils.h ****     {
  34:controller/utils/utils.h ****         return;
  35:controller/utils/utils.h ****     }
  36:controller/utils/utils.h ****     if (state)
  37:controller/utils/utils.h ****     {
  38:controller/utils/utils.h ****         *var |= (1u << bit);
  39:controller/utils/utils.h ****     }
  40:controller/utils/utils.h ****     else
  41:controller/utils/utils.h ****     {
  42:controller/utils/utils.h ****         *var &= ~(1u << bit);
 194              		.loc 4 42 9 is_stmt 1 view .LVU32
 195 001c 4A4A     		ldr	r2, .L19
 196 001e 1368     		ldr	r3, [r2]
 197              		.loc 4 42 14 is_stmt 0 view .LVU33
 198 0020 23F48063 		bic	r3, r3, #1024
 199 0024 1360     		str	r3, [r2]
 200              	.L16:
 201              	.LVL9:
 202              		.loc 4 42 14 view .LVU34
 203              	.LBE28:
 204              	.LBE27:
 476:controller/controller.c **** 
 477:controller/controller.c ****     change_bit(&runtime.status, STATUS_GAS_SOLENOID_ON, output_get_state(&gas_solenoid_output));
 478:controller/controller.c ****     
 479:controller/controller.c ****     diagnostic_spinning_state = trigger_spinning_state_get();
 205              		.loc 1 479 5 is_stmt 1 view .LVU35
 206              		.loc 1 479 33 is_stmt 0 view .LVU36
 207 0026 FFF7FEFF 		bl	trigger_spinning_state_get
 208              	.LVL10:
 209              		.loc 1 479 31 discriminator 1 view .LVU37
 210 002a 484B     		ldr	r3, .L19+4
 211 002c 1870     		strb	r0, [r3]
 480:controller/controller.c ****     diagnostic_governer_status = governer_get_status();
 212              		.loc 1 480 5 is_stmt 1 view .LVU38
 213              		.loc 1 480 34 is_stmt 0 view .LVU39
 214 002e FFF7FEFF 		bl	governer_get_status
 215              	.LVL11:
 216              		.loc 1 480 32 discriminator 1 view .LVU40
 217 0032 474B     		ldr	r3, .L19+8
 218 0034 1870     		strb	r0, [r3]
 219              	.LBE26:
 446:controller/controller.c ****   {
 220              		.loc 1 446 3 is_stmt 1 view .LVU41
 221              	.LVL12:
ARM GAS  C:\Users\alireza\AppData\Local\Temp\ccw51SGa.s 			page 53


 222              	.L17:
 446:controller/controller.c ****   {
 223              		.loc 1 446 3 view .LVU42
 224              	.LBB31:
 448:controller/controller.c ****     osEventFlagsClear(controller_flags, CONTROLLER_FLAG_ANALOG_DATA_AVAILABLE);
 225              		.loc 1 448 5 view .LVU43
 226 0036 474C     		ldr	r4, .L19+12
 227 0038 4FF0FF33 		mov	r3, #-1
 228 003c 0022     		movs	r2, #0
 229 003e 0321     		movs	r1, #3
 230 0040 2068     		ldr	r0, [r4]
 231 0042 FFF7FEFF 		bl	osEventFlagsWait
 232              	.LVL13:
 449:controller/controller.c **** 
 233              		.loc 1 449 5 view .LVU44
 234 0046 0221     		movs	r1, #2
 235 0048 2068     		ldr	r0, [r4]
 236 004a FFF7FEFF 		bl	osEventFlagsClear
 237              	.LVL14:
 451:controller/controller.c ****     sensor_tps_update(&tps1, timestamp);
 238              		.loc 1 451 5 view .LVU45
 451:controller/controller.c ****     sensor_tps_update(&tps1, timestamp);
 239              		.loc 1 451 27 is_stmt 0 view .LVU46
 240 004e FFF7FEFF 		bl	get_time_us
 241              	.LVL15:
 242 0052 0446     		mov	r4, r0
 243              	.LVL16:
 452:controller/controller.c ****     sensor_tps_update(&tps2, timestamp);
 244              		.loc 1 452 5 is_stmt 1 view .LVU47
 245 0054 404D     		ldr	r5, .L19+16
 246 0056 0146     		mov	r1, r0
 247 0058 2846     		mov	r0, r5
 248              	.LVL17:
 452:controller/controller.c ****     sensor_tps_update(&tps2, timestamp);
 249              		.loc 1 452 5 is_stmt 0 view .LVU48
 250 005a FFF7FEFF 		bl	sensor_tps_update
 251              	.LVL18:
 453:controller/controller.c ****     sensor_map_update(timestamp);
 252              		.loc 1 453 5 is_stmt 1 view .LVU49
 253 005e 3F4E     		ldr	r6, .L19+20
 254 0060 2146     		mov	r1, r4
 255 0062 3046     		mov	r0, r6
 256 0064 FFF7FEFF 		bl	sensor_tps_update
 257              	.LVL19:
 454:controller/controller.c ****     sensor_iat_update();
 258              		.loc 1 454 5 view .LVU50
 259 0068 2046     		mov	r0, r4
 260 006a FFF7FEFF 		bl	sensor_map_update
 261              	.LVL20:
 455:controller/controller.c ****     sensor_clt_update();
 262              		.loc 1 455 5 view .LVU51
 263 006e FFF7FEFF 		bl	sensor_iat_update
 264              	.LVL21:
 456:controller/controller.c ****     sensor_ops_update(timestamp);
 265              		.loc 1 456 5 view .LVU52
 266 0072 FFF7FEFF 		bl	sensor_clt_update
 267              	.LVL22:
ARM GAS  C:\Users\alireza\AppData\Local\Temp\ccw51SGa.s 			page 54


 457:controller/controller.c ****     vbat_update();
 268              		.loc 1 457 5 view .LVU53
 269 0076 2046     		mov	r0, r4
 270 0078 FFF7FEFF 		bl	sensor_ops_update
 271              	.LVL23:
 458:controller/controller.c **** 
 272              		.loc 1 458 5 view .LVU54
 273 007c FFF7FEFF 		bl	vbat_update
 274              	.LVL24:
 460:controller/controller.c ****     runtime.tps2 = sensor_tps_get(&tps2);
 275              		.loc 1 460 5 view .LVU55
 460:controller/controller.c ****     runtime.tps2 = sensor_tps_get(&tps2);
 276              		.loc 1 460 20 is_stmt 0 view .LVU56
 277 0080 2846     		mov	r0, r5
 278 0082 FFF7FEFF 		bl	sensor_tps_get
 279              	.LVL25:
 460:controller/controller.c ****     runtime.tps2 = sensor_tps_get(&tps2);
 280              		.loc 1 460 18 discriminator 1 view .LVU57
 281 0086 304C     		ldr	r4, .L19
 282              	.LVL26:
 460:controller/controller.c ****     runtime.tps2 = sensor_tps_get(&tps2);
 283              		.loc 1 460 18 discriminator 1 view .LVU58
 284 0088 84ED0A0A 		vstr.32	s0, [r4, #40]
 461:controller/controller.c ****     runtime.tps1_dot = sensor_tps_rate_of_change_get(&tps1);
 285              		.loc 1 461 5 is_stmt 1 view .LVU59
 461:controller/controller.c ****     runtime.tps1_dot = sensor_tps_rate_of_change_get(&tps1);
 286              		.loc 1 461 20 is_stmt 0 view .LVU60
 287 008c 3046     		mov	r0, r6
 288 008e FFF7FEFF 		bl	sensor_tps_get
 289              	.LVL27:
 461:controller/controller.c ****     runtime.tps1_dot = sensor_tps_rate_of_change_get(&tps1);
 290              		.loc 1 461 18 discriminator 1 view .LVU61
 291 0092 84ED0B0A 		vstr.32	s0, [r4, #44]
 462:controller/controller.c ****     runtime.map_dot = sensor_map_rate_of_change_get(&sensor_map);
 292              		.loc 1 462 5 is_stmt 1 view .LVU62
 462:controller/controller.c ****     runtime.map_dot = sensor_map_rate_of_change_get(&sensor_map);
 293              		.loc 1 462 24 is_stmt 0 view .LVU63
 294 0096 2846     		mov	r0, r5
 295 0098 FFF7FEFF 		bl	sensor_tps_rate_of_change_get
 296              	.LVL28:
 462:controller/controller.c ****     runtime.map_dot = sensor_map_rate_of_change_get(&sensor_map);
 297              		.loc 1 462 22 discriminator 1 view .LVU64
 298 009c 84ED0C0A 		vstr.32	s0, [r4, #48]
 463:controller/controller.c ****     runtime.lambda = 1;
 299              		.loc 1 463 5 is_stmt 1 view .LVU65
 463:controller/controller.c ****     runtime.lambda = 1;
 300              		.loc 1 463 23 is_stmt 0 view .LVU66
 301 00a0 2F48     		ldr	r0, .L19+24
 302 00a2 FFF7FEFF 		bl	sensor_map_rate_of_change_get
 303              	.LVL29:
 463:controller/controller.c ****     runtime.lambda = 1;
 304              		.loc 1 463 21 discriminator 1 view .LVU67
 305 00a6 84ED0E0A 		vstr.32	s0, [r4, #56]
 464:controller/controller.c ****     runtime.dwell_actual = ignition_dwell_get();
 306              		.loc 1 464 5 is_stmt 1 view .LVU68
 464:controller/controller.c ****     runtime.dwell_actual = ignition_dwell_get();
 307              		.loc 1 464 20 is_stmt 0 view .LVU69
ARM GAS  C:\Users\alireza\AppData\Local\Temp\ccw51SGa.s 			page 55


 308 00aa 4FF07E53 		mov	r3, #1065353216
 309 00ae E364     		str	r3, [r4, #76]	@ float
 465:controller/controller.c ****     runtime.clt_degc = sensor_clt_get();
 310              		.loc 1 465 5 is_stmt 1 view .LVU70
 465:controller/controller.c ****     runtime.clt_degc = sensor_clt_get();
 311              		.loc 1 465 28 is_stmt 0 view .LVU71
 312 00b0 FFF7FEFF 		bl	ignition_dwell_get
 313              	.LVL30:
 465:controller/controller.c ****     runtime.clt_degc = sensor_clt_get();
 314              		.loc 1 465 26 discriminator 1 view .LVU72
 315 00b4 84ED1C0A 		vstr.32	s0, [r4, #112]
 466:controller/controller.c ****     runtime.iat_degc = sensor_iat_get();
 316              		.loc 1 466 5 is_stmt 1 view .LVU73
 466:controller/controller.c ****     runtime.iat_degc = sensor_iat_get();
 317              		.loc 1 466 24 is_stmt 0 view .LVU74
 318 00b8 FFF7FEFF 		bl	sensor_clt_get
 319              	.LVL31:
 466:controller/controller.c ****     runtime.iat_degc = sensor_iat_get();
 320              		.loc 1 466 22 discriminator 1 view .LVU75
 321 00bc 84ED100A 		vstr.32	s0, [r4, #64]
 467:controller/controller.c ****     runtime.map_kpa = sensor_map_get();
 322              		.loc 1 467 5 is_stmt 1 view .LVU76
 467:controller/controller.c ****     runtime.map_kpa = sensor_map_get();
 323              		.loc 1 467 24 is_stmt 0 view .LVU77
 324 00c0 FFF7FEFF 		bl	sensor_iat_get
 325              	.LVL32:
 467:controller/controller.c ****     runtime.map_kpa = sensor_map_get();
 326              		.loc 1 467 22 discriminator 1 view .LVU78
 327 00c4 84ED110A 		vstr.32	s0, [r4, #68]
 468:controller/controller.c ****     runtime.egt_degc = sensor_egt_get();
 328              		.loc 1 468 5 is_stmt 1 view .LVU79
 468:controller/controller.c ****     runtime.egt_degc = sensor_egt_get();
 329              		.loc 1 468 23 is_stmt 0 view .LVU80
 330 00c8 FFF7FEFF 		bl	sensor_map_get
 331              	.LVL33:
 468:controller/controller.c ****     runtime.egt_degc = sensor_egt_get();
 332              		.loc 1 468 21 discriminator 1 view .LVU81
 333 00cc 84ED0D0A 		vstr.32	s0, [r4, #52]
 469:controller/controller.c ****     runtime.vbatt_volts = vbat_get();
 334              		.loc 1 469 5 is_stmt 1 view .LVU82
 469:controller/controller.c ****     runtime.vbatt_volts = vbat_get();
 335              		.loc 1 469 24 is_stmt 0 view .LVU83
 336 00d0 FFF7FEFF 		bl	sensor_egt_get
 337              	.LVL34:
 469:controller/controller.c ****     runtime.vbatt_volts = vbat_get();
 338              		.loc 1 469 22 discriminator 1 view .LVU84
 339 00d4 84ED120A 		vstr.32	s0, [r4, #72]
 470:controller/controller.c ****     runtime.ignition_advance_deg = ignition_get_advance();
 340              		.loc 1 470 5 is_stmt 1 view .LVU85
 470:controller/controller.c ****     runtime.ignition_advance_deg = ignition_get_advance();
 341              		.loc 1 470 27 is_stmt 0 view .LVU86
 342 00d8 FFF7FEFF 		bl	vbat_get
 343              	.LVL35:
 470:controller/controller.c ****     runtime.ignition_advance_deg = ignition_get_advance();
 344              		.loc 1 470 25 discriminator 1 view .LVU87
 345 00dc 84ED150A 		vstr.32	s0, [r4, #84]
 471:controller/controller.c ****     runtime.etb1_target = etb1.target_position;
ARM GAS  C:\Users\alireza\AppData\Local\Temp\ccw51SGa.s 			page 56


 346              		.loc 1 471 5 is_stmt 1 view .LVU88
 471:controller/controller.c ****     runtime.etb1_target = etb1.target_position;
 347              		.loc 1 471 36 is_stmt 0 view .LVU89
 348 00e0 FFF7FEFF 		bl	ignition_get_advance
 349              	.LVL36:
 471:controller/controller.c ****     runtime.etb1_target = etb1.target_position;
 350              		.loc 1 471 34 discriminator 1 view .LVU90
 351 00e4 84ED090A 		vstr.32	s0, [r4, #36]
 472:controller/controller.c ****     runtime.etb1_motor_effort = etb1.motor->current_direction ? (float)-1 * (float)(etb1.motor->cur
 352              		.loc 1 472 5 is_stmt 1 view .LVU91
 472:controller/controller.c ****     runtime.etb1_motor_effort = etb1.motor->current_direction ? (float)-1 * (float)(etb1.motor->cur
 353              		.loc 1 472 31 is_stmt 0 view .LVU92
 354 00e8 1E4B     		ldr	r3, .L19+28
 355 00ea 5A69     		ldr	r2, [r3, #20]	@ float
 472:controller/controller.c ****     runtime.etb1_motor_effort = etb1.motor->current_direction ? (float)-1 * (float)(etb1.motor->cur
 356              		.loc 1 472 25 view .LVU93
 357 00ec A265     		str	r2, [r4, #88]	@ float
 473:controller/controller.c ****     runtime.etb2_target = etb2.target_position;
 358              		.loc 1 473 5 is_stmt 1 view .LVU94
 473:controller/controller.c ****     runtime.etb2_target = etb2.target_position;
 359              		.loc 1 473 37 is_stmt 0 view .LVU95
 360 00ee 5B68     		ldr	r3, [r3, #4]
 473:controller/controller.c ****     runtime.etb2_target = etb2.target_position;
 361              		.loc 1 473 43 view .LVU96
 362 00f0 1A7D     		ldrb	r2, [r3, #20]	@ zero_extendqisi2
 473:controller/controller.c ****     runtime.etb2_target = etb2.target_position;
 363              		.loc 1 473 117 view .LVU97
 364 00f2 002A     		cmp	r2, #0
 365 00f4 86D0     		beq	.L11
 473:controller/controller.c ****     runtime.etb2_target = etb2.target_position;
 366              		.loc 1 473 95 discriminator 1 view .LVU98
 367 00f6 5B7D     		ldrb	r3, [r3, #21]	@ zero_extendqisi2
 368 00f8 07EE903A 		vmov	s15, r3	@ int
 473:controller/controller.c ****     runtime.etb2_target = etb2.target_position;
 369              		.loc 1 473 77 discriminator 1 view .LVU99
 370 00fc F8EE677A 		vcvt.f32.u32	s15, s15
 473:controller/controller.c ****     runtime.etb2_target = etb2.target_position;
 371              		.loc 1 473 117 discriminator 1 view .LVU100
 372 0100 F1EE677A 		vneg.f32	s15, s15
 373              	.L12:
 473:controller/controller.c ****     runtime.etb2_target = etb2.target_position;
 374              		.loc 1 473 31 discriminator 4 view .LVU101
 375 0104 104A     		ldr	r2, .L19
 376 0106 C2ED187A 		vstr.32	s15, [r2, #96]
 474:controller/controller.c ****     runtime.etb2_motor_effort = etb2.motor->current_direction ? (float)-1 * (float)(etb2.motor->cur
 377              		.loc 1 474 5 is_stmt 1 view .LVU102
 474:controller/controller.c ****     runtime.etb2_motor_effort = etb2.motor->current_direction ? (float)-1 * (float)(etb2.motor->cur
 378              		.loc 1 474 31 is_stmt 0 view .LVU103
 379 010a 174B     		ldr	r3, .L19+32
 380 010c 5969     		ldr	r1, [r3, #20]	@ float
 474:controller/controller.c ****     runtime.etb2_motor_effort = etb2.motor->current_direction ? (float)-1 * (float)(etb2.motor->cur
 381              		.loc 1 474 25 view .LVU104
 382 010e D165     		str	r1, [r2, #92]	@ float
 475:controller/controller.c **** 
 383              		.loc 1 475 5 is_stmt 1 view .LVU105
 475:controller/controller.c **** 
 384              		.loc 1 475 37 is_stmt 0 view .LVU106
ARM GAS  C:\Users\alireza\AppData\Local\Temp\ccw51SGa.s 			page 57


 385 0110 5B68     		ldr	r3, [r3, #4]
 475:controller/controller.c **** 
 386              		.loc 1 475 43 view .LVU107
 387 0112 1A7D     		ldrb	r2, [r3, #20]	@ zero_extendqisi2
 475:controller/controller.c **** 
 388              		.loc 1 475 117 view .LVU108
 389 0114 002A     		cmp	r2, #0
 390 0116 3FF47BAF 		beq	.L13
 475:controller/controller.c **** 
 391              		.loc 1 475 95 discriminator 1 view .LVU109
 392 011a 5B7D     		ldrb	r3, [r3, #21]	@ zero_extendqisi2
 393 011c 07EE903A 		vmov	s15, r3	@ int
 475:controller/controller.c **** 
 394              		.loc 1 475 77 discriminator 1 view .LVU110
 395 0120 F8EE677A 		vcvt.f32.u32	s15, s15
 475:controller/controller.c **** 
 396              		.loc 1 475 117 discriminator 1 view .LVU111
 397 0124 F1EE677A 		vneg.f32	s15, s15
 398              	.L14:
 475:controller/controller.c **** 
 399              		.loc 1 475 31 discriminator 4 view .LVU112
 400 0128 074B     		ldr	r3, .L19
 401 012a C3ED197A 		vstr.32	s15, [r3, #100]
 477:controller/controller.c ****     
 402              		.loc 1 477 5 is_stmt 1 view .LVU113
 403 012e 0F48     		ldr	r0, .L19+36
 404 0130 FFF7FEFF 		bl	output_get_state
 405              	.LVL37:
 406              	.LBB30:
 407              	.LBI27:
  30:controller/utils/utils.h **** {
 408              		.loc 4 30 20 view .LVU114
 409              	.LBB29:
  32:controller/utils/utils.h ****     {
 410              		.loc 4 32 5 view .LVU115
  36:controller/utils/utils.h ****     {
 411              		.loc 4 36 5 view .LVU116
  36:controller/utils/utils.h ****     {
 412              		.loc 4 36 8 is_stmt 0 view .LVU117
 413 0134 0028     		cmp	r0, #0
 414 0136 3FF471AF 		beq	.L15
  38:controller/utils/utils.h ****     }
 415              		.loc 4 38 9 is_stmt 1 view .LVU118
 416 013a 034A     		ldr	r2, .L19
 417 013c 1368     		ldr	r3, [r2]
  38:controller/utils/utils.h ****     }
 418              		.loc 4 38 14 is_stmt 0 view .LVU119
 419 013e 43F48063 		orr	r3, r3, #1024
 420 0142 1360     		str	r3, [r2]
 421 0144 6FE7     		b	.L16
 422              	.L20:
 423 0146 00BF     		.align	2
 424              	.L19:
 425 0148 00000000 		.word	runtime
 426 014c 00000000 		.word	diagnostic_spinning_state
 427 0150 00000000 		.word	diagnostic_governer_status
 428 0154 00000000 		.word	controller_flags
ARM GAS  C:\Users\alireza\AppData\Local\Temp\ccw51SGa.s 			page 58


 429 0158 00000000 		.word	tps1
 430 015c 00000000 		.word	tps2
 431 0160 00000000 		.word	sensor_map
 432 0164 00000000 		.word	etb1
 433 0168 00000000 		.word	etb2
 434 016c 00000000 		.word	gas_solenoid_output
 435              	.LBE29:
 436              	.LBE30:
 437              	.LBE31:
 438              		.cfi_endproc
 439              	.LFE249:
 441              		.section	.text.task_controller_test,"ax",%progbits
 442              		.align	1
 443              		.global	task_controller_test
 444              		.syntax unified
 445              		.thumb
 446              		.thumb_func
 448              	task_controller_test:
 449              	.LVL38:
 450              	.LFB250:
 481:controller/controller.c ****   }
 482:controller/controller.c **** }
 483:controller/controller.c **** void task_controller_test(void *arg)
 484:controller/controller.c **** {
 451              		.loc 1 484 1 is_stmt 1 view -0
 452              		.cfi_startproc
 453              		@ Volatile: function does not return.
 454              		@ args = 0, pretend = 0, frame = 0
 455              		@ frame_needed = 0, uses_anonymous_args = 0
 456              		.loc 1 484 1 is_stmt 0 view .LVU121
 457 0000 08B5     		push	{r3, lr}
 458              		.cfi_def_cfa_offset 8
 459              		.cfi_offset 3, -8
 460              		.cfi_offset 14, -4
 485:controller/controller.c ****   osDelay(100);
 461              		.loc 1 485 3 is_stmt 1 view .LVU122
 462 0002 6420     		movs	r0, #100
 463              	.LVL39:
 464              		.loc 1 485 3 is_stmt 0 view .LVU123
 465 0004 FFF7FEFF 		bl	osDelay
 466              	.LVL40:
 486:controller/controller.c ****   trigger_simulator_crank_init(TRIGGER_SIMULATOR_WHEEL_TYPE_60_2, trigger_signal_queue_id);
 467              		.loc 1 486 3 is_stmt 1 view .LVU124
 468 0008 034B     		ldr	r3, .L24
 469 000a 1968     		ldr	r1, [r3]
 470 000c 0020     		movs	r0, #0
 471 000e FFF7FEFF 		bl	trigger_simulator_crank_init
 472              	.LVL41:
 473              	.L22:
 487:controller/controller.c ****   for (;;)
 474              		.loc 1 487 3 view .LVU125
 488:controller/controller.c ****   {
 489:controller/controller.c ****     trigger_simulator_update();
 475              		.loc 1 489 5 discriminator 1 view .LVU126
 476 0012 FFF7FEFF 		bl	trigger_simulator_update
 477              	.LVL42:
 487:controller/controller.c ****   for (;;)
ARM GAS  C:\Users\alireza\AppData\Local\Temp\ccw51SGa.s 			page 59


 478              		.loc 1 487 3 view .LVU127
 479 0016 FCE7     		b	.L22
 480              	.L25:
 481              		.align	2
 482              	.L24:
 483 0018 00000000 		.word	trigger_signal_queue_id
 484              		.cfi_endproc
 485              	.LFE250:
 487              		.section	.text.task_updater,"ax",%progbits
 488              		.align	1
 489              		.global	task_updater
 490              		.syntax unified
 491              		.thumb
 492              		.thumb_func
 494              	task_updater:
 495              	.LFB251:
 490:controller/controller.c ****   }
 491:controller/controller.c **** }
 492:controller/controller.c **** void task_updater(void *arg)
 493:controller/controller.c **** {
 496              		.loc 1 493 1 view -0
 497              		.cfi_startproc
 498              		@ args = 0, pretend = 0, frame = 0
 499              		@ frame_needed = 0, uses_anonymous_args = 0
 500              	.LVL43:
 501              		.loc 1 493 1 is_stmt 0 view .LVU129
 502 0000 10B5     		push	{r4, lr}
 503              		.cfi_def_cfa_offset 8
 504              		.cfi_offset 4, -8
 505              		.cfi_offset 14, -4
 506              	.LVL44:
 507              	.L27:
 494:controller/controller.c ****   for (;;)
 508              		.loc 1 494 3 is_stmt 1 view .LVU130
 509              	.LBB32:
 495:controller/controller.c ****   {
 496:controller/controller.c ****     time_us_t timestamp = get_time_us();
 510              		.loc 1 496 5 view .LVU131
 511              		.loc 1 496 27 is_stmt 0 view .LVU132
 512 0002 FFF7FEFF 		bl	get_time_us
 513              	.LVL45:
 514 0006 0446     		mov	r4, r0
 515              	.LVL46:
 497:controller/controller.c ****     governer_update(timestamp);
 516              		.loc 1 497 5 is_stmt 1 view .LVU133
 517 0008 FFF7FEFF 		bl	governer_update
 518              	.LVL47:
 498:controller/controller.c ****     gas_injection_update(timestamp);
 519              		.loc 1 498 5 view .LVU134
 520 000c 2046     		mov	r0, r4
 521 000e FFF7FEFF 		bl	gas_injection_update
 522              	.LVL48:
 499:controller/controller.c ****     electronic_throttle_update(&etb1, timestamp);
 523              		.loc 1 499 5 view .LVU135
 524 0012 2146     		mov	r1, r4
 525 0014 0648     		ldr	r0, .L29
 526 0016 FFF7FEFF 		bl	electronic_throttle_update
ARM GAS  C:\Users\alireza\AppData\Local\Temp\ccw51SGa.s 			page 60


 527              	.LVL49:
 500:controller/controller.c ****     electronic_throttle_update(&etb2, timestamp);
 528              		.loc 1 500 5 view .LVU136
 529 001a 2146     		mov	r1, r4
 530 001c 0548     		ldr	r0, .L29+4
 531 001e FFF7FEFF 		bl	electronic_throttle_update
 532              	.LVL50:
 501:controller/controller.c ****     protections_update(timestamp);
 533              		.loc 1 501 5 view .LVU137
 534 0022 2046     		mov	r0, r4
 535 0024 FFF7FEFF 		bl	protections_update
 536              	.LVL51:
 502:controller/controller.c ****     osDelay(1);
 537              		.loc 1 502 5 discriminator 1 view .LVU138
 538 0028 0120     		movs	r0, #1
 539 002a FFF7FEFF 		bl	osDelay
 540              	.LVL52:
 541              	.LBE32:
 494:controller/controller.c ****   {
 542              		.loc 1 494 3 view .LVU139
 543 002e E8E7     		b	.L27
 544              	.L30:
 545              		.align	2
 546              	.L29:
 547 0030 00000000 		.word	etb1
 548 0034 00000000 		.word	etb2
 549              		.cfi_endproc
 550              	.LFE251:
 552              		.section	.text.task_trigger_driven,"ax",%progbits
 553              		.align	1
 554              		.global	task_trigger_driven
 555              		.syntax unified
 556              		.thumb
 557              		.thumb_func
 559              	task_trigger_driven:
 560              	.LFB253:
 503:controller/controller.c ****   }
 504:controller/controller.c **** }
 505:controller/controller.c **** void HAL_GPIO_EXTI_Callback(uint16_t GPIO_Pin)
 506:controller/controller.c **** {
 507:controller/controller.c ****   trigger_event_t event = {0};
 508:controller/controller.c ****   event.timestamp = get_time_us();
 509:controller/controller.c ****   bool crank_trigger_input_state = HAL_GPIO_ReadPin(SENSOR_VR1_GPIO_Port, SENSOR_VR1_Pin);
 510:controller/controller.c ****   bool cam_trigger_input_state = HAL_GPIO_ReadPin(SENSOR_VR2_GPIO_Port, SENSOR_VR2_Pin);
 511:controller/controller.c ****   if (GPIO_Pin == SENSOR_VR1_Pin && !crank_trigger_input_state)
 512:controller/controller.c ****   {
 513:controller/controller.c ****     event.type = TRIGGER_EVENT_TYPE_CRANKSHAFT;
 514:controller/controller.c ****     event.edge = crank_trigger_input_state;
 515:controller/controller.c ****   }
 516:controller/controller.c ****   else if (GPIO_Pin == SENSOR_VR2_Pin)
 517:controller/controller.c ****   {
 518:controller/controller.c ****     event.type = TRIGGER_EVENT_TYPE_CAMSHAFT;
 519:controller/controller.c ****     event.edge = cam_trigger_input_state;
 520:controller/controller.c ****   }
 521:controller/controller.c ****   osStatus_t status = osMessageQueuePut(trigger_signal_queue_id, &event, 0, 0);
 522:controller/controller.c ****   if (status == osErrorResource)
 523:controller/controller.c ****   {
ARM GAS  C:\Users\alireza\AppData\Local\Temp\ccw51SGa.s 			page 61


 524:controller/controller.c ****     /* means queue was full and processing has totally fallen behind queu */
 525:controller/controller.c ****     /**
 526:controller/controller.c ****      * @todo handle this properly
 527:controller/controller.c ****      */
 528:controller/controller.c ****   }
 529:controller/controller.c **** }
 530:controller/controller.c **** 
 531:controller/controller.c **** void task_trigger_driven(void *arg)
 532:controller/controller.c **** {
 561              		.loc 1 532 1 view -0
 562              		.cfi_startproc
 563              		@ args = 0, pretend = 0, frame = 8
 564              		@ frame_needed = 0, uses_anonymous_args = 0
 565              	.LVL53:
 566              		.loc 1 532 1 is_stmt 0 view .LVU141
 567 0000 10B5     		push	{r4, lr}
 568              		.cfi_def_cfa_offset 8
 569              		.cfi_offset 4, -8
 570              		.cfi_offset 14, -4
 571 0002 2DED028B 		vpush.64	{d8}
 572              		.cfi_def_cfa_offset 16
 573              		.cfi_offset 80, -16
 574              		.cfi_offset 81, -12
 575 0006 82B0     		sub	sp, sp, #8
 576              		.cfi_def_cfa_offset 24
 577 0008 11E0     		b	.L36
 578              	.LVL54:
 579              	.L40:
 580              	.LBB33:
 533:controller/controller.c ****   trigger_event_t event;
 534:controller/controller.c ****   osStatus_t status;
 535:controller/controller.c ****   for (;;)
 536:controller/controller.c ****   {
 537:controller/controller.c ****     status = osMessageQueueGet(trigger_signal_queue_id, &event, NULL, FTRMWARE_TRIGGER_EVENT_TIMEOU
 538:controller/controller.c ****     if (status == osErrorTimeout)
 539:controller/controller.c ****     {
 540:controller/controller.c ****       event.edge = TRIGGER_EVENT_EDGE_NONE;
 581              		.loc 1 540 7 is_stmt 1 view .LVU142
 582              		.loc 1 540 18 is_stmt 0 view .LVU143
 583 000a 0323     		movs	r3, #3
 584 000c 8DF80530 		strb	r3, [sp, #5]
 541:controller/controller.c ****       event.type = TRIGGER_EVENT_TYPE_TIMEOUT;
 585              		.loc 1 541 7 is_stmt 1 view .LVU144
 586              		.loc 1 541 18 is_stmt 0 view .LVU145
 587 0010 0023     		movs	r3, #0
 588 0012 8DF80430 		strb	r3, [sp, #4]
 542:controller/controller.c ****       event.timestamp = get_time_us();
 589              		.loc 1 542 7 is_stmt 1 view .LVU146
 590              		.loc 1 542 25 is_stmt 0 view .LVU147
 591 0016 FFF7FEFF 		bl	get_time_us
 592              	.LVL55:
 593              		.loc 1 542 23 discriminator 1 view .LVU148
 594 001a 0090     		str	r0, [sp]
 595 001c 11E0     		b	.L32
 596              	.L35:
 543:controller/controller.c ****     }
 544:controller/controller.c **** 
ARM GAS  C:\Users\alireza\AppData\Local\Temp\ccw51SGa.s 			page 62


 545:controller/controller.c ****     switch (event.type)
 546:controller/controller.c ****     {
 547:controller/controller.c ****     case TRIGGER_EVENT_TYPE_CRANKSHAFT:
 548:controller/controller.c ****       if (event.edge == TRIGGER_EVENT_EDGE_FALLING)
 549:controller/controller.c ****         trigger_crank_handle(&event);
 550:controller/controller.c ****       trigger_logger_entry_add_tooth(event.timestamp);
 597              		.loc 1 550 7 is_stmt 1 view .LVU149
 598 001e 0098     		ldr	r0, [sp]
 599 0020 FFF7FEFF 		bl	trigger_logger_entry_add_tooth
 600              	.LVL56:
 601              	.L34:
 551:controller/controller.c **** 
 552:controller/controller.c ****     case TRIGGER_EVENT_TYPE_CAMSHAFT:
 553:controller/controller.c ****       /**
 554:controller/controller.c ****        * @todo implement cam handling
 555:controller/controller.c ****        */
 556:controller/controller.c ****       break;
 557:controller/controller.c ****     case TRIGGER_EVENT_TYPE_TIMEOUT:
 558:controller/controller.c ****       trigger_crank_handle(&event);
 559:controller/controller.c ****       break;
 560:controller/controller.c ****     default:
 561:controller/controller.c ****       break;
 562:controller/controller.c ****     }
 563:controller/controller.c **** 
 564:controller/controller.c ****     bool is_crankshaft_synced = get_bit(runtime.status, STATUS_TRIGGER_CRANKSHAFT_SYNCED);
 602              		.loc 1 564 5 view .LVU150
 603              		.loc 1 564 33 is_stmt 0 view .LVU151
 604 0024 1A4B     		ldr	r3, .L41
 605 0026 1B68     		ldr	r3, [r3]
 606              	.LVL57:
 607              	.LBB34:
 608              	.LBI34:
  43:controller/utils/utils.h ****     }
  44:controller/utils/utils.h **** }
  45:controller/utils/utils.h **** static inline void change_bit8(uint8_t *var, uint8_t bit, bool state)
  46:controller/utils/utils.h **** {
  47:controller/utils/utils.h ****     if (bit > 7)
  48:controller/utils/utils.h ****     {
  49:controller/utils/utils.h ****         return;   // invalid bit index
  50:controller/utils/utils.h ****     }
  51:controller/utils/utils.h **** 
  52:controller/utils/utils.h ****     if (state)
  53:controller/utils/utils.h ****     {
  54:controller/utils/utils.h ****         *var |= (uint8_t)(1u << bit);     // set bit
  55:controller/utils/utils.h ****     }
  56:controller/utils/utils.h ****     else
  57:controller/utils/utils.h ****     {
  58:controller/utils/utils.h ****         *var &= (uint8_t)~(1u << bit);    // clear bit
  59:controller/utils/utils.h ****     }
  60:controller/utils/utils.h **** }
  61:controller/utils/utils.h **** static inline bool get_bit(uint32_t flags, uint8_t bit)
 609              		.loc 4 61 20 is_stmt 1 view .LVU152
 610              	.LBB35:
  62:controller/utils/utils.h **** {
  63:controller/utils/utils.h ****     if (bit < 32)
 611              		.loc 4 63 5 view .LVU153
  64:controller/utils/utils.h ****     {
ARM GAS  C:\Users\alireza\AppData\Local\Temp\ccw51SGa.s 			page 63


  65:controller/utils/utils.h ****         return (flags >> bit) & 1u;
 612              		.loc 4 65 9 view .LVU154
 613              		.loc 4 65 9 is_stmt 0 view .LVU155
 614              	.LBE35:
 615              	.LBE34:
 565:controller/controller.c ****     if (is_crankshaft_synced)
 616              		.loc 1 565 5 is_stmt 1 view .LVU156
 617              		.loc 1 565 8 is_stmt 0 view .LVU157
 618 0028 13F0080F 		tst	r3, #8
 619 002c 1AD1     		bne	.L39
 620              	.LVL58:
 621              	.L36:
 622              		.loc 1 565 8 view .LVU158
 623              	.LBE33:
 533:controller/controller.c ****   osStatus_t status;
 624              		.loc 1 533 3 is_stmt 1 view .LVU159
 534:controller/controller.c ****   for (;;)
 625              		.loc 1 534 3 view .LVU160
 535:controller/controller.c ****   {
 626              		.loc 1 535 3 view .LVU161
 627              	.LBB37:
 537:controller/controller.c ****     if (status == osErrorTimeout)
 628              		.loc 1 537 5 view .LVU162
 537:controller/controller.c ****     if (status == osErrorTimeout)
 629              		.loc 1 537 14 is_stmt 0 view .LVU163
 630 002e 3223     		movs	r3, #50
 631 0030 0022     		movs	r2, #0
 632 0032 6946     		mov	r1, sp
 633 0034 1748     		ldr	r0, .L41+4
 634 0036 0068     		ldr	r0, [r0]
 635 0038 FFF7FEFF 		bl	osMessageQueueGet
 636              	.LVL59:
 538:controller/controller.c ****     {
 637              		.loc 1 538 5 is_stmt 1 view .LVU164
 538:controller/controller.c ****     {
 638              		.loc 1 538 8 is_stmt 0 view .LVU165
 639 003c 10F1020F 		cmn	r0, #2
 640 0040 E3D0     		beq	.L40
 641              	.LVL60:
 642              	.L32:
 545:controller/controller.c ****     {
 643              		.loc 1 545 5 is_stmt 1 view .LVU166
 545:controller/controller.c ****     {
 644              		.loc 1 545 18 is_stmt 0 view .LVU167
 645 0042 9DF80430 		ldrb	r3, [sp, #4]	@ zero_extendqisi2
 545:controller/controller.c ****     {
 646              		.loc 1 545 5 view .LVU168
 647 0046 4BB1     		cbz	r3, .L33
 648 0048 012B     		cmp	r3, #1
 649 004a EBD1     		bne	.L34
 548:controller/controller.c ****         trigger_crank_handle(&event);
 650              		.loc 1 548 7 is_stmt 1 view .LVU169
 548:controller/controller.c ****         trigger_crank_handle(&event);
 651              		.loc 1 548 16 is_stmt 0 view .LVU170
 652 004c 9DF80530 		ldrb	r3, [sp, #5]	@ zero_extendqisi2
 548:controller/controller.c ****         trigger_crank_handle(&event);
 653              		.loc 1 548 10 view .LVU171
ARM GAS  C:\Users\alireza\AppData\Local\Temp\ccw51SGa.s 			page 64


 654 0050 002B     		cmp	r3, #0
 655 0052 E4D1     		bne	.L35
 549:controller/controller.c ****       trigger_logger_entry_add_tooth(event.timestamp);
 656              		.loc 1 549 9 is_stmt 1 view .LVU172
 657 0054 6846     		mov	r0, sp
 658 0056 FFF7FEFF 		bl	trigger_crank_handle
 659              	.LVL61:
 660 005a E0E7     		b	.L35
 661              	.L33:
 558:controller/controller.c ****       break;
 662              		.loc 1 558 7 view .LVU173
 663 005c 6846     		mov	r0, sp
 664 005e FFF7FEFF 		bl	trigger_crank_handle
 665              	.LVL62:
 559:controller/controller.c ****     default:
 666              		.loc 1 559 7 view .LVU174
 667 0062 DFE7     		b	.L34
 668              	.LVL63:
 669              	.L39:
 670              	.LBB36:
 566:controller/controller.c ****     {
 567:controller/controller.c ****       rpm_t rpm = crankshaft_get_rpm();
 671              		.loc 1 567 7 view .LVU175
 672              		.loc 1 567 19 is_stmt 0 view .LVU176
 673 0064 FFF7FEFF 		bl	crankshaft_get_rpm
 674              	.LVL64:
 675              		.loc 1 567 19 view .LVU177
 676 0068 B0EE408A 		vmov.f32	s16, s0
 677              	.LVL65:
 568:controller/controller.c ****       angle_t crank_angle = crankshaft_get_angle();
 678              		.loc 1 568 7 is_stmt 1 view .LVU178
 679              		.loc 1 568 29 is_stmt 0 view .LVU179
 680 006c FFF7FEFF 		bl	crankshaft_get_angle
 681              	.LVL66:
 682              		.loc 1 568 29 view .LVU180
 683 0070 F0EE408A 		vmov.f32	s17, s0
 684              	.LVL67:
 569:controller/controller.c ****       time_us_t timestamp = event.timestamp;
 685              		.loc 1 569 7 is_stmt 1 view .LVU181
 686              		.loc 1 569 17 is_stmt 0 view .LVU182
 687 0074 009C     		ldr	r4, [sp]
 688              	.LVL68:
 570:controller/controller.c ****       ignition_trigger_event_handle(crank_angle, rpm, timestamp);
 689              		.loc 1 570 7 is_stmt 1 view .LVU183
 690 0076 2046     		mov	r0, r4
 691 0078 F0EE480A 		vmov.f32	s1, s16
 692 007c FFF7FEFF 		bl	ignition_trigger_event_handle
 693              	.LVL69:
 571:controller/controller.c ****       injection_trigger_event_handle(crank_angle, rpm, timestamp);
 694              		.loc 1 571 7 view .LVU184
 695 0080 2046     		mov	r0, r4
 696 0082 F0EE480A 		vmov.f32	s1, s16
 697 0086 B0EE680A 		vmov.f32	s0, s17
 698 008a FFF7FEFF 		bl	injection_trigger_event_handle
 699              	.LVL70:
 700 008e CEE7     		b	.L36
 701              	.L42:
ARM GAS  C:\Users\alireza\AppData\Local\Temp\ccw51SGa.s 			page 65


 702              		.align	2
 703              	.L41:
 704 0090 00000000 		.word	runtime
 705 0094 00000000 		.word	trigger_signal_queue_id
 706              	.LBE36:
 707              	.LBE37:
 708              		.cfi_endproc
 709              	.LFE253:
 711              		.section	.text.controller_configuration_load_default,"ax",%progbits
 712              		.align	1
 713              		.global	controller_configuration_load_default
 714              		.syntax unified
 715              		.thumb
 716              		.thumb_func
 718              	controller_configuration_load_default:
 719              	.LFB243:
 123:controller/controller.c ****   const float ve_table_fill_value = 80;
 720              		.loc 1 123 1 view -0
 721              		.cfi_startproc
 722              		@ args = 0, pretend = 0, frame = 0
 723              		@ frame_needed = 0, uses_anonymous_args = 0
 724 0000 10B5     		push	{r4, lr}
 725              		.cfi_def_cfa_offset 8
 726              		.cfi_offset 4, -8
 727              		.cfi_offset 14, -4
 124:controller/controller.c ****   const float ign_table_fill_value = 25;
 728              		.loc 1 124 3 view .LVU186
 729              	.LVL71:
 125:controller/controller.c ****   const float fuel_blend_table_fill_value = 100;
 730              		.loc 1 125 3 view .LVU187
 126:controller/controller.c **** 
 731              		.loc 1 126 3 view .LVU188
 129:controller/controller.c ****   {
 732              		.loc 1 129 3 view .LVU189
 733              	.LBB38:
 129:controller/controller.c ****   {
 734              		.loc 1 129 8 view .LVU190
 129:controller/controller.c ****   {
 735              		.loc 1 129 15 is_stmt 0 view .LVU191
 736 0002 0022     		movs	r2, #0
 129:controller/controller.c ****   {
 737              		.loc 1 129 3 view .LVU192
 738 0004 28E0     		b	.L44
 739              	.LVL72:
 740              	.L45:
 131:controller/controller.c ****     config.ve_table_2.x_bins[i] = i * FIRMWARE_LIMIT_MAX_RPM / TABLE_PRIMARY_SIZE_X;
 741              		.loc 1 131 5 is_stmt 1 view .LVU193
 131:controller/controller.c ****     config.ve_table_2.x_bins[i] = i * FIRMWARE_LIMIT_MAX_RPM / TABLE_PRIMARY_SIZE_X;
 742              		.loc 1 131 37 is_stmt 0 view .LVU194
 743 0006 41F27073 		movw	r3, #6000
 744 000a 02FB03F3 		mul	r3, r2, r3
 131:controller/controller.c ****     config.ve_table_2.x_bins[i] = i * FIRMWARE_LIMIT_MAX_RPM / TABLE_PRIMARY_SIZE_X;
 745              		.loc 1 131 62 view .LVU195
 746 000e 1B09     		lsrs	r3, r3, #4
 131:controller/controller.c ****     config.ve_table_2.x_bins[i] = i * FIRMWARE_LIMIT_MAX_RPM / TABLE_PRIMARY_SIZE_X;
 747              		.loc 1 131 33 view .LVU196
 748 0010 07EE903A 		vmov	s15, r3	@ int
ARM GAS  C:\Users\alireza\AppData\Local\Temp\ccw51SGa.s 			page 66


 749 0014 F8EE677A 		vcvt.f32.u32	s15, s15
 750 0018 554B     		ldr	r3, .L58
 751 001a 02F58071 		add	r1, r2, #256
 752 001e 03EB8101 		add	r1, r3, r1, lsl #2
 753 0022 C1ED007A 		vstr.32	s15, [r1]
 132:controller/controller.c ****     config.ign_table_1.x_bins[i] = i * FIRMWARE_LIMIT_MAX_RPM / TABLE_PRIMARY_SIZE_X;
 754              		.loc 1 132 5 is_stmt 1 view .LVU197
 132:controller/controller.c ****     config.ign_table_1.x_bins[i] = i * FIRMWARE_LIMIT_MAX_RPM / TABLE_PRIMARY_SIZE_X;
 755              		.loc 1 132 33 is_stmt 0 view .LVU198
 756 0026 02F50871 		add	r1, r2, #544
 757 002a 03EB8101 		add	r1, r3, r1, lsl #2
 758 002e C1ED007A 		vstr.32	s15, [r1]
 133:controller/controller.c ****     config.ign_table_2.x_bins[i] = i * FIRMWARE_LIMIT_MAX_RPM / TABLE_PRIMARY_SIZE_X;
 759              		.loc 1 133 5 is_stmt 1 view .LVU199
 133:controller/controller.c ****     config.ign_table_2.x_bins[i] = i * FIRMWARE_LIMIT_MAX_RPM / TABLE_PRIMARY_SIZE_X;
 760              		.loc 1 133 34 is_stmt 0 view .LVU200
 761 0032 02F55071 		add	r1, r2, #832
 762 0036 03EB8101 		add	r1, r3, r1, lsl #2
 763 003a C1ED007A 		vstr.32	s15, [r1]
 134:controller/controller.c ****     config.fuel_blend_table.x_bins[i] = i * FIRMWARE_LIMIT_MAX_RPM / TABLE_PRIMARY_SIZE_X;
 764              		.loc 1 134 5 is_stmt 1 view .LVU201
 134:controller/controller.c ****     config.fuel_blend_table.x_bins[i] = i * FIRMWARE_LIMIT_MAX_RPM / TABLE_PRIMARY_SIZE_X;
 765              		.loc 1 134 34 is_stmt 0 view .LVU202
 766 003e 02F58C61 		add	r1, r2, #1120
 767 0042 03EB8101 		add	r1, r3, r1, lsl #2
 768 0046 C1ED007A 		vstr.32	s15, [r1]
 135:controller/controller.c ****   }
 769              		.loc 1 135 5 is_stmt 1 view .LVU203
 135:controller/controller.c ****   }
 770              		.loc 1 135 39 is_stmt 0 view .LVU204
 771 004a 02F5B061 		add	r1, r2, #1408
 772 004e 03EB8103 		add	r3, r3, r1, lsl #2
 773 0052 C3ED007A 		vstr.32	s15, [r3]
 129:controller/controller.c ****   {
 774              		.loc 1 129 49 is_stmt 1 discriminator 3 view .LVU205
 775 0056 0132     		adds	r2, r2, #1
 776              	.LVL73:
 777              	.L44:
 129:controller/controller.c ****   {
 778              		.loc 1 129 24 discriminator 1 view .LVU206
 779 0058 0F2A     		cmp	r2, #15
 780 005a D4D9     		bls	.L45
 781              	.LBE38:
 782              	.LBB39:
 139:controller/controller.c ****   {
 783              		.loc 1 139 15 is_stmt 0 view .LVU207
 784 005c 0023     		movs	r3, #0
 785 005e 2BE0     		b	.L46
 786              	.LVL74:
 787              	.L47:
 141:controller/controller.c ****     config.ve_table_2.y_bins[i] = i * FIRMWARE_LIMIT_MAX_MAP / TABLE_PRIMARY_SIZE_Y;
 788              		.loc 1 141 5 is_stmt 1 view .LVU208
 141:controller/controller.c ****     config.ve_table_2.y_bins[i] = i * FIRMWARE_LIMIT_MAX_MAP / TABLE_PRIMARY_SIZE_Y;
 789              		.loc 1 141 37 is_stmt 0 view .LVU209
 790 0060 07EE903A 		vmov	s15, r3	@ int
 791 0064 F8EE677A 		vcvt.f32.u32	s15, s15
 792 0068 9FED427A 		vldr.32	s14, .L58+4
ARM GAS  C:\Users\alireza\AppData\Local\Temp\ccw51SGa.s 			page 67


 793 006c 67EE877A 		vmul.f32	s15, s15, s14
 141:controller/controller.c ****     config.ve_table_2.y_bins[i] = i * FIRMWARE_LIMIT_MAX_MAP / TABLE_PRIMARY_SIZE_Y;
 794              		.loc 1 141 62 view .LVU210
 795 0070 9FED417A 		vldr.32	s14, .L58+8
 796 0074 67EE877A 		vmul.f32	s15, s15, s14
 141:controller/controller.c ****     config.ve_table_2.y_bins[i] = i * FIRMWARE_LIMIT_MAX_MAP / TABLE_PRIMARY_SIZE_Y;
 797              		.loc 1 141 33 view .LVU211
 798 0078 3D4A     		ldr	r2, .L58
 799 007a 03F58871 		add	r1, r3, #272
 800 007e 02EB8101 		add	r1, r2, r1, lsl #2
 801 0082 C1ED007A 		vstr.32	s15, [r1]
 142:controller/controller.c ****     config.ign_table_1.y_bins[i] = i * FIRMWARE_LIMIT_MAX_MAP / TABLE_PRIMARY_SIZE_Y;
 802              		.loc 1 142 5 is_stmt 1 view .LVU212
 142:controller/controller.c ****     config.ign_table_1.y_bins[i] = i * FIRMWARE_LIMIT_MAX_MAP / TABLE_PRIMARY_SIZE_Y;
 803              		.loc 1 142 33 is_stmt 0 view .LVU213
 804 0086 03F50C71 		add	r1, r3, #560
 805 008a 02EB8101 		add	r1, r2, r1, lsl #2
 806 008e C1ED007A 		vstr.32	s15, [r1]
 143:controller/controller.c ****     config.ign_table_2.y_bins[i] = i * FIRMWARE_LIMIT_MAX_MAP / TABLE_PRIMARY_SIZE_Y;
 807              		.loc 1 143 5 is_stmt 1 view .LVU214
 143:controller/controller.c ****     config.ign_table_2.y_bins[i] = i * FIRMWARE_LIMIT_MAX_MAP / TABLE_PRIMARY_SIZE_Y;
 808              		.loc 1 143 34 is_stmt 0 view .LVU215
 809 0092 03F55471 		add	r1, r3, #848
 810 0096 02EB8101 		add	r1, r2, r1, lsl #2
 811 009a C1ED007A 		vstr.32	s15, [r1]
 144:controller/controller.c ****     config.fuel_blend_table.y_bins[i] = i * FIRMWARE_LIMIT_MAX_MAP / TABLE_PRIMARY_SIZE_Y;
 812              		.loc 1 144 5 is_stmt 1 view .LVU216
 144:controller/controller.c ****     config.fuel_blend_table.y_bins[i] = i * FIRMWARE_LIMIT_MAX_MAP / TABLE_PRIMARY_SIZE_Y;
 813              		.loc 1 144 34 is_stmt 0 view .LVU217
 814 009e 03F58E61 		add	r1, r3, #1136
 815 00a2 02EB8101 		add	r1, r2, r1, lsl #2
 816 00a6 C1ED007A 		vstr.32	s15, [r1]
 145:controller/controller.c ****   }
 817              		.loc 1 145 5 is_stmt 1 view .LVU218
 145:controller/controller.c ****   }
 818              		.loc 1 145 39 is_stmt 0 view .LVU219
 819 00aa 03F5B261 		add	r1, r3, #1424
 820 00ae 02EB8102 		add	r2, r2, r1, lsl #2
 821 00b2 C2ED007A 		vstr.32	s15, [r2]
 139:controller/controller.c ****   {
 822              		.loc 1 139 49 is_stmt 1 discriminator 3 view .LVU220
 823 00b6 0133     		adds	r3, r3, #1
 824              	.LVL75:
 825              	.L46:
 139:controller/controller.c ****   {
 826              		.loc 1 139 24 discriminator 1 view .LVU221
 827 00b8 0F2B     		cmp	r3, #15
 828 00ba D1D9     		bls	.L47
 829              	.LBE39:
 830              	.LBB40:
 148:controller/controller.c ****   {
 831              		.loc 1 148 15 is_stmt 0 view .LVU222
 832 00bc 4FF0000E 		mov	lr, #0
 833 00c0 27E0     		b	.L48
 834              	.LVL76:
 835              	.L49:
 836              	.LBB41:
ARM GAS  C:\Users\alireza\AppData\Local\Temp\ccw51SGa.s 			page 68


 152:controller/controller.c ****       config.ve_table_2.data[i][j] = ve_table_fill_value;
 837              		.loc 1 152 7 is_stmt 1 view .LVU223
 152:controller/controller.c ****       config.ve_table_2.data[i][j] = ve_table_fill_value;
 838              		.loc 1 152 36 is_stmt 0 view .LVU224
 839 00c2 2B4B     		ldr	r3, .L58
 840 00c4 01EB0E12 		add	r2, r1, lr, lsl #4
 841 00c8 03EB8200 		add	r0, r3, r2, lsl #2
 842 00cc DFF8B4C0 		ldr	ip, .L58+20
 843 00d0 C0F800C0 		str	ip, [r0]	@ float
 153:controller/controller.c ****       config.ign_table_1.data[i][j] = ign_table_fill_value;
 844              		.loc 1 153 7 is_stmt 1 view .LVU225
 153:controller/controller.c ****       config.ign_table_1.data[i][j] = ign_table_fill_value;
 845              		.loc 1 153 36 is_stmt 0 view .LVU226
 846 00d4 02F59070 		add	r0, r2, #288
 847 00d8 03EB8000 		add	r0, r3, r0, lsl #2
 848 00dc C0F800C0 		str	ip, [r0]	@ float
 154:controller/controller.c ****       config.ign_table_2.data[i][j] = ign_table_fill_value;
 849              		.loc 1 154 7 is_stmt 1 view .LVU227
 154:controller/controller.c ****       config.ign_table_2.data[i][j] = ign_table_fill_value;
 850              		.loc 1 154 37 is_stmt 0 view .LVU228
 851 00e0 02F51070 		add	r0, r2, #576
 852 00e4 03EB8000 		add	r0, r3, r0, lsl #2
 853 00e8 DFF894C0 		ldr	ip, .L58+16
 854 00ec C0F800C0 		str	ip, [r0]	@ float
 155:controller/controller.c ****       config.fuel_blend_table.data[i][j] = fuel_blend_table_fill_value;
 855              		.loc 1 155 7 is_stmt 1 view .LVU229
 155:controller/controller.c ****       config.fuel_blend_table.data[i][j] = fuel_blend_table_fill_value;
 856              		.loc 1 155 37 is_stmt 0 view .LVU230
 857 00f0 02F55870 		add	r0, r2, #864
 858 00f4 03EB8000 		add	r0, r3, r0, lsl #2
 859 00f8 C0F800C0 		str	ip, [r0]	@ float
 156:controller/controller.c ****     }
 860              		.loc 1 156 7 is_stmt 1 view .LVU231
 156:controller/controller.c ****     }
 861              		.loc 1 156 42 is_stmt 0 view .LVU232
 862 00fc 02F59062 		add	r2, r2, #1152
 863 0100 03EB8203 		add	r3, r3, r2, lsl #2
 864 0104 1D4A     		ldr	r2, .L58+12
 865 0106 1A60     		str	r2, [r3]	@ float
 150:controller/controller.c ****     {
 866              		.loc 1 150 51 is_stmt 1 discriminator 3 view .LVU233
 867 0108 0131     		adds	r1, r1, #1
 868              	.LVL77:
 869              	.L50:
 150:controller/controller.c ****     {
 870              		.loc 1 150 26 discriminator 1 view .LVU234
 871 010a 0F29     		cmp	r1, #15
 872 010c D9D9     		bls	.L49
 873              	.LBE41:
 148:controller/controller.c ****   {
 874              		.loc 1 148 49 discriminator 2 view .LVU235
 875 010e 0EF1010E 		add	lr, lr, #1
 876              	.LVL78:
 877              	.L48:
 148:controller/controller.c ****   {
 878              		.loc 1 148 24 discriminator 1 view .LVU236
 879 0112 BEF10F0F 		cmp	lr, #15
ARM GAS  C:\Users\alireza\AppData\Local\Temp\ccw51SGa.s 			page 69


 880 0116 01D8     		bhi	.L57
 881              	.LBB42:
 150:controller/controller.c ****     {
 882              		.loc 1 150 17 is_stmt 0 view .LVU237
 883 0118 0021     		movs	r1, #0
 884 011a F6E7     		b	.L50
 885              	.L57:
 886              	.LBE42:
 887              	.LBE40:
 888              	.LBB43:
 160:controller/controller.c ****   {
 889              		.loc 1 160 15 view .LVU238
 890 011c 0022     		movs	r2, #0
 891 011e 23E0     		b	.L51
 892              	.LVL79:
 893              	.L52:
 162:controller/controller.c ****     config.accel_enrichment_tps_table.x_bins[i] = (float)((i - (TABLE_PRIMARY_SIZE_X / 2)) / (TABLE
 894              		.loc 1 162 5 is_stmt 1 view .LVU239
 162:controller/controller.c ****     config.accel_enrichment_tps_table.x_bins[i] = (float)((i - (TABLE_PRIMARY_SIZE_X / 2)) / (TABLE
 895              		.loc 1 162 47 is_stmt 0 view .LVU240
 896 0120 1349     		ldr	r1, .L58
 897 0122 02F5C263 		add	r3, r2, #1552
 898 0126 01EB8303 		add	r3, r1, r3, lsl #2
 899 012a 0020     		movs	r0, #0
 900 012c 1860     		str	r0, [r3]	@ float
 163:controller/controller.c ****     config.accel_enrichment_map_table.data[i] = 0;
 901              		.loc 1 163 5 is_stmt 1 view .LVU241
 163:controller/controller.c ****     config.accel_enrichment_map_table.data[i] = 0;
 902              		.loc 1 163 62 is_stmt 0 view .LVU242
 903 012e A2F10803 		sub	r3, r2, #8
 163:controller/controller.c ****     config.accel_enrichment_map_table.data[i] = 0;
 904              		.loc 1 163 92 view .LVU243
 905 0132 DB08     		lsrs	r3, r3, #3
 163:controller/controller.c ****     config.accel_enrichment_map_table.data[i] = 0;
 906              		.loc 1 163 121 view .LVU244
 907 0134 4FF4FA6C 		mov	ip, #2000
 908 0138 0CFB03F3 		mul	r3, ip, r3
 163:controller/controller.c ****     config.accel_enrichment_map_table.data[i] = 0;
 909              		.loc 1 163 51 view .LVU245
 910 013c 07EE903A 		vmov	s15, r3	@ int
 911 0140 F8EE677A 		vcvt.f32.u32	s15, s15
 163:controller/controller.c ****     config.accel_enrichment_map_table.data[i] = 0;
 912              		.loc 1 163 49 view .LVU246
 913 0144 02F5C463 		add	r3, r2, #1568
 914 0148 01EB8303 		add	r3, r1, r3, lsl #2
 915 014c C3ED007A 		vstr.32	s15, [r3]
 164:controller/controller.c ****     config.accel_enrichment_map_table.x_bins[i] = (float)((i - (TABLE_PRIMARY_SIZE_X / 2)) / (TABLE
 916              		.loc 1 164 5 is_stmt 1 view .LVU247
 164:controller/controller.c ****     config.accel_enrichment_map_table.x_bins[i] = (float)((i - (TABLE_PRIMARY_SIZE_X / 2)) / (TABLE
 917              		.loc 1 164 47 is_stmt 0 view .LVU248
 918 0150 02F5C663 		add	r3, r2, #1584
 919 0154 01EB8303 		add	r3, r1, r3, lsl #2
 920 0158 1860     		str	r0, [r3]	@ float
 165:controller/controller.c ****   }
 921              		.loc 1 165 5 is_stmt 1 view .LVU249
 165:controller/controller.c ****   }
 922              		.loc 1 165 49 is_stmt 0 view .LVU250
ARM GAS  C:\Users\alireza\AppData\Local\Temp\ccw51SGa.s 			page 70


 923 015a 02F5C863 		add	r3, r2, #1600
 924 015e 01EB8301 		add	r1, r1, r3, lsl #2
 925 0162 C1ED007A 		vstr.32	s15, [r1]
 160:controller/controller.c ****   {
 926              		.loc 1 160 49 is_stmt 1 discriminator 3 view .LVU251
 927 0166 0132     		adds	r2, r2, #1
 928              	.LVL80:
 929              	.L51:
 160:controller/controller.c ****   {
 930              		.loc 1 160 24 discriminator 1 view .LVU252
 931 0168 0F2A     		cmp	r2, #15
 932 016a D9D9     		bls	.L52
 933              	.LBE43:
 934              	.LBB44:
 168:controller/controller.c ****   {
 935              		.loc 1 168 15 is_stmt 0 view .LVU253
 936 016c 0023     		movs	r3, #0
 937 016e 3FE0     		b	.L53
 938              	.L59:
 939              		.align	2
 940              	.L58:
 941 0170 00000000 		.word	config
 942 0174 0000F042 		.word	1123024896
 943 0178 0000803D 		.word	1031798784
 944 017c 0000C842 		.word	1120403456
 945 0180 0000C841 		.word	1103626240
 946 0184 0000A042 		.word	1117782016
 947              	.LVL81:
 948              	.L54:
 949              	.LBB45:
 170:controller/controller.c ****     config.clt_based_fuel_correction_table_gas.data[i] = 0;
 950              		.loc 1 170 5 is_stmt 1 view .LVU254
 170:controller/controller.c ****     config.clt_based_fuel_correction_table_gas.data[i] = 0;
 951              		.loc 1 170 55 is_stmt 0 view .LVU255
 952 0188 AA4A     		ldr	r2, .L60
 953 018a 03F5CA61 		add	r1, r3, #1616
 954 018e 02EB8101 		add	r1, r2, r1, lsl #2
 955 0192 0020     		movs	r0, #0
 956 0194 0860     		str	r0, [r1]	@ float
 171:controller/controller.c ****     config.clt_based_fuel_correction_table_petrol.data[i] = 0;
 957              		.loc 1 171 5 is_stmt 1 view .LVU256
 171:controller/controller.c ****     config.clt_based_fuel_correction_table_petrol.data[i] = 0;
 958              		.loc 1 171 56 is_stmt 0 view .LVU257
 959 0196 03F5CE61 		add	r1, r3, #1648
 960 019a 02EB8101 		add	r1, r2, r1, lsl #2
 961 019e 0860     		str	r0, [r1]	@ float
 172:controller/controller.c ****     float x = mapf((float)i, 0, TABLE_PRIMARY_SIZE_X - 1, FIRMWARE_LIMIT_MIN_TEMP, FIRMWARE_LIMIT_M
 962              		.loc 1 172 5 is_stmt 1 view .LVU258
 172:controller/controller.c ****     float x = mapf((float)i, 0, TABLE_PRIMARY_SIZE_X - 1, FIRMWARE_LIMIT_MIN_TEMP, FIRMWARE_LIMIT_M
 963              		.loc 1 172 59 is_stmt 0 view .LVU259
 964 01a0 03F5D261 		add	r1, r3, #1680
 965 01a4 02EB8101 		add	r1, r2, r1, lsl #2
 966 01a8 0860     		str	r0, [r1]	@ float
 173:controller/controller.c ****     config.clt_based_advance_correction_table.x_bins[i] = x;
 967              		.loc 1 173 5 is_stmt 1 view .LVU260
 173:controller/controller.c ****     config.clt_based_advance_correction_table.x_bins[i] = x;
 968              		.loc 1 173 15 is_stmt 0 view .LVU261
ARM GAS  C:\Users\alireza\AppData\Local\Temp\ccw51SGa.s 			page 71


 969 01aa 07EE903A 		vmov	s15, r3	@ int
 970 01ae B8EE677A 		vcvt.f32.u32	s14, s15
 971              	.LVL82:
 972              	.LBB46:
 973              	.LBI46:
  66:controller/utils/utils.h ****     }
  67:controller/utils/utils.h ****     return false;
  68:controller/utils/utils.h **** }
  69:controller/utils/utils.h **** 
  70:controller/utils/utils.h **** /**
  71:controller/utils/utils.h ****  * @brief Maps a value from one range to another.
  72:controller/utils/utils.h ****  *
  73:controller/utils/utils.h ****  * @param x The value to map.
  74:controller/utils/utils.h ****  * @param in_min The lower bound of the input range.
  75:controller/utils/utils.h ****  * @param in_max The upper bound of the input range.
  76:controller/utils/utils.h ****  * @param out_min The lower bound of the output range.
  77:controller/utils/utils.h ****  * @param out_max The upper bound of the output range.
  78:controller/utils/utils.h ****  * @return The mapped value in the output range.
  79:controller/utils/utils.h ****  */
  80:controller/utils/utils.h **** #define MAP(x, in_min, in_max, out_min, out_max) \
  81:controller/utils/utils.h ****     (((x) - (in_min)) * ((out_max) - (out_min)) / ((in_max) - (in_min)) + (out_min))
  82:controller/utils/utils.h **** 
  83:controller/utils/utils.h **** /**
  84:controller/utils/utils.h ****  * @brief Maps a uint16_t value from one range to another.
  85:controller/utils/utils.h ****  *
  86:controller/utils/utils.h ****  * @param x The value to map.
  87:controller/utils/utils.h ****  * @param in_min The lower bound of the input range.
  88:controller/utils/utils.h ****  * @param in_max The upper bound of the input range.
  89:controller/utils/utils.h ****  * @param out_min The lower bound of the output range.
  90:controller/utils/utils.h ****  * @param out_max The upper bound of the output range.
  91:controller/utils/utils.h ****  * @return The mapped value in the output range.
  92:controller/utils/utils.h ****  */
  93:controller/utils/utils.h **** static inline uint16_t map_uint16(uint16_t x, uint16_t in_min, uint16_t in_max, uint16_t out_min, u
  94:controller/utils/utils.h **** {
  95:controller/utils/utils.h ****     if (in_max == in_min)
  96:controller/utils/utils.h ****     {
  97:controller/utils/utils.h ****         return 0; // Avoid division by zero
  98:controller/utils/utils.h ****     }
  99:controller/utils/utils.h ****     return (uint16_t)((x - in_min) * (out_max - out_min) / (in_max - in_min) + out_min);
 100:controller/utils/utils.h **** }
 101:controller/utils/utils.h **** 
 102:controller/utils/utils.h **** static inline float mapf(float x, float in_min, float in_max, float out_min, float out_max)
 974              		.loc 4 102 21 is_stmt 1 view .LVU262
 975              	.LBB47:
 103:controller/utils/utils.h **** {
 104:controller/utils/utils.h ****     if (in_max == in_min)
 976              		.loc 4 104 5 view .LVU263
 105:controller/utils/utils.h ****     {
 106:controller/utils/utils.h ****         return 0.0f; // Avoid division by zero
 107:controller/utils/utils.h ****     }
 108:controller/utils/utils.h ****     return (x - in_min) * (out_max - out_min) / (in_max - in_min) + out_min;
 977              		.loc 4 108 5 view .LVU264
 978              		.loc 4 108 25 is_stmt 0 view .LVU265
 979 01b2 DFEDA17A 		vldr.32	s15, .L60+4
 980 01b6 27EE277A 		vmul.f32	s14, s14, s15
 981              	.LVL83:
 982              		.loc 4 108 47 view .LVU266
ARM GAS  C:\Users\alireza\AppData\Local\Temp\ccw51SGa.s 			page 72


 983 01ba F2EE0E6A 		vmov.f32	s13, #1.5e+1
 984 01be C7EE267A 		vdiv.f32	s15, s14, s13
 985              		.loc 4 108 67 view .LVU267
 986 01c2 9FED9E7A 		vldr.32	s14, .L60+8
 987 01c6 77EEC77A 		vsub.f32	s15, s15, s14
 988              	.LVL84:
 989              		.loc 4 108 67 view .LVU268
 990              	.LBE47:
 991              	.LBE46:
 174:controller/controller.c ****     config.clt_based_fuel_correction_table_gas.x_bins[i] = x;
 992              		.loc 1 174 5 is_stmt 1 view .LVU269
 174:controller/controller.c ****     config.clt_based_fuel_correction_table_gas.x_bins[i] = x;
 993              		.loc 1 174 57 is_stmt 0 view .LVU270
 994 01ca 03F5CC61 		add	r1, r3, #1632
 995 01ce 02EB8101 		add	r1, r2, r1, lsl #2
 996 01d2 C1ED007A 		vstr.32	s15, [r1]
 175:controller/controller.c ****     config.clt_based_fuel_correction_table_petrol.x_bins[i] = x;
 997              		.loc 1 175 5 is_stmt 1 view .LVU271
 175:controller/controller.c ****     config.clt_based_fuel_correction_table_petrol.x_bins[i] = x;
 998              		.loc 1 175 58 is_stmt 0 view .LVU272
 999 01d6 03F5D061 		add	r1, r3, #1664
 1000 01da 02EB8101 		add	r1, r2, r1, lsl #2
 1001 01de C1ED007A 		vstr.32	s15, [r1]
 176:controller/controller.c ****   }
 1002              		.loc 1 176 5 is_stmt 1 view .LVU273
 176:controller/controller.c ****   }
 1003              		.loc 1 176 61 is_stmt 0 view .LVU274
 1004 01e2 03F5D461 		add	r1, r3, #1696
 1005 01e6 02EB8102 		add	r2, r2, r1, lsl #2
 1006 01ea C2ED007A 		vstr.32	s15, [r2]
 1007              	.LBE45:
 168:controller/controller.c ****   {
 1008              		.loc 1 168 49 is_stmt 1 discriminator 3 view .LVU275
 1009 01ee 0133     		adds	r3, r3, #1
 1010              	.LVL85:
 1011              	.L53:
 168:controller/controller.c ****   {
 1012              		.loc 1 168 24 discriminator 1 view .LVU276
 1013 01f0 0F2B     		cmp	r3, #15
 1014 01f2 C9D9     		bls	.L54
 1015              	.LBE44:
 179:controller/controller.c ****   config.cranking_advance = 10.0f;
 1016              		.loc 1 179 3 view .LVU277
 179:controller/controller.c ****   config.cranking_advance = 10.0f;
 1017              		.loc 1 179 33 is_stmt 0 view .LVU278
 1018 01f4 8F4A     		ldr	r2, .L60
 1019 01f6 02F58053 		add	r3, r2, #4096
 1020              	.LVL86:
 179:controller/controller.c ****   config.cranking_advance = 10.0f;
 1021              		.loc 1 179 33 view .LVU279
 1022 01fa 02F5B451 		add	r1, r2, #5760
 1023 01fe 9048     		ldr	r0, .L60+12
 1024 0200 0860     		str	r0, [r1]	@ float
 180:controller/controller.c ****   config.cranking_throttle = 15.0f;
 1025              		.loc 1 180 3 is_stmt 1 view .LVU280
 180:controller/controller.c ****   config.cranking_throttle = 15.0f;
 1026              		.loc 1 180 27 is_stmt 0 view .LVU281
ARM GAS  C:\Users\alireza\AppData\Local\Temp\ccw51SGa.s 			page 73


 1027 0202 03F28461 		addw	r1, r3, #1668
 1028 0206 8F48     		ldr	r0, .L60+16
 1029 0208 0860     		str	r0, [r1]	@ float
 181:controller/controller.c ****   config.trigger_offset_deg = 114.0f;
 1030              		.loc 1 181 3 is_stmt 1 view .LVU282
 181:controller/controller.c ****   config.trigger_offset_deg = 114.0f;
 1031              		.loc 1 181 28 is_stmt 0 view .LVU283
 1032 020a 03F5D160 		add	r0, r3, #1672
 1033 020e 8E49     		ldr	r1, .L60+20
 1034 0210 0160     		str	r1, [r0]	@ float
 182:controller/controller.c **** 
 1035              		.loc 1 182 3 is_stmt 1 view .LVU284
 182:controller/controller.c **** 
 1036              		.loc 1 182 29 is_stmt 0 view .LVU285
 1037 0212 03F28C60 		addw	r0, r3, #1676
 1038 0216 8D4C     		ldr	r4, .L60+24
 1039 0218 0460     		str	r4, [r0]	@ float
 184:controller/controller.c ****   config.ignition_fixed_timing_advance = 25.0f;
 1040              		.loc 1 184 3 is_stmt 1 view .LVU286
 184:controller/controller.c ****   config.ignition_fixed_timing_advance = 25.0f;
 1041              		.loc 1 184 25 is_stmt 0 view .LVU287
 1042 021a 03F5D260 		add	r0, r3, #1680
 1043 021e 4FF08144 		mov	r4, #1082130432
 1044 0222 0460     		str	r4, [r0]	@ float
 185:controller/controller.c ****   config.multi_spark_rpm_threshold = 2000.0;
 1045              		.loc 1 185 3 is_stmt 1 view .LVU288
 185:controller/controller.c ****   config.multi_spark_rpm_threshold = 2000.0;
 1046              		.loc 1 185 40 is_stmt 0 view .LVU289
 1047 0224 03F29460 		addw	r0, r3, #1684
 1048 0228 894C     		ldr	r4, .L60+28
 1049 022a 0460     		str	r4, [r0]	@ float
 186:controller/controller.c ****   config.multi_spark_rest_time_ms = 0.2f;
 1050              		.loc 1 186 3 is_stmt 1 view .LVU290
 186:controller/controller.c ****   config.multi_spark_rest_time_ms = 0.2f;
 1051              		.loc 1 186 36 is_stmt 0 view .LVU291
 1052 022c 03F5D360 		add	r0, r3, #1688
 1053 0230 884C     		ldr	r4, .L60+32
 1054 0232 0460     		str	r4, [r0]	@ float
 187:controller/controller.c ****   config.multi_spark_max_trailing_angle = 15.0f;
 1055              		.loc 1 187 3 is_stmt 1 view .LVU292
 187:controller/controller.c ****   config.multi_spark_max_trailing_angle = 15.0f;
 1056              		.loc 1 187 35 is_stmt 0 view .LVU293
 1057 0234 03F29C60 		addw	r0, r3, #1692
 1058 0238 874C     		ldr	r4, .L60+36
 1059 023a 0460     		str	r4, [r0]	@ float
 188:controller/controller.c **** 
 1060              		.loc 1 188 3 is_stmt 1 view .LVU294
 188:controller/controller.c **** 
 1061              		.loc 1 188 41 is_stmt 0 view .LVU295
 1062 023c 02F5B550 		add	r0, r2, #5792
 1063 0240 0160     		str	r1, [r0]	@ float
 190:controller/controller.c ****   config.stoich_afr_petrol = 14.0;
 1064              		.loc 1 190 3 is_stmt 1 view .LVU296
 190:controller/controller.c ****   config.stoich_afr_petrol = 14.0;
 1065              		.loc 1 190 25 is_stmt 0 view .LVU297
 1066 0242 03F2A461 		addw	r1, r3, #1700
 1067 0246 8548     		ldr	r0, .L60+40
ARM GAS  C:\Users\alireza\AppData\Local\Temp\ccw51SGa.s 			page 74


 1068 0248 0860     		str	r0, [r1]	@ float
 191:controller/controller.c **** 
 1069              		.loc 1 191 3 is_stmt 1 view .LVU298
 191:controller/controller.c **** 
 1070              		.loc 1 191 28 is_stmt 0 view .LVU299
 1071 024a 03F5D561 		add	r1, r3, #1704
 1072 024e 8448     		ldr	r0, .L60+44
 1073 0250 0860     		str	r0, [r1]	@ float
 193:controller/controller.c ****   config.gas_reference_pressure = 2.0f;
 1074              		.loc 1 193 3 is_stmt 1 view .LVU300
 193:controller/controller.c ****   config.gas_reference_pressure = 2.0f;
 1075              		.loc 1 193 49 is_stmt 0 view .LVU301
 1076 0252 03F2AC61 		addw	r1, r3, #1708
 1077 0256 8348     		ldr	r0, .L60+48
 1078 0258 0860     		str	r0, [r1]	@ float
 194:controller/controller.c ****   config.gas_priming_time_sec = 2.0f;
 1079              		.loc 1 194 3 is_stmt 1 view .LVU302
 194:controller/controller.c ****   config.gas_priming_time_sec = 2.0f;
 1080              		.loc 1 194 33 is_stmt 0 view .LVU303
 1081 025a 03F5D660 		add	r0, r3, #1712
 1082 025e 4FF08041 		mov	r1, #1073741824
 1083 0262 0160     		str	r1, [r0]	@ float
 195:controller/controller.c ****   config.gas_control_etb_priming_position_percent = 20.0f;
 1084              		.loc 1 195 3 is_stmt 1 view .LVU304
 195:controller/controller.c ****   config.gas_control_etb_priming_position_percent = 20.0f;
 1085              		.loc 1 195 31 is_stmt 0 view .LVU305
 1086 0264 03F2B460 		addw	r0, r3, #1716
 1087 0268 0160     		str	r1, [r0]	@ float
 196:controller/controller.c ****   config.petrol_priming_time_sec = 5.0f;
 1088              		.loc 1 196 3 is_stmt 1 view .LVU306
 196:controller/controller.c ****   config.petrol_priming_time_sec = 5.0f;
 1089              		.loc 1 196 51 is_stmt 0 view .LVU307
 1090 026a 03F5D761 		add	r1, r3, #1720
 1091 026e 7E48     		ldr	r0, .L60+52
 1092 0270 0860     		str	r0, [r1]	@ float
 197:controller/controller.c **** 
 1093              		.loc 1 197 3 is_stmt 1 view .LVU308
 197:controller/controller.c **** 
 1094              		.loc 1 197 34 is_stmt 0 view .LVU309
 1095 0272 03F2BC61 		addw	r1, r3, #1724
 1096 0276 F1EE047A 		vmov.f32	s15, #5.0e+0
 1097 027a C1ED007A 		vstr.32	s15, [r1]
 199:controller/controller.c ****   config.injector_flow_rate_cc_per_min = 250.0f;
 1098              		.loc 1 199 3 is_stmt 1 view .LVU310
 199:controller/controller.c ****   config.injector_flow_rate_cc_per_min = 250.0f;
 1099              		.loc 1 199 43 is_stmt 0 view .LVU311
 1100 027e 02F5B651 		add	r1, r2, #5824
 1101 0282 7A48     		ldr	r0, .L60+56
 1102 0284 0860     		str	r0, [r1]	@ float
 200:controller/controller.c **** 
 1103              		.loc 1 200 3 is_stmt 1 view .LVU312
 200:controller/controller.c **** 
 1104              		.loc 1 200 40 is_stmt 0 view .LVU313
 1105 0286 03F2C461 		addw	r1, r3, #1732
 1106 028a 7948     		ldr	r0, .L60+60
 1107 028c 0860     		str	r0, [r1]	@ float
 202:controller/controller.c ****   config.governer_idle_rpm = 850.0f;
ARM GAS  C:\Users\alireza\AppData\Local\Temp\ccw51SGa.s 			page 75


 1108              		.loc 1 202 3 is_stmt 1 view .LVU314
 202:controller/controller.c ****   config.governer_idle_rpm = 850.0f;
 1109              		.loc 1 202 30 is_stmt 0 view .LVU315
 1110 028e 03F5D961 		add	r1, r3, #1736
 1111 0292 7848     		ldr	r0, .L60+64
 1112 0294 0860     		str	r0, [r1]	@ float
 203:controller/controller.c ****   config.governer_pid_parameters.Kp = 0.01f;
 1113              		.loc 1 203 3 is_stmt 1 view .LVU316
 203:controller/controller.c ****   config.governer_pid_parameters.Kp = 0.01f;
 1114              		.loc 1 203 28 is_stmt 0 view .LVU317
 1115 0296 03F2CC61 		addw	r1, r3, #1740
 1116 029a 7748     		ldr	r0, .L60+68
 1117 029c 0860     		str	r0, [r1]	@ float
 204:controller/controller.c ****   config.governer_pid_parameters.Ki = 0.005f;
 1118              		.loc 1 204 3 is_stmt 1 view .LVU318
 204:controller/controller.c ****   config.governer_pid_parameters.Ki = 0.005f;
 1119              		.loc 1 204 37 is_stmt 0 view .LVU319
 1120 029e 03F5DA60 		add	r0, r3, #1744
 1121 02a2 7649     		ldr	r1, .L60+72
 1122 02a4 0160     		str	r1, [r0]	@ float
 205:controller/controller.c ****   config.governer_pid_parameters.Kd = 0.001f;
 1123              		.loc 1 205 3 is_stmt 1 view .LVU320
 205:controller/controller.c ****   config.governer_pid_parameters.Kd = 0.001f;
 1124              		.loc 1 205 37 is_stmt 0 view .LVU321
 1125 02a6 03F2D460 		addw	r0, r3, #1748
 1126 02aa 754C     		ldr	r4, .L60+76
 1127 02ac 0460     		str	r4, [r0]	@ float
 206:controller/controller.c ****   config.governer_pid_parameters.limit_integrator_max = 100.0f;
 1128              		.loc 1 206 3 is_stmt 1 view .LVU322
 206:controller/controller.c ****   config.governer_pid_parameters.limit_integrator_max = 100.0f;
 1129              		.loc 1 206 37 is_stmt 0 view .LVU323
 1130 02ae 03F5DB60 		add	r0, r3, #1752
 1131 02b2 744C     		ldr	r4, .L60+80
 1132 02b4 0460     		str	r4, [r0]	@ float
 207:controller/controller.c ****   config.governer_pid_parameters.limit_integrator_min = -100.0f;
 1133              		.loc 1 207 3 is_stmt 1 view .LVU324
 207:controller/controller.c ****   config.governer_pid_parameters.limit_integrator_min = -100.0f;
 1134              		.loc 1 207 55 is_stmt 0 view .LVU325
 1135 02b6 02F5B750 		add	r0, r2, #5856
 1136 02ba DFF8E4C1 		ldr	ip, .L60+108
 1137 02be C0F800C0 		str	ip, [r0]	@ float
 208:controller/controller.c ****   config.governer_pid_parameters.derivative_filter_tau = 0.01f;
 1138              		.loc 1 208 3 is_stmt 1 view .LVU326
 208:controller/controller.c ****   config.governer_pid_parameters.derivative_filter_tau = 0.01f;
 1139              		.loc 1 208 55 is_stmt 0 view .LVU327
 1140 02c2 03F2DC60 		addw	r0, r3, #1756
 1141 02c6 DFF8DCE1 		ldr	lr, .L60+112
 1142              	.LVL87:
 208:controller/controller.c ****   config.governer_pid_parameters.derivative_filter_tau = 0.01f;
 1143              		.loc 1 208 55 view .LVU328
 1144 02ca C0F800E0 		str	lr, [r0]	@ float
 209:controller/controller.c **** 
 1145              		.loc 1 209 3 is_stmt 1 view .LVU329
 209:controller/controller.c **** 
 1146              		.loc 1 209 56 is_stmt 0 view .LVU330
 1147 02ce 03F2E460 		addw	r0, r3, #1764
 1148 02d2 0160     		str	r1, [r0]	@ float
ARM GAS  C:\Users\alireza\AppData\Local\Temp\ccw51SGa.s 			page 76


 212:controller/controller.c ****   config.etb1_pid_parameters.Ki = 5.0f;
 1149              		.loc 1 212 3 is_stmt 1 view .LVU331
 212:controller/controller.c ****   config.etb1_pid_parameters.Ki = 5.0f;
 1150              		.loc 1 212 33 is_stmt 0 view .LVU332
 1151 02d4 03F5ED60 		add	r0, r3, #1896
 1152 02d8 B1EE0E7A 		vmov.f32	s14, #7.5e+0
 1153 02dc 80ED007A 		vstr.32	s14, [r0]
 213:controller/controller.c ****   config.etb1_pid_parameters.Kd = 0.01f;
 1154              		.loc 1 213 3 is_stmt 1 view .LVU333
 213:controller/controller.c ****   config.etb1_pid_parameters.Kd = 0.01f;
 1155              		.loc 1 213 33 is_stmt 0 view .LVU334
 1156 02e0 03F26C70 		addw	r0, r3, #1900
 1157 02e4 C0ED007A 		vstr.32	s15, [r0]
 214:controller/controller.c ****   config.etb1_pid_parameters.limit_integrator_min = -100.0f;
 1158              		.loc 1 214 3 is_stmt 1 view .LVU335
 214:controller/controller.c ****   config.etb1_pid_parameters.limit_integrator_min = -100.0f;
 1159              		.loc 1 214 33 is_stmt 0 view .LVU336
 1160 02e8 03F5EE60 		add	r0, r3, #1904
 1161 02ec 0160     		str	r1, [r0]	@ float
 215:controller/controller.c ****   config.etb1_pid_parameters.limit_integrator_max = 100.0f;
 1162              		.loc 1 215 3 is_stmt 1 view .LVU337
 215:controller/controller.c ****   config.etb1_pid_parameters.limit_integrator_max = 100.0f;
 1163              		.loc 1 215 51 is_stmt 0 view .LVU338
 1164 02ee 03F27470 		addw	r0, r3, #1908
 1165 02f2 C0F800E0 		str	lr, [r0]	@ float
 216:controller/controller.c ****   config.etb1_pid_parameters.derivative_filter_tau = 0.01f;
 1166              		.loc 1 216 3 is_stmt 1 view .LVU339
 216:controller/controller.c ****   config.etb1_pid_parameters.derivative_filter_tau = 0.01f;
 1167              		.loc 1 216 51 is_stmt 0 view .LVU340
 1168 02f6 03F5EF60 		add	r0, r3, #1912
 1169 02fa C0F800C0 		str	ip, [r0]	@ float
 217:controller/controller.c ****   config.etb1_end_of_travel_duty_cycle_limit_upper = 70.0f;
 1170              		.loc 1 217 3 is_stmt 1 view .LVU341
 217:controller/controller.c ****   config.etb1_end_of_travel_duty_cycle_limit_upper = 70.0f;
 1171              		.loc 1 217 52 is_stmt 0 view .LVU342
 1172 02fe 03F27C70 		addw	r0, r3, #1916
 1173 0302 0160     		str	r1, [r0]	@ float
 218:controller/controller.c ****   config.etb1_end_of_travel_duty_cycle_limit_lower = 70.0f;
 1174              		.loc 1 218 3 is_stmt 1 view .LVU343
 218:controller/controller.c ****   config.etb1_end_of_travel_duty_cycle_limit_lower = 70.0f;
 1175              		.loc 1 218 52 is_stmt 0 view .LVU344
 1176 0304 02F5BC54 		add	r4, r2, #6016
 1177 0308 5F48     		ldr	r0, .L60+84
 1178 030a 2060     		str	r0, [r4]	@ float
 219:controller/controller.c **** 
 1179              		.loc 1 219 3 is_stmt 1 view .LVU345
 219:controller/controller.c **** 
 1180              		.loc 1 219 52 is_stmt 0 view .LVU346
 1181 030c 03F28474 		addw	r4, r3, #1924
 1182 0310 2060     		str	r0, [r4]	@ float
 221:controller/controller.c ****   config.etb2_pid_parameters.Ki = 5.0f;
 1183              		.loc 1 221 3 is_stmt 1 view .LVU347
 221:controller/controller.c ****   config.etb2_pid_parameters.Ki = 5.0f;
 1184              		.loc 1 221 33 is_stmt 0 view .LVU348
 1185 0312 03F60804 		addw	r4, r3, #2056
 1186 0316 84ED007A 		vstr.32	s14, [r4]
 222:controller/controller.c ****   config.etb2_pid_parameters.Kd = 0.01f;
ARM GAS  C:\Users\alireza\AppData\Local\Temp\ccw51SGa.s 			page 77


 1187              		.loc 1 222 3 is_stmt 1 view .LVU349
 222:controller/controller.c ****   config.etb2_pid_parameters.Kd = 0.01f;
 1188              		.loc 1 222 33 is_stmt 0 view .LVU350
 1189 031a 03F60C04 		addw	r4, r3, #2060
 1190 031e C4ED007A 		vstr.32	s15, [r4]
 223:controller/controller.c ****   config.etb2_pid_parameters.limit_integrator_min = -100.0f;
 1191              		.loc 1 223 3 is_stmt 1 view .LVU351
 223:controller/controller.c ****   config.etb2_pid_parameters.limit_integrator_min = -100.0f;
 1192              		.loc 1 223 33 is_stmt 0 view .LVU352
 1193 0322 03F50164 		add	r4, r3, #2064
 1194 0326 2160     		str	r1, [r4]	@ float
 224:controller/controller.c ****   config.etb2_pid_parameters.limit_integrator_max = 100.0f;
 1195              		.loc 1 224 3 is_stmt 1 view .LVU353
 224:controller/controller.c ****   config.etb2_pid_parameters.limit_integrator_max = 100.0f;
 1196              		.loc 1 224 51 is_stmt 0 view .LVU354
 1197 0328 03F61404 		addw	r4, r3, #2068
 1198 032c C4F800E0 		str	lr, [r4]	@ float
 225:controller/controller.c ****   config.etb2_pid_parameters.derivative_filter_tau = 0.01f;
 1199              		.loc 1 225 3 is_stmt 1 view .LVU355
 225:controller/controller.c ****   config.etb2_pid_parameters.derivative_filter_tau = 0.01f;
 1200              		.loc 1 225 51 is_stmt 0 view .LVU356
 1201 0330 03F6180E 		addw	lr, r3, #2072
 1202 0334 CEF800C0 		str	ip, [lr]	@ float
 226:controller/controller.c ****   config.etb2_end_of_travel_duty_cycle_limit_upper = 70.0f;
 1203              		.loc 1 226 3 is_stmt 1 view .LVU357
 226:controller/controller.c ****   config.etb2_end_of_travel_duty_cycle_limit_upper = 70.0f;
 1204              		.loc 1 226 52 is_stmt 0 view .LVU358
 1205 0338 03F61C0C 		addw	ip, r3, #2076
 1206 033c CCF80010 		str	r1, [ip]	@ float
 227:controller/controller.c ****   config.etb2_end_of_travel_duty_cycle_limit_lower = 70.0f;
 1207              		.loc 1 227 3 is_stmt 1 view .LVU359
 227:controller/controller.c ****   config.etb2_end_of_travel_duty_cycle_limit_lower = 70.0f;
 1208              		.loc 1 227 52 is_stmt 0 view .LVU360
 1209 0340 02F5C152 		add	r2, r2, #6176
 1210 0344 1060     		str	r0, [r2]	@ float
 228:controller/controller.c **** 
 1211              		.loc 1 228 3 is_stmt 1 view .LVU361
 228:controller/controller.c **** 
 1212              		.loc 1 228 52 is_stmt 0 view .LVU362
 1213 0346 03F62402 		addw	r2, r3, #2084
 1214 034a 1060     		str	r0, [r2]	@ float
 230:controller/controller.c ****   config.protection_clt_load_disconnect_enabled = 105.0f;
 1215              		.loc 1 230 3 is_stmt 1 view .LVU363
 230:controller/controller.c ****   config.protection_clt_load_disconnect_enabled = 105.0f;
 1216              		.loc 1 230 45 is_stmt 0 view .LVU364
 1217 034c 03F62802 		addw	r2, r3, #2088
 1218 0350 4E49     		ldr	r1, .L60+88
 1219 0352 1160     		str	r1, [r2]	@ float
 231:controller/controller.c ****   config.fan1_on_temp = 84.0f;
 1220              		.loc 1 231 3 is_stmt 1 view .LVU365
 231:controller/controller.c ****   config.fan1_on_temp = 84.0f;
 1221              		.loc 1 231 49 is_stmt 0 view .LVU366
 1222 0354 6922     		movs	r2, #105
 1223 0356 83F8E42A 		strb	r2, [r3, #2788]
 232:controller/controller.c ****   config.fan1_off_temp = 80.0f;
 1224              		.loc 1 232 3 is_stmt 1 view .LVU367
 232:controller/controller.c ****   config.fan1_off_temp = 80.0f;
ARM GAS  C:\Users\alireza\AppData\Local\Temp\ccw51SGa.s 			page 78


 1225              		.loc 1 232 23 is_stmt 0 view .LVU368
 1226 035a 03F50361 		add	r1, r3, #2096
 1227 035e 4C4A     		ldr	r2, .L60+92
 1228 0360 0A60     		str	r2, [r1]	@ float
 233:controller/controller.c ****   config.fan2_on_temp = 88.0f;
 1229              		.loc 1 233 3 is_stmt 1 view .LVU369
 233:controller/controller.c ****   config.fan2_on_temp = 88.0f;
 1230              		.loc 1 233 24 is_stmt 0 view .LVU370
 1231 0362 03F63401 		addw	r1, r3, #2100
 1232 0366 4B48     		ldr	r0, .L60+96
 1233 0368 0860     		str	r0, [r1]	@ float
 234:controller/controller.c ****   config.fan2_off_temp = 84.0f;
 1234              		.loc 1 234 3 is_stmt 1 view .LVU371
 234:controller/controller.c ****   config.fan2_off_temp = 84.0f;
 1235              		.loc 1 234 23 is_stmt 0 view .LVU372
 1236 036a 03F63801 		addw	r1, r3, #2104
 1237 036e 4A48     		ldr	r0, .L60+100
 1238 0370 0860     		str	r0, [r1]	@ float
 235:controller/controller.c **** 
 1239              		.loc 1 235 3 is_stmt 1 view .LVU373
 235:controller/controller.c **** 
 1240              		.loc 1 235 24 is_stmt 0 view .LVU374
 1241 0372 03F63C01 		addw	r1, r3, #2108
 1242 0376 0A60     		str	r2, [r1]	@ float
 237:controller/controller.c ****   config.rev_limit_hystersis = 500;
 1243              		.loc 1 237 3 is_stmt 1 view .LVU375
 237:controller/controller.c ****   config.rev_limit_hystersis = 500;
 1244              		.loc 1 237 20 is_stmt 0 view .LVU376
 1245 0378 40F6C412 		movw	r2, #2500
 1246 037c A3F8C02A 		strh	r2, [r3, #2752]	@ movhi
 238:controller/controller.c ****   config.engine_displacement_cc = 2400;
 1247              		.loc 1 238 3 is_stmt 1 view .LVU377
 238:controller/controller.c ****   config.engine_displacement_cc = 2400;
 1248              		.loc 1 238 30 is_stmt 0 view .LVU378
 1249 0380 4FF4FA72 		mov	r2, #500
 1250 0384 A3F8C22A 		strh	r2, [r3, #2754]	@ movhi
 239:controller/controller.c **** 
 1251              		.loc 1 239 3 is_stmt 1 view .LVU379
 239:controller/controller.c **** 
 1252              		.loc 1 239 33 is_stmt 0 view .LVU380
 1253 0388 4FF41662 		mov	r2, #2400
 1254 038c A3F8C42A 		strh	r2, [r3, #2756]	@ movhi
 241:controller/controller.c ****   config.tps1_calib_closed_throttle_adc_value = 417;
 1255              		.loc 1 241 3 is_stmt 1 view .LVU381
 241:controller/controller.c ****   config.tps1_calib_closed_throttle_adc_value = 417;
 1256              		.loc 1 241 50 is_stmt 0 view .LVU382
 1257 0390 40F6E961 		movw	r1, #3817
 1258 0394 A3F8C61A 		strh	r1, [r3, #2758]	@ movhi
 242:controller/controller.c ****   config.tps2_calib_wide_open_throttle_adc_value = 3817;
 1259              		.loc 1 242 3 is_stmt 1 view .LVU383
 242:controller/controller.c ****   config.tps2_calib_wide_open_throttle_adc_value = 3817;
 1260              		.loc 1 242 47 is_stmt 0 view .LVU384
 1261 0398 40F2A112 		movw	r2, #417
 1262 039c A3F8C82A 		strh	r2, [r3, #2760]	@ movhi
 243:controller/controller.c ****   config.tps2_calib_closed_throttle_adc_value = 417;
 1263              		.loc 1 243 3 is_stmt 1 view .LVU385
 243:controller/controller.c ****   config.tps2_calib_closed_throttle_adc_value = 417;
ARM GAS  C:\Users\alireza\AppData\Local\Temp\ccw51SGa.s 			page 79


 1264              		.loc 1 243 50 is_stmt 0 view .LVU386
 1265 03a0 A3F8CA1A 		strh	r1, [r3, #2762]	@ movhi
 244:controller/controller.c **** 
 1266              		.loc 1 244 3 is_stmt 1 view .LVU387
 244:controller/controller.c **** 
 1267              		.loc 1 244 47 is_stmt 0 view .LVU388
 1268 03a4 A3F8CC2A 		strh	r2, [r3, #2764]	@ movhi
 246:controller/controller.c ****   config.fuel_type = FUEL_TYPE_GAS;
 1269              		.loc 1 246 3 is_stmt 1 view .LVU389
 246:controller/controller.c ****   config.fuel_type = FUEL_TYPE_GAS;
 1270              		.loc 1 246 23 is_stmt 0 view .LVU390
 1271 03a8 0022     		movs	r2, #0
 1272 03aa 83F8CE2A 		strb	r2, [r3, #2766]
 247:controller/controller.c ****   config.trigger_crank_type = TRIGGER_WHEEL_TYPE_CRANK_58_TOOTH_2_MISSING;
 1273              		.loc 1 247 3 is_stmt 1 view .LVU391
 247:controller/controller.c ****   config.trigger_crank_type = TRIGGER_WHEEL_TYPE_CRANK_58_TOOTH_2_MISSING;
 1274              		.loc 1 247 20 is_stmt 0 view .LVU392
 1275 03ae 83F8CF2A 		strb	r2, [r3, #2767]
 248:controller/controller.c ****   config.trigger_crank_filtering = TRIGGER_FILTERING_NONE;
 1276              		.loc 1 248 3 is_stmt 1 view .LVU393
 248:controller/controller.c ****   config.trigger_crank_filtering = TRIGGER_FILTERING_NONE;
 1277              		.loc 1 248 29 is_stmt 0 view .LVU394
 1278 03b2 83F8D02A 		strb	r2, [r3, #2768]
 249:controller/controller.c ****   config.trigger_cam_type = TRIGGER_WHEEL_TYPE_CAM_NO_WHEEL;
 1279              		.loc 1 249 3 is_stmt 1 view .LVU395
 249:controller/controller.c ****   config.trigger_cam_type = TRIGGER_WHEEL_TYPE_CAM_NO_WHEEL;
 1280              		.loc 1 249 34 is_stmt 0 view .LVU396
 1281 03b6 83F8D12A 		strb	r2, [r3, #2769]
 250:controller/controller.c ****   config.trigger_cam_filtering = TRIGGER_FILTERING_NONE;
 1282              		.loc 1 250 3 is_stmt 1 view .LVU397
 250:controller/controller.c ****   config.trigger_cam_filtering = TRIGGER_FILTERING_NONE;
 1283              		.loc 1 250 27 is_stmt 0 view .LVU398
 1284 03ba 83F8D22A 		strb	r2, [r3, #2770]
 251:controller/controller.c ****   config.trigger_cam_enabled = false;
 1285              		.loc 1 251 3 is_stmt 1 view .LVU399
 251:controller/controller.c ****   config.trigger_cam_enabled = false;
 1286              		.loc 1 251 32 is_stmt 0 view .LVU400
 1287 03be 83F8D32A 		strb	r2, [r3, #2771]
 252:controller/controller.c **** 
 1288              		.loc 1 252 3 is_stmt 1 view .LVU401
 252:controller/controller.c **** 
 1289              		.loc 1 252 30 is_stmt 0 view .LVU402
 1290 03c2 83F8D42A 		strb	r2, [r3, #2772]
 254:controller/controller.c ****   config.ignition_mode = IGNITION_MODE_WASTED_SPARK;
 1291              		.loc 1 254 3 is_stmt 1 view .LVU403
 254:controller/controller.c ****   config.ignition_mode = IGNITION_MODE_WASTED_SPARK;
 1292              		.loc 1 254 25 is_stmt 0 view .LVU404
 1293 03c6 83F8D52A 		strb	r2, [r3, #2773]
 255:controller/controller.c ****   config.ignition_fixed_timing_enabled = false;
 1294              		.loc 1 255 3 is_stmt 1 view .LVU405
 255:controller/controller.c ****   config.ignition_fixed_timing_enabled = false;
 1295              		.loc 1 255 24 is_stmt 0 view .LVU406
 1296 03ca 0221     		movs	r1, #2
 1297 03cc 83F8D61A 		strb	r1, [r3, #2774]
 256:controller/controller.c **** 
 1298              		.loc 1 256 3 is_stmt 1 view .LVU407
 256:controller/controller.c **** 
ARM GAS  C:\Users\alireza\AppData\Local\Temp\ccw51SGa.s 			page 80


 1299              		.loc 1 256 40 is_stmt 0 view .LVU408
 1300 03d0 83F8D72A 		strb	r2, [r3, #2775]
 258:controller/controller.c ****   config.multi_spark_number_of_sparks = 3;
 1301              		.loc 1 258 3 is_stmt 1 view .LVU409
 258:controller/controller.c ****   config.multi_spark_number_of_sparks = 3;
 1302              		.loc 1 258 30 is_stmt 0 view .LVU410
 1303 03d4 83F8D82A 		strb	r2, [r3, #2776]
 259:controller/controller.c **** 
 1304              		.loc 1 259 3 is_stmt 1 view .LVU411
 259:controller/controller.c **** 
 1305              		.loc 1 259 39 is_stmt 0 view .LVU412
 1306 03d8 0320     		movs	r0, #3
 1307 03da 83F8D90A 		strb	r0, [r3, #2777]
 261:controller/controller.c ****   config.tps2_calib_is_inverted = false;
 1308              		.loc 1 261 3 is_stmt 1 view .LVU413
 261:controller/controller.c ****   config.tps2_calib_is_inverted = false;
 1309              		.loc 1 261 33 is_stmt 0 view .LVU414
 1310 03de 83F8DA2A 		strb	r2, [r3, #2778]
 262:controller/controller.c ****   config.tps1_type = SENSOR_TPS_TYPE_SAMAND_ETB;
 1311              		.loc 1 262 3 is_stmt 1 view .LVU415
 262:controller/controller.c ****   config.tps1_type = SENSOR_TPS_TYPE_SAMAND_ETB;
 1312              		.loc 1 262 33 is_stmt 0 view .LVU416
 1313 03e2 83F8DB2A 		strb	r2, [r3, #2779]
 263:controller/controller.c ****   config.tps2_type = SENSOR_TPS_TYPE_SAMAND_ETB;
 1314              		.loc 1 263 3 is_stmt 1 view .LVU417
 263:controller/controller.c ****   config.tps2_type = SENSOR_TPS_TYPE_SAMAND_ETB;
 1315              		.loc 1 263 20 is_stmt 0 view .LVU418
 1316 03e6 0121     		movs	r1, #1
 1317 03e8 83F8DC1A 		strb	r1, [r3, #2780]
 264:controller/controller.c **** 
 1318              		.loc 1 264 3 is_stmt 1 view .LVU419
 264:controller/controller.c **** 
 1319              		.loc 1 264 20 is_stmt 0 view .LVU420
 1320 03ec 83F8DD1A 		strb	r1, [r3, #2781]
 266:controller/controller.c ****   config.sensor_iat_type = SENSOR_IAT_TYPE_BOSCH_816;
 1321              		.loc 1 266 3 is_stmt 1 view .LVU421
 266:controller/controller.c ****   config.sensor_iat_type = SENSOR_IAT_TYPE_BOSCH_816;
 1322              		.loc 1 266 26 is_stmt 0 view .LVU422
 1323 03f0 83F8DE1A 		strb	r1, [r3, #2782]
 267:controller/controller.c ****   config.sensor_map_type = SENSOR_MAP_TYPE_BOSCH_816;
 1324              		.loc 1 267 3 is_stmt 1 view .LVU423
 267:controller/controller.c ****   config.sensor_map_type = SENSOR_MAP_TYPE_BOSCH_816;
 1325              		.loc 1 267 26 is_stmt 0 view .LVU424
 1326 03f4 83F8DF1A 		strb	r1, [r3, #2783]
 268:controller/controller.c **** 
 1327              		.loc 1 268 3 is_stmt 1 view .LVU425
 268:controller/controller.c **** 
 1328              		.loc 1 268 26 is_stmt 0 view .LVU426
 1329 03f8 83F8E01A 		strb	r1, [r3, #2784]
 270:controller/controller.c ****   config.protection_oil_pressure_enabled = false;
 1330              		.loc 1 270 3 is_stmt 1 view .LVU427
 270:controller/controller.c ****   config.protection_oil_pressure_enabled = false;
 1331              		.loc 1 270 39 is_stmt 0 view .LVU428
 1332 03fc 83F8E10A 		strb	r0, [r3, #2785]
 271:controller/controller.c ****   config.protection_clt_enabled = false;
 1333              		.loc 1 271 3 is_stmt 1 view .LVU429
 271:controller/controller.c ****   config.protection_clt_enabled = false;
ARM GAS  C:\Users\alireza\AppData\Local\Temp\ccw51SGa.s 			page 81


 1334              		.loc 1 271 42 is_stmt 0 view .LVU430
 1335 0400 83F8E22A 		strb	r2, [r3, #2786]
 272:controller/controller.c ****   config.protection_clt_load_disconnect_enabled = false;
 1336              		.loc 1 272 3 is_stmt 1 view .LVU431
 272:controller/controller.c ****   config.protection_clt_load_disconnect_enabled = false;
 1337              		.loc 1 272 33 is_stmt 0 view .LVU432
 1338 0404 83F8E32A 		strb	r2, [r3, #2787]
 273:controller/controller.c **** 
 1339              		.loc 1 273 3 is_stmt 1 view .LVU433
 273:controller/controller.c **** 
 1340              		.loc 1 273 49 is_stmt 0 view .LVU434
 1341 0408 83F8E42A 		strb	r2, [r3, #2788]
 275:controller/controller.c ****   config.etb2_enabled = true;
 1342              		.loc 1 275 3 is_stmt 1 view .LVU435
 275:controller/controller.c ****   config.etb2_enabled = true;
 1343              		.loc 1 275 23 is_stmt 0 view .LVU436
 1344 040c 83F8E51A 		strb	r1, [r3, #2789]
 276:controller/controller.c ****   config.etb1_motor_inverted = false;
 1345              		.loc 1 276 3 is_stmt 1 view .LVU437
 276:controller/controller.c ****   config.etb1_motor_inverted = false;
 1346              		.loc 1 276 23 is_stmt 0 view .LVU438
 1347 0410 83F8E61A 		strb	r1, [r3, #2790]
 277:controller/controller.c ****   config.etb2_motor_inverted = false;
 1348              		.loc 1 277 3 is_stmt 1 view .LVU439
 277:controller/controller.c ****   config.etb2_motor_inverted = false;
 1349              		.loc 1 277 30 is_stmt 0 view .LVU440
 1350 0414 83F8E72A 		strb	r2, [r3, #2791]
 278:controller/controller.c ****   config.etb1_end_of_travel_duty_cycle_limit_enabled = false;
 1351              		.loc 1 278 3 is_stmt 1 view .LVU441
 278:controller/controller.c ****   config.etb1_end_of_travel_duty_cycle_limit_enabled = false;
 1352              		.loc 1 278 30 is_stmt 0 view .LVU442
 1353 0418 83F8E82A 		strb	r2, [r3, #2792]
 279:controller/controller.c ****   config.etb2_end_of_travel_duty_cycle_limit_enabled = false;
 1354              		.loc 1 279 3 is_stmt 1 view .LVU443
 279:controller/controller.c ****   config.etb2_end_of_travel_duty_cycle_limit_enabled = false;
 1355              		.loc 1 279 54 is_stmt 0 view .LVU444
 1356 041c 83F8E92A 		strb	r2, [r3, #2793]
 280:controller/controller.c **** 
 1357              		.loc 1 280 3 is_stmt 1 view .LVU445
 280:controller/controller.c **** 
 1358              		.loc 1 280 54 is_stmt 0 view .LVU446
 1359 0420 83F8EA2A 		strb	r2, [r3, #2794]
 282:controller/controller.c ****   config.fan2_enabled = true;
 1360              		.loc 1 282 3 is_stmt 1 view .LVU447
 282:controller/controller.c ****   config.fan2_enabled = true;
 1361              		.loc 1 282 23 is_stmt 0 view .LVU448
 1362 0424 83F8EB1A 		strb	r1, [r3, #2795]
 283:controller/controller.c **** 
 1363              		.loc 1 283 3 is_stmt 1 view .LVU449
 283:controller/controller.c **** 
 1364              		.loc 1 283 23 is_stmt 0 view .LVU450
 1365 0428 83F8EC1A 		strb	r1, [r3, #2796]
 285:controller/controller.c ****   diagnostics_config.trigger_light_enabled = false;
 1366              		.loc 1 285 3 is_stmt 1 view .LVU451
 285:controller/controller.c ****   diagnostics_config.trigger_light_enabled = false;
 1367              		.loc 1 285 43 is_stmt 0 view .LVU452
 1368 042c 1B4B     		ldr	r3, .L60+104
ARM GAS  C:\Users\alireza\AppData\Local\Temp\ccw51SGa.s 			page 82


 1369 042e 1A70     		strb	r2, [r3]
 286:controller/controller.c **** }
 1370              		.loc 1 286 3 is_stmt 1 view .LVU453
 286:controller/controller.c **** }
 1371              		.loc 1 286 44 is_stmt 0 view .LVU454
 1372 0430 5A70     		strb	r2, [r3, #1]
 287:controller/controller.c **** 
 1373              		.loc 1 287 1 view .LVU455
 1374 0432 10BD     		pop	{r4, pc}
 1375              	.L61:
 1376              		.align	2
 1377              	.L60:
 1378 0434 00000000 		.word	config
 1379 0438 00004843 		.word	1128792064
 1380 043c 00004842 		.word	1112014848
 1381 0440 0000C843 		.word	1137180672
 1382 0444 00002041 		.word	1092616192
 1383 0448 00007041 		.word	1097859072
 1384 044c 0000E442 		.word	1122238464
 1385 0450 0000C841 		.word	1103626240
 1386 0454 0000FA44 		.word	1157234688
 1387 0458 CDCC4C3E 		.word	1045220557
 1388 045c 00004041 		.word	1094713344
 1389 0460 00006041 		.word	1096810496
 1390 0464 9A990941 		.word	1091148186
 1391 0468 0000A041 		.word	1101004800
 1392 046c 00003443 		.word	1127481344
 1393 0470 00007A43 		.word	1132068864
 1394 0474 0080BB44 		.word	1153138688
 1395 0478 00805444 		.word	1146388480
 1396 047c 0AD7233C 		.word	1008981770
 1397 0480 0AD7A33B 		.word	1000593162
 1398 0484 6F12833A 		.word	981668463
 1399 0488 00008C42 		.word	1116471296
 1400 048c 0000DC42 		.word	1121714176
 1401 0490 0000A842 		.word	1118306304
 1402 0494 0000A042 		.word	1117782016
 1403 0498 0000B042 		.word	1118830592
 1404 049c 00000000 		.word	diagnostics_config
 1405 04a0 0000C842 		.word	1120403456
 1406 04a4 0000C8C2 		.word	-1027080192
 1407              		.cfi_endproc
 1408              	.LFE243:
 1410              		.section	.text.controller_load_configuration,"ax",%progbits
 1411              		.align	1
 1412              		.global	controller_load_configuration
 1413              		.syntax unified
 1414              		.thumb
 1415              		.thumb_func
 1417              	controller_load_configuration:
 1418              	.LFB245:
 415:controller/controller.c ****   EE_Read();
 1419              		.loc 1 415 1 is_stmt 1 view -0
 1420              		.cfi_startproc
 1421              		@ args = 0, pretend = 0, frame = 0
 1422              		@ frame_needed = 0, uses_anonymous_args = 0
 1423 0000 08B5     		push	{r3, lr}
ARM GAS  C:\Users\alireza\AppData\Local\Temp\ccw51SGa.s 			page 83


 1424              		.cfi_def_cfa_offset 8
 1425              		.cfi_offset 3, -8
 1426              		.cfi_offset 14, -4
 416:controller/controller.c ****   // Validate loaded data (checksum)
 1427              		.loc 1 416 3 view .LVU457
 1428 0002 FFF7FEFF 		bl	EE_Read
 1429              	.LVL88:
 418:controller/controller.c **** 
 1430              		.loc 1 418 1 is_stmt 0 view .LVU458
 1431 0006 08BD     		pop	{r3, pc}
 1432              		.cfi_endproc
 1433              	.LFE245:
 1435              		.section	.rodata.controller_init.str1.4,"aMS",%progbits,1
 1436              		.align	2
 1437              	.LC0:
 1438 0000 4E6F7420 		.ascii	"Not able to init eeprom\000"
 1438      61626C65 
 1438      20746F20 
 1438      696E6974 
 1438      20656570 
 1439              		.section	.text.controller_init,"ax",%progbits
 1440              		.align	1
 1441              		.global	controller_init
 1442              		.syntax unified
 1443              		.thumb
 1444              		.thumb_func
 1446              	controller_init:
 1447              	.LFB244:
 290:controller/controller.c **** 
 1448              		.loc 1 290 1 is_stmt 1 view -0
 1449              		.cfi_startproc
 1450              		@ args = 0, pretend = 0, frame = 0
 1451              		@ frame_needed = 0, uses_anonymous_args = 0
 1452 0000 70B5     		push	{r4, r5, r6, lr}
 1453              		.cfi_def_cfa_offset 16
 1454              		.cfi_offset 4, -16
 1455              		.cfi_offset 5, -12
 1456              		.cfi_offset 6, -8
 1457              		.cfi_offset 14, -4
 1458 0002 82B0     		sub	sp, sp, #8
 1459              		.cfi_def_cfa_offset 24
 293:controller/controller.c ****   memset(&config, 0, sizeof(config));
 1460              		.loc 1 293 3 view .LVU460
 1461 0004 7C22     		movs	r2, #124
 1462 0006 0021     		movs	r1, #0
 1463 0008 9148     		ldr	r0, .L83
 1464 000a FFF7FEFF 		bl	memset
 1465              	.LVL89:
 294:controller/controller.c **** 
 1466              		.loc 1 294 3 view .LVU461
 1467 000e 914C     		ldr	r4, .L83+4
 1468 0010 41F6ED25 		movw	r5, #6893
 1469 0014 2A46     		mov	r2, r5
 1470 0016 0021     		movs	r1, #0
 1471 0018 2046     		mov	r0, r4
 1472 001a FFF7FEFF 		bl	memset
 1473              	.LVL90:
ARM GAS  C:\Users\alireza\AppData\Local\Temp\ccw51SGa.s 			page 84


 296:controller/controller.c ****   {
 1474              		.loc 1 296 3 view .LVU462
 296:controller/controller.c ****   {
 1475              		.loc 1 296 7 is_stmt 0 view .LVU463
 1476 001e 2946     		mov	r1, r5
 1477 0020 2046     		mov	r0, r4
 1478 0022 FFF7FEFF 		bl	EE_Init
 1479              	.LVL91:
 296:controller/controller.c ****   {
 1480              		.loc 1 296 6 discriminator 1 view .LVU464
 1481 0026 0028     		cmp	r0, #0
 1482 0028 00F0D280 		beq	.L77
 1483              	.L65:
 301:controller/controller.c **** 
 1484              		.loc 1 301 3 is_stmt 1 view .LVU465
 1485 002c FFF7FEFF 		bl	controller_load_configuration
 1486              	.LVL92:
 304:controller/controller.c **** 
 1487              		.loc 1 304 3 view .LVU466
 1488 0030 8948     		ldr	r0, .L83+8
 1489 0032 FFF7FEFF 		bl	controller_timing_start
 1490              	.LVL93:
 306:controller/controller.c ****   if (controller_flags == NULL)
 1491              		.loc 1 306 3 view .LVU467
 306:controller/controller.c ****   if (controller_flags == NULL)
 1492              		.loc 1 306 22 is_stmt 0 view .LVU468
 1493 0036 8948     		ldr	r0, .L83+12
 1494 0038 FFF7FEFF 		bl	osEventFlagsNew
 1495              	.LVL94:
 306:controller/controller.c ****   if (controller_flags == NULL)
 1496              		.loc 1 306 20 discriminator 1 view .LVU469
 1497 003c 884B     		ldr	r3, .L83+16
 1498 003e 1860     		str	r0, [r3]
 307:controller/controller.c ****   {
 1499              		.loc 1 307 3 is_stmt 1 view .LVU470
 307:controller/controller.c ****   {
 1500              		.loc 1 307 6 is_stmt 0 view .LVU471
 1501 0040 0028     		cmp	r0, #0
 1502 0042 00F0CB80 		beq	.L78
 1503              	.L66:
 316:controller/controller.c **** 
 1504              		.loc 1 316 3 is_stmt 1 view .LVU472
 1505 0046 8749     		ldr	r1, .L83+20
 1506 0048 8748     		ldr	r0, .L83+24
 1507 004a FFF7FEFF 		bl	analog_inputs_init
 1508              	.LVL95:
 318:controller/controller.c ****     trigger_camshaft_init(config.trigger_cam_type, &config.trigger_cam_filtering);
 1509              		.loc 1 318 3 view .LVU473
 318:controller/controller.c ****     trigger_camshaft_init(config.trigger_cam_type, &config.trigger_cam_filtering);
 1510              		.loc 1 318 13 is_stmt 0 view .LVU474
 1511 004e 874B     		ldr	r3, .L83+28
 1512 0050 93F8D43A 		ldrb	r3, [r3, #2772]	@ zero_extendqisi2
 318:controller/controller.c ****     trigger_camshaft_init(config.trigger_cam_type, &config.trigger_cam_filtering);
 1513              		.loc 1 318 6 view .LVU475
 1514 0054 002B     		cmp	r3, #0
 1515 0056 40F0C380 		bne	.L79
 1516              	.L67:
ARM GAS  C:\Users\alireza\AppData\Local\Temp\ccw51SGa.s 			page 85


 321:controller/controller.c ****   trigger_signal_queue_id = osMessageQueueNew(FIRMWARE_TRIGGER_EVENT_QUEUE_DEPTH, sizeof(trigger_ev
 1517              		.loc 1 321 3 is_stmt 1 view .LVU476
 321:controller/controller.c ****   trigger_signal_queue_id = osMessageQueueNew(FIRMWARE_TRIGGER_EVENT_QUEUE_DEPTH, sizeof(trigger_ev
 1518              		.loc 1 321 33 is_stmt 0 view .LVU477
 1519 005a 844C     		ldr	r4, .L83+28
 321:controller/controller.c ****   trigger_signal_queue_id = osMessageQueueNew(FIRMWARE_TRIGGER_EVENT_QUEUE_DEPTH, sizeof(trigger_ev
 1520              		.loc 1 321 3 view .LVU478
 1521 005c 94F8D00A 		ldrb	r0, [r4, #2768]	@ zero_extendqisi2
 1522 0060 FFF7FEFF 		bl	trigger_crankshaft_init
 1523              	.LVL96:
 322:controller/controller.c ****   if (trigger_signal_queue_id == NULL)
 1524              		.loc 1 322 3 is_stmt 1 view .LVU479
 322:controller/controller.c ****   if (trigger_signal_queue_id == NULL)
 1525              		.loc 1 322 29 is_stmt 0 view .LVU480
 1526 0064 824A     		ldr	r2, .L83+32
 1527 0066 0821     		movs	r1, #8
 1528 0068 1020     		movs	r0, #16
 1529 006a FFF7FEFF 		bl	osMessageQueueNew
 1530              	.LVL97:
 322:controller/controller.c ****   if (trigger_signal_queue_id == NULL)
 1531              		.loc 1 322 27 discriminator 1 view .LVU481
 1532 006e 814B     		ldr	r3, .L83+36
 1533 0070 1860     		str	r0, [r3]
 323:controller/controller.c ****   {
 1534              		.loc 1 323 3 is_stmt 1 view .LVU482
 328:controller/controller.c ****   osThreadNew(task_trigger_driven, NULL, &task_trigger_driven_attr);
 1535              		.loc 1 328 3 view .LVU483
 329:controller/controller.c **** 
 1536              		.loc 1 329 3 view .LVU484
 1537 0072 814A     		ldr	r2, .L83+40
 1538 0074 0021     		movs	r1, #0
 1539 0076 8148     		ldr	r0, .L83+44
 1540 0078 FFF7FEFF 		bl	osThreadNew
 1541              	.LVL98:
 333:controller/controller.c ****   sensor_tps_init(&tps2, STATUS_TPS2_ERROR);
 1542              		.loc 1 333 3 view .LVU485
 1543 007c 804D     		ldr	r5, .L83+48
 1544 007e 0D21     		movs	r1, #13
 1545 0080 2846     		mov	r0, r5
 1546 0082 FFF7FEFF 		bl	sensor_tps_init
 1547              	.LVL99:
 334:controller/controller.c **** 
 1548              		.loc 1 334 3 view .LVU486
 1549 0086 0E21     		movs	r1, #14
 1550 0088 7E48     		ldr	r0, .L83+52
 1551 008a FFF7FEFF 		bl	sensor_tps_init
 1552              	.LVL100:
 337:controller/controller.c **** 
 1553              		.loc 1 337 3 view .LVU487
 1554 008e 94F8DE1A 		ldrb	r1, [r4, #2782]	@ zero_extendqisi2
 1555 0092 7D48     		ldr	r0, .L83+56
 1556 0094 FFF7FEFF 		bl	sensor_clt_init
 1557              	.LVL101:
 340:controller/controller.c **** 
 1558              		.loc 1 340 3 view .LVU488
 1559 0098 94F8DF1A 		ldrb	r1, [r4, #2783]	@ zero_extendqisi2
 1560 009c 7B48     		ldr	r0, .L83+60
ARM GAS  C:\Users\alireza\AppData\Local\Temp\ccw51SGa.s 			page 86


 1561 009e FFF7FEFF 		bl	sensor_iat_init
 1562              	.LVL102:
 343:controller/controller.c **** 
 1563              		.loc 1 343 3 view .LVU489
 1564 00a2 7B4E     		ldr	r6, .L83+64
 1565 00a4 94F8E01A 		ldrb	r1, [r4, #2784]	@ zero_extendqisi2
 1566 00a8 3046     		mov	r0, r6
 1567 00aa FFF7FEFF 		bl	sensor_map_init
 1568              	.LVL103:
 347:controller/controller.c **** 
 1569              		.loc 1 347 3 view .LVU490
 1570 00ae 3146     		mov	r1, r6
 1571 00b0 2846     		mov	r0, r5
 1572 00b2 FFF7FEFF 		bl	fuel_math_use_tps_map_sensors
 1573              	.LVL104:
 351:controller/controller.c ****   injection_init();
 1574              		.loc 1 351 3 view .LVU491
 1575 00b6 FFF7FEFF 		bl	ignition_init
 1576              	.LVL105:
 352:controller/controller.c **** 
 1577              		.loc 1 352 3 view .LVU492
 1578 00ba FFF7FEFF 		bl	injection_init
 1579              	.LVL106:
 354:controller/controller.c ****   // Electronic Throttle Body 1
 1580              		.loc 1 354 3 view .LVU493
 1581 00be 4FF4FA70 		mov	r0, #500
 1582 00c2 FFF7FEFF 		bl	osDelay
 1583              	.LVL107:
 356:controller/controller.c ****   {
 1584              		.loc 1 356 3 view .LVU494
 356:controller/controller.c ****   {
 1585              		.loc 1 356 13 is_stmt 0 view .LVU495
 1586 00c6 94F8E53A 		ldrb	r3, [r4, #2789]	@ zero_extendqisi2
 356:controller/controller.c ****   {
 1587              		.loc 1 356 6 view .LVU496
 1588 00ca 002B     		cmp	r3, #0
 1589 00cc 2FD0     		beq	.L68
 358:controller/controller.c ****     {
 1590              		.loc 1 358 5 is_stmt 1 view .LVU497
 358:controller/controller.c ****     {
 1591              		.loc 1 358 15 is_stmt 0 view .LVU498
 1592 00ce 94F8E73A 		ldrb	r3, [r4, #2791]	@ zero_extendqisi2
 358:controller/controller.c ****     {
 1593              		.loc 1 358 8 view .LVU499
 1594 00d2 002B     		cmp	r3, #0
 1595 00d4 00F08C80 		beq	.L69
 360:controller/controller.c ****     }
 1596              		.loc 1 360 7 is_stmt 1 view .LVU500
 1597 00d8 44F62063 		movw	r3, #20000
 1598 00dc 0093     		str	r3, [sp]
 1599 00de 0823     		movs	r3, #8
 1600 00e0 0C22     		movs	r2, #12
 1601 00e2 6C49     		ldr	r1, .L83+68
 1602 00e4 6C48     		ldr	r0, .L83+72
 1603 00e6 FFF7FEFF 		bl	dc_motor_init
 1604              	.LVL108:
 1605              	.L70:
ARM GAS  C:\Users\alireza\AppData\Local\Temp\ccw51SGa.s 			page 87


 367:controller/controller.c ****     electronic_throttle_init(&etb1, &etb1_pid, &tps1, &etb1_motor, &config.etb1_feedforward_table, 
 1606              		.loc 1 367 5 view .LVU501
 1607 00ea 6C4C     		ldr	r4, .L83+76
 1608 00ec 6C4D     		ldr	r5, .L83+80
 1609 00ee 2146     		mov	r1, r4
 1610 00f0 2846     		mov	r0, r5
 1611 00f2 FFF7FEFF 		bl	pid_init
 1612              	.LVL109:
 368:controller/controller.c **** 
 1613              		.loc 1 368 5 view .LVU502
 1614 00f6 1623     		movs	r3, #22
 1615 00f8 0193     		str	r3, [sp, #4]
 1616 00fa 803C     		subs	r4, r4, #128
 1617 00fc 0094     		str	r4, [sp]
 1618 00fe 664B     		ldr	r3, .L83+72
 1619 0100 5F4A     		ldr	r2, .L83+48
 1620 0102 2946     		mov	r1, r5
 1621 0104 6748     		ldr	r0, .L83+84
 1622 0106 FFF7FEFF 		bl	electronic_throttle_init
 1623              	.LVL110:
 370:controller/controller.c ****     {
 1624              		.loc 1 370 5 view .LVU503
 370:controller/controller.c ****     {
 1625              		.loc 1 370 15 is_stmt 0 view .LVU504
 1626 010a A4F5DD63 		sub	r3, r4, #1768
 1627 010e 93F8E93A 		ldrb	r3, [r3, #2793]	@ zero_extendqisi2
 370:controller/controller.c ****     {
 1628              		.loc 1 370 8 view .LVU505
 1629 0112 002B     		cmp	r3, #0
 1630 0114 76D1     		bne	.L80
 1631              	.L71:
 374:controller/controller.c ****     /* Init governer */
 1632              		.loc 1 374 5 is_stmt 1 view .LVU506
 1633 0116 554C     		ldr	r4, .L83+28
 1634 0118 04F5D163 		add	r3, r4, #1672
 1635 011c 93ED000A 		vldr.32	s0, [r3]
 1636 0120 6048     		ldr	r0, .L83+84
 1637 0122 FFF7FEFF 		bl	electronic_throttle_set
 1638              	.LVL111:
 376:controller/controller.c ****     {
 1639              		.loc 1 376 5 view .LVU507
 376:controller/controller.c ****     {
 1640              		.loc 1 376 15 is_stmt 0 view .LVU508
 1641 0126 94F8E53A 		ldrb	r3, [r4, #2789]	@ zero_extendqisi2
 376:controller/controller.c ****     {
 1642              		.loc 1 376 8 view .LVU509
 1643 012a 002B     		cmp	r3, #0
 1644 012c 75D1     		bne	.L81
 1645              	.L68:
 381:controller/controller.c ****   {
 1646              		.loc 1 381 3 is_stmt 1 view .LVU510
 381:controller/controller.c ****   {
 1647              		.loc 1 381 13 is_stmt 0 view .LVU511
 1648 012e 4F4B     		ldr	r3, .L83+28
 1649 0130 93F8E63A 		ldrb	r3, [r3, #2790]	@ zero_extendqisi2
 381:controller/controller.c ****   {
 1650              		.loc 1 381 6 view .LVU512
ARM GAS  C:\Users\alireza\AppData\Local\Temp\ccw51SGa.s 			page 88


 1651 0134 63B3     		cbz	r3, .L72
 384:controller/controller.c ****     {
 1652              		.loc 1 384 5 is_stmt 1 view .LVU513
 384:controller/controller.c ****     {
 1653              		.loc 1 384 15 is_stmt 0 view .LVU514
 1654 0136 4D4B     		ldr	r3, .L83+28
 1655 0138 93F8E83A 		ldrb	r3, [r3, #2792]	@ zero_extendqisi2
 384:controller/controller.c ****     {
 1656              		.loc 1 384 8 view .LVU515
 1657 013c 002B     		cmp	r3, #0
 1658 013e 72D0     		beq	.L73
 386:controller/controller.c ****     }
 1659              		.loc 1 386 7 is_stmt 1 view .LVU516
 1660 0140 44F62063 		movw	r3, #20000
 1661 0144 0093     		str	r3, [sp]
 1662 0146 0023     		movs	r3, #0
 1663 0148 0422     		movs	r2, #4
 1664 014a 5249     		ldr	r1, .L83+68
 1665 014c 5648     		ldr	r0, .L83+88
 1666 014e FFF7FEFF 		bl	dc_motor_init
 1667              	.LVL112:
 1668              	.L74:
 393:controller/controller.c ****     electronic_throttle_init(&etb2, &etb2_pid, &tps2, &etb2_motor, &config.etb2_feedforward_table, 
 1669              		.loc 1 393 5 view .LVU517
 1670 0152 564C     		ldr	r4, .L83+92
 1671 0154 564D     		ldr	r5, .L83+96
 1672 0156 2146     		mov	r1, r4
 1673 0158 2846     		mov	r0, r5
 1674 015a FFF7FEFF 		bl	pid_init
 1675              	.LVL113:
 394:controller/controller.c ****     if (config.etb2_end_of_travel_duty_cycle_limit_enabled)
 1676              		.loc 1 394 5 view .LVU518
 1677 015e 1723     		movs	r3, #23
 1678 0160 0193     		str	r3, [sp, #4]
 1679 0162 803C     		subs	r4, r4, #128
 1680 0164 0094     		str	r4, [sp]
 1681 0166 504B     		ldr	r3, .L83+88
 1682 0168 464A     		ldr	r2, .L83+52
 1683 016a 2946     		mov	r1, r5
 1684 016c 5148     		ldr	r0, .L83+100
 1685 016e FFF7FEFF 		bl	electronic_throttle_init
 1686              	.LVL114:
 395:controller/controller.c ****     {
 1687              		.loc 1 395 5 view .LVU519
 395:controller/controller.c ****     {
 1688              		.loc 1 395 15 is_stmt 0 view .LVU520
 1689 0172 A4F5F163 		sub	r3, r4, #1928
 1690 0176 93F8EA3A 		ldrb	r3, [r3, #2794]	@ zero_extendqisi2
 395:controller/controller.c ****     {
 1691              		.loc 1 395 8 view .LVU521
 1692 017a 002B     		cmp	r3, #0
 1693 017c 5DD1     		bne	.L82
 1694              	.L75:
 399:controller/controller.c **** 
 1695              		.loc 1 399 5 is_stmt 1 view .LVU522
 1696 017e 4D4C     		ldr	r4, .L83+100
 1697 0180 9FED4D0A 		vldr.32	s0, .L83+104
ARM GAS  C:\Users\alireza\AppData\Local\Temp\ccw51SGa.s 			page 89


 1698 0184 2046     		mov	r0, r4
 1699 0186 FFF7FEFF 		bl	electronic_throttle_set
 1700              	.LVL115:
 401:controller/controller.c ****   }
 1701              		.loc 1 401 5 view .LVU523
 1702 018a 2046     		mov	r0, r4
 1703 018c FFF7FEFF 		bl	gas_injection_init
 1704              	.LVL116:
 1705              	.L72:
 403:controller/controller.c ****   comms_init();
 1706              		.loc 1 403 3 view .LVU524
 1707 0190 4448     		ldr	r0, .L83+84
 1708 0192 FFF7FEFF 		bl	protections_init
 1709              	.LVL117:
 404:controller/controller.c **** 
 1710              		.loc 1 404 3 view .LVU525
 1711 0196 FFF7FEFF 		bl	comms_init
 1712              	.LVL118:
 406:controller/controller.c ****   osThreadNew(task_controller_test, NULL, &task_controller_test_attr);
 1713              		.loc 1 406 3 view .LVU526
 1714 019a 484A     		ldr	r2, .L83+108
 1715 019c 0021     		movs	r1, #0
 1716 019e 4848     		ldr	r0, .L83+112
 1717 01a0 FFF7FEFF 		bl	osThreadNew
 1718              	.LVL119:
 407:controller/controller.c ****   osThreadNew(task_sensor, NULL, &task_sensor_attr);
 1719              		.loc 1 407 3 view .LVU527
 1720 01a4 474A     		ldr	r2, .L83+116
 1721 01a6 0021     		movs	r1, #0
 1722 01a8 4748     		ldr	r0, .L83+120
 1723 01aa FFF7FEFF 		bl	osThreadNew
 1724              	.LVL120:
 408:controller/controller.c ****   osThreadNew(task_long_routines, NULL, &task_long_routines_attr);
 1725              		.loc 1 408 3 view .LVU528
 1726 01ae 474A     		ldr	r2, .L83+124
 1727 01b0 0021     		movs	r1, #0
 1728 01b2 4748     		ldr	r0, .L83+128
 1729 01b4 FFF7FEFF 		bl	osThreadNew
 1730              	.LVL121:
 409:controller/controller.c **** 
 1731              		.loc 1 409 3 view .LVU529
 1732 01b8 464A     		ldr	r2, .L83+132
 1733 01ba 0021     		movs	r1, #0
 1734 01bc 4648     		ldr	r0, .L83+136
 1735 01be FFF7FEFF 		bl	osThreadNew
 1736              	.LVL122:
 411:controller/controller.c **** }
 1737              		.loc 1 411 3 view .LVU530
 1738 01c2 0121     		movs	r1, #1
 1739 01c4 264B     		ldr	r3, .L83+16
 1740 01c6 1868     		ldr	r0, [r3]
 1741 01c8 FFF7FEFF 		bl	osEventFlagsSet
 1742              	.LVL123:
 412:controller/controller.c **** 
 1743              		.loc 1 412 1 is_stmt 0 view .LVU531
 1744 01cc 02B0     		add	sp, sp, #8
 1745              		.cfi_remember_state
ARM GAS  C:\Users\alireza\AppData\Local\Temp\ccw51SGa.s 			page 90


 1746              		.cfi_def_cfa_offset 16
 1747              		@ sp needed
 1748 01ce 70BD     		pop	{r4, r5, r6, pc}
 1749              	.L77:
 1750              		.cfi_restore_state
 298:controller/controller.c ****     log_error("Not able to init eeprom");
 1751              		.loc 1 298 5 is_stmt 1 view .LVU532
 1752 01d0 FFF7FEFF 		bl	controller_configuration_load_default
 1753              	.LVL124:
 299:controller/controller.c ****   }
 1754              		.loc 1 299 5 view .LVU533
 1755 01d4 4148     		ldr	r0, .L83+140
 1756 01d6 FFF7FEFF 		bl	log_error
 1757              	.LVL125:
 1758 01da 27E7     		b	.L65
 1759              	.L78:
 312:controller/controller.c ****   }
 1760              		.loc 1 312 5 view .LVU534
 1761              		.syntax unified
 1762              	@ 312 "controller/controller.c" 1
 1763 01dc 00BF     		nop
 1764              	@ 0 "" 2
 1765              		.thumb
 1766              		.syntax unified
 1767 01de 32E7     		b	.L66
 1768              	.L79:
 319:controller/controller.c **** 
 1769              		.loc 1 319 5 view .LVU535
 1770 01e0 3F49     		ldr	r1, .L83+144
 1771 01e2 A1F6D323 		subw	r3, r1, #2771
 1772 01e6 93F8D20A 		ldrb	r0, [r3, #2770]	@ zero_extendqisi2
 1773 01ea FFF7FEFF 		bl	trigger_camshaft_init
 1774              	.LVL126:
 1775 01ee 34E7     		b	.L67
 1776              	.L69:
 364:controller/controller.c ****     }
 1777              		.loc 1 364 7 view .LVU536
 1778 01f0 44F62063 		movw	r3, #20000
 1779 01f4 0093     		str	r3, [sp]
 1780 01f6 0C23     		movs	r3, #12
 1781 01f8 0822     		movs	r2, #8
 1782 01fa 2649     		ldr	r1, .L83+68
 1783 01fc 2648     		ldr	r0, .L83+72
 1784 01fe FFF7FEFF 		bl	dc_motor_init
 1785              	.LVL127:
 1786 0202 72E7     		b	.L70
 1787              	.L80:
 372:controller/controller.c ****     }
 1788              		.loc 1 372 7 view .LVU537
 1789 0204 134B     		ldr	r3, .L83+4
 1790 0206 03F5BC52 		add	r2, r3, #6016
 1791 020a D2ED000A 		vldr.32	s1, [r2]
 1792 020e 92ED010A 		vldr.32	s0, [r2, #4]
 1793 0212 2448     		ldr	r0, .L83+84
 1794 0214 FFF7FEFF 		bl	electronic_throttle_enable_end_of_travel_protection
 1795              	.LVL128:
 1796 0218 7DE7     		b	.L71
ARM GAS  C:\Users\alireza\AppData\Local\Temp\ccw51SGa.s 			page 91


 1797              	.L81:
 378:controller/controller.c ****     }
 1798              		.loc 1 378 7 view .LVU538
 1799 021a 04F5DA61 		add	r1, r4, #1744
 1800 021e 2148     		ldr	r0, .L83+84
 1801 0220 FFF7FEFF 		bl	governer_init
 1802              	.LVL129:
 1803 0224 83E7     		b	.L68
 1804              	.L73:
 390:controller/controller.c ****     }
 1805              		.loc 1 390 7 view .LVU539
 1806 0226 44F62063 		movw	r3, #20000
 1807 022a 0093     		str	r3, [sp]
 1808 022c 0423     		movs	r3, #4
 1809 022e 0022     		movs	r2, #0
 1810 0230 1849     		ldr	r1, .L83+68
 1811 0232 1D48     		ldr	r0, .L83+88
 1812 0234 FFF7FEFF 		bl	dc_motor_init
 1813              	.LVL130:
 1814 0238 8BE7     		b	.L74
 1815              	.L82:
 397:controller/controller.c ****     }
 1816              		.loc 1 397 7 view .LVU540
 1817 023a 064B     		ldr	r3, .L83+4
 1818 023c 03F5C152 		add	r2, r3, #6176
 1819 0240 D2ED000A 		vldr.32	s1, [r2]
 1820 0244 92ED010A 		vldr.32	s0, [r2, #4]
 1821 0248 1A48     		ldr	r0, .L83+100
 1822 024a FFF7FEFF 		bl	electronic_throttle_enable_end_of_travel_protection
 1823              	.LVL131:
 1824 024e 96E7     		b	.L75
 1825              	.L84:
 1826              		.align	2
 1827              	.L83:
 1828 0250 00000000 		.word	runtime
 1829 0254 00000000 		.word	config
 1830 0258 00000000 		.word	htim2
 1831 025c 00000000 		.word	controller_flags_attr
 1832 0260 00000000 		.word	controller_flags
 1833 0264 00000000 		.word	htim5
 1834 0268 00000000 		.word	hadc1
 1835 026c 00100000 		.word	config+4096
 1836 0270 00000000 		.word	trigger_signal_queue_attr
 1837 0274 00000000 		.word	trigger_signal_queue_id
 1838 0278 00000000 		.word	task_trigger_driven_attr
 1839 027c 00000000 		.word	task_trigger_driven
 1840 0280 00000000 		.word	tps1
 1841 0284 00000000 		.word	tps2
 1842 0288 00000000 		.word	sensor_clt
 1843 028c 00000000 		.word	sensor_iat
 1844 0290 00000000 		.word	sensor_map
 1845 0294 00000000 		.word	htim3
 1846 0298 00000000 		.word	etb1_motor
 1847 029c 68170000 		.word	config+5992
 1848 02a0 00000000 		.word	etb1_pid
 1849 02a4 00000000 		.word	etb1
 1850 02a8 00000000 		.word	etb2_motor
ARM GAS  C:\Users\alireza\AppData\Local\Temp\ccw51SGa.s 			page 92


 1851 02ac 08180000 		.word	config+6152
 1852 02b0 00000000 		.word	etb2_pid
 1853 02b4 00000000 		.word	etb2
 1854 02b8 00000000 		.word	0
 1855 02bc 00000000 		.word	task_updater_attr
 1856 02c0 00000000 		.word	task_updater
 1857 02c4 00000000 		.word	task_controller_test_attr
 1858 02c8 00000000 		.word	task_controller_test
 1859 02cc 00000000 		.word	task_sensor_attr
 1860 02d0 00000000 		.word	task_sensor
 1861 02d4 00000000 		.word	task_long_routines_attr
 1862 02d8 00000000 		.word	task_long_routines
 1863 02dc 00000000 		.word	.LC0
 1864 02e0 D31A0000 		.word	config+6867
 1865              		.cfi_endproc
 1866              	.LFE244:
 1868              		.section	.text.controller_save_configuration,"ax",%progbits
 1869              		.align	1
 1870              		.global	controller_save_configuration
 1871              		.syntax unified
 1872              		.thumb
 1873              		.thumb_func
 1875              	controller_save_configuration:
 1876              	.LFB246:
 421:controller/controller.c ****   bool state = false;
 1877              		.loc 1 421 1 view -0
 1878              		.cfi_startproc
 1879              		@ args = 0, pretend = 0, frame = 0
 1880              		@ frame_needed = 0, uses_anonymous_args = 0
 1881 0000 08B5     		push	{r3, lr}
 1882              		.cfi_def_cfa_offset 8
 1883              		.cfi_offset 3, -8
 1884              		.cfi_offset 14, -4
 422:controller/controller.c ****   state = EE_Write();
 1885              		.loc 1 422 3 view .LVU542
 1886              	.LVL132:
 423:controller/controller.c ****   return state;
 1887              		.loc 1 423 3 view .LVU543
 423:controller/controller.c ****   return state;
 1888              		.loc 1 423 11 is_stmt 0 view .LVU544
 1889 0002 FFF7FEFF 		bl	EE_Write
 1890              	.LVL133:
 424:controller/controller.c **** }
 1891              		.loc 1 424 3 is_stmt 1 view .LVU545
 425:controller/controller.c **** 
 1892              		.loc 1 425 1 is_stmt 0 view .LVU546
 1893 0006 08BD     		pop	{r3, pc}
 1894              		.cfi_endproc
 1895              	.LFE246:
 1897              		.section	.text.controller_analog_inputs_read_callback,"ax",%progbits
 1898              		.align	1
 1899              		.global	controller_analog_inputs_read_callback
 1900              		.syntax unified
 1901              		.thumb
 1902              		.thumb_func
 1904              	controller_analog_inputs_read_callback:
 1905              	.LFB248:
ARM GAS  C:\Users\alireza\AppData\Local\Temp\ccw51SGa.s 			page 93


 440:controller/controller.c ****   osEventFlagsSet(controller_flags, CONTROLLER_FLAG_ANALOG_DATA_AVAILABLE);
 1906              		.loc 1 440 1 is_stmt 1 view -0
 1907              		.cfi_startproc
 1908              		@ args = 0, pretend = 0, frame = 0
 1909              		@ frame_needed = 0, uses_anonymous_args = 0
 1910 0000 08B5     		push	{r3, lr}
 1911              		.cfi_def_cfa_offset 8
 1912              		.cfi_offset 3, -8
 1913              		.cfi_offset 14, -4
 441:controller/controller.c **** }
 1914              		.loc 1 441 3 view .LVU548
 1915 0002 0221     		movs	r1, #2
 1916 0004 024B     		ldr	r3, .L89
 1917 0006 1868     		ldr	r0, [r3]
 1918 0008 FFF7FEFF 		bl	osEventFlagsSet
 1919              	.LVL134:
 442:controller/controller.c **** 
 1920              		.loc 1 442 1 is_stmt 0 view .LVU549
 1921 000c 08BD     		pop	{r3, pc}
 1922              	.L90:
 1923 000e 00BF     		.align	2
 1924              	.L89:
 1925 0010 00000000 		.word	controller_flags
 1926              		.cfi_endproc
 1927              	.LFE248:
 1929              		.section	.text.HAL_GPIO_EXTI_Callback,"ax",%progbits
 1930              		.align	1
 1931              		.global	HAL_GPIO_EXTI_Callback
 1932              		.syntax unified
 1933              		.thumb
 1934              		.thumb_func
 1936              	HAL_GPIO_EXTI_Callback:
 1937              	.LVL135:
 1938              	.LFB252:
 506:controller/controller.c ****   trigger_event_t event = {0};
 1939              		.loc 1 506 1 is_stmt 1 view -0
 1940              		.cfi_startproc
 1941              		@ args = 0, pretend = 0, frame = 8
 1942              		@ frame_needed = 0, uses_anonymous_args = 0
 506:controller/controller.c ****   trigger_event_t event = {0};
 1943              		.loc 1 506 1 is_stmt 0 view .LVU551
 1944 0000 F0B5     		push	{r4, r5, r6, r7, lr}
 1945              		.cfi_def_cfa_offset 20
 1946              		.cfi_offset 4, -20
 1947              		.cfi_offset 5, -16
 1948              		.cfi_offset 6, -12
 1949              		.cfi_offset 7, -8
 1950              		.cfi_offset 14, -4
 1951 0002 83B0     		sub	sp, sp, #12
 1952              		.cfi_def_cfa_offset 32
 1953 0004 0446     		mov	r4, r0
 507:controller/controller.c ****   event.timestamp = get_time_us();
 1954              		.loc 1 507 3 is_stmt 1 view .LVU552
 507:controller/controller.c ****   event.timestamp = get_time_us();
 1955              		.loc 1 507 19 is_stmt 0 view .LVU553
 1956 0006 0023     		movs	r3, #0
 1957 0008 0093     		str	r3, [sp]
ARM GAS  C:\Users\alireza\AppData\Local\Temp\ccw51SGa.s 			page 94


 1958 000a 0193     		str	r3, [sp, #4]
 508:controller/controller.c ****   bool crank_trigger_input_state = HAL_GPIO_ReadPin(SENSOR_VR1_GPIO_Port, SENSOR_VR1_Pin);
 1959              		.loc 1 508 3 is_stmt 1 view .LVU554
 508:controller/controller.c ****   bool crank_trigger_input_state = HAL_GPIO_ReadPin(SENSOR_VR1_GPIO_Port, SENSOR_VR1_Pin);
 1960              		.loc 1 508 21 is_stmt 0 view .LVU555
 1961 000c FFF7FEFF 		bl	get_time_us
 1962              	.LVL136:
 508:controller/controller.c ****   bool crank_trigger_input_state = HAL_GPIO_ReadPin(SENSOR_VR1_GPIO_Port, SENSOR_VR1_Pin);
 1963              		.loc 1 508 19 discriminator 1 view .LVU556
 1964 0010 0090     		str	r0, [sp]
 509:controller/controller.c ****   bool cam_trigger_input_state = HAL_GPIO_ReadPin(SENSOR_VR2_GPIO_Port, SENSOR_VR2_Pin);
 1965              		.loc 1 509 3 is_stmt 1 view .LVU557
 509:controller/controller.c ****   bool cam_trigger_input_state = HAL_GPIO_ReadPin(SENSOR_VR2_GPIO_Port, SENSOR_VR2_Pin);
 1966              		.loc 1 509 36 is_stmt 0 view .LVU558
 1967 0012 174E     		ldr	r6, .L97
 1968 0014 4FF48071 		mov	r1, #256
 1969 0018 3046     		mov	r0, r6
 1970 001a FFF7FEFF 		bl	HAL_GPIO_ReadPin
 1971              	.LVL137:
 1972 001e 0546     		mov	r5, r0
 509:controller/controller.c ****   bool cam_trigger_input_state = HAL_GPIO_ReadPin(SENSOR_VR2_GPIO_Port, SENSOR_VR2_Pin);
 1973              		.loc 1 509 8 discriminator 1 view .LVU559
 1974 0020 071E     		subs	r7, r0, #0
 1975 0022 18BF     		it	ne
 1976 0024 0127     		movne	r7, #1
 1977              	.LVL138:
 510:controller/controller.c ****   if (GPIO_Pin == SENSOR_VR1_Pin && !crank_trigger_input_state)
 1978              		.loc 1 510 3 is_stmt 1 view .LVU560
 510:controller/controller.c ****   if (GPIO_Pin == SENSOR_VR1_Pin && !crank_trigger_input_state)
 1979              		.loc 1 510 34 is_stmt 0 view .LVU561
 1980 0026 4FF40071 		mov	r1, #512
 1981 002a 3046     		mov	r0, r6
 1982 002c FFF7FEFF 		bl	HAL_GPIO_ReadPin
 1983              	.LVL139:
 510:controller/controller.c ****   if (GPIO_Pin == SENSOR_VR1_Pin && !crank_trigger_input_state)
 1984              		.loc 1 510 8 discriminator 1 view .LVU562
 1985 0030 0038     		subs	r0, r0, #0
 1986 0032 18BF     		it	ne
 1987 0034 0120     		movne	r0, #1
 1988              	.LVL140:
 511:controller/controller.c ****   {
 1989              		.loc 1 511 3 is_stmt 1 view .LVU563
 511:controller/controller.c ****   {
 1990              		.loc 1 511 6 is_stmt 0 view .LVU564
 1991 0036 B4F5807F 		cmp	r4, #256
 1992 003a 0BD0     		beq	.L95
 1993              	.L92:
 516:controller/controller.c ****   {
 1994              		.loc 1 516 8 is_stmt 1 view .LVU565
 516:controller/controller.c ****   {
 1995              		.loc 1 516 11 is_stmt 0 view .LVU566
 1996 003c B4F5007F 		cmp	r4, #512
 1997 0040 10D0     		beq	.L96
 1998              	.L93:
 521:controller/controller.c ****   if (status == osErrorResource)
 1999              		.loc 1 521 3 is_stmt 1 view .LVU567
 521:controller/controller.c ****   if (status == osErrorResource)
ARM GAS  C:\Users\alireza\AppData\Local\Temp\ccw51SGa.s 			page 95


 2000              		.loc 1 521 23 is_stmt 0 view .LVU568
 2001 0042 0023     		movs	r3, #0
 2002 0044 1A46     		mov	r2, r3
 2003 0046 6946     		mov	r1, sp
 2004 0048 0A48     		ldr	r0, .L97+4
 2005              	.LVL141:
 521:controller/controller.c ****   if (status == osErrorResource)
 2006              		.loc 1 521 23 view .LVU569
 2007 004a 0068     		ldr	r0, [r0]
 2008 004c FFF7FEFF 		bl	osMessageQueuePut
 2009              	.LVL142:
 522:controller/controller.c ****   {
 2010              		.loc 1 522 3 is_stmt 1 view .LVU570
 528:controller/controller.c **** }
 2011              		.loc 1 528 3 view .LVU571
 529:controller/controller.c **** 
 2012              		.loc 1 529 1 is_stmt 0 view .LVU572
 2013 0050 03B0     		add	sp, sp, #12
 2014              		.cfi_remember_state
 2015              		.cfi_def_cfa_offset 20
 2016              		@ sp needed
 2017 0052 F0BD     		pop	{r4, r5, r6, r7, pc}
 2018              	.LVL143:
 2019              	.L95:
 2020              		.cfi_restore_state
 511:controller/controller.c ****   {
 2021              		.loc 1 511 34 discriminator 1 view .LVU573
 2022 0054 002D     		cmp	r5, #0
 2023 0056 F1D1     		bne	.L92
 513:controller/controller.c ****     event.edge = crank_trigger_input_state;
 2024              		.loc 1 513 5 is_stmt 1 view .LVU574
 513:controller/controller.c ****     event.edge = crank_trigger_input_state;
 2025              		.loc 1 513 16 is_stmt 0 view .LVU575
 2026 0058 0123     		movs	r3, #1
 2027 005a 8DF80430 		strb	r3, [sp, #4]
 514:controller/controller.c ****   }
 2028              		.loc 1 514 5 is_stmt 1 view .LVU576
 514:controller/controller.c ****   }
 2029              		.loc 1 514 16 is_stmt 0 view .LVU577
 2030 005e 8DF80570 		strb	r7, [sp, #5]
 2031 0062 EEE7     		b	.L93
 2032              	.L96:
 518:controller/controller.c ****     event.edge = cam_trigger_input_state;
 2033              		.loc 1 518 5 is_stmt 1 view .LVU578
 518:controller/controller.c ****     event.edge = cam_trigger_input_state;
 2034              		.loc 1 518 16 is_stmt 0 view .LVU579
 2035 0064 0223     		movs	r3, #2
 2036 0066 8DF80430 		strb	r3, [sp, #4]
 519:controller/controller.c ****   }
 2037              		.loc 1 519 5 is_stmt 1 view .LVU580
 519:controller/controller.c ****   }
 2038              		.loc 1 519 16 is_stmt 0 view .LVU581
 2039 006a 8DF80500 		strb	r0, [sp, #5]
 2040 006e E8E7     		b	.L93
 2041              	.L98:
 2042              		.align	2
 2043              	.L97:
ARM GAS  C:\Users\alireza\AppData\Local\Temp\ccw51SGa.s 			page 96


 2044 0070 00040240 		.word	1073873920
 2045 0074 00000000 		.word	trigger_signal_queue_id
 2046              		.cfi_endproc
 2047              	.LFE252:
 2049              		.section	.text.task_controller_cmds,"ax",%progbits
 2050              		.align	1
 2051              		.global	task_controller_cmds
 2052              		.syntax unified
 2053              		.thumb
 2054              		.thumb_func
 2056              	task_controller_cmds:
 2057              	.LFB254:
 572:controller/controller.c ****       /**
 573:controller/controller.c ****        * @remark gas injection update should be here ?
 574:controller/controller.c ****        * @remark governer update should be here ?
 575:controller/controller.c ****        */
 576:controller/controller.c ****     }
 577:controller/controller.c ****   }
 578:controller/controller.c **** }
 579:controller/controller.c **** void task_controller_cmds(void *arg)
 580:controller/controller.c **** {
 2058              		.loc 1 580 1 is_stmt 1 view -0
 2059              		.cfi_startproc
 2060              		@ args = 0, pretend = 0, frame = 0
 2061              		@ frame_needed = 0, uses_anonymous_args = 0
 2062              	.LVL144:
 2063              		.loc 1 580 1 is_stmt 0 view .LVU583
 2064 0000 08B5     		push	{r3, lr}
 2065              		.cfi_def_cfa_offset 8
 2066              		.cfi_offset 3, -8
 2067              		.cfi_offset 14, -4
 2068 0002 22E0     		b	.L132
 2069              	.LVL145:
 2070              	.L131:
 2071              	.LBB48:
 581:controller/controller.c ****   for (;;)
 582:controller/controller.c ****   {
 583:controller/controller.c ****     uint32_t command = osEventFlagsWait(controller_command_flag, 0x0000FFFF, osFlagsWaitAny, osWait
 584:controller/controller.c ****     switch (command)
 585:controller/controller.c ****     {
 586:controller/controller.c ****     case TS_CONTROLLER_COMMAND_REBOOT:
 587:controller/controller.c ****       NVIC_SystemReset();
 2072              		.loc 1 587 7 is_stmt 1 view .LVU584
 2073 0004 FFF7FEFF 		bl	__NVIC_SystemReset
 2074              	.LVL146:
 2075              	.L129:
 588:controller/controller.c ****       break;
 2076              		.loc 1 588 7 view .LVU585
 589:controller/controller.c ****     case TS_CONTROLLER_COMMAND_AUTO_CALIB_ETB1:
 590:controller/controller.c ****       if (config.etb1_enabled)
 2077              		.loc 1 590 7 view .LVU586
 2078              		.loc 1 590 17 is_stmt 0 view .LVU587
 2079 0008 714B     		ldr	r3, .L135
 2080 000a 93F8E53A 		ldrb	r3, [r3, #2789]	@ zero_extendqisi2
 2081              		.loc 1 590 10 view .LVU588
 2082 000e B3B1     		cbz	r3, .L100
 591:controller/controller.c ****         electronic_throttle_auto_tune(&etb1);
ARM GAS  C:\Users\alireza\AppData\Local\Temp\ccw51SGa.s 			page 97


 2083              		.loc 1 591 9 is_stmt 1 view .LVU589
 2084 0010 7048     		ldr	r0, .L135+4
 2085              	.LVL147:
 2086              		.loc 1 591 9 is_stmt 0 view .LVU590
 2087 0012 FFF7FEFF 		bl	electronic_throttle_auto_tune
 2088              	.LVL148:
 2089 0016 12E0     		b	.L100
 2090              	.LVL149:
 2091              	.L128:
 592:controller/controller.c ****       break;
 593:controller/controller.c ****     case TS_CONTROLLER_COMMAND_AUTO_CALIB_ETB2:
 594:controller/controller.c ****       if (config.etb2_enabled)
 2092              		.loc 1 594 7 is_stmt 1 view .LVU591
 2093              		.loc 1 594 17 is_stmt 0 view .LVU592
 2094 0018 6D4B     		ldr	r3, .L135
 2095 001a 93F8E63A 		ldrb	r3, [r3, #2790]	@ zero_extendqisi2
 2096              		.loc 1 594 10 view .LVU593
 2097 001e 73B1     		cbz	r3, .L100
 595:controller/controller.c ****         electronic_throttle_auto_tune(&etb2);
 2098              		.loc 1 595 9 is_stmt 1 view .LVU594
 2099 0020 6D48     		ldr	r0, .L135+8
 2100              	.LVL150:
 2101              		.loc 1 595 9 is_stmt 0 view .LVU595
 2102 0022 FFF7FEFF 		bl	electronic_throttle_auto_tune
 2103              	.LVL151:
 2104 0026 0AE0     		b	.L100
 2105              	.LVL152:
 2106              	.L127:
 596:controller/controller.c ****       break;
 597:controller/controller.c ****     case TS_CONTROLLER_COMMAND_TPS1_CALIB_SAVE_FROM_AUTO_CALIB:
 598:controller/controller.c ****       config.tps1_calib_closed_throttle_adc_value = tps1.config.fully_closed_adc_value;
 2107              		.loc 1 598 7 is_stmt 1 view .LVU596
 2108              		.loc 1 598 64 is_stmt 0 view .LVU597
 2109 0028 6C4A     		ldr	r2, .L135+12
 2110 002a 518A     		ldrh	r1, [r2, #18]
 2111              		.loc 1 598 51 view .LVU598
 2112 002c 684B     		ldr	r3, .L135
 2113 002e A3F8C81A 		strh	r1, [r3, #2760]	@ movhi
 599:controller/controller.c ****       config.tps1_calib_wide_open_throttle_adc_value = tps1.config.fully_open_adc_value;
 2114              		.loc 1 599 7 is_stmt 1 view .LVU599
 2115              		.loc 1 599 67 is_stmt 0 view .LVU600
 2116 0032 118A     		ldrh	r1, [r2, #16]
 2117              		.loc 1 599 54 view .LVU601
 2118 0034 A3F8C61A 		strh	r1, [r3, #2758]	@ movhi
 600:controller/controller.c ****       config.tps1_calib_is_inverted = tps1.config.is_inverted;
 2119              		.loc 1 600 7 is_stmt 1 view .LVU602
 2120              		.loc 1 600 50 is_stmt 0 view .LVU603
 2121 0038 127E     		ldrb	r2, [r2, #24]	@ zero_extendqisi2
 2122              		.loc 1 600 37 view .LVU604
 2123 003a 83F8DA2A 		strb	r2, [r3, #2778]
 601:controller/controller.c ****       break;
 2124              		.loc 1 601 7 is_stmt 1 view .LVU605
 2125              	.LVL153:
 2126              	.L100:
 602:controller/controller.c ****     case TS_CONTROLLER_COMMAND_TPS2_CALIB_SAVE_FROM_AUTO_CALIB:
 603:controller/controller.c ****       config.tps2_calib_closed_throttle_adc_value = tps2.config.fully_closed_adc_value;
 604:controller/controller.c ****       config.tps2_calib_wide_open_throttle_adc_value = tps2.config.fully_open_adc_value;
ARM GAS  C:\Users\alireza\AppData\Local\Temp\ccw51SGa.s 			page 98


 605:controller/controller.c ****       config.tps2_calib_is_inverted = tps2.config.is_inverted;
 606:controller/controller.c ****       break;
 607:controller/controller.c **** 
 608:controller/controller.c ****     case TS_CONTROLLER_COMMAND_TRIGGER_SIMULATOR_STOP:
 609:controller/controller.c ****       trigger_simulator_stop();
 610:controller/controller.c ****       break;
 611:controller/controller.c ****     case TS_CONTROLLER_COMMAND_TRIGGER_SIMULATOR_RPM_100:
 612:controller/controller.c ****       trigger_simulator_set_rpm_and_start(100);
 613:controller/controller.c ****       break;
 614:controller/controller.c ****     case TS_CONTROLLER_COMMAND_TRIGGER_SIMULATOR_RPM_250:
 615:controller/controller.c ****       trigger_simulator_set_rpm_and_start(250);
 616:controller/controller.c ****       break;
 617:controller/controller.c ****     case TS_CONTROLLER_COMMAND_TRIGGER_SIMULATOR_RPM_500:
 618:controller/controller.c ****       trigger_simulator_set_rpm_and_start(500);
 619:controller/controller.c ****       break;
 620:controller/controller.c **** 
 621:controller/controller.c ****     case TS_CONTROLLER_COMMAND_IGNITION_FIRE_COIL_1:
 622:controller/controller.c ****       output_fire_ignition(&ignition_output[0]);
 623:controller/controller.c ****       break;
 624:controller/controller.c **** 
 625:controller/controller.c ****     case TS_CONTROLLER_COMMAND_IGNITION_FIRE_COIL_2:
 626:controller/controller.c ****       output_fire_ignition(&ignition_output[1]);
 627:controller/controller.c ****       break;
 628:controller/controller.c **** 
 629:controller/controller.c ****     case TS_CONTROLLER_COMMAND_IGNITION_FIRE_COIL_3:
 630:controller/controller.c ****       output_fire_ignition(&ignition_output[2]);
 631:controller/controller.c ****       break;
 632:controller/controller.c **** 
 633:controller/controller.c ****     case TS_CONTROLLER_COMMAND_IGNITION_FIRE_COIL_4:
 634:controller/controller.c ****       output_fire_ignition(&ignition_output[3]);
 635:controller/controller.c ****       break;
 636:controller/controller.c **** 
 637:controller/controller.c ****     case TS_CONTROLLER_COMMAND_INJECTION_FIRE_INJECTOR_1:
 638:controller/controller.c ****       output_fire_injection(&injector_output[0]);
 639:controller/controller.c ****       break;
 640:controller/controller.c **** 
 641:controller/controller.c ****     case TS_CONTROLLER_COMMAND_INJECTION_FIRE_INJECTOR_2:
 642:controller/controller.c ****       output_fire_injection(&injector_output[1]);
 643:controller/controller.c ****       break;
 644:controller/controller.c **** 
 645:controller/controller.c ****     case TS_CONTROLLER_COMMAND_INJECTION_FIRE_INJECTOR_3:
 646:controller/controller.c ****       output_fire_injection(&injector_output[2]);
 647:controller/controller.c ****       break;
 648:controller/controller.c **** 
 649:controller/controller.c ****     case TS_CONTROLLER_COMMAND_INJECTION_FIRE_INJECTOR_4:
 650:controller/controller.c ****       output_fire_injection(&injector_output[3]);
 651:controller/controller.c ****       break;
 652:controller/controller.c **** 
 653:controller/controller.c ****     case TS_CONTROLLER_COMMAND_FAN1_ON:
 654:controller/controller.c ****       output_override(&fan1_output, true);
 655:controller/controller.c ****       break;
 656:controller/controller.c **** 
 657:controller/controller.c ****     case TS_CONTROLLER_COMMAND_FAN1_OFF:
 658:controller/controller.c ****       output_override_clear(&fan1_output);
 659:controller/controller.c ****       break;
 660:controller/controller.c **** 
 661:controller/controller.c ****     case TS_CONTROLLER_COMMAND_FAN2_ON:
ARM GAS  C:\Users\alireza\AppData\Local\Temp\ccw51SGa.s 			page 99


 662:controller/controller.c ****       output_override(&fan2_output, true);
 663:controller/controller.c ****       break;
 664:controller/controller.c **** 
 665:controller/controller.c ****     case TS_CONTROLLER_COMMAND_FAN2_OFF:
 666:controller/controller.c ****       output_override_clear(&fan2_output);
 667:controller/controller.c ****       break;
 668:controller/controller.c **** 
 669:controller/controller.c ****     case TS_CONTROLLER_COMMAND_MAIN_RELAY_ON:
 670:controller/controller.c ****       output_override(&main_relay_output, true);
 671:controller/controller.c ****       break;
 672:controller/controller.c **** 
 673:controller/controller.c ****     case TS_CONTROLLER_COMMAND_MAIN_RELAY_OFF:
 674:controller/controller.c ****       output_override_clear(&main_relay_output);
 675:controller/controller.c ****       break;
 676:controller/controller.c **** 
 677:controller/controller.c ****     case TS_CONTROLLER_COMMAND_GAS_SOLENOID_ON:
 678:controller/controller.c ****       output_override(&gas_solenoid_output, true);
 679:controller/controller.c ****       break;
 680:controller/controller.c **** 
 681:controller/controller.c ****     case TS_CONTROLLER_COMMAND_GAS_SOLENOID_OFF:
 682:controller/controller.c ****       output_override_clear(&gas_solenoid_output);
 683:controller/controller.c ****       break;
 684:controller/controller.c ****     case TS_CONTROLLER_COMMAND_TIMING_LIGHT_ON:
 685:controller/controller.c ****       diagnostics_config.timing_light_enabled = true;
 686:controller/controller.c ****       trigger_logger_composite_start();
 687:controller/controller.c ****       break;
 688:controller/controller.c ****     case TS_CONTROLLER_COMMAND_TIMING_LIGHT_OFF:
 689:controller/controller.c ****       diagnostics_config.timing_light_enabled = false;
 690:controller/controller.c ****       break;
 691:controller/controller.c ****     case TS_CONTROLLER_COMMAND_TRIGGER_LIGHT_ON:
 692:controller/controller.c ****       diagnostics_config.trigger_light_enabled = true;
 693:controller/controller.c ****       break;
 694:controller/controller.c ****     case TS_CONTROLLER_COMMAND_TRIGGER_LIGHT_OFF:
 695:controller/controller.c ****       diagnostics_config.trigger_light_enabled = false;
 696:controller/controller.c ****       break;
 697:controller/controller.c ****     case TS_CONTROLLER_COMMAND_LOAD_DEFAULT_CONFIG:
 698:controller/controller.c ****       controller_configuration_load_default();
 699:controller/controller.c ****       break;
 700:controller/controller.c ****     default:
 701:controller/controller.c ****       break;
 702:controller/controller.c ****     }
 703:controller/controller.c ****     osEventFlagsClear(controller_command_flag, 0x0000FFFF);
 2127              		.loc 1 703 5 view .LVU606
 2128 003e 4FF6FF71 		movw	r1, #65535
 2129 0042 674B     		ldr	r3, .L135+16
 2130 0044 1868     		ldr	r0, [r3]
 2131 0046 FFF7FEFF 		bl	osEventFlagsClear
 2132              	.LVL154:
 2133              	.LBE48:
 581:controller/controller.c ****   {
 2134              		.loc 1 581 3 view .LVU607
 2135              	.L132:
 581:controller/controller.c ****   {
 2136              		.loc 1 581 3 view .LVU608
 2137              	.LBB49:
 583:controller/controller.c ****     switch (command)
 2138              		.loc 1 583 5 view .LVU609
ARM GAS  C:\Users\alireza\AppData\Local\Temp\ccw51SGa.s 			page 100


 583:controller/controller.c ****     switch (command)
 2139              		.loc 1 583 24 is_stmt 0 view .LVU610
 2140 004a 4FF0FF33 		mov	r3, #-1
 2141 004e 0022     		movs	r2, #0
 2142 0050 4FF6FF71 		movw	r1, #65535
 2143 0054 6248     		ldr	r0, .L135+16
 2144 0056 0068     		ldr	r0, [r0]
 2145 0058 FFF7FEFF 		bl	osEventFlagsWait
 2146              	.LVL155:
 584:controller/controller.c ****     {
 2147              		.loc 1 584 5 is_stmt 1 view .LVU611
 2148 005c 0138     		subs	r0, r0, #1
 2149              	.LVL156:
 584:controller/controller.c ****     {
 2150              		.loc 1 584 5 is_stmt 0 view .LVU612
 2151 005e 1D28     		cmp	r0, #29
 2152 0060 EDD8     		bhi	.L100
 2153 0062 01A3     		adr	r3, .L102
 2154 0064 53F820F0 		ldr	pc, [r3, r0, lsl #2]
 2155              		.p2align 2
 2156              	.L102:
 2157 0068 05000000 		.word	.L131+1
 2158 006c C9010000 		.word	.L130+1
 2159 0070 09000000 		.word	.L129+1
 2160 0074 19000000 		.word	.L128+1
 2161 0078 29000000 		.word	.L127+1
 2162 007c E1000000 		.word	.L126+1
 2163 0080 F9000000 		.word	.L125+1
 2164 0084 FF000000 		.word	.L124+1
 2165 0088 09010000 		.word	.L123+1
 2166 008c 13010000 		.word	.L122+1
 2167 0090 1D010000 		.word	.L121+1
 2168 0094 25010000 		.word	.L120+1
 2169 0098 2D010000 		.word	.L119+1
 2170 009c 35010000 		.word	.L118+1
 2171 00a0 3D010000 		.word	.L117+1
 2172 00a4 45010000 		.word	.L116+1
 2173 00a8 4D010000 		.word	.L115+1
 2174 00ac 55010000 		.word	.L114+1
 2175 00b0 5D010000 		.word	.L113+1
 2176 00b4 67010000 		.word	.L112+1
 2177 00b8 6F010000 		.word	.L111+1
 2178 00bc 79010000 		.word	.L110+1
 2179 00c0 81010000 		.word	.L109+1
 2180 00c4 8B010000 		.word	.L108+1
 2181 00c8 93010000 		.word	.L107+1
 2182 00cc 9D010000 		.word	.L106+1
 2183 00d0 A5010000 		.word	.L105+1
 2184 00d4 B1010000 		.word	.L104+1
 2185 00d8 B9010000 		.word	.L103+1
 2186 00dc C1010000 		.word	.L101+1
 2187              		.p2align 1
 2188              	.L126:
 603:controller/controller.c ****       config.tps2_calib_wide_open_throttle_adc_value = tps2.config.fully_open_adc_value;
 2189              		.loc 1 603 7 is_stmt 1 view .LVU613
 603:controller/controller.c ****       config.tps2_calib_wide_open_throttle_adc_value = tps2.config.fully_open_adc_value;
 2190              		.loc 1 603 64 is_stmt 0 view .LVU614
ARM GAS  C:\Users\alireza\AppData\Local\Temp\ccw51SGa.s 			page 101


 2191 00e0 404A     		ldr	r2, .L135+20
 2192 00e2 518A     		ldrh	r1, [r2, #18]
 603:controller/controller.c ****       config.tps2_calib_wide_open_throttle_adc_value = tps2.config.fully_open_adc_value;
 2193              		.loc 1 603 51 view .LVU615
 2194 00e4 3A4B     		ldr	r3, .L135
 2195 00e6 A3F8CC1A 		strh	r1, [r3, #2764]	@ movhi
 604:controller/controller.c ****       config.tps2_calib_is_inverted = tps2.config.is_inverted;
 2196              		.loc 1 604 7 is_stmt 1 view .LVU616
 604:controller/controller.c ****       config.tps2_calib_is_inverted = tps2.config.is_inverted;
 2197              		.loc 1 604 67 is_stmt 0 view .LVU617
 2198 00ea 118A     		ldrh	r1, [r2, #16]
 604:controller/controller.c ****       config.tps2_calib_is_inverted = tps2.config.is_inverted;
 2199              		.loc 1 604 54 view .LVU618
 2200 00ec A3F8CA1A 		strh	r1, [r3, #2762]	@ movhi
 605:controller/controller.c ****       break;
 2201              		.loc 1 605 7 is_stmt 1 view .LVU619
 605:controller/controller.c ****       break;
 2202              		.loc 1 605 50 is_stmt 0 view .LVU620
 2203 00f0 127E     		ldrb	r2, [r2, #24]	@ zero_extendqisi2
 605:controller/controller.c ****       break;
 2204              		.loc 1 605 37 view .LVU621
 2205 00f2 83F8DB2A 		strb	r2, [r3, #2779]
 606:controller/controller.c **** 
 2206              		.loc 1 606 7 is_stmt 1 view .LVU622
 2207 00f6 A2E7     		b	.L100
 2208              	.L125:
 609:controller/controller.c ****       break;
 2209              		.loc 1 609 7 view .LVU623
 2210 00f8 FFF7FEFF 		bl	trigger_simulator_stop
 2211              	.LVL157:
 610:controller/controller.c ****     case TS_CONTROLLER_COMMAND_TRIGGER_SIMULATOR_RPM_100:
 2212              		.loc 1 610 7 view .LVU624
 2213 00fc 9FE7     		b	.L100
 2214              	.LVL158:
 2215              	.L124:
 612:controller/controller.c ****       break;
 2216              		.loc 1 612 7 view .LVU625
 2217 00fe 9FED3A0A 		vldr.32	s0, .L135+24
 2218 0102 FFF7FEFF 		bl	trigger_simulator_set_rpm_and_start
 2219              	.LVL159:
 613:controller/controller.c ****     case TS_CONTROLLER_COMMAND_TRIGGER_SIMULATOR_RPM_250:
 2220              		.loc 1 613 7 view .LVU626
 2221 0106 9AE7     		b	.L100
 2222              	.LVL160:
 2223              	.L123:
 615:controller/controller.c ****       break;
 2224              		.loc 1 615 7 view .LVU627
 2225 0108 9FED380A 		vldr.32	s0, .L135+28
 2226 010c FFF7FEFF 		bl	trigger_simulator_set_rpm_and_start
 2227              	.LVL161:
 616:controller/controller.c ****     case TS_CONTROLLER_COMMAND_TRIGGER_SIMULATOR_RPM_500:
 2228              		.loc 1 616 7 view .LVU628
 2229 0110 95E7     		b	.L100
 2230              	.LVL162:
 2231              	.L122:
 618:controller/controller.c ****       break;
 2232              		.loc 1 618 7 view .LVU629
ARM GAS  C:\Users\alireza\AppData\Local\Temp\ccw51SGa.s 			page 102


 2233 0112 9FED370A 		vldr.32	s0, .L135+32
 2234 0116 FFF7FEFF 		bl	trigger_simulator_set_rpm_and_start
 2235              	.LVL163:
 619:controller/controller.c **** 
 2236              		.loc 1 619 7 view .LVU630
 2237 011a 90E7     		b	.L100
 2238              	.LVL164:
 2239              	.L121:
 622:controller/controller.c ****       break;
 2240              		.loc 1 622 7 view .LVU631
 2241 011c 3548     		ldr	r0, .L135+36
 2242              	.LVL165:
 622:controller/controller.c ****       break;
 2243              		.loc 1 622 7 is_stmt 0 view .LVU632
 2244 011e FFF7FEFF 		bl	output_fire_ignition
 2245              	.LVL166:
 623:controller/controller.c **** 
 2246              		.loc 1 623 7 is_stmt 1 view .LVU633
 2247 0122 8CE7     		b	.L100
 2248              	.LVL167:
 2249              	.L120:
 626:controller/controller.c ****       break;
 2250              		.loc 1 626 7 view .LVU634
 2251 0124 3448     		ldr	r0, .L135+40
 2252              	.LVL168:
 626:controller/controller.c ****       break;
 2253              		.loc 1 626 7 is_stmt 0 view .LVU635
 2254 0126 FFF7FEFF 		bl	output_fire_ignition
 2255              	.LVL169:
 627:controller/controller.c **** 
 2256              		.loc 1 627 7 is_stmt 1 view .LVU636
 2257 012a 88E7     		b	.L100
 2258              	.LVL170:
 2259              	.L119:
 630:controller/controller.c ****       break;
 2260              		.loc 1 630 7 view .LVU637
 2261 012c 3348     		ldr	r0, .L135+44
 2262              	.LVL171:
 630:controller/controller.c ****       break;
 2263              		.loc 1 630 7 is_stmt 0 view .LVU638
 2264 012e FFF7FEFF 		bl	output_fire_ignition
 2265              	.LVL172:
 631:controller/controller.c **** 
 2266              		.loc 1 631 7 is_stmt 1 view .LVU639
 2267 0132 84E7     		b	.L100
 2268              	.LVL173:
 2269              	.L118:
 634:controller/controller.c ****       break;
 2270              		.loc 1 634 7 view .LVU640
 2271 0134 3248     		ldr	r0, .L135+48
 2272              	.LVL174:
 634:controller/controller.c ****       break;
 2273              		.loc 1 634 7 is_stmt 0 view .LVU641
 2274 0136 FFF7FEFF 		bl	output_fire_ignition
 2275              	.LVL175:
 635:controller/controller.c **** 
 2276              		.loc 1 635 7 is_stmt 1 view .LVU642
ARM GAS  C:\Users\alireza\AppData\Local\Temp\ccw51SGa.s 			page 103


 2277 013a 80E7     		b	.L100
 2278              	.LVL176:
 2279              	.L117:
 638:controller/controller.c ****       break;
 2280              		.loc 1 638 7 view .LVU643
 2281 013c 3148     		ldr	r0, .L135+52
 2282              	.LVL177:
 638:controller/controller.c ****       break;
 2283              		.loc 1 638 7 is_stmt 0 view .LVU644
 2284 013e FFF7FEFF 		bl	output_fire_injection
 2285              	.LVL178:
 639:controller/controller.c **** 
 2286              		.loc 1 639 7 is_stmt 1 view .LVU645
 2287 0142 7CE7     		b	.L100
 2288              	.LVL179:
 2289              	.L116:
 642:controller/controller.c ****       break;
 2290              		.loc 1 642 7 view .LVU646
 2291 0144 3048     		ldr	r0, .L135+56
 2292              	.LVL180:
 642:controller/controller.c ****       break;
 2293              		.loc 1 642 7 is_stmt 0 view .LVU647
 2294 0146 FFF7FEFF 		bl	output_fire_injection
 2295              	.LVL181:
 643:controller/controller.c **** 
 2296              		.loc 1 643 7 is_stmt 1 view .LVU648
 2297 014a 78E7     		b	.L100
 2298              	.LVL182:
 2299              	.L115:
 646:controller/controller.c ****       break;
 2300              		.loc 1 646 7 view .LVU649
 2301 014c 2F48     		ldr	r0, .L135+60
 2302              	.LVL183:
 646:controller/controller.c ****       break;
 2303              		.loc 1 646 7 is_stmt 0 view .LVU650
 2304 014e FFF7FEFF 		bl	output_fire_injection
 2305              	.LVL184:
 647:controller/controller.c **** 
 2306              		.loc 1 647 7 is_stmt 1 view .LVU651
 2307 0152 74E7     		b	.L100
 2308              	.LVL185:
 2309              	.L114:
 650:controller/controller.c ****       break;
 2310              		.loc 1 650 7 view .LVU652
 2311 0154 2E48     		ldr	r0, .L135+64
 2312              	.LVL186:
 650:controller/controller.c ****       break;
 2313              		.loc 1 650 7 is_stmt 0 view .LVU653
 2314 0156 FFF7FEFF 		bl	output_fire_injection
 2315              	.LVL187:
 651:controller/controller.c **** 
 2316              		.loc 1 651 7 is_stmt 1 view .LVU654
 2317 015a 70E7     		b	.L100
 2318              	.LVL188:
 2319              	.L113:
 654:controller/controller.c ****       break;
 2320              		.loc 1 654 7 view .LVU655
ARM GAS  C:\Users\alireza\AppData\Local\Temp\ccw51SGa.s 			page 104


 2321 015c 0121     		movs	r1, #1
 2322 015e 2D48     		ldr	r0, .L135+68
 2323              	.LVL189:
 654:controller/controller.c ****       break;
 2324              		.loc 1 654 7 is_stmt 0 view .LVU656
 2325 0160 FFF7FEFF 		bl	output_override
 2326              	.LVL190:
 655:controller/controller.c **** 
 2327              		.loc 1 655 7 is_stmt 1 view .LVU657
 2328 0164 6BE7     		b	.L100
 2329              	.LVL191:
 2330              	.L112:
 658:controller/controller.c ****       break;
 2331              		.loc 1 658 7 view .LVU658
 2332 0166 2B48     		ldr	r0, .L135+68
 2333              	.LVL192:
 658:controller/controller.c ****       break;
 2334              		.loc 1 658 7 is_stmt 0 view .LVU659
 2335 0168 FFF7FEFF 		bl	output_override_clear
 2336              	.LVL193:
 659:controller/controller.c **** 
 2337              		.loc 1 659 7 is_stmt 1 view .LVU660
 2338 016c 67E7     		b	.L100
 2339              	.LVL194:
 2340              	.L111:
 662:controller/controller.c ****       break;
 2341              		.loc 1 662 7 view .LVU661
 2342 016e 0121     		movs	r1, #1
 2343 0170 2948     		ldr	r0, .L135+72
 2344              	.LVL195:
 662:controller/controller.c ****       break;
 2345              		.loc 1 662 7 is_stmt 0 view .LVU662
 2346 0172 FFF7FEFF 		bl	output_override
 2347              	.LVL196:
 663:controller/controller.c **** 
 2348              		.loc 1 663 7 is_stmt 1 view .LVU663
 2349 0176 62E7     		b	.L100
 2350              	.LVL197:
 2351              	.L110:
 666:controller/controller.c ****       break;
 2352              		.loc 1 666 7 view .LVU664
 2353 0178 2748     		ldr	r0, .L135+72
 2354              	.LVL198:
 666:controller/controller.c ****       break;
 2355              		.loc 1 666 7 is_stmt 0 view .LVU665
 2356 017a FFF7FEFF 		bl	output_override_clear
 2357              	.LVL199:
 667:controller/controller.c **** 
 2358              		.loc 1 667 7 is_stmt 1 view .LVU666
 2359 017e 5EE7     		b	.L100
 2360              	.LVL200:
 2361              	.L109:
 670:controller/controller.c ****       break;
 2362              		.loc 1 670 7 view .LVU667
 2363 0180 0121     		movs	r1, #1
 2364 0182 2648     		ldr	r0, .L135+76
 2365              	.LVL201:
ARM GAS  C:\Users\alireza\AppData\Local\Temp\ccw51SGa.s 			page 105


 670:controller/controller.c ****       break;
 2366              		.loc 1 670 7 is_stmt 0 view .LVU668
 2367 0184 FFF7FEFF 		bl	output_override
 2368              	.LVL202:
 671:controller/controller.c **** 
 2369              		.loc 1 671 7 is_stmt 1 view .LVU669
 2370 0188 59E7     		b	.L100
 2371              	.LVL203:
 2372              	.L108:
 674:controller/controller.c ****       break;
 2373              		.loc 1 674 7 view .LVU670
 2374 018a 2448     		ldr	r0, .L135+76
 2375              	.LVL204:
 674:controller/controller.c ****       break;
 2376              		.loc 1 674 7 is_stmt 0 view .LVU671
 2377 018c FFF7FEFF 		bl	output_override_clear
 2378              	.LVL205:
 675:controller/controller.c **** 
 2379              		.loc 1 675 7 is_stmt 1 view .LVU672
 2380 0190 55E7     		b	.L100
 2381              	.LVL206:
 2382              	.L107:
 678:controller/controller.c ****       break;
 2383              		.loc 1 678 7 view .LVU673
 2384 0192 0121     		movs	r1, #1
 2385 0194 2248     		ldr	r0, .L135+80
 2386              	.LVL207:
 678:controller/controller.c ****       break;
 2387              		.loc 1 678 7 is_stmt 0 view .LVU674
 2388 0196 FFF7FEFF 		bl	output_override
 2389              	.LVL208:
 679:controller/controller.c **** 
 2390              		.loc 1 679 7 is_stmt 1 view .LVU675
 2391 019a 50E7     		b	.L100
 2392              	.LVL209:
 2393              	.L106:
 682:controller/controller.c ****       break;
 2394              		.loc 1 682 7 view .LVU676
 2395 019c 2048     		ldr	r0, .L135+80
 2396              	.LVL210:
 682:controller/controller.c ****       break;
 2397              		.loc 1 682 7 is_stmt 0 view .LVU677
 2398 019e FFF7FEFF 		bl	output_override_clear
 2399              	.LVL211:
 683:controller/controller.c ****     case TS_CONTROLLER_COMMAND_TIMING_LIGHT_ON:
 2400              		.loc 1 683 7 is_stmt 1 view .LVU678
 2401 01a2 4CE7     		b	.L100
 2402              	.LVL212:
 2403              	.L105:
 685:controller/controller.c ****       trigger_logger_composite_start();
 2404              		.loc 1 685 7 view .LVU679
 685:controller/controller.c ****       trigger_logger_composite_start();
 2405              		.loc 1 685 47 is_stmt 0 view .LVU680
 2406 01a4 1F4B     		ldr	r3, .L135+84
 2407 01a6 0122     		movs	r2, #1
 2408 01a8 1A70     		strb	r2, [r3]
 686:controller/controller.c ****       break;
ARM GAS  C:\Users\alireza\AppData\Local\Temp\ccw51SGa.s 			page 106


 2409              		.loc 1 686 7 is_stmt 1 view .LVU681
 2410 01aa FFF7FEFF 		bl	trigger_logger_composite_start
 2411              	.LVL213:
 687:controller/controller.c ****     case TS_CONTROLLER_COMMAND_TIMING_LIGHT_OFF:
 2412              		.loc 1 687 7 view .LVU682
 2413 01ae 46E7     		b	.L100
 2414              	.LVL214:
 2415              	.L104:
 689:controller/controller.c ****       break;
 2416              		.loc 1 689 7 view .LVU683
 689:controller/controller.c ****       break;
 2417              		.loc 1 689 47 is_stmt 0 view .LVU684
 2418 01b0 1C4B     		ldr	r3, .L135+84
 2419 01b2 0022     		movs	r2, #0
 2420 01b4 1A70     		strb	r2, [r3]
 690:controller/controller.c ****     case TS_CONTROLLER_COMMAND_TRIGGER_LIGHT_ON:
 2421              		.loc 1 690 7 is_stmt 1 view .LVU685
 2422 01b6 42E7     		b	.L100
 2423              	.L103:
 692:controller/controller.c ****       break;
 2424              		.loc 1 692 7 view .LVU686
 692:controller/controller.c ****       break;
 2425              		.loc 1 692 48 is_stmt 0 view .LVU687
 2426 01b8 1A4B     		ldr	r3, .L135+84
 2427 01ba 0122     		movs	r2, #1
 2428 01bc 5A70     		strb	r2, [r3, #1]
 693:controller/controller.c ****     case TS_CONTROLLER_COMMAND_TRIGGER_LIGHT_OFF:
 2429              		.loc 1 693 7 is_stmt 1 view .LVU688
 2430 01be 3EE7     		b	.L100
 2431              	.L101:
 695:controller/controller.c ****       break;
 2432              		.loc 1 695 7 view .LVU689
 695:controller/controller.c ****       break;
 2433              		.loc 1 695 48 is_stmt 0 view .LVU690
 2434 01c0 184B     		ldr	r3, .L135+84
 2435 01c2 0022     		movs	r2, #0
 2436 01c4 5A70     		strb	r2, [r3, #1]
 696:controller/controller.c ****     case TS_CONTROLLER_COMMAND_LOAD_DEFAULT_CONFIG:
 2437              		.loc 1 696 7 is_stmt 1 view .LVU691
 2438 01c6 3AE7     		b	.L100
 2439              	.L130:
 698:controller/controller.c ****       break;
 2440              		.loc 1 698 7 view .LVU692
 2441 01c8 FFF7FEFF 		bl	controller_configuration_load_default
 2442              	.LVL215:
 699:controller/controller.c ****     default:
 2443              		.loc 1 699 7 view .LVU693
 2444 01cc 37E7     		b	.L100
 2445              	.L136:
 2446 01ce 00BF     		.align	2
 2447              	.L135:
 2448 01d0 00100000 		.word	config+4096
 2449 01d4 00000000 		.word	etb1
 2450 01d8 00000000 		.word	etb2
 2451 01dc 00000000 		.word	tps1
 2452 01e0 00000000 		.word	controller_command_flag
 2453 01e4 00000000 		.word	tps2
ARM GAS  C:\Users\alireza\AppData\Local\Temp\ccw51SGa.s 			page 107


 2454 01e8 0000C842 		.word	1120403456
 2455 01ec 00007A43 		.word	1132068864
 2456 01f0 0000FA43 		.word	1140457472
 2457 01f4 00000000 		.word	ignition_output
 2458 01f8 0C000000 		.word	ignition_output+12
 2459 01fc 18000000 		.word	ignition_output+24
 2460 0200 24000000 		.word	ignition_output+36
 2461 0204 00000000 		.word	injector_output
 2462 0208 0C000000 		.word	injector_output+12
 2463 020c 18000000 		.word	injector_output+24
 2464 0210 24000000 		.word	injector_output+36
 2465 0214 00000000 		.word	fan1_output
 2466 0218 00000000 		.word	fan2_output
 2467 021c 00000000 		.word	main_relay_output
 2468 0220 00000000 		.word	gas_solenoid_output
 2469 0224 00000000 		.word	diagnostics_config
 2470              	.LBE49:
 2471              		.cfi_endproc
 2472              	.LFE254:
 2474              		.section	.bss.sensor_map,"aw",%nobits
 2475              		.align	2
 2478              	sensor_map:
 2479 0000 00000000 		.space	24
 2479      00000000 
 2479      00000000 
 2479      00000000 
 2479      00000000 
 2480              		.section	.bss.sensor_iat,"aw",%nobits
 2481              		.align	2
 2484              	sensor_iat:
 2485 0000 00000000 		.space	24
 2485      00000000 
 2485      00000000 
 2485      00000000 
 2485      00000000 
 2486              		.section	.bss.sensor_clt,"aw",%nobits
 2487              		.align	2
 2490              	sensor_clt:
 2491 0000 00000000 		.space	24
 2491      00000000 
 2491      00000000 
 2491      00000000 
 2491      00000000 
 2492              		.section	.bss.etb2_pid,"aw",%nobits
 2493              		.align	2
 2496              	etb2_pid:
 2497 0000 00000000 		.space	40
 2497      00000000 
 2497      00000000 
 2497      00000000 
 2497      00000000 
 2498              		.section	.bss.etb2_motor,"aw",%nobits
 2499              		.align	2
 2502              	etb2_motor:
 2503 0000 00000000 		.space	24
 2503      00000000 
 2503      00000000 
ARM GAS  C:\Users\alireza\AppData\Local\Temp\ccw51SGa.s 			page 108


 2503      00000000 
 2503      00000000 
 2504              		.section	.bss.etb2,"aw",%nobits
 2505              		.align	2
 2508              	etb2:
 2509 0000 00000000 		.space	88
 2509      00000000 
 2509      00000000 
 2509      00000000 
 2509      00000000 
 2510              		.section	.bss.etb1_pid,"aw",%nobits
 2511              		.align	2
 2514              	etb1_pid:
 2515 0000 00000000 		.space	40
 2515      00000000 
 2515      00000000 
 2515      00000000 
 2515      00000000 
 2516              		.section	.bss.etb1_motor,"aw",%nobits
 2517              		.align	2
 2520              	etb1_motor:
 2521 0000 00000000 		.space	24
 2521      00000000 
 2521      00000000 
 2521      00000000 
 2521      00000000 
 2522              		.section	.bss.etb1,"aw",%nobits
 2523              		.align	2
 2526              	etb1:
 2527 0000 00000000 		.space	88
 2527      00000000 
 2527      00000000 
 2527      00000000 
 2527      00000000 
 2528              		.global	tps2
 2529              		.section	.data.tps2,"aw"
 2530              		.align	2
 2533              	tps2:
 2534 0000 00000000 		.space	16
 2534      00000000 
 2534      00000000 
 2534      00000000 
 2535 0010 C90B     		.short	3017
 2536 0012 2105     		.short	1313
 2537 0014 03       		.byte	3
 2538 0015 00       		.space	1
 2539 0016 0E       		.byte	14
 2540 0017 00       		.space	1
 2541 0018 00       		.byte	0
 2542 0019 00       		.space	1
 2543 001a 0000     		.space	2
 2544              		.global	tps1
 2545              		.section	.data.tps1,"aw"
 2546              		.align	2
 2549              	tps1:
 2550 0000 00000000 		.space	16
 2550      00000000 
ARM GAS  C:\Users\alireza\AppData\Local\Temp\ccw51SGa.s 			page 109


 2550      00000000 
 2550      00000000 
 2551 0010 C90B     		.short	3017
 2552 0012 2105     		.short	1313
 2553 0014 01       		.byte	1
 2554 0015 00       		.space	1
 2555 0016 0D       		.byte	13
 2556 0017 00       		.space	1
 2557 0018 00       		.byte	0
 2558 0019 00       		.space	1
 2559 001a 0000     		.space	2
 2560              		.section	.rodata.str1.4,"aMS",%progbits,1
 2561              		.align	2
 2562              	.LC1:
 2563 0000 75706461 		.ascii	"updater\000"
 2563      74657200 
 2564              		.section	.rodata.task_updater_attr,"a"
 2565              		.align	2
 2568              	task_updater_attr:
 2569 0000 00000000 		.word	.LC1
 2570 0004 00000000 		.space	4
 2571 0008 00000000 		.word	task_updater_cb
 2572 000c 5C000000 		.word	92
 2573 0010 00000000 		.word	task_updater_mem
 2574 0014 00040000 		.word	1024
 2575 0018 20000000 		.word	32
 2576 001c 00000000 		.space	8
 2576      00000000 
 2577              		.section	.bss.task_updater_cb,"aw",%nobits
 2578              		.align	2
 2581              	task_updater_cb:
 2582 0000 00000000 		.space	92
 2582      00000000 
 2582      00000000 
 2582      00000000 
 2582      00000000 
 2583              		.section	.bss.task_updater_mem,"aw",%nobits
 2584              		.align	2
 2587              	task_updater_mem:
 2588 0000 00000000 		.space	1024
 2588      00000000 
 2588      00000000 
 2588      00000000 
 2588      00000000 
 2589              		.section	.rodata.str1.4
 2590              		.align	2
 2591              	.LC2:
 2592 0008 6C6F6E67 		.ascii	"long_routines\000"
 2592      5F726F75 
 2592      74696E65 
 2592      7300
 2593              		.section	.rodata.task_long_routines_attr,"a"
 2594              		.align	2
 2597              	task_long_routines_attr:
 2598 0000 08000000 		.word	.LC2
 2599 0004 00000000 		.space	4
 2600 0008 00000000 		.word	task_long_routines_cb
ARM GAS  C:\Users\alireza\AppData\Local\Temp\ccw51SGa.s 			page 110


 2601 000c 5C000000 		.word	92
 2602 0010 00000000 		.word	task_long_routines_mem
 2603 0014 00020000 		.word	512
 2604 0018 18000000 		.word	24
 2605 001c 00000000 		.space	8
 2605      00000000 
 2606              		.section	.bss.task_long_routines_cb,"aw",%nobits
 2607              		.align	2
 2610              	task_long_routines_cb:
 2611 0000 00000000 		.space	92
 2611      00000000 
 2611      00000000 
 2611      00000000 
 2611      00000000 
 2612              		.section	.bss.task_long_routines_mem,"aw",%nobits
 2613              		.align	2
 2616              	task_long_routines_mem:
 2617 0000 00000000 		.space	512
 2617      00000000 
 2617      00000000 
 2617      00000000 
 2617      00000000 
 2618              		.section	.rodata.str1.4
 2619 0016 0000     		.align	2
 2620              	.LC3:
 2621 0018 73656E73 		.ascii	"sensor_task\000"
 2621      6F725F74 
 2621      61736B00 
 2622              		.section	.rodata.task_sensor_attr,"a"
 2623              		.align	2
 2626              	task_sensor_attr:
 2627 0000 18000000 		.word	.LC3
 2628 0004 00000000 		.space	4
 2629 0008 00000000 		.word	task_sensor_cb
 2630 000c 5C000000 		.word	92
 2631 0010 00000000 		.word	task_sensor_mem
 2632 0014 00040000 		.word	1024
 2633 0018 28000000 		.word	40
 2634 001c 00000000 		.space	8
 2634      00000000 
 2635              		.section	.bss.task_sensor_cb,"aw",%nobits
 2636              		.align	2
 2639              	task_sensor_cb:
 2640 0000 00000000 		.space	92
 2640      00000000 
 2640      00000000 
 2640      00000000 
 2640      00000000 
 2641              		.section	.bss.task_sensor_mem,"aw",%nobits
 2642              		.align	2
 2645              	task_sensor_mem:
 2646 0000 00000000 		.space	1024
 2646      00000000 
 2646      00000000 
 2646      00000000 
 2646      00000000 
 2647              		.section	.rodata.str1.4
ARM GAS  C:\Users\alireza\AppData\Local\Temp\ccw51SGa.s 			page 111


 2648              		.align	2
 2649              	.LC4:
 2650 0024 636F6E74 		.ascii	"controller test\000"
 2650      726F6C6C 
 2650      65722074 
 2650      65737400 
 2651              		.section	.rodata.task_controller_test_attr,"a"
 2652              		.align	2
 2655              	task_controller_test_attr:
 2656 0000 24000000 		.word	.LC4
 2657 0004 00000000 		.space	4
 2658 0008 00000000 		.word	task_controller_test_cb
 2659 000c 5C000000 		.word	92
 2660 0010 00000000 		.word	task_controller_test_mem
 2661 0014 00020000 		.word	512
 2662 0018 2F000000 		.word	47
 2663 001c 00000000 		.space	8
 2663      00000000 
 2664              		.section	.bss.task_controller_test_cb,"aw",%nobits
 2665              		.align	2
 2668              	task_controller_test_cb:
 2669 0000 00000000 		.space	92
 2669      00000000 
 2669      00000000 
 2669      00000000 
 2669      00000000 
 2670              		.section	.bss.task_controller_test_mem,"aw",%nobits
 2671              		.align	2
 2674              	task_controller_test_mem:
 2675 0000 00000000 		.space	512
 2675      00000000 
 2675      00000000 
 2675      00000000 
 2675      00000000 
 2676              		.section	.rodata.str1.4
 2677              		.align	2
 2678              	.LC5:
 2679 0034 74726967 		.ascii	"trigger driven\000"
 2679      67657220 
 2679      64726976 
 2679      656E00
 2680              		.section	.rodata.task_trigger_driven_attr,"a"
 2681              		.align	2
 2684              	task_trigger_driven_attr:
 2685 0000 34000000 		.word	.LC5
 2686 0004 00000000 		.space	4
 2687 0008 00000000 		.word	task_trigger_driven_cb
 2688 000c 5C000000 		.word	92
 2689 0010 00000000 		.word	task_trigger_driven_mem
 2690 0014 00100000 		.word	4096
 2691 0018 2E000000 		.word	46
 2692 001c 00000000 		.space	8
 2692      00000000 
 2693              		.section	.bss.task_trigger_driven_cb,"aw",%nobits
 2694              		.align	2
 2697              	task_trigger_driven_cb:
 2698 0000 00000000 		.space	92
ARM GAS  C:\Users\alireza\AppData\Local\Temp\ccw51SGa.s 			page 112


 2698      00000000 
 2698      00000000 
 2698      00000000 
 2698      00000000 
 2699              		.section	.bss.task_trigger_driven_mem,"aw",%nobits
 2700              		.align	2
 2703              	task_trigger_driven_mem:
 2704 0000 00000000 		.space	4096
 2704      00000000 
 2704      00000000 
 2704      00000000 
 2704      00000000 
 2705              		.section	.rodata.str1.4
 2706 0043 00       		.align	2
 2707              	.LC6:
 2708 0044 636F6E74 		.ascii	"controller flags\000"
 2708      726F6C6C 
 2708      65722066 
 2708      6C616773 
 2708      00
 2709              		.section	.rodata.controller_flags_attr,"a"
 2710              		.align	2
 2713              	controller_flags_attr:
 2714 0000 44000000 		.word	.LC6
 2715 0004 00000000 		.space	4
 2716 0008 00000000 		.word	eventflags_controller_flags_cb
 2717 000c 20000000 		.word	32
 2718              		.section	.bss.eventflags_controller_flags_cb,"aw",%nobits
 2719              		.align	2
 2722              	eventflags_controller_flags_cb:
 2723 0000 00000000 		.space	32
 2723      00000000 
 2723      00000000 
 2723      00000000 
 2723      00000000 
 2724              		.section	.bss.controller_flags,"aw",%nobits
 2725              		.align	2
 2728              	controller_flags:
 2729 0000 00000000 		.space	4
 2730              		.section	.rodata.str1.4
 2731 0055 000000   		.align	2
 2732              	.LC7:
 2733 0058 74726967 		.ascii	"trigger queue\000"
 2733      67657220 
 2733      71756575 
 2733      6500
 2734              		.section	.rodata.trigger_signal_queue_attr,"a"
 2735              		.align	2
 2738              	trigger_signal_queue_attr:
 2739 0000 58000000 		.word	.LC7
 2740 0004 00000000 		.space	4
 2741 0008 00000000 		.word	trigger_queue_cb
 2742 000c 50000000 		.word	80
 2743 0010 00000000 		.word	trigger_queue_mem
 2744 0014 80000000 		.word	128
 2745              		.section	.bss.trigger_queue_cb,"aw",%nobits
 2746              		.align	2
ARM GAS  C:\Users\alireza\AppData\Local\Temp\ccw51SGa.s 			page 113


 2749              	trigger_queue_cb:
 2750 0000 00000000 		.space	80
 2750      00000000 
 2750      00000000 
 2750      00000000 
 2750      00000000 
 2751              		.section	.bss.trigger_queue_mem,"aw",%nobits
 2752              		.align	2
 2755              	trigger_queue_mem:
 2756 0000 00000000 		.space	128
 2756      00000000 
 2756      00000000 
 2756      00000000 
 2756      00000000 
 2757              		.global	trigger_signal_queue_id
 2758              		.section	.bss.trigger_signal_queue_id,"aw",%nobits
 2759              		.align	2
 2762              	trigger_signal_queue_id:
 2763 0000 00000000 		.space	4
 2764              		.global	diagnostic_governer_status
 2765              		.section	.bss.diagnostic_governer_status,"aw",%nobits
 2768              	diagnostic_governer_status:
 2769 0000 00       		.space	1
 2770              		.global	diagnostic_spinning_state
 2771              		.section	.bss.diagnostic_spinning_state,"aw",%nobits
 2774              	diagnostic_spinning_state:
 2775 0000 00       		.space	1
 2776              		.global	diagnostics_config
 2777              		.section	.bss.diagnostics_config,"aw",%nobits
 2778              		.align	2
 2781              	diagnostics_config:
 2782 0000 0000     		.space	2
 2783              		.global	runtime
 2784              		.section	.bss.runtime,"aw",%nobits
 2785              		.align	2
 2788              	runtime:
 2789 0000 00000000 		.space	124
 2789      00000000 
 2789      00000000 
 2789      00000000 
 2789      00000000 
 2790              		.global	config
 2791              		.section	.bss.config,"aw",%nobits
 2792              		.align	2
 2795              	config:
 2796 0000 00000000 		.space	6893
 2796      00000000 
 2796      00000000 
 2796      00000000 
 2796      00000000 
 2797              		.text
 2798              	.Letext0:
 2799              		.file 5 "C:/Users/alireza/AppData/Roaming/Code/User/globalStorage/bmd.stm32-for-vscode/@xpack-dev-
 2800              		.file 6 "C:/Users/alireza/AppData/Roaming/Code/User/globalStorage/bmd.stm32-for-vscode/@xpack-dev-
 2801              		.file 7 "C:/Users/alireza/AppData/Roaming/Code/User/globalStorage/bmd.stm32-for-vscode/@xpack-dev-
 2802              		.file 8 "Drivers/CMSIS/Device/ST/STM32F4xx/Include/stm32f401xc.h"
 2803              		.file 9 "Drivers/CMSIS/Device/ST/STM32F4xx/Include/stm32f4xx.h"
ARM GAS  C:\Users\alireza\AppData\Local\Temp\ccw51SGa.s 			page 114


 2804              		.file 10 "Drivers/STM32F4xx_HAL_Driver/Inc/stm32f4xx_hal_def.h"
 2805              		.file 11 "Drivers/STM32F4xx_HAL_Driver/Inc/stm32f4xx_hal_gpio.h"
 2806              		.file 12 "Drivers/STM32F4xx_HAL_Driver/Inc/stm32f4xx_hal_dma.h"
 2807              		.file 13 "Drivers/STM32F4xx_HAL_Driver/Inc/stm32f4xx_hal_adc.h"
 2808              		.file 14 "Drivers/STM32F4xx_HAL_Driver/Inc/stm32f4xx_hal_tim.h"
 2809              		.file 15 "controller/types.h"
 2810              		.file 16 "Core/Inc/tim.h"
 2811              		.file 17 "Middlewares/Third_Party/FreeRTOS/Source/CMSIS_RTOS_V2/cmsis_os2.h"
 2812              		.file 18 "controller/tables.h"
 2813              		.file 19 "controller/config_and_runtime.h"
 2814              		.file 20 "controller/engine_cycle/trigger.h"
 2815              		.file 21 "controller/utils/comms.h"
 2816              		.file 22 "controller/actuators/dc_motors.h"
 2817              		.file 23 "controller/IO/analog_inputs.h"
 2818              		.file 24 "controller/IO/resistor.h"
 2819              		.file 25 "controller/IO/thermistor.h"
 2820              		.file 26 "controller/IO/sensors.h"
 2821              		.file 27 "controller/IO/outputs.h"
 2822              		.file 28 "controller/utils/pid.h"
 2823              		.file 29 "controller/actuators/electronic_throttle.h"
 2824              		.file 30 "Core/Inc/adc.h"
 2825              		.file 31 "controller/algorithm/governer.h"
 2826              		.file 32 "controller/utils/trigger_simulator.h"
 2827              		.file 33 "controller/controller.h"
 2828              		.file 34 "controller/utils/trigger_logger.h"
 2829              		.file 35 "controller/engine_cycle/injection.h"
 2830              		.file 36 "controller/engine_cycle/ignition.h"
 2831              		.file 37 "controller/algorithm/protection.h"
 2832              		.file 38 "controller/engine_cycle/gas_injection.h"
 2833              		.file 39 "controller/actuators/fan_control.h"
 2834              		.file 40 "controller/utils/timing.h"
 2835              		.file 41 "controller/utils/ee.h"
 2836              		.file 42 "controller/algorithm/fuel/fuel_math.h"
 2837              		.file 43 "controller/utils/error_handling.h"
 2838              		.file 44 "C:/Users/alireza/AppData/Roaming/Code/User/globalStorage/bmd.stm32-for-vscode/@xpack-dev
 2839              		.file 45 "<built-in>"
ARM GAS  C:\Users\alireza\AppData\Local\Temp\ccw51SGa.s 			page 115


DEFINED SYMBOLS
                            *ABS*:00000000 controller.c
C:\Users\alireza\AppData\Local\Temp\ccw51SGa.s:21     .text.__NVIC_SystemReset:00000000 $t
C:\Users\alireza\AppData\Local\Temp\ccw51SGa.s:26     .text.__NVIC_SystemReset:00000000 __NVIC_SystemReset
C:\Users\alireza\AppData\Local\Temp\ccw51SGa.s:89     .text.__NVIC_SystemReset:0000001c $d
C:\Users\alireza\AppData\Local\Temp\ccw51SGa.s:95     .text.task_long_routines:00000000 $t
C:\Users\alireza\AppData\Local\Temp\ccw51SGa.s:101    .text.task_long_routines:00000000 task_long_routines
C:\Users\alireza\AppData\Local\Temp\ccw51SGa.s:145    .text.task_long_routines:0000002c $d
C:\Users\alireza\AppData\Local\Temp\ccw51SGa.s:2788   .bss.runtime:00000000 runtime
C:\Users\alireza\AppData\Local\Temp\ccw51SGa.s:152    .text.task_sensor:00000000 $t
C:\Users\alireza\AppData\Local\Temp\ccw51SGa.s:158    .text.task_sensor:00000000 task_sensor
C:\Users\alireza\AppData\Local\Temp\ccw51SGa.s:425    .text.task_sensor:00000148 $d
C:\Users\alireza\AppData\Local\Temp\ccw51SGa.s:2774   .bss.diagnostic_spinning_state:00000000 diagnostic_spinning_state
C:\Users\alireza\AppData\Local\Temp\ccw51SGa.s:2768   .bss.diagnostic_governer_status:00000000 diagnostic_governer_status
C:\Users\alireza\AppData\Local\Temp\ccw51SGa.s:2728   .bss.controller_flags:00000000 controller_flags
C:\Users\alireza\AppData\Local\Temp\ccw51SGa.s:2549   .data.tps1:00000000 tps1
C:\Users\alireza\AppData\Local\Temp\ccw51SGa.s:2533   .data.tps2:00000000 tps2
C:\Users\alireza\AppData\Local\Temp\ccw51SGa.s:2478   .bss.sensor_map:00000000 sensor_map
C:\Users\alireza\AppData\Local\Temp\ccw51SGa.s:2526   .bss.etb1:00000000 etb1
C:\Users\alireza\AppData\Local\Temp\ccw51SGa.s:2508   .bss.etb2:00000000 etb2
C:\Users\alireza\AppData\Local\Temp\ccw51SGa.s:442    .text.task_controller_test:00000000 $t
C:\Users\alireza\AppData\Local\Temp\ccw51SGa.s:448    .text.task_controller_test:00000000 task_controller_test
C:\Users\alireza\AppData\Local\Temp\ccw51SGa.s:483    .text.task_controller_test:00000018 $d
C:\Users\alireza\AppData\Local\Temp\ccw51SGa.s:2762   .bss.trigger_signal_queue_id:00000000 trigger_signal_queue_id
C:\Users\alireza\AppData\Local\Temp\ccw51SGa.s:488    .text.task_updater:00000000 $t
C:\Users\alireza\AppData\Local\Temp\ccw51SGa.s:494    .text.task_updater:00000000 task_updater
C:\Users\alireza\AppData\Local\Temp\ccw51SGa.s:547    .text.task_updater:00000030 $d
C:\Users\alireza\AppData\Local\Temp\ccw51SGa.s:553    .text.task_trigger_driven:00000000 $t
C:\Users\alireza\AppData\Local\Temp\ccw51SGa.s:559    .text.task_trigger_driven:00000000 task_trigger_driven
C:\Users\alireza\AppData\Local\Temp\ccw51SGa.s:704    .text.task_trigger_driven:00000090 $d
C:\Users\alireza\AppData\Local\Temp\ccw51SGa.s:712    .text.controller_configuration_load_default:00000000 $t
C:\Users\alireza\AppData\Local\Temp\ccw51SGa.s:718    .text.controller_configuration_load_default:00000000 controller_configuration_load_default
C:\Users\alireza\AppData\Local\Temp\ccw51SGa.s:941    .text.controller_configuration_load_default:00000170 $d
C:\Users\alireza\AppData\Local\Temp\ccw51SGa.s:2795   .bss.config:00000000 config
C:\Users\alireza\AppData\Local\Temp\ccw51SGa.s:952    .text.controller_configuration_load_default:00000188 $t
C:\Users\alireza\AppData\Local\Temp\ccw51SGa.s:1378   .text.controller_configuration_load_default:00000434 $d
C:\Users\alireza\AppData\Local\Temp\ccw51SGa.s:2781   .bss.diagnostics_config:00000000 diagnostics_config
C:\Users\alireza\AppData\Local\Temp\ccw51SGa.s:1411   .text.controller_load_configuration:00000000 $t
C:\Users\alireza\AppData\Local\Temp\ccw51SGa.s:1417   .text.controller_load_configuration:00000000 controller_load_configuration
C:\Users\alireza\AppData\Local\Temp\ccw51SGa.s:1436   .rodata.controller_init.str1.4:00000000 $d
C:\Users\alireza\AppData\Local\Temp\ccw51SGa.s:1440   .text.controller_init:00000000 $t
C:\Users\alireza\AppData\Local\Temp\ccw51SGa.s:1446   .text.controller_init:00000000 controller_init
C:\Users\alireza\AppData\Local\Temp\ccw51SGa.s:1828   .text.controller_init:00000250 $d
C:\Users\alireza\AppData\Local\Temp\ccw51SGa.s:2713   .rodata.controller_flags_attr:00000000 controller_flags_attr
C:\Users\alireza\AppData\Local\Temp\ccw51SGa.s:2738   .rodata.trigger_signal_queue_attr:00000000 trigger_signal_queue_attr
C:\Users\alireza\AppData\Local\Temp\ccw51SGa.s:2684   .rodata.task_trigger_driven_attr:00000000 task_trigger_driven_attr
C:\Users\alireza\AppData\Local\Temp\ccw51SGa.s:2490   .bss.sensor_clt:00000000 sensor_clt
C:\Users\alireza\AppData\Local\Temp\ccw51SGa.s:2484   .bss.sensor_iat:00000000 sensor_iat
C:\Users\alireza\AppData\Local\Temp\ccw51SGa.s:2520   .bss.etb1_motor:00000000 etb1_motor
C:\Users\alireza\AppData\Local\Temp\ccw51SGa.s:2514   .bss.etb1_pid:00000000 etb1_pid
C:\Users\alireza\AppData\Local\Temp\ccw51SGa.s:2502   .bss.etb2_motor:00000000 etb2_motor
C:\Users\alireza\AppData\Local\Temp\ccw51SGa.s:2496   .bss.etb2_pid:00000000 etb2_pid
C:\Users\alireza\AppData\Local\Temp\ccw51SGa.s:2568   .rodata.task_updater_attr:00000000 task_updater_attr
C:\Users\alireza\AppData\Local\Temp\ccw51SGa.s:2655   .rodata.task_controller_test_attr:00000000 task_controller_test_attr
C:\Users\alireza\AppData\Local\Temp\ccw51SGa.s:2626   .rodata.task_sensor_attr:00000000 task_sensor_attr
C:\Users\alireza\AppData\Local\Temp\ccw51SGa.s:2597   .rodata.task_long_routines_attr:00000000 task_long_routines_attr
C:\Users\alireza\AppData\Local\Temp\ccw51SGa.s:1869   .text.controller_save_configuration:00000000 $t
ARM GAS  C:\Users\alireza\AppData\Local\Temp\ccw51SGa.s 			page 116


C:\Users\alireza\AppData\Local\Temp\ccw51SGa.s:1875   .text.controller_save_configuration:00000000 controller_save_configuration
C:\Users\alireza\AppData\Local\Temp\ccw51SGa.s:1898   .text.controller_analog_inputs_read_callback:00000000 $t
C:\Users\alireza\AppData\Local\Temp\ccw51SGa.s:1904   .text.controller_analog_inputs_read_callback:00000000 controller_analog_inputs_read_callback
C:\Users\alireza\AppData\Local\Temp\ccw51SGa.s:1925   .text.controller_analog_inputs_read_callback:00000010 $d
C:\Users\alireza\AppData\Local\Temp\ccw51SGa.s:1930   .text.HAL_GPIO_EXTI_Callback:00000000 $t
C:\Users\alireza\AppData\Local\Temp\ccw51SGa.s:1936   .text.HAL_GPIO_EXTI_Callback:00000000 HAL_GPIO_EXTI_Callback
C:\Users\alireza\AppData\Local\Temp\ccw51SGa.s:2044   .text.HAL_GPIO_EXTI_Callback:00000070 $d
C:\Users\alireza\AppData\Local\Temp\ccw51SGa.s:2050   .text.task_controller_cmds:00000000 $t
C:\Users\alireza\AppData\Local\Temp\ccw51SGa.s:2056   .text.task_controller_cmds:00000000 task_controller_cmds
C:\Users\alireza\AppData\Local\Temp\ccw51SGa.s:2157   .text.task_controller_cmds:00000068 $d
C:\Users\alireza\AppData\Local\Temp\ccw51SGa.s:2187   .text.task_controller_cmds:000000e0 $t
C:\Users\alireza\AppData\Local\Temp\ccw51SGa.s:2448   .text.task_controller_cmds:000001d0 $d
C:\Users\alireza\AppData\Local\Temp\ccw51SGa.s:2475   .bss.sensor_map:00000000 $d
C:\Users\alireza\AppData\Local\Temp\ccw51SGa.s:2481   .bss.sensor_iat:00000000 $d
C:\Users\alireza\AppData\Local\Temp\ccw51SGa.s:2487   .bss.sensor_clt:00000000 $d
C:\Users\alireza\AppData\Local\Temp\ccw51SGa.s:2493   .bss.etb2_pid:00000000 $d
C:\Users\alireza\AppData\Local\Temp\ccw51SGa.s:2499   .bss.etb2_motor:00000000 $d
C:\Users\alireza\AppData\Local\Temp\ccw51SGa.s:2505   .bss.etb2:00000000 $d
C:\Users\alireza\AppData\Local\Temp\ccw51SGa.s:2511   .bss.etb1_pid:00000000 $d
C:\Users\alireza\AppData\Local\Temp\ccw51SGa.s:2517   .bss.etb1_motor:00000000 $d
C:\Users\alireza\AppData\Local\Temp\ccw51SGa.s:2523   .bss.etb1:00000000 $d
C:\Users\alireza\AppData\Local\Temp\ccw51SGa.s:2530   .data.tps2:00000000 $d
C:\Users\alireza\AppData\Local\Temp\ccw51SGa.s:2546   .data.tps1:00000000 $d
C:\Users\alireza\AppData\Local\Temp\ccw51SGa.s:2561   .rodata.str1.4:00000000 $d
C:\Users\alireza\AppData\Local\Temp\ccw51SGa.s:2565   .rodata.task_updater_attr:00000000 $d
C:\Users\alireza\AppData\Local\Temp\ccw51SGa.s:2581   .bss.task_updater_cb:00000000 task_updater_cb
C:\Users\alireza\AppData\Local\Temp\ccw51SGa.s:2587   .bss.task_updater_mem:00000000 task_updater_mem
C:\Users\alireza\AppData\Local\Temp\ccw51SGa.s:2578   .bss.task_updater_cb:00000000 $d
C:\Users\alireza\AppData\Local\Temp\ccw51SGa.s:2584   .bss.task_updater_mem:00000000 $d
C:\Users\alireza\AppData\Local\Temp\ccw51SGa.s:2594   .rodata.task_long_routines_attr:00000000 $d
C:\Users\alireza\AppData\Local\Temp\ccw51SGa.s:2610   .bss.task_long_routines_cb:00000000 task_long_routines_cb
C:\Users\alireza\AppData\Local\Temp\ccw51SGa.s:2616   .bss.task_long_routines_mem:00000000 task_long_routines_mem
C:\Users\alireza\AppData\Local\Temp\ccw51SGa.s:2607   .bss.task_long_routines_cb:00000000 $d
C:\Users\alireza\AppData\Local\Temp\ccw51SGa.s:2613   .bss.task_long_routines_mem:00000000 $d
C:\Users\alireza\AppData\Local\Temp\ccw51SGa.s:2623   .rodata.task_sensor_attr:00000000 $d
C:\Users\alireza\AppData\Local\Temp\ccw51SGa.s:2639   .bss.task_sensor_cb:00000000 task_sensor_cb
C:\Users\alireza\AppData\Local\Temp\ccw51SGa.s:2645   .bss.task_sensor_mem:00000000 task_sensor_mem
C:\Users\alireza\AppData\Local\Temp\ccw51SGa.s:2636   .bss.task_sensor_cb:00000000 $d
C:\Users\alireza\AppData\Local\Temp\ccw51SGa.s:2642   .bss.task_sensor_mem:00000000 $d
C:\Users\alireza\AppData\Local\Temp\ccw51SGa.s:2652   .rodata.task_controller_test_attr:00000000 $d
C:\Users\alireza\AppData\Local\Temp\ccw51SGa.s:2668   .bss.task_controller_test_cb:00000000 task_controller_test_cb
C:\Users\alireza\AppData\Local\Temp\ccw51SGa.s:2674   .bss.task_controller_test_mem:00000000 task_controller_test_mem
C:\Users\alireza\AppData\Local\Temp\ccw51SGa.s:2665   .bss.task_controller_test_cb:00000000 $d
C:\Users\alireza\AppData\Local\Temp\ccw51SGa.s:2671   .bss.task_controller_test_mem:00000000 $d
C:\Users\alireza\AppData\Local\Temp\ccw51SGa.s:2681   .rodata.task_trigger_driven_attr:00000000 $d
C:\Users\alireza\AppData\Local\Temp\ccw51SGa.s:2697   .bss.task_trigger_driven_cb:00000000 task_trigger_driven_cb
C:\Users\alireza\AppData\Local\Temp\ccw51SGa.s:2703   .bss.task_trigger_driven_mem:00000000 task_trigger_driven_mem
C:\Users\alireza\AppData\Local\Temp\ccw51SGa.s:2694   .bss.task_trigger_driven_cb:00000000 $d
C:\Users\alireza\AppData\Local\Temp\ccw51SGa.s:2700   .bss.task_trigger_driven_mem:00000000 $d
C:\Users\alireza\AppData\Local\Temp\ccw51SGa.s:2710   .rodata.controller_flags_attr:00000000 $d
C:\Users\alireza\AppData\Local\Temp\ccw51SGa.s:2722   .bss.eventflags_controller_flags_cb:00000000 eventflags_controller_flags_cb
C:\Users\alireza\AppData\Local\Temp\ccw51SGa.s:2719   .bss.eventflags_controller_flags_cb:00000000 $d
C:\Users\alireza\AppData\Local\Temp\ccw51SGa.s:2725   .bss.controller_flags:00000000 $d
C:\Users\alireza\AppData\Local\Temp\ccw51SGa.s:2735   .rodata.trigger_signal_queue_attr:00000000 $d
C:\Users\alireza\AppData\Local\Temp\ccw51SGa.s:2749   .bss.trigger_queue_cb:00000000 trigger_queue_cb
C:\Users\alireza\AppData\Local\Temp\ccw51SGa.s:2755   .bss.trigger_queue_mem:00000000 trigger_queue_mem
C:\Users\alireza\AppData\Local\Temp\ccw51SGa.s:2746   .bss.trigger_queue_cb:00000000 $d
ARM GAS  C:\Users\alireza\AppData\Local\Temp\ccw51SGa.s 			page 117


C:\Users\alireza\AppData\Local\Temp\ccw51SGa.s:2752   .bss.trigger_queue_mem:00000000 $d
C:\Users\alireza\AppData\Local\Temp\ccw51SGa.s:2759   .bss.trigger_signal_queue_id:00000000 $d
C:\Users\alireza\AppData\Local\Temp\ccw51SGa.s:2769   .bss.diagnostic_governer_status:00000000 $d
C:\Users\alireza\AppData\Local\Temp\ccw51SGa.s:2775   .bss.diagnostic_spinning_state:00000000 $d
C:\Users\alireza\AppData\Local\Temp\ccw51SGa.s:2778   .bss.diagnostics_config:00000000 $d
C:\Users\alireza\AppData\Local\Temp\ccw51SGa.s:2785   .bss.runtime:00000000 $d
C:\Users\alireza\AppData\Local\Temp\ccw51SGa.s:2792   .bss.config:00000000 $d

UNDEFINED SYMBOLS
get_time_ms
fan_control_update
HAL_GPIO_TogglePin
osDelay
trigger_spinning_state_get
governer_get_status
osEventFlagsWait
osEventFlagsClear
get_time_us
sensor_tps_update
sensor_map_update
sensor_iat_update
sensor_clt_update
sensor_ops_update
vbat_update
sensor_tps_get
sensor_tps_rate_of_change_get
sensor_map_rate_of_change_get
ignition_dwell_get
sensor_clt_get
sensor_iat_get
sensor_map_get
sensor_egt_get
vbat_get
ignition_get_advance
output_get_state
gas_solenoid_output
trigger_simulator_crank_init
trigger_simulator_update
governer_update
gas_injection_update
electronic_throttle_update
protections_update
trigger_logger_entry_add_tooth
osMessageQueueGet
trigger_crank_handle
crankshaft_get_rpm
crankshaft_get_angle
ignition_trigger_event_handle
injection_trigger_event_handle
EE_Read
memset
EE_Init
controller_timing_start
osEventFlagsNew
analog_inputs_init
trigger_crankshaft_init
osMessageQueueNew
ARM GAS  C:\Users\alireza\AppData\Local\Temp\ccw51SGa.s 			page 118


osThreadNew
sensor_tps_init
sensor_clt_init
sensor_iat_init
sensor_map_init
fuel_math_use_tps_map_sensors
ignition_init
injection_init
dc_motor_init
pid_init
electronic_throttle_init
electronic_throttle_set
gas_injection_init
protections_init
comms_init
osEventFlagsSet
log_error
trigger_camshaft_init
electronic_throttle_enable_end_of_travel_protection
governer_init
htim2
htim5
hadc1
htim3
EE_Write
HAL_GPIO_ReadPin
osMessageQueuePut
electronic_throttle_auto_tune
trigger_simulator_stop
trigger_simulator_set_rpm_and_start
output_fire_ignition
output_fire_injection
output_override
output_override_clear
trigger_logger_composite_start
controller_command_flag
ignition_output
injector_output
fan1_output
fan2_output
main_relay_output
