ARM GAS  C:\Users\alireza\AppData\Local\Temp\ccSeoqk7.s 			page 1


   1              		.cpu cortex-m4
   2              		.arch armv7e-m
   3              		.fpu fpv4-sp-d16
   4              		.eabi_attribute 27, 1
   5              		.eabi_attribute 28, 1
   6              		.eabi_attribute 20, 1
   7              		.eabi_attribute 21, 1
   8              		.eabi_attribute 23, 3
   9              		.eabi_attribute 24, 1
  10              		.eabi_attribute 25, 1
  11              		.eabi_attribute 26, 1
  12              		.eabi_attribute 30, 1
  13              		.eabi_attribute 34, 1
  14              		.eabi_attribute 18, 4
  15              		.file	"sensors.c"
  16              		.text
  17              	.Ltext0:
  18              		.cfi_sections	.debug_frame
  19              		.file 1 "controller/IO/sensors.c"
  20              		.section	.rodata.sensor_tps_init.str1.4,"aMS",%progbits,1
  21              		.align	2
  22              	.LC3:
  23 0000 74707320 		.ascii	"tps sensor is null\000"
  23      73656E73 
  23      6F722069 
  23      73206E75 
  23      6C6C00
  24 0013 00       		.align	2
  25              	.LC4:
  26 0014 43757374 		.ascii	"Custom TPS sensor init failed. Please configure cal"
  26      6F6D2054 
  26      50532073 
  26      656E736F 
  26      7220696E 
  27 0047 69622076 		.ascii	"ib values correctly before calling init function.\000"
  27      616C7565 
  27      7320636F 
  27      72726563 
  27      746C7920 
  28              		.section	.text.sensor_tps_init,"ax",%progbits
  29              		.align	1
  30              		.global	sensor_tps_init
  31              		.syntax unified
  32              		.thumb
  33              		.thumb_func
  35              	sensor_tps_init:
  36              	.LVL0:
  37              	.LFB238:
   1:controller/IO/sensors.c **** #include "sensors.h"
   2:controller/IO/sensors.c **** 
   3:controller/IO/sensors.c **** static sensor_map_t *map_sensor = NULL;
   4:controller/IO/sensors.c **** static thermistor_t *sensor_iat = NULL;
   5:controller/IO/sensors.c **** static thermistor_t *sensor_clt = NULL;
   6:controller/IO/sensors.c **** 
   7:controller/IO/sensors.c **** void sensor_tps_init(sensor_tps_t *sensor, sensor_tps_type_t sensor_type, bool is_inverted, status_
   8:controller/IO/sensors.c **** {
  38              		.loc 1 8 1 view -0
ARM GAS  C:\Users\alireza\AppData\Local\Temp\ccSeoqk7.s 			page 2


  39              		.cfi_startproc
  40              		@ args = 0, pretend = 0, frame = 0
  41              		@ frame_needed = 0, uses_anonymous_args = 0
  42              		.loc 1 8 1 is_stmt 0 view .LVU1
  43 0000 10B5     		push	{r4, lr}
  44              		.cfi_def_cfa_offset 8
  45              		.cfi_offset 4, -8
  46              		.cfi_offset 14, -4
   9:controller/IO/sensors.c ****     if (sensor == NULL)
  47              		.loc 1 9 5 is_stmt 1 view .LVU2
  48              		.loc 1 9 8 is_stmt 0 view .LVU3
  49 0002 70B1     		cbz	r0, .L10
  50 0004 0446     		mov	r4, r0
  10:controller/IO/sensors.c ****     {
  11:controller/IO/sensors.c ****         log_error("tps sensor is null");
  12:controller/IO/sensors.c ****         return;
  13:controller/IO/sensors.c ****     }
  14:controller/IO/sensors.c ****     switch (sensor_type)
  51              		.loc 1 14 5 is_stmt 1 view .LVU4
  52 0006 81B1     		cbz	r1, .L4
  53 0008 0129     		cmp	r1, #1
  54 000a 20D0     		beq	.L5
  15:controller/IO/sensors.c ****     {
  16:controller/IO/sensors.c ****     case SENSOR_TPS_TYPE_SAMAND_ETB:
  17:controller/IO/sensors.c ****         /**
  18:controller/IO/sensors.c ****          * a simple linear sensor
  19:controller/IO/sensors.c ****          */
  20:controller/IO/sensors.c ****         sensor->analog_channel = ANALOG_INPUT_ETB1_SENSE1;
  21:controller/IO/sensors.c ****         sensor->analog_channel_backup = ANALOG_INPUT_ETB1_SENSE2;
  22:controller/IO/sensors.c ****         sensor->is_backup_channel_enabled = true;
  23:controller/IO/sensors.c ****         sensor->is_inverted = is_inverted;
  24:controller/IO/sensors.c ****         sensor->status_bit = status_flag;
  25:controller/IO/sensors.c ****         sensor->closed_throttle_adc_value = 5;
  26:controller/IO/sensors.c ****         sensor->wide_open_throttle_adc_value = 4090;
  27:controller/IO/sensors.c ****         change_bit(&runtime.status, STATUS_MAP_ERROR, false);
  28:controller/IO/sensors.c ****         break;
  29:controller/IO/sensors.c ****     case SENSOR_TPS_CUSTOM:
  30:controller/IO/sensors.c ****         /**
  31:controller/IO/sensors.c ****          * a simple linear sensor
  32:controller/IO/sensors.c ****          */
  33:controller/IO/sensors.c ****         sensor->is_backup_channel_enabled = false;
  34:controller/IO/sensors.c ****         sensor->status_bit = status_flag;
  35:controller/IO/sensors.c ****         sensor->is_inverted = is_inverted;
  36:controller/IO/sensors.c ****         if (sensor->closed_throttle_adc_value == 0 && sensor->wide_open_throttle_adc_value == 0)
  37:controller/IO/sensors.c ****         {
  38:controller/IO/sensors.c ****             log_error("Custom TPS sensor init failed. Please configure calib values correctly befor
  39:controller/IO/sensors.c ****             change_bit(&runtime.status, sensor->status_bit, true);
  40:controller/IO/sensors.c ****             return;
  41:controller/IO/sensors.c ****         }
  42:controller/IO/sensors.c ****         
  43:controller/IO/sensors.c ****         break;
  44:controller/IO/sensors.c ****     
  45:controller/IO/sensors.c ****     default:
  46:controller/IO/sensors.c **** 
  47:controller/IO/sensors.c ****         change_bit(&runtime.status, sensor->status_bit, true);
  55              		.loc 1 47 9 view .LVU5
  56              		.loc 1 47 43 is_stmt 0 view .LVU6
ARM GAS  C:\Users\alireza\AppData\Local\Temp\ccSeoqk7.s 			page 3


  57 000c 837B     		ldrb	r3, [r0, #14]	@ zero_extendqisi2
  58              	.LVL1:
  59              	.LBB58:
  60              	.LBI58:
  61              		.file 2 "controller/utils/utils.h"
   1:controller/utils/utils.h **** /**
   2:controller/utils/utils.h ****  * @file utils.h
   3:controller/utils/utils.h ****  * @brief Header file containing utility functions and definitions for the smart generator controll
   4:controller/utils/utils.h ****  *
   5:controller/utils/utils.h ****  * This file provides declarations for utility functions and macros that are
   6:controller/utils/utils.h ****  * used throughout the firmware to support various functionalities.
   7:controller/utils/utils.h ****  *
   8:controller/utils/utils.h ****  * @note Ensure that this file is included wherever utility functions are required.
   9:controller/utils/utils.h ****  */
  10:controller/utils/utils.h **** #ifndef UTILS_H
  11:controller/utils/utils.h **** #define UTILS_H
  12:controller/utils/utils.h **** 
  13:controller/utils/utils.h **** #include "types.h"
  14:controller/utils/utils.h **** #include "math.h"
  15:controller/utils/utils.h **** 
  16:controller/utils/utils.h **** #define PI 3.14159265358979323846f
  17:controller/utils/utils.h **** #define IS_IN_RANGE(value, min, max) ((value) >= (min) && (value) <= (max))
  18:controller/utils/utils.h **** #define ABS(value) ((value) < 0 ? -(value) : (value))
  19:controller/utils/utils.h **** #define CLAMP(value, min, max) ((value) < (min) ? (min) : ((value) > (max) ? (max) : (value)))
  20:controller/utils/utils.h **** 
  21:controller/utils/utils.h **** #define SIZE_OF_ARRAY(arr) (sizeof(arr) / sizeof(arr[0]))
  22:controller/utils/utils.h **** 
  23:controller/utils/utils.h **** bool is_phase_in_range(float test, float current, float next);
  24:controller/utils/utils.h **** 
  25:controller/utils/utils.h **** size_t nearest_index_float(const float *arr, size_t size, float target);
  26:controller/utils/utils.h **** size_t nearest_index_u8(const uint8_t *arr, size_t size, uint8_t target);
  27:controller/utils/utils.h **** size_t nearest_index_u16(const uint16_t *arr, size_t size, uint16_t target);
  28:controller/utils/utils.h **** size_t nearest_index_u32(const uint32_t *arr, size_t size, uint32_t target);
  29:controller/utils/utils.h **** 
  30:controller/utils/utils.h **** static inline void change_bit(uint32_t *var, uint8_t bit, bool state)
  62              		.loc 2 30 20 is_stmt 1 view .LVU7
  63              	.LBB59:
  31:controller/utils/utils.h **** {
  32:controller/utils/utils.h ****     if (bit > 31)
  64              		.loc 2 32 5 view .LVU8
  65              		.loc 2 32 8 is_stmt 0 view .LVU9
  66 000e 1F2B     		cmp	r3, #31
  67 0010 1CD8     		bhi	.L1
  33:controller/utils/utils.h ****     {
  34:controller/utils/utils.h ****         return;
  35:controller/utils/utils.h ****     }
  36:controller/utils/utils.h ****     if (state)
  68              		.loc 2 36 5 is_stmt 1 view .LVU10
  37:controller/utils/utils.h ****     {
  38:controller/utils/utils.h ****         *var |= (1u << bit);
  69              		.loc 2 38 9 view .LVU11
  70 0012 1948     		ldr	r0, .L11
  71              	.LVL2:
  72              		.loc 2 38 9 is_stmt 0 view .LVU12
  73 0014 0268     		ldr	r2, [r0]
  74              	.LVL3:
  75              		.loc 2 38 21 view .LVU13
ARM GAS  C:\Users\alireza\AppData\Local\Temp\ccSeoqk7.s 			page 4


  76 0016 0121     		movs	r1, #1
  77              	.LVL4:
  78              		.loc 2 38 21 view .LVU14
  79 0018 01FA03F3 		lsl	r3, r1, r3
  80              	.LVL5:
  81              		.loc 2 38 14 view .LVU15
  82 001c 1A43     		orrs	r2, r2, r3
  83 001e 0260     		str	r2, [r0]
  84              	.LVL6:
  85              		.loc 2 38 14 view .LVU16
  86 0020 14E0     		b	.L1
  87              	.LVL7:
  88              	.L10:
  89              		.loc 2 38 14 view .LVU17
  90              	.LBE59:
  91              	.LBE58:
  11:controller/IO/sensors.c ****         return;
  92              		.loc 1 11 9 is_stmt 1 view .LVU18
  93 0022 1648     		ldr	r0, .L11+4
  94              	.LVL8:
  11:controller/IO/sensors.c ****         return;
  95              		.loc 1 11 9 is_stmt 0 view .LVU19
  96 0024 FFF7FEFF 		bl	log_error
  97              	.LVL9:
  12:controller/IO/sensors.c ****     }
  98              		.loc 1 12 9 is_stmt 1 view .LVU20
  99 0028 10E0     		b	.L1
 100              	.LVL10:
 101              	.L4:
  20:controller/IO/sensors.c ****         sensor->analog_channel_backup = ANALOG_INPUT_ETB1_SENSE2;
 102              		.loc 1 20 9 view .LVU21
  20:controller/IO/sensors.c ****         sensor->analog_channel_backup = ANALOG_INPUT_ETB1_SENSE2;
 103              		.loc 1 20 32 is_stmt 0 view .LVU22
 104 002a 0121     		movs	r1, #1
 105              	.LVL11:
  20:controller/IO/sensors.c ****         sensor->analog_channel_backup = ANALOG_INPUT_ETB1_SENSE2;
 106              		.loc 1 20 32 view .LVU23
 107 002c 0173     		strb	r1, [r0, #12]
  21:controller/IO/sensors.c ****         sensor->is_backup_channel_enabled = true;
 108              		.loc 1 21 9 is_stmt 1 view .LVU24
  21:controller/IO/sensors.c ****         sensor->is_backup_channel_enabled = true;
 109              		.loc 1 21 39 is_stmt 0 view .LVU25
 110 002e 0220     		movs	r0, #2
 111              	.LVL12:
  21:controller/IO/sensors.c ****         sensor->is_backup_channel_enabled = true;
 112              		.loc 1 21 39 view .LVU26
 113 0030 6073     		strb	r0, [r4, #13]
  22:controller/IO/sensors.c ****         sensor->is_inverted = is_inverted;
 114              		.loc 1 22 9 is_stmt 1 view .LVU27
  22:controller/IO/sensors.c ****         sensor->is_inverted = is_inverted;
 115              		.loc 1 22 43 is_stmt 0 view .LVU28
 116 0032 E173     		strb	r1, [r4, #15]
  23:controller/IO/sensors.c ****         sensor->status_bit = status_flag;
 117              		.loc 1 23 9 is_stmt 1 view .LVU29
  23:controller/IO/sensors.c ****         sensor->status_bit = status_flag;
 118              		.loc 1 23 29 is_stmt 0 view .LVU30
 119 0034 2274     		strb	r2, [r4, #16]
ARM GAS  C:\Users\alireza\AppData\Local\Temp\ccSeoqk7.s 			page 5


  24:controller/IO/sensors.c ****         sensor->closed_throttle_adc_value = 5;
 120              		.loc 1 24 9 is_stmt 1 view .LVU31
  24:controller/IO/sensors.c ****         sensor->closed_throttle_adc_value = 5;
 121              		.loc 1 24 28 is_stmt 0 view .LVU32
 122 0036 A373     		strb	r3, [r4, #14]
  25:controller/IO/sensors.c ****         sensor->wide_open_throttle_adc_value = 4090;
 123              		.loc 1 25 9 is_stmt 1 view .LVU33
  25:controller/IO/sensors.c ****         sensor->wide_open_throttle_adc_value = 4090;
 124              		.loc 1 25 43 is_stmt 0 view .LVU34
 125 0038 0523     		movs	r3, #5
 126              	.LVL13:
  25:controller/IO/sensors.c ****         sensor->wide_open_throttle_adc_value = 4090;
 127              		.loc 1 25 43 view .LVU35
 128 003a 6381     		strh	r3, [r4, #10]	@ movhi
  26:controller/IO/sensors.c ****         change_bit(&runtime.status, STATUS_MAP_ERROR, false);
 129              		.loc 1 26 9 is_stmt 1 view .LVU36
  26:controller/IO/sensors.c ****         change_bit(&runtime.status, STATUS_MAP_ERROR, false);
 130              		.loc 1 26 46 is_stmt 0 view .LVU37
 131 003c 40F6FA73 		movw	r3, #4090
 132 0040 2381     		strh	r3, [r4, #8]	@ movhi
  27:controller/IO/sensors.c ****         break;
 133              		.loc 1 27 9 is_stmt 1 view .LVU38
 134              	.LVL14:
 135              	.LBB60:
 136              	.LBI60:
  30:controller/utils/utils.h **** {
 137              		.loc 2 30 20 view .LVU39
 138              	.LBB61:
  32:controller/utils/utils.h ****     {
 139              		.loc 2 32 5 view .LVU40
  36:controller/utils/utils.h ****     {
 140              		.loc 2 36 5 view .LVU41
  39:controller/utils/utils.h ****     }
  40:controller/utils/utils.h ****     else
  41:controller/utils/utils.h ****     {
  42:controller/utils/utils.h ****         *var &= ~(1u << bit);
 141              		.loc 2 42 9 view .LVU42
 142 0042 0D4A     		ldr	r2, .L11
 143              	.LVL15:
 144              		.loc 2 42 9 is_stmt 0 view .LVU43
 145 0044 1368     		ldr	r3, [r2]
 146              		.loc 2 42 14 view .LVU44
 147 0046 23F40043 		bic	r3, r3, #32768
 148 004a 1360     		str	r3, [r2]
 149              	.LVL16:
 150              		.loc 2 42 14 view .LVU45
 151              	.LBE61:
 152              	.LBE60:
  28:controller/IO/sensors.c ****     case SENSOR_TPS_CUSTOM:
 153              		.loc 1 28 9 is_stmt 1 view .LVU46
 154              	.L1:
  48:controller/IO/sensors.c ****         break;
  49:controller/IO/sensors.c ****     }
  50:controller/IO/sensors.c ****     
  51:controller/IO/sensors.c **** 
  52:controller/IO/sensors.c **** }
 155              		.loc 1 52 1 is_stmt 0 view .LVU47
ARM GAS  C:\Users\alireza\AppData\Local\Temp\ccSeoqk7.s 			page 6


 156 004c 10BD     		pop	{r4, pc}
 157              	.LVL17:
 158              	.L5:
  33:controller/IO/sensors.c ****         sensor->status_bit = status_flag;
 159              		.loc 1 33 9 is_stmt 1 view .LVU48
  33:controller/IO/sensors.c ****         sensor->status_bit = status_flag;
 160              		.loc 1 33 43 is_stmt 0 view .LVU49
 161 004e 0021     		movs	r1, #0
 162              	.LVL18:
  33:controller/IO/sensors.c ****         sensor->status_bit = status_flag;
 163              		.loc 1 33 43 view .LVU50
 164 0050 C173     		strb	r1, [r0, #15]
  34:controller/IO/sensors.c ****         sensor->is_inverted = is_inverted;
 165              		.loc 1 34 9 is_stmt 1 view .LVU51
  34:controller/IO/sensors.c ****         sensor->is_inverted = is_inverted;
 166              		.loc 1 34 28 is_stmt 0 view .LVU52
 167 0052 8373     		strb	r3, [r0, #14]
  35:controller/IO/sensors.c ****         if (sensor->closed_throttle_adc_value == 0 && sensor->wide_open_throttle_adc_value == 0)
 168              		.loc 1 35 9 is_stmt 1 view .LVU53
  35:controller/IO/sensors.c ****         if (sensor->closed_throttle_adc_value == 0 && sensor->wide_open_throttle_adc_value == 0)
 169              		.loc 1 35 29 is_stmt 0 view .LVU54
 170 0054 0274     		strb	r2, [r0, #16]
  36:controller/IO/sensors.c ****         {
 171              		.loc 1 36 9 is_stmt 1 view .LVU55
  36:controller/IO/sensors.c ****         {
 172              		.loc 1 36 52 is_stmt 0 view .LVU56
 173 0056 8368     		ldr	r3, [r0, #8]
 174              	.LVL19:
  36:controller/IO/sensors.c ****         {
 175              		.loc 1 36 12 view .LVU57
 176 0058 002B     		cmp	r3, #0
 177 005a F7D1     		bne	.L1
  38:controller/IO/sensors.c ****             change_bit(&runtime.status, sensor->status_bit, true);
 178              		.loc 1 38 13 is_stmt 1 view .LVU58
 179 005c 0848     		ldr	r0, .L11+8
 180              	.LVL20:
  38:controller/IO/sensors.c ****             change_bit(&runtime.status, sensor->status_bit, true);
 181              		.loc 1 38 13 is_stmt 0 view .LVU59
 182 005e FFF7FEFF 		bl	log_error
 183              	.LVL21:
  39:controller/IO/sensors.c ****             return;
 184              		.loc 1 39 13 is_stmt 1 view .LVU60
  39:controller/IO/sensors.c ****             return;
 185              		.loc 1 39 47 is_stmt 0 view .LVU61
 186 0062 A17B     		ldrb	r1, [r4, #14]	@ zero_extendqisi2
 187              	.LVL22:
 188              	.LBB62:
 189              	.LBI62:
  30:controller/utils/utils.h **** {
 190              		.loc 2 30 20 is_stmt 1 view .LVU62
 191              	.LBB63:
  32:controller/utils/utils.h ****     {
 192              		.loc 2 32 5 view .LVU63
  32:controller/utils/utils.h ****     {
 193              		.loc 2 32 8 is_stmt 0 view .LVU64
 194 0064 1F29     		cmp	r1, #31
 195 0066 F1D8     		bhi	.L1
ARM GAS  C:\Users\alireza\AppData\Local\Temp\ccSeoqk7.s 			page 7


  36:controller/utils/utils.h ****     {
 196              		.loc 2 36 5 is_stmt 1 view .LVU65
  38:controller/utils/utils.h ****     }
 197              		.loc 2 38 9 view .LVU66
 198 0068 0348     		ldr	r0, .L11
 199 006a 0368     		ldr	r3, [r0]
  38:controller/utils/utils.h ****     }
 200              		.loc 2 38 21 is_stmt 0 view .LVU67
 201 006c 0122     		movs	r2, #1
 202 006e 8A40     		lsls	r2, r2, r1
  38:controller/utils/utils.h ****     }
 203              		.loc 2 38 14 view .LVU68
 204 0070 1343     		orrs	r3, r3, r2
 205 0072 0360     		str	r3, [r0]
 206              	.LVL23:
  38:controller/utils/utils.h ****     }
 207              		.loc 2 38 14 view .LVU69
 208              	.LBE63:
 209              	.LBE62:
  40:controller/IO/sensors.c ****         }
 210              		.loc 1 40 13 is_stmt 1 view .LVU70
 211 0074 EAE7     		b	.L1
 212              	.L12:
 213 0076 00BF     		.align	2
 214              	.L11:
 215 0078 00000000 		.word	runtime
 216 007c 00000000 		.word	.LC3
 217 0080 14000000 		.word	.LC4
 218              		.cfi_endproc
 219              	.LFE238:
 221              		.section	.rodata.sensor_tps_get.str1.4,"aMS",%progbits,1
 222              		.align	2
 223              	.LC5:
 224 0000 74707320 		.ascii	"tps is null\000"
 224      6973206E 
 224      756C6C00 
 225              		.section	.text.sensor_tps_get,"ax",%progbits
 226              		.align	1
 227              		.global	sensor_tps_get
 228              		.syntax unified
 229              		.thumb
 230              		.thumb_func
 232              	sensor_tps_get:
 233              	.LVL24:
 234              	.LFB239:
  53:controller/IO/sensors.c **** 
  54:controller/IO/sensors.c **** 
  55:controller/IO/sensors.c **** percent_t sensor_tps_get(sensor_tps_t *sensor)
  56:controller/IO/sensors.c **** {
 235              		.loc 1 56 1 view -0
 236              		.cfi_startproc
 237              		@ args = 0, pretend = 0, frame = 0
 238              		@ frame_needed = 0, uses_anonymous_args = 0
 239              		.loc 1 56 1 is_stmt 0 view .LVU72
 240 0000 10B5     		push	{r4, lr}
 241              		.cfi_def_cfa_offset 8
 242              		.cfi_offset 4, -8
ARM GAS  C:\Users\alireza\AppData\Local\Temp\ccSeoqk7.s 			page 8


 243              		.cfi_offset 14, -4
  57:controller/IO/sensors.c ****     if (sensor == NULL)
 244              		.loc 1 57 5 is_stmt 1 view .LVU73
 245              		.loc 1 57 8 is_stmt 0 view .LVU74
 246 0002 78B1     		cbz	r0, .L23
 247 0004 0446     		mov	r4, r0
  58:controller/IO/sensors.c ****     {
  59:controller/IO/sensors.c ****         log_error("tps is null");
  60:controller/IO/sensors.c ****         return SENSOR_TPS_FAIL_SAFE;
  61:controller/IO/sensors.c ****     }
  62:controller/IO/sensors.c ****      if (sensor->wide_open_throttle_adc_value == 0 && sensor->closed_throttle_adc_value == 0)
 248              		.loc 1 62 6 is_stmt 1 view .LVU75
 249              		.loc 1 62 52 is_stmt 0 view .LVU76
 250 0006 8368     		ldr	r3, [r0, #8]
 251              		.loc 1 62 9 view .LVU77
 252 0008 93B9     		cbnz	r3, .L16
  63:controller/IO/sensors.c ****     {
  64:controller/IO/sensors.c ****         change_bit(&runtime.status, sensor->status_bit, true);
 253              		.loc 1 64 9 is_stmt 1 view .LVU78
 254              		.loc 1 64 43 is_stmt 0 view .LVU79
 255 000a 837B     		ldrb	r3, [r0, #14]	@ zero_extendqisi2
 256              	.LVL25:
 257              	.LBB64:
 258              	.LBI64:
  30:controller/utils/utils.h **** {
 259              		.loc 2 30 20 is_stmt 1 view .LVU80
 260              	.LBB65:
  32:controller/utils/utils.h ****     {
 261              		.loc 2 32 5 view .LVU81
  32:controller/utils/utils.h ****     {
 262              		.loc 2 32 8 is_stmt 0 view .LVU82
 263 000c 1F2B     		cmp	r3, #31
 264 000e 06D8     		bhi	.L17
  36:controller/utils/utils.h ****     {
 265              		.loc 2 36 5 is_stmt 1 view .LVU83
  38:controller/utils/utils.h ****     }
 266              		.loc 2 38 9 view .LVU84
 267 0010 3048     		ldr	r0, .L24
 268              	.LVL26:
  38:controller/utils/utils.h ****     }
 269              		.loc 2 38 9 is_stmt 0 view .LVU85
 270 0012 0268     		ldr	r2, [r0]
  38:controller/utils/utils.h ****     }
 271              		.loc 2 38 21 view .LVU86
 272 0014 0121     		movs	r1, #1
 273 0016 01FA03F3 		lsl	r3, r1, r3
 274              	.LVL27:
  38:controller/utils/utils.h ****     }
 275              		.loc 2 38 14 view .LVU87
 276 001a 1A43     		orrs	r2, r2, r3
 277 001c 0260     		str	r2, [r0]
 278              	.L17:
 279              	.LVL28:
  38:controller/utils/utils.h ****     }
 280              		.loc 2 38 14 view .LVU88
 281              	.LBE65:
 282              	.LBE64:
ARM GAS  C:\Users\alireza\AppData\Local\Temp\ccSeoqk7.s 			page 9


  65:controller/IO/sensors.c ****         return SENSOR_TPS_FAIL_SAFE;
 283              		.loc 1 65 9 is_stmt 1 view .LVU89
 284              		.loc 1 65 16 is_stmt 0 view .LVU90
 285 001e 9FED2E0A 		vldr.32	s0, .L24+4
 286              	.LVL29:
 287              	.L13:
  66:controller/IO/sensors.c ****     }
  67:controller/IO/sensors.c ****     percent_t result = 0;
  68:controller/IO/sensors.c ****     uint16_t raw_data = analog_inputs_get_data(sensor->analog_channel);
  69:controller/IO/sensors.c ****     if (sensor->is_inverted)
  70:controller/IO/sensors.c ****     {
  71:controller/IO/sensors.c ****         result = mapf((float)raw_data, (float)sensor->wide_open_throttle_adc_value, (float)sensor->
  72:controller/IO/sensors.c ****     }
  73:controller/IO/sensors.c ****     else
  74:controller/IO/sensors.c ****     {
  75:controller/IO/sensors.c ****         result = mapf((float)raw_data, (float)sensor->closed_throttle_adc_value, (float)sensor->wid
  76:controller/IO/sensors.c ****     }
  77:controller/IO/sensors.c ****     
  78:controller/IO/sensors.c ****     change_bit(&runtime.status, sensor->status_bit, false);
  79:controller/IO/sensors.c ****     return result;
  80:controller/IO/sensors.c **** }
 288              		.loc 1 80 1 view .LVU91
 289 0022 10BD     		pop	{r4, pc}
 290              	.LVL30:
 291              	.L23:
  59:controller/IO/sensors.c ****         return SENSOR_TPS_FAIL_SAFE;
 292              		.loc 1 59 9 is_stmt 1 view .LVU92
 293 0024 2D48     		ldr	r0, .L24+8
 294              	.LVL31:
  59:controller/IO/sensors.c ****         return SENSOR_TPS_FAIL_SAFE;
 295              		.loc 1 59 9 is_stmt 0 view .LVU93
 296 0026 FFF7FEFF 		bl	log_error
 297              	.LVL32:
  60:controller/IO/sensors.c ****     }
 298              		.loc 1 60 9 is_stmt 1 view .LVU94
  60:controller/IO/sensors.c ****     }
 299              		.loc 1 60 16 is_stmt 0 view .LVU95
 300 002a 9FED2B0A 		vldr.32	s0, .L24+4
 301 002e F8E7     		b	.L13
 302              	.LVL33:
 303              	.L16:
  67:controller/IO/sensors.c ****     uint16_t raw_data = analog_inputs_get_data(sensor->analog_channel);
 304              		.loc 1 67 5 is_stmt 1 view .LVU96
  68:controller/IO/sensors.c ****     if (sensor->is_inverted)
 305              		.loc 1 68 5 view .LVU97
  68:controller/IO/sensors.c ****     if (sensor->is_inverted)
 306              		.loc 1 68 25 is_stmt 0 view .LVU98
 307 0030 007B     		ldrb	r0, [r0, #12]	@ zero_extendqisi2
 308              	.LVL34:
  68:controller/IO/sensors.c ****     if (sensor->is_inverted)
 309              		.loc 1 68 25 view .LVU99
 310 0032 FFF7FEFF 		bl	analog_inputs_get_data
 311              	.LVL35:
 312 0036 07EE900A 		vmov	s15, r0	@ int
 313              	.LVL36:
  69:controller/IO/sensors.c ****     {
 314              		.loc 1 69 5 is_stmt 1 view .LVU100
ARM GAS  C:\Users\alireza\AppData\Local\Temp\ccSeoqk7.s 			page 10


  69:controller/IO/sensors.c ****     {
 315              		.loc 1 69 15 is_stmt 0 view .LVU101
 316 003a 237C     		ldrb	r3, [r4, #16]	@ zero_extendqisi2
  69:controller/IO/sensors.c ****     {
 317              		.loc 1 69 8 view .LVU102
 318 003c 3BB3     		cbz	r3, .L18
  71:controller/IO/sensors.c ****     }
 319              		.loc 1 71 9 is_stmt 1 view .LVU103
  71:controller/IO/sensors.c ****     }
 320              		.loc 1 71 18 is_stmt 0 view .LVU104
 321 003e F8EE677A 		vcvt.f32.u32	s15, s15
 322              	.LVL37:
  71:controller/IO/sensors.c ****     }
 323              		.loc 1 71 53 view .LVU105
 324 0042 2289     		ldrh	r2, [r4, #8]
  71:controller/IO/sensors.c ****     }
 325              		.loc 1 71 18 view .LVU106
 326 0044 07EE102A 		vmov	s14, r2	@ int
 327 0048 F8EE476A 		vcvt.f32.u32	s13, s14
  71:controller/IO/sensors.c ****     }
 328              		.loc 1 71 98 view .LVU107
 329 004c 6389     		ldrh	r3, [r4, #10]
  71:controller/IO/sensors.c ****     }
 330              		.loc 1 71 18 view .LVU108
 331 004e 07EE103A 		vmov	s14, r3	@ int
 332 0052 B8EE477A 		vcvt.f32.u32	s14, s14
 333              	.LVL38:
 334              	.LBB66:
 335              	.LBI66:
  43:controller/utils/utils.h ****     }
  44:controller/utils/utils.h **** }
  45:controller/utils/utils.h **** 
  46:controller/utils/utils.h **** static inline bool get_bit(uint32_t flags, uint8_t bit)
  47:controller/utils/utils.h **** {
  48:controller/utils/utils.h ****     if (bit < 32)
  49:controller/utils/utils.h ****     {
  50:controller/utils/utils.h ****         return (flags >> bit) & 1u;
  51:controller/utils/utils.h ****     }
  52:controller/utils/utils.h ****     return false;
  53:controller/utils/utils.h **** }
  54:controller/utils/utils.h **** 
  55:controller/utils/utils.h **** /**
  56:controller/utils/utils.h ****  * @brief Maps a value from one range to another.
  57:controller/utils/utils.h ****  *
  58:controller/utils/utils.h ****  * @param x The value to map.
  59:controller/utils/utils.h ****  * @param in_min The lower bound of the input range.
  60:controller/utils/utils.h ****  * @param in_max The upper bound of the input range.
  61:controller/utils/utils.h ****  * @param out_min The lower bound of the output range.
  62:controller/utils/utils.h ****  * @param out_max The upper bound of the output range.
  63:controller/utils/utils.h ****  * @return The mapped value in the output range.
  64:controller/utils/utils.h ****  */
  65:controller/utils/utils.h **** #define MAP(x, in_min, in_max, out_min, out_max) \
  66:controller/utils/utils.h ****     (((x) - (in_min)) * ((out_max) - (out_min)) / ((in_max) - (in_min)) + (out_min))
  67:controller/utils/utils.h **** 
  68:controller/utils/utils.h **** /**
  69:controller/utils/utils.h ****  * @brief Maps a uint16_t value from one range to another.
  70:controller/utils/utils.h ****  *
ARM GAS  C:\Users\alireza\AppData\Local\Temp\ccSeoqk7.s 			page 11


  71:controller/utils/utils.h ****  * @param x The value to map.
  72:controller/utils/utils.h ****  * @param in_min The lower bound of the input range.
  73:controller/utils/utils.h ****  * @param in_max The upper bound of the input range.
  74:controller/utils/utils.h ****  * @param out_min The lower bound of the output range.
  75:controller/utils/utils.h ****  * @param out_max The upper bound of the output range.
  76:controller/utils/utils.h ****  * @return The mapped value in the output range.
  77:controller/utils/utils.h ****  */
  78:controller/utils/utils.h **** static inline uint16_t map_uint16(uint16_t x, uint16_t in_min, uint16_t in_max, uint16_t out_min, u
  79:controller/utils/utils.h **** {
  80:controller/utils/utils.h ****     if (in_max == in_min)
  81:controller/utils/utils.h ****     {
  82:controller/utils/utils.h ****         return 0; // Avoid division by zero
  83:controller/utils/utils.h ****     }
  84:controller/utils/utils.h ****     return (uint16_t)((x - in_min) * (out_max - out_min) / (in_max - in_min) + out_min);
  85:controller/utils/utils.h **** }
  86:controller/utils/utils.h **** 
  87:controller/utils/utils.h **** static inline float mapf(float x, float in_min, float in_max, float out_min, float out_max)
 336              		.loc 2 87 21 is_stmt 1 view .LVU109
 337              	.LBB67:
  88:controller/utils/utils.h **** {
  89:controller/utils/utils.h ****     if (in_max == in_min)
 338              		.loc 2 89 5 view .LVU110
 339              		.loc 2 89 8 is_stmt 0 view .LVU111
 340 0056 9A42     		cmp	r2, r3
 341 0058 36D0     		beq	.L20
  90:controller/utils/utils.h ****     {
  91:controller/utils/utils.h ****         return 0.0f; // Avoid division by zero
  92:controller/utils/utils.h ****     }
  93:controller/utils/utils.h ****     return (x - in_min) * (out_max - out_min) / (in_max - in_min) + out_min;
 342              		.loc 2 93 5 is_stmt 1 view .LVU112
 343              		.loc 2 93 15 is_stmt 0 view .LVU113
 344 005a 77EEE67A 		vsub.f32	s15, s15, s13
 345              	.LVL39:
 346              		.loc 2 93 25 view .LVU114
 347 005e 9FED206A 		vldr.32	s12, .L24+12
 348 0062 67EE867A 		vmul.f32	s15, s15, s12
 349              		.loc 2 93 57 view .LVU115
 350 0066 37EE667A 		vsub.f32	s14, s14, s13
 351              	.LVL40:
 352              		.loc 2 93 47 view .LVU116
 353 006a 87EE870A 		vdiv.f32	s0, s15, s14
 354              		.loc 2 93 67 view .LVU117
 355 006e DFED1D7A 		vldr.32	s15, .L24+16
 356 0072 30EE270A 		vadd.f32	s0, s0, s15
 357              	.LVL41:
 358              	.L19:
 359              		.loc 2 93 67 view .LVU118
 360              	.LBE67:
 361              	.LBE66:
  78:controller/IO/sensors.c ****     return result;
 362              		.loc 1 78 5 is_stmt 1 view .LVU119
  78:controller/IO/sensors.c ****     return result;
 363              		.loc 1 78 39 is_stmt 0 view .LVU120
 364 0076 A37B     		ldrb	r3, [r4, #14]	@ zero_extendqisi2
 365              	.LVL42:
 366              	.LBB69:
 367              	.LBI69:
ARM GAS  C:\Users\alireza\AppData\Local\Temp\ccSeoqk7.s 			page 12


  30:controller/utils/utils.h **** {
 368              		.loc 2 30 20 is_stmt 1 view .LVU121
 369              	.LBB70:
  32:controller/utils/utils.h ****     {
 370              		.loc 2 32 5 view .LVU122
  32:controller/utils/utils.h ****     {
 371              		.loc 2 32 8 is_stmt 0 view .LVU123
 372 0078 1F2B     		cmp	r3, #31
 373 007a D2D8     		bhi	.L13
  36:controller/utils/utils.h ****     {
 374              		.loc 2 36 5 is_stmt 1 view .LVU124
  42:controller/utils/utils.h ****     }
 375              		.loc 2 42 9 view .LVU125
 376 007c 1548     		ldr	r0, .L24
 377 007e 0268     		ldr	r2, [r0]
  42:controller/utils/utils.h ****     }
 378              		.loc 2 42 22 is_stmt 0 view .LVU126
 379 0080 0121     		movs	r1, #1
 380 0082 01FA03F3 		lsl	r3, r1, r3
 381              	.LVL43:
  42:controller/utils/utils.h ****     }
 382              		.loc 2 42 14 view .LVU127
 383 0086 22EA0302 		bic	r2, r2, r3
 384 008a 0260     		str	r2, [r0]
 385              	.LVL44:
  42:controller/utils/utils.h ****     }
 386              		.loc 2 42 14 view .LVU128
 387 008c C9E7     		b	.L13
 388              	.LVL45:
 389              	.L18:
  42:controller/utils/utils.h ****     }
 390              		.loc 2 42 14 view .LVU129
 391              	.LBE70:
 392              	.LBE69:
  75:controller/IO/sensors.c ****     }
 393              		.loc 1 75 9 is_stmt 1 view .LVU130
  75:controller/IO/sensors.c ****     }
 394              		.loc 1 75 18 is_stmt 0 view .LVU131
 395 008e F8EE677A 		vcvt.f32.u32	s15, s15
 396              	.LVL46:
  75:controller/IO/sensors.c ****     }
 397              		.loc 1 75 53 view .LVU132
 398 0092 6289     		ldrh	r2, [r4, #10]
  75:controller/IO/sensors.c ****     }
 399              		.loc 1 75 18 view .LVU133
 400 0094 07EE102A 		vmov	s14, r2	@ int
 401 0098 F8EE476A 		vcvt.f32.u32	s13, s14
  75:controller/IO/sensors.c ****     }
 402              		.loc 1 75 95 view .LVU134
 403 009c 2389     		ldrh	r3, [r4, #8]
  75:controller/IO/sensors.c ****     }
 404              		.loc 1 75 18 view .LVU135
 405 009e 07EE103A 		vmov	s14, r3	@ int
 406 00a2 B8EE477A 		vcvt.f32.u32	s14, s14
 407              	.LVL47:
 408              	.LBB71:
 409              	.LBI71:
ARM GAS  C:\Users\alireza\AppData\Local\Temp\ccSeoqk7.s 			page 13


  87:controller/utils/utils.h **** {
 410              		.loc 2 87 21 is_stmt 1 view .LVU136
 411              	.LBB72:
  89:controller/utils/utils.h ****     {
 412              		.loc 2 89 5 view .LVU137
  89:controller/utils/utils.h ****     {
 413              		.loc 2 89 8 is_stmt 0 view .LVU138
 414 00a6 9A42     		cmp	r2, r3
 415 00a8 11D0     		beq	.L21
 416              		.loc 2 93 5 is_stmt 1 view .LVU139
 417              		.loc 2 93 15 is_stmt 0 view .LVU140
 418 00aa 77EEE67A 		vsub.f32	s15, s15, s13
 419              	.LVL48:
 420              		.loc 2 93 25 view .LVU141
 421 00ae 9FED0C6A 		vldr.32	s12, .L24+12
 422 00b2 67EE867A 		vmul.f32	s15, s15, s12
 423              		.loc 2 93 57 view .LVU142
 424 00b6 37EE667A 		vsub.f32	s14, s14, s13
 425              	.LVL49:
 426              		.loc 2 93 47 view .LVU143
 427 00ba 87EE870A 		vdiv.f32	s0, s15, s14
 428              		.loc 2 93 67 view .LVU144
 429 00be DFED097A 		vldr.32	s15, .L24+16
 430 00c2 30EE270A 		vadd.f32	s0, s0, s15
 431 00c6 D6E7     		b	.L19
 432              	.LVL50:
 433              	.L20:
 434              		.loc 2 93 67 view .LVU145
 435              	.LBE72:
 436              	.LBE71:
 437              	.LBB74:
 438              	.LBB68:
  91:controller/utils/utils.h ****     }
 439              		.loc 2 91 16 view .LVU146
 440 00c8 9FED060A 		vldr.32	s0, .L24+16
 441 00cc D3E7     		b	.L19
 442              	.LVL51:
 443              	.L21:
  91:controller/utils/utils.h ****     }
 444              		.loc 2 91 16 view .LVU147
 445              	.LBE68:
 446              	.LBE74:
 447              	.LBB75:
 448              	.LBB73:
 449 00ce 9FED050A 		vldr.32	s0, .L24+16
 450 00d2 D0E7     		b	.L19
 451              	.L25:
 452              		.align	2
 453              	.L24:
 454 00d4 00000000 		.word	runtime
 455 00d8 0000C07F 		.word	2143289344
 456 00dc 00000000 		.word	.LC5
 457 00e0 0000C842 		.word	1120403456
 458 00e4 00000000 		.word	0
 459              	.LBE73:
 460              	.LBE75:
 461              		.cfi_endproc
ARM GAS  C:\Users\alireza\AppData\Local\Temp\ccSeoqk7.s 			page 14


 462              	.LFE239:
 464              		.section	.rodata.sensor_map_init.str1.4,"aMS",%progbits,1
 465              		.align	2
 466              	.LC6:
 467 0000 6D617020 		.ascii	"map sensor is null\000"
 467      73656E73 
 467      6F722069 
 467      73206E75 
 467      6C6C00
 468              		.section	.text.sensor_map_init,"ax",%progbits
 469              		.align	1
 470              		.global	sensor_map_init
 471              		.syntax unified
 472              		.thumb
 473              		.thumb_func
 475              	sensor_map_init:
 476              	.LVL52:
 477              	.LFB240:
  81:controller/IO/sensors.c **** 
  82:controller/IO/sensors.c **** void sensor_map_init(sensor_map_t *sensor, sensor_map_type_t type)
  83:controller/IO/sensors.c **** {
 478              		.loc 1 83 1 is_stmt 1 view -0
 479              		.cfi_startproc
 480              		@ args = 0, pretend = 0, frame = 0
 481              		@ frame_needed = 0, uses_anonymous_args = 0
 482              		.loc 1 83 1 is_stmt 0 view .LVU149
 483 0000 08B5     		push	{r3, lr}
 484              		.cfi_def_cfa_offset 8
 485              		.cfi_offset 3, -8
 486              		.cfi_offset 14, -4
  84:controller/IO/sensors.c ****     if (sensor == NULL)
 487              		.loc 1 84 5 is_stmt 1 view .LVU150
 488              		.loc 1 84 8 is_stmt 0 view .LVU151
 489 0002 90B1     		cbz	r0, .L33
 490 0004 0346     		mov	r3, r0
  85:controller/IO/sensors.c ****     {
  86:controller/IO/sensors.c ****         log_error("map sensor is null");
  87:controller/IO/sensors.c ****         return;
  88:controller/IO/sensors.c ****     }
  89:controller/IO/sensors.c ****     switch (type)
 491              		.loc 1 89 5 is_stmt 1 view .LVU152
 492 0006 A1B1     		cbz	r1, .L29
 493 0008 0129     		cmp	r1, #1
 494 000a 1FD1     		bne	.L30
  90:controller/IO/sensors.c ****     {
  91:controller/IO/sensors.c ****     case SENSOR_MAP_TYPE_BOSCH_816:
  92:controller/IO/sensors.c ****         /**
  93:controller/IO/sensors.c ****          * a simple linear sensor
  94:controller/IO/sensors.c ****          */
  95:controller/IO/sensors.c ****         /**
  96:controller/IO/sensors.c ****          * @todo actually calculate these values!
  97:controller/IO/sensors.c ****          */
  98:controller/IO/sensors.c ****         sensor->adc_value_0_bar = 100;
 495              		.loc 1 98 9 view .LVU153
 496              		.loc 1 98 33 is_stmt 0 view .LVU154
 497 000c 6422     		movs	r2, #100
 498 000e 0280     		strh	r2, [r0]	@ movhi
ARM GAS  C:\Users\alireza\AppData\Local\Temp\ccSeoqk7.s 			page 15


  99:controller/IO/sensors.c ****         sensor->adc_value_1_bar = 3000;
 499              		.loc 1 99 9 is_stmt 1 view .LVU155
 500              		.loc 1 99 33 is_stmt 0 view .LVU156
 501 0010 40F6B832 		movw	r2, #3000
 502 0014 4280     		strh	r2, [r0, #2]	@ movhi
 100:controller/IO/sensors.c ****         sensor->analog_channel = ANALOG_INPUT_SENSOR_MAP_PIN;
 503              		.loc 1 100 9 is_stmt 1 view .LVU157
 504              		.loc 1 100 32 is_stmt 0 view .LVU158
 505 0016 0522     		movs	r2, #5
 506 0018 0271     		strb	r2, [r0, #4]
 101:controller/IO/sensors.c ****         change_bit(&runtime.status, STATUS_MAP_ERROR, false);
 507              		.loc 1 101 9 is_stmt 1 view .LVU159
 508              	.LVL53:
 509              	.LBB76:
 510              	.LBI76:
  30:controller/utils/utils.h **** {
 511              		.loc 2 30 20 view .LVU160
 512              	.LBB77:
  32:controller/utils/utils.h ****     {
 513              		.loc 2 32 5 view .LVU161
  36:controller/utils/utils.h ****     {
 514              		.loc 2 36 5 view .LVU162
  42:controller/utils/utils.h ****     }
 515              		.loc 2 42 9 view .LVU163
 516 001a 0F49     		ldr	r1, .L34
 517              	.LVL54:
  42:controller/utils/utils.h ****     }
 518              		.loc 2 42 9 is_stmt 0 view .LVU164
 519 001c 0A68     		ldr	r2, [r1]
  42:controller/utils/utils.h ****     }
 520              		.loc 2 42 14 view .LVU165
 521 001e 22F40042 		bic	r2, r2, #32768
 522 0022 0A60     		str	r2, [r1]
 523              	.LVL55:
  42:controller/utils/utils.h ****     }
 524              		.loc 2 42 14 view .LVU166
 525              	.LBE77:
 526              	.LBE76:
 102:controller/IO/sensors.c ****         break;
 527              		.loc 1 102 9 is_stmt 1 view .LVU167
 528              	.L31:
 103:controller/IO/sensors.c ****     case SENSOR_MAP_TYPE_TEST:
 104:controller/IO/sensors.c ****         /**
 105:controller/IO/sensors.c ****          * a simple linear sensor
 106:controller/IO/sensors.c ****          */
 107:controller/IO/sensors.c ****         /**
 108:controller/IO/sensors.c ****          * @todo actually calculate these values!
 109:controller/IO/sensors.c ****          */
 110:controller/IO/sensors.c ****         sensor->adc_value_0_bar = 0;
 111:controller/IO/sensors.c ****         sensor->adc_value_1_bar = 4095;
 112:controller/IO/sensors.c ****         sensor->analog_channel = ANALOG_INPUT_SENSOR_MAP_PIN;
 113:controller/IO/sensors.c ****         change_bit(&runtime.status, STATUS_MAP_ERROR, false);
 114:controller/IO/sensors.c ****         break;
 115:controller/IO/sensors.c ****     
 116:controller/IO/sensors.c ****     default:
 117:controller/IO/sensors.c ****         //log_error("map sensor type not configured!");
 118:controller/IO/sensors.c ****         change_bit(&runtime.status, STATUS_MAP_ERROR, true);
ARM GAS  C:\Users\alireza\AppData\Local\Temp\ccSeoqk7.s 			page 16


 119:controller/IO/sensors.c ****         break;
 120:controller/IO/sensors.c ****     }
 121:controller/IO/sensors.c ****     
 122:controller/IO/sensors.c ****     map_sensor = sensor;
 529              		.loc 1 122 5 view .LVU168
 530              		.loc 1 122 16 is_stmt 0 view .LVU169
 531 0024 0D4A     		ldr	r2, .L34+4
 532 0026 1360     		str	r3, [r2]
 533              	.LVL56:
 534              	.L26:
 123:controller/IO/sensors.c **** }
 535              		.loc 1 123 1 view .LVU170
 536 0028 08BD     		pop	{r3, pc}
 537              	.LVL57:
 538              	.L33:
  86:controller/IO/sensors.c ****         return;
 539              		.loc 1 86 9 is_stmt 1 view .LVU171
 540 002a 0D48     		ldr	r0, .L34+8
 541              	.LVL58:
  86:controller/IO/sensors.c ****         return;
 542              		.loc 1 86 9 is_stmt 0 view .LVU172
 543 002c FFF7FEFF 		bl	log_error
 544              	.LVL59:
  87:controller/IO/sensors.c ****     }
 545              		.loc 1 87 9 is_stmt 1 view .LVU173
 546 0030 FAE7     		b	.L26
 547              	.LVL60:
 548              	.L29:
 110:controller/IO/sensors.c ****         sensor->adc_value_1_bar = 4095;
 549              		.loc 1 110 9 view .LVU174
 110:controller/IO/sensors.c ****         sensor->adc_value_1_bar = 4095;
 550              		.loc 1 110 33 is_stmt 0 view .LVU175
 551 0032 0022     		movs	r2, #0
 552 0034 0280     		strh	r2, [r0]	@ movhi
 111:controller/IO/sensors.c ****         sensor->analog_channel = ANALOG_INPUT_SENSOR_MAP_PIN;
 553              		.loc 1 111 9 is_stmt 1 view .LVU176
 111:controller/IO/sensors.c ****         sensor->analog_channel = ANALOG_INPUT_SENSOR_MAP_PIN;
 554              		.loc 1 111 33 is_stmt 0 view .LVU177
 555 0036 40F6FF72 		movw	r2, #4095
 556 003a 4280     		strh	r2, [r0, #2]	@ movhi
 112:controller/IO/sensors.c ****         change_bit(&runtime.status, STATUS_MAP_ERROR, false);
 557              		.loc 1 112 9 is_stmt 1 view .LVU178
 112:controller/IO/sensors.c ****         change_bit(&runtime.status, STATUS_MAP_ERROR, false);
 558              		.loc 1 112 32 is_stmt 0 view .LVU179
 559 003c 0522     		movs	r2, #5
 560 003e 0271     		strb	r2, [r0, #4]
 113:controller/IO/sensors.c ****         break;
 561              		.loc 1 113 9 is_stmt 1 view .LVU180
 562              	.LVL61:
 563              	.LBB78:
 564              	.LBI78:
  30:controller/utils/utils.h **** {
 565              		.loc 2 30 20 view .LVU181
 566              	.LBB79:
  32:controller/utils/utils.h ****     {
 567              		.loc 2 32 5 view .LVU182
  36:controller/utils/utils.h ****     {
ARM GAS  C:\Users\alireza\AppData\Local\Temp\ccSeoqk7.s 			page 17


 568              		.loc 2 36 5 view .LVU183
  42:controller/utils/utils.h ****     }
 569              		.loc 2 42 9 view .LVU184
 570 0040 0549     		ldr	r1, .L34
 571              	.LVL62:
  42:controller/utils/utils.h ****     }
 572              		.loc 2 42 9 is_stmt 0 view .LVU185
 573 0042 0A68     		ldr	r2, [r1]
  42:controller/utils/utils.h ****     }
 574              		.loc 2 42 14 view .LVU186
 575 0044 22F40042 		bic	r2, r2, #32768
 576 0048 0A60     		str	r2, [r1]
 577              	.LVL63:
  42:controller/utils/utils.h ****     }
 578              		.loc 2 42 14 view .LVU187
 579              	.LBE79:
 580              	.LBE78:
 114:controller/IO/sensors.c ****     
 581              		.loc 1 114 9 is_stmt 1 view .LVU188
 582 004a EBE7     		b	.L31
 583              	.LVL64:
 584              	.L30:
 118:controller/IO/sensors.c ****         break;
 585              		.loc 1 118 9 view .LVU189
 586              	.LBB80:
 587              	.LBI80:
  30:controller/utils/utils.h **** {
 588              		.loc 2 30 20 view .LVU190
 589              	.LBB81:
  32:controller/utils/utils.h ****     {
 590              		.loc 2 32 5 view .LVU191
  36:controller/utils/utils.h ****     {
 591              		.loc 2 36 5 view .LVU192
  38:controller/utils/utils.h ****     }
 592              		.loc 2 38 9 view .LVU193
 593 004c 0249     		ldr	r1, .L34
 594              	.LVL65:
  38:controller/utils/utils.h ****     }
 595              		.loc 2 38 9 is_stmt 0 view .LVU194
 596 004e 0A68     		ldr	r2, [r1]
  38:controller/utils/utils.h ****     }
 597              		.loc 2 38 14 view .LVU195
 598 0050 42F40042 		orr	r2, r2, #32768
 599 0054 0A60     		str	r2, [r1]
 600              	.LVL66:
  38:controller/utils/utils.h ****     }
 601              		.loc 2 38 14 view .LVU196
 602              	.LBE81:
 603              	.LBE80:
 119:controller/IO/sensors.c ****     }
 604              		.loc 1 119 9 is_stmt 1 view .LVU197
 605 0056 E5E7     		b	.L31
 606              	.L35:
 607              		.align	2
 608              	.L34:
 609 0058 00000000 		.word	runtime
 610 005c 00000000 		.word	map_sensor
ARM GAS  C:\Users\alireza\AppData\Local\Temp\ccSeoqk7.s 			page 18


 611 0060 00000000 		.word	.LC6
 612              		.cfi_endproc
 613              	.LFE240:
 615              		.section	.text.sensor_map_get,"ax",%progbits
 616              		.align	1
 617              		.global	sensor_map_get
 618              		.syntax unified
 619              		.thumb
 620              		.thumb_func
 622              	sensor_map_get:
 623              	.LFB241:
 124:controller/IO/sensors.c **** 
 125:controller/IO/sensors.c **** 
 126:controller/IO/sensors.c **** pressure_t sensor_map_get()
 127:controller/IO/sensors.c **** {
 624              		.loc 1 127 1 view -0
 625              		.cfi_startproc
 626              		@ args = 0, pretend = 0, frame = 0
 627              		@ frame_needed = 0, uses_anonymous_args = 0
 628 0000 08B5     		push	{r3, lr}
 629              		.cfi_def_cfa_offset 8
 630              		.cfi_offset 3, -8
 631              		.cfi_offset 14, -4
 128:controller/IO/sensors.c ****     if (map_sensor->adc_value_0_bar == 0 && map_sensor->adc_value_1_bar == 0)
 632              		.loc 1 128 5 view .LVU199
 633              		.loc 1 128 19 is_stmt 0 view .LVU200
 634 0002 274B     		ldr	r3, .L46
 635 0004 1B68     		ldr	r3, [r3]
 636 0006 1A88     		ldrh	r2, [r3]
 637              		.loc 1 128 8 view .LVU201
 638 0008 0AB9     		cbnz	r2, .L37
 639              		.loc 1 128 55 discriminator 1 view .LVU202
 640 000a 5A88     		ldrh	r2, [r3, #2]
 641              		.loc 1 128 42 discriminator 1 view .LVU203
 642 000c A2B3     		cbz	r2, .L45
 643              	.L37:
 129:controller/IO/sensors.c ****     {
 130:controller/IO/sensors.c ****         //log_error("map sensor no init!");
 131:controller/IO/sensors.c ****         change_bit(&runtime.status, STATUS_MAP_ERROR, true);
 132:controller/IO/sensors.c ****         return SENSOR_MAP_FAIL_SAFE;
 133:controller/IO/sensors.c ****     }
 134:controller/IO/sensors.c ****     
 135:controller/IO/sensors.c ****     uint16_t raw_adc_value = 0;
 644              		.loc 1 135 5 is_stmt 1 view .LVU204
 645              	.LVL67:
 136:controller/IO/sensors.c ****     raw_adc_value = analog_inputs_get_data(map_sensor->analog_channel);
 646              		.loc 1 136 5 view .LVU205
 647              		.loc 1 136 21 is_stmt 0 view .LVU206
 648 000e 1879     		ldrb	r0, [r3, #4]	@ zero_extendqisi2
 649 0010 FFF7FEFF 		bl	analog_inputs_get_data
 650              	.LVL68:
 651 0014 07EE900A 		vmov	s15, r0	@ int
 652              	.LVL69:
 137:controller/IO/sensors.c **** 
 138:controller/IO/sensors.c ****     pressure_t result = SENSOR_MAP_FAIL_SAFE;
 653              		.loc 1 138 5 is_stmt 1 view .LVU207
 139:controller/IO/sensors.c **** 
ARM GAS  C:\Users\alireza\AppData\Local\Temp\ccSeoqk7.s 			page 19


 140:controller/IO/sensors.c ****     result = mapf((float)raw_adc_value, (float)map_sensor->adc_value_0_bar, (float)map_sensor->adc_
 654              		.loc 1 140 5 view .LVU208
 655              		.loc 1 140 14 is_stmt 0 view .LVU209
 656 0018 F8EE677A 		vcvt.f32.u32	s15, s15
 657              	.LVL70:
 658              		.loc 1 140 58 view .LVU210
 659 001c 204B     		ldr	r3, .L46
 660 001e 1B68     		ldr	r3, [r3]
 661 0020 1A88     		ldrh	r2, [r3]
 662              		.loc 1 140 14 view .LVU211
 663 0022 07EE102A 		vmov	s14, r2	@ int
 664 0026 F8EE476A 		vcvt.f32.u32	s13, s14
 665              		.loc 1 140 94 view .LVU212
 666 002a 5B88     		ldrh	r3, [r3, #2]
 667              		.loc 1 140 14 view .LVU213
 668 002c 07EE103A 		vmov	s14, r3	@ int
 669 0030 B8EE477A 		vcvt.f32.u32	s14, s14
 670              	.LVL71:
 671              	.LBB82:
 672              	.LBI82:
  87:controller/utils/utils.h **** {
 673              		.loc 2 87 21 is_stmt 1 view .LVU214
 674              	.LBB83:
  89:controller/utils/utils.h ****     {
 675              		.loc 2 89 5 view .LVU215
  89:controller/utils/utils.h ****     {
 676              		.loc 2 89 8 is_stmt 0 view .LVU216
 677 0034 9A42     		cmp	r2, r3
 678 0036 27D0     		beq	.L43
 679              		.loc 2 93 5 is_stmt 1 view .LVU217
 680              		.loc 2 93 15 is_stmt 0 view .LVU218
 681 0038 77EEE67A 		vsub.f32	s15, s15, s13
 682              	.LVL72:
 683              		.loc 2 93 25 view .LVU219
 684 003c 9FED196A 		vldr.32	s12, .L46+4
 685 0040 67EE867A 		vmul.f32	s15, s15, s12
 686              		.loc 2 93 57 view .LVU220
 687 0044 37EE667A 		vsub.f32	s14, s14, s13
 688              	.LVL73:
 689              		.loc 2 93 47 view .LVU221
 690 0048 87EE870A 		vdiv.f32	s0, s15, s14
 691              		.loc 2 93 67 view .LVU222
 692 004c DFED167A 		vldr.32	s15, .L46+8
 693 0050 30EE270A 		vadd.f32	s0, s0, s15
 694              	.LVL74:
 695              		.loc 2 93 67 view .LVU223
 696              	.LBE83:
 697              	.LBE82:
 141:controller/IO/sensors.c **** 
 142:controller/IO/sensors.c ****     if (!IS_IN_RANGE(result, (pressure_t)0, FIRMWARE_LIMIT_MAX_MAP))
 698              		.loc 1 142 5 is_stmt 1 view .LVU224
 699              		.loc 1 142 8 is_stmt 0 view .LVU225
 700 0054 B4EEE70A 		vcmpe.f32	s0, s15
 701 0058 F1EE10FA 		vmrs	APSR_nzcv, FPSCR
 702 005c 17DB     		blt	.L40
 703              	.LVL75:
 704              	.L39:
ARM GAS  C:\Users\alireza\AppData\Local\Temp\ccSeoqk7.s 			page 20


 705              		.loc 1 142 9 discriminator 1 view .LVU226
 706 005e DFED137A 		vldr.32	s15, .L46+12
 707 0062 B4EEE70A 		vcmpe.f32	s0, s15
 708 0066 F1EE10FA 		vmrs	APSR_nzcv, FPSCR
 709 006a 10D8     		bhi	.L40
 143:controller/IO/sensors.c ****     {
 144:controller/IO/sensors.c ****         //log_error("map sensor out of range!");
 145:controller/IO/sensors.c ****         change_bit(&runtime.status, STATUS_MAP_ERROR, true);
 146:controller/IO/sensors.c **** 
 147:controller/IO/sensors.c ****         return SENSOR_MAP_FAIL_SAFE;
 148:controller/IO/sensors.c ****     }
 149:controller/IO/sensors.c ****     change_bit(&runtime.status, STATUS_MAP_ERROR, false);
 710              		.loc 1 149 5 is_stmt 1 view .LVU227
 711              	.LVL76:
 712              	.LBB85:
 713              	.LBI85:
  30:controller/utils/utils.h **** {
 714              		.loc 2 30 20 view .LVU228
 715              	.LBB86:
  32:controller/utils/utils.h ****     {
 716              		.loc 2 32 5 view .LVU229
  36:controller/utils/utils.h ****     {
 717              		.loc 2 36 5 view .LVU230
  42:controller/utils/utils.h ****     }
 718              		.loc 2 42 9 view .LVU231
 719 006c 104A     		ldr	r2, .L46+16
 720 006e 1368     		ldr	r3, [r2]
  42:controller/utils/utils.h ****     }
 721              		.loc 2 42 14 is_stmt 0 view .LVU232
 722 0070 23F40043 		bic	r3, r3, #32768
 723 0074 1360     		str	r3, [r2]
 724              	.LVL77:
  42:controller/utils/utils.h ****     }
 725              		.loc 2 42 14 view .LVU233
 726              	.LBE86:
 727              	.LBE85:
 150:controller/IO/sensors.c ****     return result;
 728              		.loc 1 150 5 is_stmt 1 view .LVU234
 729              	.L36:
 151:controller/IO/sensors.c **** }
 730              		.loc 1 151 1 is_stmt 0 view .LVU235
 731 0076 08BD     		pop	{r3, pc}
 732              	.L45:
 131:controller/IO/sensors.c ****         return SENSOR_MAP_FAIL_SAFE;
 733              		.loc 1 131 9 is_stmt 1 view .LVU236
 734              	.LVL78:
 735              	.LBB87:
 736              	.LBI87:
  30:controller/utils/utils.h **** {
 737              		.loc 2 30 20 view .LVU237
 738              	.LBB88:
  32:controller/utils/utils.h ****     {
 739              		.loc 2 32 5 view .LVU238
  36:controller/utils/utils.h ****     {
 740              		.loc 2 36 5 view .LVU239
  38:controller/utils/utils.h ****     }
 741              		.loc 2 38 9 view .LVU240
ARM GAS  C:\Users\alireza\AppData\Local\Temp\ccSeoqk7.s 			page 21


 742 0078 0D4A     		ldr	r2, .L46+16
 743 007a 1368     		ldr	r3, [r2]
  38:controller/utils/utils.h ****     }
 744              		.loc 2 38 14 is_stmt 0 view .LVU241
 745 007c 43F40043 		orr	r3, r3, #32768
 746 0080 1360     		str	r3, [r2]
 747              	.LVL79:
  38:controller/utils/utils.h ****     }
 748              		.loc 2 38 14 view .LVU242
 749              	.LBE88:
 750              	.LBE87:
 132:controller/IO/sensors.c ****     }
 751              		.loc 1 132 9 is_stmt 1 view .LVU243
 132:controller/IO/sensors.c ****     }
 752              		.loc 1 132 16 is_stmt 0 view .LVU244
 753 0082 9FED090A 		vldr.32	s0, .L46+8
 754 0086 F6E7     		b	.L36
 755              	.LVL80:
 756              	.L43:
 757              	.LBB89:
 758              	.LBB84:
  91:controller/utils/utils.h ****     }
 759              		.loc 2 91 16 view .LVU245
 760 0088 9FED070A 		vldr.32	s0, .L46+8
 761 008c E7E7     		b	.L39
 762              	.LVL81:
 763              	.L40:
  91:controller/utils/utils.h ****     }
 764              		.loc 2 91 16 view .LVU246
 765              	.LBE84:
 766              	.LBE89:
 145:controller/IO/sensors.c **** 
 767              		.loc 1 145 9 is_stmt 1 view .LVU247
 768              	.LBB90:
 769              	.LBI90:
  30:controller/utils/utils.h **** {
 770              		.loc 2 30 20 view .LVU248
 771              	.LBB91:
  32:controller/utils/utils.h ****     {
 772              		.loc 2 32 5 view .LVU249
  36:controller/utils/utils.h ****     {
 773              		.loc 2 36 5 view .LVU250
  38:controller/utils/utils.h ****     }
 774              		.loc 2 38 9 view .LVU251
 775 008e 084A     		ldr	r2, .L46+16
 776 0090 1368     		ldr	r3, [r2]
  38:controller/utils/utils.h ****     }
 777              		.loc 2 38 14 is_stmt 0 view .LVU252
 778 0092 43F40043 		orr	r3, r3, #32768
 779 0096 1360     		str	r3, [r2]
 780              	.LVL82:
  38:controller/utils/utils.h ****     }
 781              		.loc 2 38 14 view .LVU253
 782              	.LBE91:
 783              	.LBE90:
 147:controller/IO/sensors.c ****     }
 784              		.loc 1 147 9 is_stmt 1 view .LVU254
ARM GAS  C:\Users\alireza\AppData\Local\Temp\ccSeoqk7.s 			page 22


 147:controller/IO/sensors.c ****     }
 785              		.loc 1 147 16 is_stmt 0 view .LVU255
 786 0098 9FED030A 		vldr.32	s0, .L46+8
 787 009c EBE7     		b	.L36
 788              	.L47:
 789 009e 00BF     		.align	2
 790              	.L46:
 791 00a0 00000000 		.word	map_sensor
 792 00a4 0000C842 		.word	1120403456
 793 00a8 00000000 		.word	0
 794 00ac 0000F042 		.word	1123024896
 795 00b0 00000000 		.word	runtime
 796              		.cfi_endproc
 797              	.LFE241:
 799              		.section	.text.sensor_iat_init,"ax",%progbits
 800              		.align	1
 801              		.global	sensor_iat_init
 802              		.syntax unified
 803              		.thumb
 804              		.thumb_func
 806              	sensor_iat_init:
 807              	.LVL83:
 808              	.LFB242:
 152:controller/IO/sensors.c **** 
 153:controller/IO/sensors.c **** void sensor_iat_init(thermistor_t *sensor, sensor_iat_type_t type)
 154:controller/IO/sensors.c **** {
 809              		.loc 1 154 1 is_stmt 1 view -0
 810              		.cfi_startproc
 811              		@ args = 0, pretend = 0, frame = 24
 812              		@ frame_needed = 0, uses_anonymous_args = 0
 813              		.loc 1 154 1 is_stmt 0 view .LVU257
 814 0000 70B5     		push	{r4, r5, r6, lr}
 815              		.cfi_def_cfa_offset 16
 816              		.cfi_offset 4, -16
 817              		.cfi_offset 5, -12
 818              		.cfi_offset 6, -8
 819              		.cfi_offset 14, -4
 820 0002 8AB0     		sub	sp, sp, #40
 821              		.cfi_def_cfa_offset 56
 822 0004 0446     		mov	r4, r0
 155:controller/IO/sensors.c ****     switch (type)
 823              		.loc 1 155 5 is_stmt 1 view .LVU258
 824 0006 11B3     		cbz	r1, .L49
 825 0008 0129     		cmp	r1, #1
 826 000a 42D1     		bne	.L50
 827              	.LBB92:
 156:controller/IO/sensors.c ****     {
 157:controller/IO/sensors.c ****         case SENSOR_IAT_TYPE_BOSCH_816:
 158:controller/IO/sensors.c ****             resistor_init(&sensor->resistor, 10000, RESISTOR_PULL_UP, ANALOG_INPUT_SENSOR_IAT_PIN);
 828              		.loc 1 158 13 view .LVU259
 829 000c 0622     		movs	r2, #6
 830 000e 0021     		movs	r1, #0
 831              	.LVL84:
 832              		.loc 1 158 13 is_stmt 0 view .LVU260
 833 0010 9FED230A 		vldr.32	s0, .L53
 834 0014 FFF7FEFF 		bl	resistor_init
 835              	.LVL85:
ARM GAS  C:\Users\alireza\AppData\Local\Temp\ccSeoqk7.s 			page 23


 159:controller/IO/sensors.c ****             thermistor_conf_t bosch_816_iat_conf = 
 836              		.loc 1 159 13 is_stmt 1 view .LVU261
 837              		.loc 1 159 31 is_stmt 0 view .LVU262
 838 0018 04AD     		add	r5, sp, #16
 839 001a 224E     		ldr	r6, .L53+4
 840 001c 0FCE     		ldmia	r6!, {r0, r1, r2, r3}
 841 001e 0FC5     		stmia	r5!, {r0, r1, r2, r3}
 842 0020 96E80300 		ldm	r6, {r0, r1}
 843 0024 85E80300 		stm	r5, {r0, r1}
 160:controller/IO/sensors.c ****             {
 161:controller/IO/sensors.c ****                 .resistance_1 = 9395.0f,
 162:controller/IO/sensors.c ****                 .resistance_2 = 2056.0f,
 163:controller/IO/sensors.c ****                 .resistance_3 = 322.5f,
 164:controller/IO/sensors.c ****                 .tempC_1 = -10.0f,
 165:controller/IO/sensors.c ****                 .tempC_2 = 25.0f,
 166:controller/IO/sensors.c ****                 .tempC_3 = 80.0f
 167:controller/IO/sensors.c ****             };
 168:controller/IO/sensors.c ****             thermistor_init(sensor, bosch_816_iat_conf);
 844              		.loc 1 168 13 is_stmt 1 view .LVU263
 845 0028 0AAB     		add	r3, sp, #40
 846 002a 13E90700 		ldmdb	r3, {r0, r1, r2}
 847 002e 8DE80700 		stm	sp, {r0, r1, r2}
 848 0032 04AB     		add	r3, sp, #16
 849 0034 0ECB     		ldm	r3, {r1, r2, r3}
 850 0036 2046     		mov	r0, r4
 851 0038 FFF7FEFF 		bl	thermistor_init
 852              	.LVL86:
 169:controller/IO/sensors.c ****             sensor_iat = sensor;
 853              		.loc 1 169 13 view .LVU264
 854              		.loc 1 169 24 is_stmt 0 view .LVU265
 855 003c 1A4B     		ldr	r3, .L53+8
 856 003e 1C60     		str	r4, [r3]
 170:controller/IO/sensors.c ****             change_bit(&runtime.status, STATUS_IAT_ERROR, false);
 857              		.loc 1 170 13 is_stmt 1 view .LVU266
 858              	.LVL87:
 859              	.LBB93:
 860              	.LBI93:
  30:controller/utils/utils.h **** {
 861              		.loc 2 30 20 view .LVU267
 862              	.LBB94:
  32:controller/utils/utils.h ****     {
 863              		.loc 2 32 5 view .LVU268
  36:controller/utils/utils.h ****     {
 864              		.loc 2 36 5 view .LVU269
  42:controller/utils/utils.h ****     }
 865              		.loc 2 42 9 view .LVU270
 866 0040 1A4A     		ldr	r2, .L53+12
 867 0042 1368     		ldr	r3, [r2]
  42:controller/utils/utils.h ****     }
 868              		.loc 2 42 14 is_stmt 0 view .LVU271
 869 0044 23F40033 		bic	r3, r3, #131072
 870 0048 1360     		str	r3, [r2]
 871              	.LVL88:
  42:controller/utils/utils.h ****     }
 872              		.loc 2 42 14 view .LVU272
 873              	.LBE94:
 874              	.LBE93:
ARM GAS  C:\Users\alireza\AppData\Local\Temp\ccSeoqk7.s 			page 24


 171:controller/IO/sensors.c **** 
 172:controller/IO/sensors.c ****             break;
 875              		.loc 1 172 13 is_stmt 1 view .LVU273
 876              	.L48:
 877              		.loc 1 172 13 is_stmt 0 view .LVU274
 878              	.LBE92:
 173:controller/IO/sensors.c ****         case SENSOR_IAT_TYPE_TEST:
 174:controller/IO/sensors.c ****             resistor_init(&sensor->resistor, 4700, RESISTOR_PULL_UP, ANALOG_INPUT_SENSOR_IAT_PIN);
 175:controller/IO/sensors.c ****             thermistor_conf_t genric_5k =
 176:controller/IO/sensors.c ****             {
 177:controller/IO/sensors.c ****                 .resistance_1 = 22.263e3f,
 178:controller/IO/sensors.c ****                 .resistance_2 = 5e3f,
 179:controller/IO/sensors.c ****                 .resistance_3 = 588.0f,
 180:controller/IO/sensors.c ****                 .tempC_1 = -10.0f,
 181:controller/IO/sensors.c ****                 .tempC_2 = 25.0f,
 182:controller/IO/sensors.c ****                 .tempC_3 = 90.0f
 183:controller/IO/sensors.c ****             };
 184:controller/IO/sensors.c ****             thermistor_init(sensor, genric_5k);
 185:controller/IO/sensors.c ****             sensor_iat = sensor;
 186:controller/IO/sensors.c ****             change_bit(&runtime.status, STATUS_IAT_ERROR, false);
 187:controller/IO/sensors.c **** 
 188:controller/IO/sensors.c ****             break;
 189:controller/IO/sensors.c ****     default:
 190:controller/IO/sensors.c ****         //log_error("iat sensor type not configured!");
 191:controller/IO/sensors.c ****         change_bit(&runtime.status, STATUS_IAT_ERROR, true);
 192:controller/IO/sensors.c ****         break;
 193:controller/IO/sensors.c ****     }
 194:controller/IO/sensors.c **** }
 879              		.loc 1 194 1 view .LVU275
 880 004a 0AB0     		add	sp, sp, #40
 881              		.cfi_remember_state
 882              		.cfi_def_cfa_offset 16
 883              		@ sp needed
 884 004c 70BD     		pop	{r4, r5, r6, pc}
 885              	.LVL89:
 886              	.L49:
 887              		.cfi_restore_state
 888              	.LBB99:
 174:controller/IO/sensors.c ****             thermistor_conf_t genric_5k =
 889              		.loc 1 174 13 is_stmt 1 view .LVU276
 890 004e 0622     		movs	r2, #6
 891 0050 0021     		movs	r1, #0
 892              	.LVL90:
 174:controller/IO/sensors.c ****             thermistor_conf_t genric_5k =
 893              		.loc 1 174 13 is_stmt 0 view .LVU277
 894 0052 9FED170A 		vldr.32	s0, .L53+16
 895 0056 FFF7FEFF 		bl	resistor_init
 896              	.LVL91:
 175:controller/IO/sensors.c ****             {
 897              		.loc 1 175 13 is_stmt 1 view .LVU278
 175:controller/IO/sensors.c ****             {
 898              		.loc 1 175 31 is_stmt 0 view .LVU279
 899 005a 0DF1100C 		add	ip, sp, #16
 900 005e 154D     		ldr	r5, .L53+20
 901 0060 0FCD     		ldmia	r5!, {r0, r1, r2, r3}
 902 0062 ACE80F00 		stmia	ip!, {r0, r1, r2, r3}
 903 0066 95E80300 		ldm	r5, {r0, r1}
ARM GAS  C:\Users\alireza\AppData\Local\Temp\ccSeoqk7.s 			page 25


 904 006a 8CE80300 		stm	ip, {r0, r1}
 184:controller/IO/sensors.c ****             sensor_iat = sensor;
 905              		.loc 1 184 13 is_stmt 1 view .LVU280
 906 006e 0AAB     		add	r3, sp, #40
 907 0070 13E90700 		ldmdb	r3, {r0, r1, r2}
 908 0074 8DE80700 		stm	sp, {r0, r1, r2}
 909 0078 04AB     		add	r3, sp, #16
 910 007a 0ECB     		ldm	r3, {r1, r2, r3}
 911 007c 2046     		mov	r0, r4
 912 007e FFF7FEFF 		bl	thermistor_init
 913              	.LVL92:
 185:controller/IO/sensors.c ****             change_bit(&runtime.status, STATUS_IAT_ERROR, false);
 914              		.loc 1 185 13 view .LVU281
 185:controller/IO/sensors.c ****             change_bit(&runtime.status, STATUS_IAT_ERROR, false);
 915              		.loc 1 185 24 is_stmt 0 view .LVU282
 916 0082 094B     		ldr	r3, .L53+8
 917 0084 1C60     		str	r4, [r3]
 186:controller/IO/sensors.c **** 
 918              		.loc 1 186 13 is_stmt 1 view .LVU283
 919              	.LVL93:
 920              	.LBB95:
 921              	.LBI95:
  30:controller/utils/utils.h **** {
 922              		.loc 2 30 20 view .LVU284
 923              	.LBB96:
  32:controller/utils/utils.h ****     {
 924              		.loc 2 32 5 view .LVU285
  36:controller/utils/utils.h ****     {
 925              		.loc 2 36 5 view .LVU286
  42:controller/utils/utils.h ****     }
 926              		.loc 2 42 9 view .LVU287
 927 0086 094A     		ldr	r2, .L53+12
 928 0088 1368     		ldr	r3, [r2]
  42:controller/utils/utils.h ****     }
 929              		.loc 2 42 14 is_stmt 0 view .LVU288
 930 008a 23F40033 		bic	r3, r3, #131072
 931 008e 1360     		str	r3, [r2]
 932              	.LVL94:
  42:controller/utils/utils.h ****     }
 933              		.loc 2 42 14 view .LVU289
 934              	.LBE96:
 935              	.LBE95:
 188:controller/IO/sensors.c ****     default:
 936              		.loc 1 188 13 is_stmt 1 view .LVU290
 937 0090 DBE7     		b	.L48
 938              	.LVL95:
 939              	.L50:
 191:controller/IO/sensors.c ****         break;
 940              		.loc 1 191 9 view .LVU291
 941              	.LBB97:
 942              	.LBI97:
  30:controller/utils/utils.h **** {
 943              		.loc 2 30 20 view .LVU292
 944              	.LBB98:
  32:controller/utils/utils.h ****     {
 945              		.loc 2 32 5 view .LVU293
  36:controller/utils/utils.h ****     {
ARM GAS  C:\Users\alireza\AppData\Local\Temp\ccSeoqk7.s 			page 26


 946              		.loc 2 36 5 view .LVU294
  38:controller/utils/utils.h ****     }
 947              		.loc 2 38 9 view .LVU295
 948 0092 064A     		ldr	r2, .L53+12
 949 0094 1368     		ldr	r3, [r2]
  38:controller/utils/utils.h ****     }
 950              		.loc 2 38 14 is_stmt 0 view .LVU296
 951 0096 43F40033 		orr	r3, r3, #131072
 952 009a 1360     		str	r3, [r2]
 953              	.LVL96:
  38:controller/utils/utils.h ****     }
 954              		.loc 2 38 14 view .LVU297
 955              	.LBE98:
 956              	.LBE97:
 192:controller/IO/sensors.c ****     }
 957              		.loc 1 192 9 is_stmt 1 view .LVU298
 958              	.LBE99:
 959              		.loc 1 194 1 is_stmt 0 view .LVU299
 960 009c D5E7     		b	.L48
 961              	.L54:
 962 009e 00BF     		.align	2
 963              	.L53:
 964 00a0 00401C46 		.word	1176256512
 965 00a4 00000000 		.word	.LANCHOR0
 966 00a8 00000000 		.word	sensor_iat
 967 00ac 00000000 		.word	runtime
 968 00b0 00E09245 		.word	1167253504
 969 00b4 18000000 		.word	.LANCHOR0+24
 970              		.cfi_endproc
 971              	.LFE242:
 973              		.section	.rodata.sensor_iat_get.str1.4,"aMS",%progbits,1
 974              		.align	2
 975              	.LC7:
 976 0000 69617420 		.ascii	"iat sensor is null\000"
 976      73656E73 
 976      6F722069 
 976      73206E75 
 976      6C6C00
 977              		.section	.text.sensor_iat_get,"ax",%progbits
 978              		.align	1
 979              		.global	sensor_iat_get
 980              		.syntax unified
 981              		.thumb
 982              		.thumb_func
 984              	sensor_iat_get:
 985              	.LFB243:
 195:controller/IO/sensors.c **** 
 196:controller/IO/sensors.c **** temperature_t sensor_iat_get()
 197:controller/IO/sensors.c **** {
 986              		.loc 1 197 1 is_stmt 1 view -0
 987              		.cfi_startproc
 988              		@ args = 0, pretend = 0, frame = 0
 989              		@ frame_needed = 0, uses_anonymous_args = 0
 990 0000 08B5     		push	{r3, lr}
 991              		.cfi_def_cfa_offset 8
 992              		.cfi_offset 3, -8
 993              		.cfi_offset 14, -4
ARM GAS  C:\Users\alireza\AppData\Local\Temp\ccSeoqk7.s 			page 27


 198:controller/IO/sensors.c ****     if (sensor_iat == NULL)
 994              		.loc 1 198 5 view .LVU301
 995              		.loc 1 198 20 is_stmt 0 view .LVU302
 996 0002 164B     		ldr	r3, .L64
 997 0004 1868     		ldr	r0, [r3]
 998              		.loc 1 198 8 view .LVU303
 999 0006 A8B1     		cbz	r0, .L63
 199:controller/IO/sensors.c ****     {
 200:controller/IO/sensors.c ****         log_error("iat sensor is null");
 201:controller/IO/sensors.c ****         change_bit(&runtime.status, STATUS_IAT_ERROR, true);
 202:controller/IO/sensors.c ****         return SENSOR_IAT_FAIL_SAFE;
 203:controller/IO/sensors.c ****     }
 204:controller/IO/sensors.c ****     temperature_t temperature = thermistor_get_temp(sensor_iat);
 1000              		.loc 1 204 5 is_stmt 1 view .LVU304
 1001              		.loc 1 204 33 is_stmt 0 view .LVU305
 1002 0008 FFF7FEFF 		bl	thermistor_get_temp
 1003              	.LVL97:
 205:controller/IO/sensors.c ****     if (!IS_IN_RANGE(temperature, FIRMWARE_LIMIT_MIN_TEMP, FIRMWARE_LIMIT_MAX_TEMP))
 1004              		.loc 1 205 5 is_stmt 1 view .LVU306
 1005              		.loc 1 205 8 is_stmt 0 view .LVU307
 1006 000c DFED147A 		vldr.32	s15, .L64+4
 1007 0010 B4EEE70A 		vcmpe.f32	s0, s15
 1008 0014 F1EE10FA 		vmrs	APSR_nzcv, FPSCR
 1009 0018 17DB     		blt	.L58
 1010              		.loc 1 205 9 discriminator 1 view .LVU308
 1011 001a DFED127A 		vldr.32	s15, .L64+8
 1012 001e B4EEE70A 		vcmpe.f32	s0, s15
 1013 0022 F1EE10FA 		vmrs	APSR_nzcv, FPSCR
 1014 0026 10D8     		bhi	.L58
 206:controller/IO/sensors.c ****     {
 207:controller/IO/sensors.c ****         //log_error("iat sensor out of range!");
 208:controller/IO/sensors.c ****         change_bit(&runtime.status, STATUS_IAT_ERROR, true);
 209:controller/IO/sensors.c **** 
 210:controller/IO/sensors.c ****         return SENSOR_IAT_FAIL_SAFE;
 211:controller/IO/sensors.c ****     }
 212:controller/IO/sensors.c ****     change_bit(&runtime.status, STATUS_IAT_ERROR, false);
 1015              		.loc 1 212 5 is_stmt 1 view .LVU309
 1016              	.LVL98:
 1017              	.LBB100:
 1018              	.LBI100:
  30:controller/utils/utils.h **** {
 1019              		.loc 2 30 20 view .LVU310
 1020              	.LBB101:
  32:controller/utils/utils.h ****     {
 1021              		.loc 2 32 5 view .LVU311
  36:controller/utils/utils.h ****     {
 1022              		.loc 2 36 5 view .LVU312
  42:controller/utils/utils.h ****     }
 1023              		.loc 2 42 9 view .LVU313
 1024 0028 0F4A     		ldr	r2, .L64+12
 1025 002a 1368     		ldr	r3, [r2]
  42:controller/utils/utils.h ****     }
 1026              		.loc 2 42 14 is_stmt 0 view .LVU314
 1027 002c 23F40033 		bic	r3, r3, #131072
 1028 0030 1360     		str	r3, [r2]
 1029              	.LVL99:
  42:controller/utils/utils.h ****     }
ARM GAS  C:\Users\alireza\AppData\Local\Temp\ccSeoqk7.s 			page 28


 1030              		.loc 2 42 14 view .LVU315
 1031              	.LBE101:
 1032              	.LBE100:
 213:controller/IO/sensors.c ****     return temperature;
 1033              		.loc 1 213 5 is_stmt 1 view .LVU316
 1034              		.loc 1 213 12 is_stmt 0 view .LVU317
 1035 0032 11E0     		b	.L55
 1036              	.LVL100:
 1037              	.L63:
 200:controller/IO/sensors.c ****         change_bit(&runtime.status, STATUS_IAT_ERROR, true);
 1038              		.loc 1 200 9 is_stmt 1 view .LVU318
 1039 0034 0D48     		ldr	r0, .L64+16
 1040 0036 FFF7FEFF 		bl	log_error
 1041              	.LVL101:
 201:controller/IO/sensors.c ****         return SENSOR_IAT_FAIL_SAFE;
 1042              		.loc 1 201 9 view .LVU319
 1043              	.LBB102:
 1044              	.LBI102:
  30:controller/utils/utils.h **** {
 1045              		.loc 2 30 20 view .LVU320
 1046              	.LBB103:
  32:controller/utils/utils.h ****     {
 1047              		.loc 2 32 5 view .LVU321
  36:controller/utils/utils.h ****     {
 1048              		.loc 2 36 5 view .LVU322
  38:controller/utils/utils.h ****     }
 1049              		.loc 2 38 9 view .LVU323
 1050 003a 0B4A     		ldr	r2, .L64+12
 1051 003c 1368     		ldr	r3, [r2]
  38:controller/utils/utils.h ****     }
 1052              		.loc 2 38 14 is_stmt 0 view .LVU324
 1053 003e 43F40033 		orr	r3, r3, #131072
 1054 0042 1360     		str	r3, [r2]
 1055              	.LVL102:
  38:controller/utils/utils.h ****     }
 1056              		.loc 2 38 14 view .LVU325
 1057              	.LBE103:
 1058              	.LBE102:
 202:controller/IO/sensors.c ****     }
 1059              		.loc 1 202 9 is_stmt 1 view .LVU326
 202:controller/IO/sensors.c ****     }
 1060              		.loc 1 202 16 is_stmt 0 view .LVU327
 1061 0044 9FED0A0A 		vldr.32	s0, .L64+20
 1062 0048 06E0     		b	.L55
 1063              	.LVL103:
 1064              	.L58:
 208:controller/IO/sensors.c **** 
 1065              		.loc 1 208 9 is_stmt 1 view .LVU328
 1066              	.LBB104:
 1067              	.LBI104:
  30:controller/utils/utils.h **** {
 1068              		.loc 2 30 20 view .LVU329
 1069              	.LBB105:
  32:controller/utils/utils.h ****     {
 1070              		.loc 2 32 5 view .LVU330
  36:controller/utils/utils.h ****     {
 1071              		.loc 2 36 5 view .LVU331
ARM GAS  C:\Users\alireza\AppData\Local\Temp\ccSeoqk7.s 			page 29


  38:controller/utils/utils.h ****     }
 1072              		.loc 2 38 9 view .LVU332
 1073 004a 074A     		ldr	r2, .L64+12
 1074 004c 1368     		ldr	r3, [r2]
  38:controller/utils/utils.h ****     }
 1075              		.loc 2 38 14 is_stmt 0 view .LVU333
 1076 004e 43F40033 		orr	r3, r3, #131072
 1077 0052 1360     		str	r3, [r2]
 1078              	.LVL104:
  38:controller/utils/utils.h ****     }
 1079              		.loc 2 38 14 view .LVU334
 1080              	.LBE105:
 1081              	.LBE104:
 210:controller/IO/sensors.c ****     }
 1082              		.loc 1 210 9 is_stmt 1 view .LVU335
 210:controller/IO/sensors.c ****     }
 1083              		.loc 1 210 16 is_stmt 0 view .LVU336
 1084 0054 9FED060A 		vldr.32	s0, .L64+20
 1085              	.LVL105:
 1086              	.L55:
 214:controller/IO/sensors.c **** }
 1087              		.loc 1 214 1 view .LVU337
 1088 0058 08BD     		pop	{r3, pc}
 1089              	.L65:
 1090 005a 00BF     		.align	2
 1091              	.L64:
 1092 005c 00000000 		.word	sensor_iat
 1093 0060 000048C2 		.word	-1035468800
 1094 0064 00001643 		.word	1125515264
 1095 0068 00000000 		.word	runtime
 1096 006c 00000000 		.word	.LC7
 1097 0070 00002042 		.word	1109393408
 1098              		.cfi_endproc
 1099              	.LFE243:
 1101              		.section	.rodata.sensor_clt_init.str1.4,"aMS",%progbits,1
 1102              		.align	2
 1103              	.LC8:
 1104 0000 636C7420 		.ascii	"clt sensor is null\000"
 1104      73656E73 
 1104      6F722069 
 1104      73206E75 
 1104      6C6C00
 1105              		.section	.text.sensor_clt_init,"ax",%progbits
 1106              		.align	1
 1107              		.global	sensor_clt_init
 1108              		.syntax unified
 1109              		.thumb
 1110              		.thumb_func
 1112              	sensor_clt_init:
 1113              	.LVL106:
 1114              	.LFB244:
 215:controller/IO/sensors.c **** 
 216:controller/IO/sensors.c **** void sensor_clt_init(thermistor_t *sensor, sensor_clt_type_t type)
 217:controller/IO/sensors.c **** {
 1115              		.loc 1 217 1 is_stmt 1 view -0
 1116              		.cfi_startproc
 1117              		@ args = 0, pretend = 0, frame = 24
ARM GAS  C:\Users\alireza\AppData\Local\Temp\ccSeoqk7.s 			page 30


 1118              		@ frame_needed = 0, uses_anonymous_args = 0
 1119              		.loc 1 217 1 is_stmt 0 view .LVU339
 1120 0000 70B5     		push	{r4, r5, r6, lr}
 1121              		.cfi_def_cfa_offset 16
 1122              		.cfi_offset 4, -16
 1123              		.cfi_offset 5, -12
 1124              		.cfi_offset 6, -8
 1125              		.cfi_offset 14, -4
 1126 0002 8AB0     		sub	sp, sp, #40
 1127              		.cfi_def_cfa_offset 56
 218:controller/IO/sensors.c ****     if (sensor == NULL)
 1128              		.loc 1 218 5 is_stmt 1 view .LVU340
 1129              		.loc 1 218 8 is_stmt 0 view .LVU341
 1130 0004 20B3     		cbz	r0, .L73
 1131 0006 0446     		mov	r4, r0
 219:controller/IO/sensors.c ****     {
 220:controller/IO/sensors.c ****         log_error("clt sensor is null");
 221:controller/IO/sensors.c ****         change_bit(&runtime.status, STATUS_CLT_ERROR, true);
 222:controller/IO/sensors.c ****         return;
 223:controller/IO/sensors.c ****     }
 224:controller/IO/sensors.c ****     switch (type)
 1132              		.loc 1 224 5 is_stmt 1 view .LVU342
 1133 0008 59B3     		cbz	r1, .L69
 1134 000a 0129     		cmp	r1, #1
 1135 000c 4BD1     		bne	.L70
 1136              	.LBB106:
 225:controller/IO/sensors.c ****     {
 226:controller/IO/sensors.c ****     /* Actually make this a proper thing */
 227:controller/IO/sensors.c ****     case SENSOR_CLT_TYPE_NISSAN:
 228:controller/IO/sensors.c ****         resistor_init(&sensor->resistor, 10000, RESISTOR_PULL_UP, ANALOG_INPUT_SENSOR_CLT_PIN);
 1137              		.loc 1 228 9 view .LVU343
 1138 000e 0722     		movs	r2, #7
 1139 0010 0021     		movs	r1, #0
 1140              	.LVL107:
 1141              		.loc 1 228 9 is_stmt 0 view .LVU344
 1142 0012 9FED280A 		vldr.32	s0, .L74
 1143 0016 FFF7FEFF 		bl	resistor_init
 1144              	.LVL108:
 229:controller/IO/sensors.c ****         thermistor_conf_t nissan_clt_conf =
 1145              		.loc 1 229 9 is_stmt 1 view .LVU345
 1146              		.loc 1 229 27 is_stmt 0 view .LVU346
 1147 001a 04AD     		add	r5, sp, #16
 1148 001c 264E     		ldr	r6, .L74+4
 1149 001e 0FCE     		ldmia	r6!, {r0, r1, r2, r3}
 1150 0020 0FC5     		stmia	r5!, {r0, r1, r2, r3}
 1151 0022 96E80300 		ldm	r6, {r0, r1}
 1152 0026 85E80300 		stm	r5, {r0, r1}
 230:controller/IO/sensors.c ****         {
 231:controller/IO/sensors.c ****             .resistance_1 = 15700.0f,
 232:controller/IO/sensors.c ****             .resistance_2 = 2050.0f,
 233:controller/IO/sensors.c ****             .resistance_3 = 230.0f,
 234:controller/IO/sensors.c ****             .tempC_1 = -20.0f,
 235:controller/IO/sensors.c ****             .tempC_2 = 25.0f,
 236:controller/IO/sensors.c ****             .tempC_3 = 90.0f
 237:controller/IO/sensors.c ****         };
 238:controller/IO/sensors.c ****         thermistor_init(sensor, nissan_clt_conf);
 1153              		.loc 1 238 9 is_stmt 1 view .LVU347
ARM GAS  C:\Users\alireza\AppData\Local\Temp\ccSeoqk7.s 			page 31


 1154 002a 0AAB     		add	r3, sp, #40
 1155 002c 13E90700 		ldmdb	r3, {r0, r1, r2}
 1156 0030 8DE80700 		stm	sp, {r0, r1, r2}
 1157 0034 04AB     		add	r3, sp, #16
 1158 0036 0ECB     		ldm	r3, {r1, r2, r3}
 1159 0038 2046     		mov	r0, r4
 1160 003a FFF7FEFF 		bl	thermistor_init
 1161              	.LVL109:
 239:controller/IO/sensors.c ****         sensor_clt = sensor;
 1162              		.loc 1 239 9 view .LVU348
 1163              		.loc 1 239 20 is_stmt 0 view .LVU349
 1164 003e 1F4B     		ldr	r3, .L74+8
 1165 0040 1C60     		str	r4, [r3]
 240:controller/IO/sensors.c ****         change_bit(&runtime.status, STATUS_CLT_ERROR, false);
 1166              		.loc 1 240 9 is_stmt 1 view .LVU350
 1167              	.LVL110:
 1168              	.LBB107:
 1169              	.LBI107:
  30:controller/utils/utils.h **** {
 1170              		.loc 2 30 20 view .LVU351
 1171              	.LBB108:
  32:controller/utils/utils.h ****     {
 1172              		.loc 2 32 5 view .LVU352
  36:controller/utils/utils.h ****     {
 1173              		.loc 2 36 5 view .LVU353
  42:controller/utils/utils.h ****     }
 1174              		.loc 2 42 9 view .LVU354
 1175 0042 1F4A     		ldr	r2, .L74+12
 1176 0044 1368     		ldr	r3, [r2]
  42:controller/utils/utils.h ****     }
 1177              		.loc 2 42 14 is_stmt 0 view .LVU355
 1178 0046 23F48033 		bic	r3, r3, #65536
 1179 004a 1360     		str	r3, [r2]
 1180              	.LVL111:
  42:controller/utils/utils.h ****     }
 1181              		.loc 2 42 14 view .LVU356
 1182              	.LBE108:
 1183              	.LBE107:
 241:controller/IO/sensors.c ****         break;
 1184              		.loc 1 241 9 is_stmt 1 view .LVU357
 1185              	.L66:
 1186              		.loc 1 241 9 is_stmt 0 view .LVU358
 1187              	.LBE106:
 242:controller/IO/sensors.c ****     case SENSOR_CLT_TYPE_TEST:
 243:controller/IO/sensors.c ****         resistor_init(&sensor->resistor, 4700, RESISTOR_PULL_UP, ANALOG_INPUT_SENSOR_CLT_PIN);
 244:controller/IO/sensors.c ****         thermistor_conf_t genric_5k =
 245:controller/IO/sensors.c ****         {
 246:controller/IO/sensors.c ****             .resistance_1 = 22.263e3f,
 247:controller/IO/sensors.c ****             .resistance_2 = 5e3f,
 248:controller/IO/sensors.c ****             .resistance_3 = 588.0f,
 249:controller/IO/sensors.c ****             .tempC_1 = -10.0f,
 250:controller/IO/sensors.c ****             .tempC_2 = 25.0f,
 251:controller/IO/sensors.c ****             .tempC_3 = 90.0f
 252:controller/IO/sensors.c ****         };
 253:controller/IO/sensors.c ****         thermistor_init(sensor, genric_5k);
 254:controller/IO/sensors.c ****         sensor_clt = sensor;
 255:controller/IO/sensors.c ****         change_bit(&runtime.status, STATUS_CLT_ERROR, false);
ARM GAS  C:\Users\alireza\AppData\Local\Temp\ccSeoqk7.s 			page 32


 256:controller/IO/sensors.c ****         break;
 257:controller/IO/sensors.c ****     default:
 258:controller/IO/sensors.c ****         //log_error("clt sensor type not configured!");
 259:controller/IO/sensors.c ****         change_bit(&runtime.status, STATUS_CLT_ERROR, true);
 260:controller/IO/sensors.c ****         break;
 261:controller/IO/sensors.c ****     }
 262:controller/IO/sensors.c **** }
 1188              		.loc 1 262 1 view .LVU359
 1189 004c 0AB0     		add	sp, sp, #40
 1190              		.cfi_remember_state
 1191              		.cfi_def_cfa_offset 16
 1192              		@ sp needed
 1193 004e 70BD     		pop	{r4, r5, r6, pc}
 1194              	.LVL112:
 1195              	.L73:
 1196              		.cfi_restore_state
 220:controller/IO/sensors.c ****         change_bit(&runtime.status, STATUS_CLT_ERROR, true);
 1197              		.loc 1 220 9 is_stmt 1 view .LVU360
 1198 0050 1C48     		ldr	r0, .L74+16
 1199              	.LVL113:
 220:controller/IO/sensors.c ****         change_bit(&runtime.status, STATUS_CLT_ERROR, true);
 1200              		.loc 1 220 9 is_stmt 0 view .LVU361
 1201 0052 FFF7FEFF 		bl	log_error
 1202              	.LVL114:
 221:controller/IO/sensors.c ****         return;
 1203              		.loc 1 221 9 is_stmt 1 view .LVU362
 1204              	.LBB113:
 1205              	.LBI113:
  30:controller/utils/utils.h **** {
 1206              		.loc 2 30 20 view .LVU363
 1207              	.LBB114:
  32:controller/utils/utils.h ****     {
 1208              		.loc 2 32 5 view .LVU364
  36:controller/utils/utils.h ****     {
 1209              		.loc 2 36 5 view .LVU365
  38:controller/utils/utils.h ****     }
 1210              		.loc 2 38 9 view .LVU366
 1211 0056 1A4A     		ldr	r2, .L74+12
 1212 0058 1368     		ldr	r3, [r2]
  38:controller/utils/utils.h ****     }
 1213              		.loc 2 38 14 is_stmt 0 view .LVU367
 1214 005a 43F48033 		orr	r3, r3, #65536
 1215 005e 1360     		str	r3, [r2]
 1216              	.LVL115:
  38:controller/utils/utils.h ****     }
 1217              		.loc 2 38 14 view .LVU368
 1218              	.LBE114:
 1219              	.LBE113:
 222:controller/IO/sensors.c ****     }
 1220              		.loc 1 222 9 is_stmt 1 view .LVU369
 1221 0060 F4E7     		b	.L66
 1222              	.LVL116:
 1223              	.L69:
 1224              	.LBB115:
 243:controller/IO/sensors.c ****         thermistor_conf_t genric_5k =
 1225              		.loc 1 243 9 view .LVU370
 1226 0062 0722     		movs	r2, #7
ARM GAS  C:\Users\alireza\AppData\Local\Temp\ccSeoqk7.s 			page 33


 1227 0064 0021     		movs	r1, #0
 1228              	.LVL117:
 243:controller/IO/sensors.c ****         thermistor_conf_t genric_5k =
 1229              		.loc 1 243 9 is_stmt 0 view .LVU371
 1230 0066 9FED180A 		vldr.32	s0, .L74+20
 1231 006a FFF7FEFF 		bl	resistor_init
 1232              	.LVL118:
 244:controller/IO/sensors.c ****         {
 1233              		.loc 1 244 9 is_stmt 1 view .LVU372
 244:controller/IO/sensors.c ****         {
 1234              		.loc 1 244 27 is_stmt 0 view .LVU373
 1235 006e 0DF1100C 		add	ip, sp, #16
 1236 0072 164D     		ldr	r5, .L74+24
 1237 0074 0FCD     		ldmia	r5!, {r0, r1, r2, r3}
 1238 0076 ACE80F00 		stmia	ip!, {r0, r1, r2, r3}
 1239 007a 95E80300 		ldm	r5, {r0, r1}
 1240 007e 8CE80300 		stm	ip, {r0, r1}
 253:controller/IO/sensors.c ****         sensor_clt = sensor;
 1241              		.loc 1 253 9 is_stmt 1 view .LVU374
 1242 0082 0AAB     		add	r3, sp, #40
 1243 0084 13E90700 		ldmdb	r3, {r0, r1, r2}
 1244 0088 8DE80700 		stm	sp, {r0, r1, r2}
 1245 008c 04AB     		add	r3, sp, #16
 1246 008e 0ECB     		ldm	r3, {r1, r2, r3}
 1247 0090 2046     		mov	r0, r4
 1248 0092 FFF7FEFF 		bl	thermistor_init
 1249              	.LVL119:
 254:controller/IO/sensors.c ****         change_bit(&runtime.status, STATUS_CLT_ERROR, false);
 1250              		.loc 1 254 9 view .LVU375
 254:controller/IO/sensors.c ****         change_bit(&runtime.status, STATUS_CLT_ERROR, false);
 1251              		.loc 1 254 20 is_stmt 0 view .LVU376
 1252 0096 094B     		ldr	r3, .L74+8
 1253 0098 1C60     		str	r4, [r3]
 255:controller/IO/sensors.c ****         break;
 1254              		.loc 1 255 9 is_stmt 1 view .LVU377
 1255              	.LVL120:
 1256              	.LBB109:
 1257              	.LBI109:
  30:controller/utils/utils.h **** {
 1258              		.loc 2 30 20 view .LVU378
 1259              	.LBB110:
  32:controller/utils/utils.h ****     {
 1260              		.loc 2 32 5 view .LVU379
  36:controller/utils/utils.h ****     {
 1261              		.loc 2 36 5 view .LVU380
  42:controller/utils/utils.h ****     }
 1262              		.loc 2 42 9 view .LVU381
 1263 009a 094A     		ldr	r2, .L74+12
 1264 009c 1368     		ldr	r3, [r2]
  42:controller/utils/utils.h ****     }
 1265              		.loc 2 42 14 is_stmt 0 view .LVU382
 1266 009e 23F48033 		bic	r3, r3, #65536
 1267 00a2 1360     		str	r3, [r2]
 1268              	.LVL121:
  42:controller/utils/utils.h ****     }
 1269              		.loc 2 42 14 view .LVU383
 1270              	.LBE110:
ARM GAS  C:\Users\alireza\AppData\Local\Temp\ccSeoqk7.s 			page 34


 1271              	.LBE109:
 256:controller/IO/sensors.c ****     default:
 1272              		.loc 1 256 9 is_stmt 1 view .LVU384
 1273 00a4 D2E7     		b	.L66
 1274              	.LVL122:
 1275              	.L70:
 259:controller/IO/sensors.c ****         break;
 1276              		.loc 1 259 9 view .LVU385
 1277              	.LBB111:
 1278              	.LBI111:
  30:controller/utils/utils.h **** {
 1279              		.loc 2 30 20 view .LVU386
 1280              	.LBB112:
  32:controller/utils/utils.h ****     {
 1281              		.loc 2 32 5 view .LVU387
  36:controller/utils/utils.h ****     {
 1282              		.loc 2 36 5 view .LVU388
  38:controller/utils/utils.h ****     }
 1283              		.loc 2 38 9 view .LVU389
 1284 00a6 064A     		ldr	r2, .L74+12
 1285 00a8 1368     		ldr	r3, [r2]
  38:controller/utils/utils.h ****     }
 1286              		.loc 2 38 14 is_stmt 0 view .LVU390
 1287 00aa 43F48033 		orr	r3, r3, #65536
 1288 00ae 1360     		str	r3, [r2]
 1289              	.LVL123:
  38:controller/utils/utils.h ****     }
 1290              		.loc 2 38 14 view .LVU391
 1291              	.LBE112:
 1292              	.LBE111:
 260:controller/IO/sensors.c ****     }
 1293              		.loc 1 260 9 is_stmt 1 view .LVU392
 1294 00b0 CCE7     		b	.L66
 1295              	.L75:
 1296 00b2 00BF     		.align	2
 1297              	.L74:
 1298 00b4 00401C46 		.word	1176256512
 1299 00b8 30000000 		.word	.LANCHOR0+48
 1300 00bc 00000000 		.word	sensor_clt
 1301 00c0 00000000 		.word	runtime
 1302 00c4 00000000 		.word	.LC8
 1303 00c8 00E09245 		.word	1167253504
 1304 00cc 18000000 		.word	.LANCHOR0+24
 1305              	.LBE115:
 1306              		.cfi_endproc
 1307              	.LFE244:
 1309              		.section	.text.sensor_clt_get,"ax",%progbits
 1310              		.align	1
 1311              		.global	sensor_clt_get
 1312              		.syntax unified
 1313              		.thumb
 1314              		.thumb_func
 1316              	sensor_clt_get:
 1317              	.LFB245:
 263:controller/IO/sensors.c **** 
 264:controller/IO/sensors.c **** temperature_t sensor_clt_get()
 265:controller/IO/sensors.c **** {
ARM GAS  C:\Users\alireza\AppData\Local\Temp\ccSeoqk7.s 			page 35


 1318              		.loc 1 265 1 view -0
 1319              		.cfi_startproc
 1320              		@ args = 0, pretend = 0, frame = 0
 1321              		@ frame_needed = 0, uses_anonymous_args = 0
 1322 0000 08B5     		push	{r3, lr}
 1323              		.cfi_def_cfa_offset 8
 1324              		.cfi_offset 3, -8
 1325              		.cfi_offset 14, -4
 266:controller/IO/sensors.c ****     if (sensor_clt == NULL)
 1326              		.loc 1 266 5 view .LVU394
 1327              		.loc 1 266 20 is_stmt 0 view .LVU395
 1328 0002 164B     		ldr	r3, .L85
 1329 0004 1868     		ldr	r0, [r3]
 1330              		.loc 1 266 8 view .LVU396
 1331 0006 A8B1     		cbz	r0, .L84
 267:controller/IO/sensors.c ****     {
 268:controller/IO/sensors.c ****         change_bit(&runtime.status, STATUS_CLT_ERROR, true);
 269:controller/IO/sensors.c ****         log_error("clt sensor is null");
 270:controller/IO/sensors.c ****         return SENSOR_CLT_FAIL_SAFE;
 271:controller/IO/sensors.c ****     }
 272:controller/IO/sensors.c ****     temperature_t temperature = thermistor_get_temp(sensor_clt);
 1332              		.loc 1 272 5 is_stmt 1 view .LVU397
 1333              		.loc 1 272 33 is_stmt 0 view .LVU398
 1334 0008 FFF7FEFF 		bl	thermistor_get_temp
 1335              	.LVL124:
 273:controller/IO/sensors.c ****     if (!IS_IN_RANGE(temperature, FIRMWARE_LIMIT_MIN_TEMP, FIRMWARE_LIMIT_MAX_TEMP))
 1336              		.loc 1 273 5 is_stmt 1 view .LVU399
 1337              		.loc 1 273 8 is_stmt 0 view .LVU400
 1338 000c DFED147A 		vldr.32	s15, .L85+4
 1339 0010 B4EEE70A 		vcmpe.f32	s0, s15
 1340 0014 F1EE10FA 		vmrs	APSR_nzcv, FPSCR
 1341 0018 17DB     		blt	.L79
 1342              		.loc 1 273 9 discriminator 1 view .LVU401
 1343 001a DFED127A 		vldr.32	s15, .L85+8
 1344 001e B4EEE70A 		vcmpe.f32	s0, s15
 1345 0022 F1EE10FA 		vmrs	APSR_nzcv, FPSCR
 1346 0026 10D8     		bhi	.L79
 274:controller/IO/sensors.c ****     {
 275:controller/IO/sensors.c ****         change_bit(&runtime.status, STATUS_CLT_ERROR, true);
 276:controller/IO/sensors.c ****         //log_error("clt sensor out of range!");
 277:controller/IO/sensors.c ****         return SENSOR_CLT_FAIL_SAFE;
 278:controller/IO/sensors.c ****     }
 279:controller/IO/sensors.c ****     change_bit(&runtime.status, STATUS_CLT_ERROR, false);
 1347              		.loc 1 279 5 is_stmt 1 view .LVU402
 1348              	.LVL125:
 1349              	.LBB116:
 1350              	.LBI116:
  30:controller/utils/utils.h **** {
 1351              		.loc 2 30 20 view .LVU403
 1352              	.LBB117:
  32:controller/utils/utils.h ****     {
 1353              		.loc 2 32 5 view .LVU404
  36:controller/utils/utils.h ****     {
 1354              		.loc 2 36 5 view .LVU405
  42:controller/utils/utils.h ****     }
 1355              		.loc 2 42 9 view .LVU406
 1356 0028 0F4A     		ldr	r2, .L85+12
ARM GAS  C:\Users\alireza\AppData\Local\Temp\ccSeoqk7.s 			page 36


 1357 002a 1368     		ldr	r3, [r2]
  42:controller/utils/utils.h ****     }
 1358              		.loc 2 42 14 is_stmt 0 view .LVU407
 1359 002c 23F48033 		bic	r3, r3, #65536
 1360 0030 1360     		str	r3, [r2]
 1361              	.LVL126:
  42:controller/utils/utils.h ****     }
 1362              		.loc 2 42 14 view .LVU408
 1363              	.LBE117:
 1364              	.LBE116:
 280:controller/IO/sensors.c ****     return temperature;
 1365              		.loc 1 280 5 is_stmt 1 view .LVU409
 1366              		.loc 1 280 12 is_stmt 0 view .LVU410
 1367 0032 11E0     		b	.L76
 1368              	.LVL127:
 1369              	.L84:
 268:controller/IO/sensors.c ****         log_error("clt sensor is null");
 1370              		.loc 1 268 9 is_stmt 1 view .LVU411
 1371              	.LBB118:
 1372              	.LBI118:
  30:controller/utils/utils.h **** {
 1373              		.loc 2 30 20 view .LVU412
 1374              	.LBB119:
  32:controller/utils/utils.h ****     {
 1375              		.loc 2 32 5 view .LVU413
  36:controller/utils/utils.h ****     {
 1376              		.loc 2 36 5 view .LVU414
  38:controller/utils/utils.h ****     }
 1377              		.loc 2 38 9 view .LVU415
 1378 0034 0C4A     		ldr	r2, .L85+12
 1379 0036 1368     		ldr	r3, [r2]
  38:controller/utils/utils.h ****     }
 1380              		.loc 2 38 14 is_stmt 0 view .LVU416
 1381 0038 43F48033 		orr	r3, r3, #65536
 1382 003c 1360     		str	r3, [r2]
 1383              	.LVL128:
  38:controller/utils/utils.h ****     }
 1384              		.loc 2 38 14 view .LVU417
 1385              	.LBE119:
 1386              	.LBE118:
 269:controller/IO/sensors.c ****         return SENSOR_CLT_FAIL_SAFE;
 1387              		.loc 1 269 9 is_stmt 1 view .LVU418
 1388 003e 0B48     		ldr	r0, .L85+16
 1389 0040 FFF7FEFF 		bl	log_error
 1390              	.LVL129:
 270:controller/IO/sensors.c ****     }
 1391              		.loc 1 270 9 view .LVU419
 270:controller/IO/sensors.c ****     }
 1392              		.loc 1 270 16 is_stmt 0 view .LVU420
 1393 0044 9FED0A0A 		vldr.32	s0, .L85+20
 1394 0048 06E0     		b	.L76
 1395              	.LVL130:
 1396              	.L79:
 275:controller/IO/sensors.c ****         //log_error("clt sensor out of range!");
 1397              		.loc 1 275 9 is_stmt 1 view .LVU421
 1398              	.LBB120:
 1399              	.LBI120:
ARM GAS  C:\Users\alireza\AppData\Local\Temp\ccSeoqk7.s 			page 37


  30:controller/utils/utils.h **** {
 1400              		.loc 2 30 20 view .LVU422
 1401              	.LBB121:
  32:controller/utils/utils.h ****     {
 1402              		.loc 2 32 5 view .LVU423
  36:controller/utils/utils.h ****     {
 1403              		.loc 2 36 5 view .LVU424
  38:controller/utils/utils.h ****     }
 1404              		.loc 2 38 9 view .LVU425
 1405 004a 074A     		ldr	r2, .L85+12
 1406 004c 1368     		ldr	r3, [r2]
  38:controller/utils/utils.h ****     }
 1407              		.loc 2 38 14 is_stmt 0 view .LVU426
 1408 004e 43F48033 		orr	r3, r3, #65536
 1409 0052 1360     		str	r3, [r2]
 1410              	.LVL131:
  38:controller/utils/utils.h ****     }
 1411              		.loc 2 38 14 view .LVU427
 1412              	.LBE121:
 1413              	.LBE120:
 277:controller/IO/sensors.c ****     }
 1414              		.loc 1 277 9 is_stmt 1 view .LVU428
 277:controller/IO/sensors.c ****     }
 1415              		.loc 1 277 16 is_stmt 0 view .LVU429
 1416 0054 9FED060A 		vldr.32	s0, .L85+20
 1417              	.LVL132:
 1418              	.L76:
 281:controller/IO/sensors.c **** }
 1419              		.loc 1 281 1 view .LVU430
 1420 0058 08BD     		pop	{r3, pc}
 1421              	.L86:
 1422 005a 00BF     		.align	2
 1423              	.L85:
 1424 005c 00000000 		.word	sensor_clt
 1425 0060 000048C2 		.word	-1035468800
 1426 0064 00001643 		.word	1125515264
 1427 0068 00000000 		.word	runtime
 1428 006c 00000000 		.word	.LC8
 1429 0070 00007042 		.word	1114636288
 1430              		.cfi_endproc
 1431              	.LFE245:
 1433              		.section	.text.sensor_ops_get,"ax",%progbits
 1434              		.align	1
 1435              		.global	sensor_ops_get
 1436              		.syntax unified
 1437              		.thumb
 1438              		.thumb_func
 1440              	sensor_ops_get:
 1441              	.LFB246:
 282:controller/IO/sensors.c **** 
 283:controller/IO/sensors.c **** 
 284:controller/IO/sensors.c **** bool sensor_ops_get()
 285:controller/IO/sensors.c **** {
 1442              		.loc 1 285 1 is_stmt 1 view -0
 1443              		.cfi_startproc
 1444              		@ args = 0, pretend = 0, frame = 0
 1445              		@ frame_needed = 0, uses_anonymous_args = 0
ARM GAS  C:\Users\alireza\AppData\Local\Temp\ccSeoqk7.s 			page 38


 1446 0000 10B5     		push	{r4, lr}
 1447              		.cfi_def_cfa_offset 8
 1448              		.cfi_offset 4, -8
 1449              		.cfi_offset 14, -4
 286:controller/IO/sensors.c ****     const uint16_t debounce_time_ms = 200;
 1450              		.loc 1 286 5 view .LVU432
 1451              	.LVL133:
 287:controller/IO/sensors.c **** 
 288:controller/IO/sensors.c **** 
 289:controller/IO/sensors.c ****     static uint32_t last_change_time = 0;
 1452              		.loc 1 289 5 view .LVU433
 290:controller/IO/sensors.c ****     static bool last_state = false;
 1453              		.loc 1 290 5 view .LVU434
 291:controller/IO/sensors.c ****     static bool debounced_state = false;
 1454              		.loc 1 291 5 view .LVU435
 292:controller/IO/sensors.c **** 
 293:controller/IO/sensors.c **** 
 294:controller/IO/sensors.c ****     uint16_t adc_value = analog_inputs_get_data(ANALOG_INPUT_SENSOR_OIL_PIN);
 1455              		.loc 1 294 5 view .LVU436
 1456              		.loc 1 294 26 is_stmt 0 view .LVU437
 1457 0002 0820     		movs	r0, #8
 1458 0004 FFF7FEFF 		bl	analog_inputs_get_data
 1459              	.LVL134:
 295:controller/IO/sensors.c ****     bool current_state = adc_value > 2047;
 1460              		.loc 1 295 5 is_stmt 1 view .LVU438
 1461              		.loc 1 295 10 is_stmt 0 view .LVU439
 1462 0008 B0F5006F 		cmp	r0, #2048
 1463 000c 34BF     		ite	cc
 1464 000e 0024     		movcc	r4, #0
 1465 0010 0124     		movcs	r4, #1
 1466              	.LVL135:
 296:controller/IO/sensors.c **** 
 297:controller/IO/sensors.c ****     uint32_t now = get_time_ms();
 1467              		.loc 1 297 5 is_stmt 1 view .LVU440
 1468              		.loc 1 297 20 is_stmt 0 view .LVU441
 1469 0012 FFF7FEFF 		bl	get_time_ms
 1470              	.LVL136:
 298:controller/IO/sensors.c **** 
 299:controller/IO/sensors.c ****     if (current_state != last_state)
 1471              		.loc 1 299 5 is_stmt 1 view .LVU442
 1472              		.loc 1 299 23 is_stmt 0 view .LVU443
 1473 0016 094B     		ldr	r3, .L91
 1474 0018 1B78     		ldrb	r3, [r3]	@ zero_extendqisi2
 1475              		.loc 1 299 8 view .LVU444
 1476 001a A342     		cmp	r3, r4
 1477 001c 03D0     		beq	.L88
 300:controller/IO/sensors.c ****     {
 301:controller/IO/sensors.c ****         /* State changed, reset debounce timer */
 302:controller/IO/sensors.c ****         last_change_time = now;
 1478              		.loc 1 302 9 is_stmt 1 view .LVU445
 1479              		.loc 1 302 26 is_stmt 0 view .LVU446
 1480 001e 084B     		ldr	r3, .L91+4
 1481 0020 1860     		str	r0, [r3]
 303:controller/IO/sensors.c ****         last_state = current_state;
 1482              		.loc 1 303 9 is_stmt 1 view .LVU447
 1483              		.loc 1 303 20 is_stmt 0 view .LVU448
 1484 0022 064B     		ldr	r3, .L91
ARM GAS  C:\Users\alireza\AppData\Local\Temp\ccSeoqk7.s 			page 39


 1485 0024 1C70     		strb	r4, [r3]
 1486              	.L88:
 304:controller/IO/sensors.c ****     }
 305:controller/IO/sensors.c **** 
 306:controller/IO/sensors.c ****     if ((now - last_change_time) >= debounce_time_ms)
 1487              		.loc 1 306 5 is_stmt 1 view .LVU449
 1488              		.loc 1 306 14 is_stmt 0 view .LVU450
 1489 0026 064B     		ldr	r3, .L91+4
 1490 0028 1B68     		ldr	r3, [r3]
 1491 002a C01A     		subs	r0, r0, r3
 1492              	.LVL137:
 1493              		.loc 1 306 8 view .LVU451
 1494 002c C728     		cmp	r0, #199
 1495 002e 01D9     		bls	.L89
 307:controller/IO/sensors.c ****     {
 308:controller/IO/sensors.c ****         /* Debounce period passed, accept new state */
 309:controller/IO/sensors.c ****         debounced_state = current_state;
 1496              		.loc 1 309 9 is_stmt 1 view .LVU452
 1497              		.loc 1 309 25 is_stmt 0 view .LVU453
 1498 0030 044B     		ldr	r3, .L91+8
 1499 0032 1C70     		strb	r4, [r3]
 1500              	.L89:
 310:controller/IO/sensors.c ****     }
 311:controller/IO/sensors.c ****     
 312:controller/IO/sensors.c ****     return debounced_state;
 1501              		.loc 1 312 5 is_stmt 1 view .LVU454
 313:controller/IO/sensors.c **** }
 1502              		.loc 1 313 1 is_stmt 0 view .LVU455
 1503 0034 034B     		ldr	r3, .L91+8
 1504 0036 1878     		ldrb	r0, [r3]	@ zero_extendqisi2
 1505 0038 10BD     		pop	{r4, pc}
 1506              	.LVL138:
 1507              	.L92:
 1508              		.loc 1 313 1 view .LVU456
 1509 003a 00BF     		.align	2
 1510              	.L91:
 1511 003c 00000000 		.word	last_state.2
 1512 0040 00000000 		.word	last_change_time.1
 1513 0044 00000000 		.word	debounced_state.0
 1514              		.cfi_endproc
 1515              	.LFE246:
 1517              		.section	.text.sensor_egt_get,"ax",%progbits
 1518              		.align	1
 1519              		.global	sensor_egt_get
 1520              		.syntax unified
 1521              		.thumb
 1522              		.thumb_func
 1524              	sensor_egt_get:
 1525              	.LFB247:
 314:controller/IO/sensors.c **** 
 315:controller/IO/sensors.c **** temperature_t sensor_egt_get()
 316:controller/IO/sensors.c **** {
 1526              		.loc 1 316 1 is_stmt 1 view -0
 1527              		.cfi_startproc
 1528              		@ args = 0, pretend = 0, frame = 0
 1529              		@ frame_needed = 0, uses_anonymous_args = 0
 1530 0000 08B5     		push	{r3, lr}
ARM GAS  C:\Users\alireza\AppData\Local\Temp\ccSeoqk7.s 			page 40


 1531              		.cfi_def_cfa_offset 8
 1532              		.cfi_offset 3, -8
 1533              		.cfi_offset 14, -4
 317:controller/IO/sensors.c ****     uint16_t adc_value = analog_inputs_get_data(ANALOG_INPUT_SENSOR_EGT);
 1534              		.loc 1 317 5 view .LVU458
 1535              		.loc 1 317 26 is_stmt 0 view .LVU459
 1536 0002 0020     		movs	r0, #0
 1537 0004 FFF7FEFF 		bl	analog_inputs_get_data
 1538              	.LVL139:
 1539 0008 07EE900A 		vmov	s15, r0	@ int
 1540              	.LVL140:
 318:controller/IO/sensors.c ****     /*
 319:controller/IO/sensors.c ****      * Type K thermocouple: ~41uV/°C
 320:controller/IO/sensors.c ****      * With gain 100: 4.1mV/°C
 321:controller/IO/sensors.c ****      * ADC: 12-bit, 3.3V ref => 3.3V/4095 ≈ 0.000805V/LSB
 322:controller/IO/sensors.c ****      * So, each °C = 4.1mV / 0.000805V ≈ 5.09 ADC counts/°C
 323:controller/IO/sensors.c ****      * Temperature (°C) = (adc_value * 3.3 / 4095) / 0.0041
 324:controller/IO/sensors.c ****      */
 325:controller/IO/sensors.c ****     voltage_t voltage = ((float)adc_value * ADC_REF_VOLTAGE) / ADC_MAX_VALUE;
 1541              		.loc 1 325 5 is_stmt 1 view .LVU460
 1542              		.loc 1 325 26 is_stmt 0 view .LVU461
 1543 000c F8EE677A 		vcvt.f32.u32	s15, s15
 1544              	.LVL141:
 1545              		.loc 1 325 43 view .LVU462
 1546 0010 9FED067A 		vldr.32	s14, .L95
 1547 0014 67EE877A 		vmul.f32	s15, s15, s14
 1548              		.loc 1 325 15 view .LVU463
 1549 0018 9FED057A 		vldr.32	s14, .L95+4
 1550 001c 87EE870A 		vdiv.f32	s0, s15, s14
 1551              	.LVL142:
 326:controller/IO/sensors.c ****     temperature_t temperature = (temperature_t)(voltage / SENSOR_EGT_THERMOCOUPLE_CONSTANT);
 1552              		.loc 1 326 5 is_stmt 1 view .LVU464
 327:controller/IO/sensors.c ****     return temperature;
 1553              		.loc 1 327 5 view .LVU465
 328:controller/IO/sensors.c **** 
 329:controller/IO/sensors.c **** }
 1554              		.loc 1 329 1 is_stmt 0 view .LVU466
 1555 0020 DFED047A 		vldr.32	s15, .L95+8
 1556 0024 80EE270A 		vdiv.f32	s0, s0, s15
 1557              	.LVL143:
 1558              		.loc 1 329 1 view .LVU467
 1559 0028 08BD     		pop	{r3, pc}
 1560              	.L96:
 1561 002a 00BF     		.align	2
 1562              	.L95:
 1563 002c 33335340 		.word	1079194419
 1564 0030 00F07F45 		.word	1166012416
 1565 0034 6AF72B38 		.word	942405482
 1566              		.cfi_endproc
 1567              	.LFE247:
 1569              		.section	.text.vbat_get,"ax",%progbits
 1570              		.align	1
 1571              		.global	vbat_get
 1572              		.syntax unified
 1573              		.thumb
 1574              		.thumb_func
 1576              	vbat_get:
ARM GAS  C:\Users\alireza\AppData\Local\Temp\ccSeoqk7.s 			page 41


 1577              	.LFB248:
 330:controller/IO/sensors.c **** voltage_t vbat_get()
 331:controller/IO/sensors.c **** {
 1578              		.loc 1 331 1 is_stmt 1 view -0
 1579              		.cfi_startproc
 1580              		@ args = 0, pretend = 0, frame = 0
 1581              		@ frame_needed = 0, uses_anonymous_args = 0
 1582 0000 08B5     		push	{r3, lr}
 1583              		.cfi_def_cfa_offset 8
 1584              		.cfi_offset 3, -8
 1585              		.cfi_offset 14, -4
 332:controller/IO/sensors.c ****     uint16_t adc_value = analog_inputs_get_data(ANALOG_INPUT_VBAT_SENSE_PIN);
 1586              		.loc 1 332 5 view .LVU469
 1587              		.loc 1 332 26 is_stmt 0 view .LVU470
 1588 0002 0920     		movs	r0, #9
 1589 0004 FFF7FEFF 		bl	analog_inputs_get_data
 1590              	.LVL144:
 1591 0008 07EE900A 		vmov	s15, r0	@ int
 1592              	.LVL145:
 333:controller/IO/sensors.c ****     voltage_t voltage = ((float)adc_value * ADC_REF_VOLTAGE) / ADC_MAX_VALUE * VBAT_DIVIDER_RATIO;
 1593              		.loc 1 333 5 is_stmt 1 view .LVU471
 1594              		.loc 1 333 26 is_stmt 0 view .LVU472
 1595 000c F8EE677A 		vcvt.f32.u32	s15, s15
 1596              	.LVL146:
 1597              		.loc 1 333 43 view .LVU473
 1598 0010 9FED067A 		vldr.32	s14, .L99
 1599 0014 67EE877A 		vmul.f32	s15, s15, s14
 1600              		.loc 1 333 62 view .LVU474
 1601 0018 9FED057A 		vldr.32	s14, .L99+4
 1602 001c 87EE870A 		vdiv.f32	s0, s15, s14
 1603              	.LVL147:
 334:controller/IO/sensors.c ****     return voltage;
 1604              		.loc 1 334 5 is_stmt 1 view .LVU475
 335:controller/IO/sensors.c **** }
 1605              		.loc 1 335 1 is_stmt 0 view .LVU476
 1606 0020 DFED047A 		vldr.32	s15, .L99+8
 1607 0024 20EE270A 		vmul.f32	s0, s0, s15
 1608              	.LVL148:
 1609              		.loc 1 335 1 view .LVU477
 1610 0028 08BD     		pop	{r3, pc}
 1611              	.L100:
 1612 002a 00BF     		.align	2
 1613              	.L99:
 1614 002c 33335340 		.word	1079194419
 1615 0030 00F07F45 		.word	1166012416
 1616 0034 66662641 		.word	1093035622
 1617              		.cfi_endproc
 1618              	.LFE248:
 1620              		.section	.bss.debounced_state.0,"aw",%nobits
 1623              	debounced_state.0:
 1624 0000 00       		.space	1
 1625              		.section	.bss.last_change_time.1,"aw",%nobits
 1626              		.align	2
 1629              	last_change_time.1:
 1630 0000 00000000 		.space	4
 1631              		.section	.bss.last_state.2,"aw",%nobits
 1634              	last_state.2:
ARM GAS  C:\Users\alireza\AppData\Local\Temp\ccSeoqk7.s 			page 42


 1635 0000 00       		.space	1
 1636              		.section	.bss.sensor_clt,"aw",%nobits
 1637              		.align	2
 1640              	sensor_clt:
 1641 0000 00000000 		.space	4
 1642              		.section	.bss.sensor_iat,"aw",%nobits
 1643              		.align	2
 1646              	sensor_iat:
 1647 0000 00000000 		.space	4
 1648              		.section	.bss.map_sensor,"aw",%nobits
 1649              		.align	2
 1652              	map_sensor:
 1653 0000 00000000 		.space	4
 1654              		.section	.rodata
 1655              		.align	2
 1656              		.set	.LANCHOR0,. + 0
 1657              	.LC0:
 1658 0000 000020C1 		.word	-1054867456
 1659 0004 0000C841 		.word	1103626240
 1660 0008 0000A042 		.word	1117782016
 1661 000c 00CC1246 		.word	1175636992
 1662 0010 00800045 		.word	1157660672
 1663 0014 0040A143 		.word	1134641152
 1664              	.LC1:
 1665 0018 000020C1 		.word	-1054867456
 1666 001c 0000C841 		.word	1103626240
 1667 0020 0000B442 		.word	1119092736
 1668 0024 00EEAD46 		.word	1185803776
 1669 0028 00409C45 		.word	1167867904
 1670 002c 00001344 		.word	1142095872
 1671              	.LC2:
 1672 0030 0000A0C1 		.word	-1046478848
 1673 0034 0000C841 		.word	1103626240
 1674 0038 0000B442 		.word	1119092736
 1675 003c 00507546 		.word	1182093312
 1676 0040 00200045 		.word	1157636096
 1677 0044 00006643 		.word	1130758144
 1678              		.text
 1679              	.Letext0:
 1680              		.file 3 "C:/Users/alireza/AppData/Roaming/Code/User/globalStorage/bmd.stm32-for-vscode/@xpack-dev-
 1681              		.file 4 "C:/Users/alireza/AppData/Roaming/Code/User/globalStorage/bmd.stm32-for-vscode/@xpack-dev-
 1682              		.file 5 "controller/types.h"
 1683              		.file 6 "controller/IO/analog_inputs.h"
 1684              		.file 7 "controller/IO/resistor.h"
 1685              		.file 8 "controller/IO/thermistor.h"
 1686              		.file 9 "controller/config_and_runtime.h"
 1687              		.file 10 "controller/IO/sensors.h"
 1688              		.file 11 "controller/utils/error_handling.h"
 1689              		.file 12 "controller/utils/timing.h"
ARM GAS  C:\Users\alireza\AppData\Local\Temp\ccSeoqk7.s 			page 43


DEFINED SYMBOLS
                            *ABS*:00000000 sensors.c
C:\Users\alireza\AppData\Local\Temp\ccSeoqk7.s:21     .rodata.sensor_tps_init.str1.4:00000000 $d
C:\Users\alireza\AppData\Local\Temp\ccSeoqk7.s:29     .text.sensor_tps_init:00000000 $t
C:\Users\alireza\AppData\Local\Temp\ccSeoqk7.s:35     .text.sensor_tps_init:00000000 sensor_tps_init
C:\Users\alireza\AppData\Local\Temp\ccSeoqk7.s:215    .text.sensor_tps_init:00000078 $d
C:\Users\alireza\AppData\Local\Temp\ccSeoqk7.s:222    .rodata.sensor_tps_get.str1.4:00000000 $d
C:\Users\alireza\AppData\Local\Temp\ccSeoqk7.s:226    .text.sensor_tps_get:00000000 $t
C:\Users\alireza\AppData\Local\Temp\ccSeoqk7.s:232    .text.sensor_tps_get:00000000 sensor_tps_get
C:\Users\alireza\AppData\Local\Temp\ccSeoqk7.s:454    .text.sensor_tps_get:000000d4 $d
C:\Users\alireza\AppData\Local\Temp\ccSeoqk7.s:465    .rodata.sensor_map_init.str1.4:00000000 $d
C:\Users\alireza\AppData\Local\Temp\ccSeoqk7.s:469    .text.sensor_map_init:00000000 $t
C:\Users\alireza\AppData\Local\Temp\ccSeoqk7.s:475    .text.sensor_map_init:00000000 sensor_map_init
C:\Users\alireza\AppData\Local\Temp\ccSeoqk7.s:609    .text.sensor_map_init:00000058 $d
C:\Users\alireza\AppData\Local\Temp\ccSeoqk7.s:1652   .bss.map_sensor:00000000 map_sensor
C:\Users\alireza\AppData\Local\Temp\ccSeoqk7.s:616    .text.sensor_map_get:00000000 $t
C:\Users\alireza\AppData\Local\Temp\ccSeoqk7.s:622    .text.sensor_map_get:00000000 sensor_map_get
C:\Users\alireza\AppData\Local\Temp\ccSeoqk7.s:791    .text.sensor_map_get:000000a0 $d
C:\Users\alireza\AppData\Local\Temp\ccSeoqk7.s:800    .text.sensor_iat_init:00000000 $t
C:\Users\alireza\AppData\Local\Temp\ccSeoqk7.s:806    .text.sensor_iat_init:00000000 sensor_iat_init
C:\Users\alireza\AppData\Local\Temp\ccSeoqk7.s:964    .text.sensor_iat_init:000000a0 $d
C:\Users\alireza\AppData\Local\Temp\ccSeoqk7.s:1646   .bss.sensor_iat:00000000 sensor_iat
C:\Users\alireza\AppData\Local\Temp\ccSeoqk7.s:974    .rodata.sensor_iat_get.str1.4:00000000 $d
C:\Users\alireza\AppData\Local\Temp\ccSeoqk7.s:978    .text.sensor_iat_get:00000000 $t
C:\Users\alireza\AppData\Local\Temp\ccSeoqk7.s:984    .text.sensor_iat_get:00000000 sensor_iat_get
C:\Users\alireza\AppData\Local\Temp\ccSeoqk7.s:1092   .text.sensor_iat_get:0000005c $d
C:\Users\alireza\AppData\Local\Temp\ccSeoqk7.s:1102   .rodata.sensor_clt_init.str1.4:00000000 $d
C:\Users\alireza\AppData\Local\Temp\ccSeoqk7.s:1106   .text.sensor_clt_init:00000000 $t
C:\Users\alireza\AppData\Local\Temp\ccSeoqk7.s:1112   .text.sensor_clt_init:00000000 sensor_clt_init
C:\Users\alireza\AppData\Local\Temp\ccSeoqk7.s:1298   .text.sensor_clt_init:000000b4 $d
C:\Users\alireza\AppData\Local\Temp\ccSeoqk7.s:1640   .bss.sensor_clt:00000000 sensor_clt
C:\Users\alireza\AppData\Local\Temp\ccSeoqk7.s:1310   .text.sensor_clt_get:00000000 $t
C:\Users\alireza\AppData\Local\Temp\ccSeoqk7.s:1316   .text.sensor_clt_get:00000000 sensor_clt_get
C:\Users\alireza\AppData\Local\Temp\ccSeoqk7.s:1424   .text.sensor_clt_get:0000005c $d
C:\Users\alireza\AppData\Local\Temp\ccSeoqk7.s:1434   .text.sensor_ops_get:00000000 $t
C:\Users\alireza\AppData\Local\Temp\ccSeoqk7.s:1440   .text.sensor_ops_get:00000000 sensor_ops_get
C:\Users\alireza\AppData\Local\Temp\ccSeoqk7.s:1511   .text.sensor_ops_get:0000003c $d
C:\Users\alireza\AppData\Local\Temp\ccSeoqk7.s:1634   .bss.last_state.2:00000000 last_state.2
C:\Users\alireza\AppData\Local\Temp\ccSeoqk7.s:1629   .bss.last_change_time.1:00000000 last_change_time.1
C:\Users\alireza\AppData\Local\Temp\ccSeoqk7.s:1623   .bss.debounced_state.0:00000000 debounced_state.0
C:\Users\alireza\AppData\Local\Temp\ccSeoqk7.s:1518   .text.sensor_egt_get:00000000 $t
C:\Users\alireza\AppData\Local\Temp\ccSeoqk7.s:1524   .text.sensor_egt_get:00000000 sensor_egt_get
C:\Users\alireza\AppData\Local\Temp\ccSeoqk7.s:1563   .text.sensor_egt_get:0000002c $d
C:\Users\alireza\AppData\Local\Temp\ccSeoqk7.s:1570   .text.vbat_get:00000000 $t
C:\Users\alireza\AppData\Local\Temp\ccSeoqk7.s:1576   .text.vbat_get:00000000 vbat_get
C:\Users\alireza\AppData\Local\Temp\ccSeoqk7.s:1614   .text.vbat_get:0000002c $d
C:\Users\alireza\AppData\Local\Temp\ccSeoqk7.s:1624   .bss.debounced_state.0:00000000 $d
C:\Users\alireza\AppData\Local\Temp\ccSeoqk7.s:1626   .bss.last_change_time.1:00000000 $d
C:\Users\alireza\AppData\Local\Temp\ccSeoqk7.s:1635   .bss.last_state.2:00000000 $d
C:\Users\alireza\AppData\Local\Temp\ccSeoqk7.s:1637   .bss.sensor_clt:00000000 $d
C:\Users\alireza\AppData\Local\Temp\ccSeoqk7.s:1643   .bss.sensor_iat:00000000 $d
C:\Users\alireza\AppData\Local\Temp\ccSeoqk7.s:1649   .bss.map_sensor:00000000 $d
C:\Users\alireza\AppData\Local\Temp\ccSeoqk7.s:1655   .rodata:00000000 $d

UNDEFINED SYMBOLS
log_error
runtime
ARM GAS  C:\Users\alireza\AppData\Local\Temp\ccSeoqk7.s 			page 44


analog_inputs_get_data
resistor_init
thermistor_init
thermistor_get_temp
get_time_ms
