:020000040800F2
:100000000000012099E30008E9A00008EDA0000825
:1000100051A1000853A1000855A1000800000000EC
:10002000000000000000000000000000F15800087F
:1000300057A100080000000091590008CD0E0008EB
:10004000E9E30008E9E30008E9E30008E9E3000860
:10005000E9E30008E9E30008E9E30008E9E3000850
:10006000E9E30008E9E30008E9E30008E9E3000840
:10007000E9E30008E9E30008E9E30008E9E3000830
:10008000E9E30008E9E30008E9E3000800000000F4
:1000900000000000000000000000000059A100085E
:1000A000E9E30008E9E300086DA10008E9E30008BE
:1000B0007DA10008E9E30008E9E30008E9E300089E
:1000C000E9E30008E9E30008E9E30008E9E30008E0
:1000D000E9E30008E9E30008E9E3000800000000A4
:1000E000E9E30008E9E30008E9E300080000000094
:1000F000000000000000000000000000E9E300082C
:1001000000000000E9E30008E9E30008E9E3000873
:1001100000000000000000000000000000000000DF
:1001200091A10008E9E30008E9E30008E9E3000819
:10013000E9E30008000000000000000000000000EB
:10014000000000000000000000000000A1A1000865
:10015000E9E30008E9E30008E9E30008E9E300084F
:10016000E9E30008E9E300080000000000000000E7
:10017000000000000000000000000000000000007F
:1001800000000000E9E3000800000000000000009B
:04019000E9E3000897
:1001A000034613F8012B002AFBD1181A01387047B7
:1001B00001F0FF01102A2BDB10F0070F08D010F818
:1001C000013B013A8B422DD010F0070F42B3F6D11C
:1001D000F0B441EA012141EA014122F007047FF035
:1001E00000070023F0E80256083C85EA010586EA8C
:1001F000010685FA47F5A3FA87F586FA47F6A5FAC8
:1002000087F68EB9EED1F0BC01F0FF0102F00702D3
:1002100032B110F8013B013A83EA010313B1F8D17E
:100220000020704701387047002D06BF354603385F
:10023000073815F0010F07D1013015F4807F02BF98
:10024000013015F4C03F0130F0BC0138704700BFE9
:1002500081F0004102E000BF83F0004330B54FEA77
:1002600041044FEA430594EA050F08BF90EA020FE4
:100270001FBF54EA000C55EA020C7FEA645C7FEA77
:10028000655C00F0E2804FEA5454D4EB5555B8BF9A
:100290006D420CDD2C4480EA020281EA030382EA0B
:1002A000000083EA010180EA020281EA0303362D9D
:1002B00088BF30BD11F0004F4FEA01314FF4801C70
:1002C0004CEA113102D0404261EB410113F0004F82
:1002D0004FEA03334CEA133302D0524263EB430339
:1002E00094EA050F00F0A780A4F10104D5F1200ED7
:1002F0000DDB02FA0EFC22FA05F2801841F1000132
:1003000003FA0EF2801843FA05F359410EE0A5F105
:1003100020050EF1200E012A03FA0EFC28BF4CF036
:10032000020C43FA05F3C01851EBE37101F00045EC
:1003300007D54FF0000EDCF1000C7EEB00006EEBF9
:100340000101B1F5801F1BD3B1F5001F0CD3490883
:100350005FEA30004FEA3C0C04F101044FEA4452DA
:1003600012F5800F80F09A80BCF1004F08BF5FEA61
:10037000500C50F1000041EB045141EA050130BD41
:100380005FEA4C0C404141EB0101013C28BFB1F553
:10039000801FE9D291F0000F04BF01460020B1FA9E
:1003A00081F308BF2033A3F10B03B3F120020CDA71
:1003B0000C3208DD02F1140CC2F10C0201FA0CF04F
:1003C00021FA02F10CE002F11402D8BFC2F1200CB4
:1003D00001FA02F120FA0CFCDCBF41EA0C0190406A
:1003E000E41AA2BF01EB0451294330BD6FEA0404B3
:1003F0001F3C1CDA0C340EDC04F11404C4F120029E
:1004000020FA04F001FA02F340EA030021FA04F3AF
:1004100045EA030130BDC4F10C04C4F1200220FA06
:1004200002F001FA04F340EA0300294630BD21FA44
:1004300004F0294630BD94F0000F83F4801306BF0A
:1004400081F480110134013D4EE77FEA645C18BFFE
:100450007FEA655C29D094EA050F08BF90EA020F95
:1004600005D054EA000C04BF1946104630BD91EA8D
:10047000030F1EBF0021002030BD5FEA545C05D190
:100480004000494128BF41F0004130BD14F58004CF
:100490003CBF01F5801130BD01F0004545F0FE4143
:1004A00041F470014FF0000030BD7FEA645C1ABF78
:1004B000194610467FEA655C1CBF0B46024650EAAF
:1004C000013406BF52EA033591EA030F41F40021DB
:1004D00030BD00BF90F0000F04BF0021704730B561
:1004E0004FF4806404F132044FF000054FF0000136
:1004F00050E700BF90F0000F04BF0021704730B5F7
:100500004FF4806404F1320410F0004548BF4042CB
:100510004FF000013EE700BF42004FEAE2014FEA20
:1005200031014FEA02701FBF12F07F4393F07F4FFB
:1005300081F06051704732F07F4208BF704793F0FE
:100540007F4F04BF41F40021704730B54FF4607411
:1005500001F0004521F000411CE700BF50EA010214
:1005600008BF704730B54FF000050AE050EA0102BD
:1005700008BF704730B511F0004502D5404261EB2D
:1005800041014FF4806404F132045FEA915C3FF46E
:10059000D8AE4FF003025FEADC0C18BF03325FEA0B
:1005A000DC0C18BF033202EBDC02C2F1200300FABC
:1005B00003FC20FA02F001FA03FE40EA0E0021FAE1
:1005C00002F11444BDE600BF70B54FF0FF0C4CF4CF
:1005D000E06C1CEA11541DBF1CEA135594EA0C0F81
:1005E00095EA0C0F00F0DEF82C4481EA030621EABC
:1005F0004C5123EA4C5350EA013518BF52EA0335F7
:1006000041F4801143F4801338D0A0FB02CE4FF0A8
:100610000005E1FB02E506F00042E0FB03E54FF0D8
:100620000006E1FB03569CF0000F18BF4EF0010ED0
:10063000A4F1FF04B6F5007F64F5407404D25FEACC
:100640004E0E6D4146EB060642EAC62141EA55517F
:100650004FEAC52040EA5E504FEACE2EB4F1FD0CC1
:1006600088BFBCF5E06F1ED8BEF1004F08BF5FEA3F
:10067000500E50F1000041EB045170BD06F00046F1
:1006800046EA010140EA020081EA0301B4EB5C049E
:10069000C2BFD4EB0C0541EA045170BD41F4801196
:1006A0004FF0000E013C00F3AB8014F1360FDEBFBB
:1006B000002001F0004170BDC4F10004203C35DA97
:1006C0000C341BDC04F11404C4F1200500FA05F31A
:1006D00020FA04F001FA05F240EA020001F00042BB
:1006E00021F0004110EBD37021FA04F642EB060131
:1006F0005EEA430E08BF20EAD37070BDC4F10C045B
:10070000C4F1200500FA04F320FA05F001FA04F21E
:1007100040EA020001F0004110EBD37041F100010A
:100720005EEA430E08BF20EAD37070BDC4F1200515
:1007300000FA05F24EEA020E20FA04F301FA05F27D
:1007400043EA020321FA04F001F0004121FA04F225
:1007500020EA020000EBD3705EEA430E08BF20EAF5
:10076000D37070BD94F0000F0FD101F0004640002F
:1007700041EB010111F4801F08BF013CF7D041EAB1
:10078000060195F0000F18BF704703F000465200B5
:1007900043EB030313F4801F08BF013DF7D043EA86
:1007A0000603704794EA0C0F0CEA135518BF95EA3C
:1007B0000C0F0CD050EA410618BF52EA4306D1D1C3
:1007C00081EA030101F000414FF0000070BD50EAE2
:1007D000410606BF1046194652EA430619D094EA6C
:1007E0000C0F02D150EA013613D195EA0C0F05D156
:1007F00052EA03361CBF104619460AD181EA0301AA
:1008000001F0004141F0FE4141F470014FF0000061
:1008100070BD41F0FE4141F4780170BD70B54FF0FC
:10082000FF0C4CF4E06C1CEA11541DBF1CEA13557C
:1008300094EA0C0F95EA0C0F00F0A7F8A4EB05045E
:1008400081EA030E52EA03354FEA013100F0888055
:100850004FEA03334FF0805545EA131343EA12631E
:100860004FEA022245EA111545EA10654FEA0026D3
:100870000EF000419D4208BF964244F1FD0404F58C
:10088000407402D25B084FEA3202B61A65EB0305E8
:100890005B084FEA32024FF480104FF4002CB6EBA5
:1008A000020E75EB030E22BFB61A754640EA0C0025
:1008B0005B084FEA3202B6EB020E75EB030E22BF65
:1008C000B61A754640EA5C005B084FEA3202B6EBA6
:1008D000020E75EB030E22BFB61A754640EA9C0065
:1008E0005B084FEA3202B6EB020E75EB030E22BF35
:1008F000B61A754640EADC0055EA060E18D04FEAF3
:10090000051545EA16754FEA06164FEAC30343EA92
:1009100052734FEAC2025FEA1C1CC0D111F4801F5F
:100920000BD141EA00014FF000004FF0004CB6E758
:1009300011F4801F04BF01430020B4F1FD0C88BFF7
:10094000BCF5E06F3FF6AFAEB5EB030C04BFB6EB02
:10095000020C5FEA500C50F1000041EB045170BDF5
:100960000EF0004E4EEA113114EB5C04C2BFD4EB22
:100970000C0541EA045170BD41F480114FF0000EA6
:10098000013C90E645EA060E8DE60CEA135594EA22
:100990000C0F08BF95EA0C0F3FF43BAF94EA0C0F25
:1009A0000AD150EA01347FF434AF95EA0C0F7FF49A
:1009B00025AF104619462CE795EA0C0F06D152EAEE
:1009C00003353FF4FDAE1046194622E750EA4106D2
:1009D00018BF52EA43067FF4C5AE50EA41047FF4E3
:1009E0000DAF52EA43057FF4EBAE12E74A0011D295
:1009F00012F5001211D20DD56FF47873B3EB625279
:100A00000ED44FEAC12343F0004343EA505323FA84
:100A100002F070474FF00000704750EA013002D1F9
:100A20004FF0FF3070474FF00000704753B94AB99C
:100A3000002908BF00281CBF4FF0FF314FF0FF30E6
:100A400000F00CB8ADF1080C6DE904CE0EF0EAFB35
:100A5000DDF804E0DDE9022304B07047704700BF11
:100A600010B5054C237833B9044B13B10448AFF3E8
:100A700000800123237010BD1C0200200000000034
:100A80001CF5000808B5034B1BB103490348AFF33D
:100A9000008008BD00000000200200201CF50008B6
:100AA00010B58CB00024089409940A940B94202269
:100AB000214668460DF0D0FC8848894B03604460AD
:100AC000846001230361047680F820404FF0805257
:100AD000C2624FF020628262C4600D22C26180F85F
:100AE0003030446106F0FCF9002840F0C1800A2350
:100AF00008930123099304230A9308A9774806F071
:100B000019FB002840F0B7800B23089302230993B8
:100B100000230A9308A9714806F00CFB002840F056
:100B2000AD800C2308930323099308A96B4806F0B2
:100B300001FB002840F0A5800D23089304230993AE
:100B400008A9664806F0F6FA002840F09D800023C8
:100B500008930523099308A9604806F0EBFA0028DA
:100B600040F09580012308930623099308A95B4868
:100B700006F0E0FA002840F08D8002230893072356
:100B8000099308A9554806F0D5FA002840F0858059
:100B9000032308930823099308A9504806F0CAFACA
:100BA00000287DD1042308930923099308A94B4801
:100BB00006F0C0FA002876D1052308930A2309938A
:100BC00008A9464806F0B6FA00286FD10623089314
:100BD0000B23099308A9414806F0ACFA002868D114
:100BE000072308930C23099308A93C4806F0A2FAAE
:100BF000002861D10E2308930D23099308A93748D3
:100C000006F098FA00285AD10B2300930122019292
:100C100004230493002302930793324906918DF82D
:100C200015208DF81430039369462C4806F04CFBD0
:100C3000002847D10C2300930223019369462748DB
:100C400006F042FB002840D10D23009303230193BB
:100C50006946224806F038FBD0BB002300930423EA
:100C6000019369461D4806F02FFBA0BB0CB010BDD8
:100C700004F07AFC3BE704F077FC45E704F074FCF1
:100C80004FE704F071FC57E704F06EFC5FE704F0F7
:100C90006BFC67E704F068FC6FE704F065FC77E73E
:100CA00004F062FC7EE704F05FFC85E704F05CFC86
:100CB0008CE704F059FC93E704F056FC9AE704F043
:100CC00053FCA1E704F050FCB4E704F04DFCBBE793
:100CD00004F04AFCC1E704F047FCC7E79802002093
:100CE0000020014001000F00F0B589B000230393FC
:100CF0000493059306930793026803F1804303F579
:100D000090339A4201D009B0F0BD04460025009509
:100D100003F58C335A6C42F480725A645A6C02F4B4
:100D200080720092009A01951A6B42F004021A63D5
:100D30001A6B02F004020192019A02951A6B42F0BA
:100D400001021A631B6B03F001030293029B1F2332
:100D500003930327049703AE3146154807F012F8B2
:100D6000FF230393049705953146124807F00AF8CC
:100D70001148124B036045608560C5604FF4806385
:100D800003614FF4006343614FF4005383614FF4F8
:100D90008073C3614FF400330362456206F088FC40
:100DA00018B9054BA3639C63ADE704F0DDFBF8E7DE
:100DB0000008024000000240380200201064024097
:100DC00008B501F01DFA08BD38B598B10C4689B1D7
:100DD000154A106008F020FB00224FF47A7302FBE2
:100DE0000333B0FBF3F3013BB3F5803F06D301328D
:100DF00092B2F2E70D4802F0EDFB14E021688A623E
:100E00002268D362E360236800255D636822084995
:100E1000054B186806F090F8204608F0E7FB2946D5
:100E2000204608F049FF38BDB003002094F50008C3
:100E3000E002002038B50C2805D80546092807D15E
:100E40000023194618E00F4802F0C4FB002017E009
:100E50000920FFF7EFFF40F206339842F0D8002058
:100E60000EE003EB430203EB82022A44064C34F803
:100E7000122011FA82F10133072BF2D9C1F3CF000E
:100E800038BD00BFCCF50008E002002008B5FFF730
:100E9000D1FF07EE900AF8EE677AB1EE047A67EEBA
:100EA000877A9FED047A87EE870ADFED037A30EECA
:100EB000270A08BD00F07F450000000008B50BF0D0
:100EC00066FA10B102684068904708BD08B54FF057
:100ED000E0231B690AF03AFD012800D108BD04F0A7
:100EE00089FDFBE7EFF305832BB9064B186828B99A
:100EF00001221A6070476FF0050070474FF0FF3015
:100F0000704700BF6C0A0020EFF3058373B90A4BEA
:100F10001B68012B0DD110B50024084BDC77064B64
:100F200002221A600AF0FEF9204610BD6FF005009B
:100F300070474FF0FF3070476C0A002000ED00E072
:100F4000F0B587B000240594EFF3058404BBF8B135
:100F5000002A34D0156893692BB11E46013B372B0C
:100F600002D9002015E01826536813F0010F3FD175
:100F7000546984B14FEA940C93682BB1D7685B2F06
:100F800002D9176907B184B943B14FF0FF330BB3EE
:100F9000059807B0F0BD4FF0800CEDE7D368A3B91A
:100FA0001369ABB14FF0FF33F1E70293019700965D
:100FB0000B46624629460AF047F90590E8E71546D0
:100FC000002318264FF0800CE1E74FF0FF33DEE7F7
:100FD0000023DCE705AB019300960B461FFA8CF269
:100FE00029460AF06CF90128D2D000230593CFE7F7
:100FF0000020CEE708B5EFF3058333B908B9002028
:1010000008BD0AF0F1FA0020FAE76FF00500F7E7F3
:101010002DE9F04383B0EFF30587002F43D1064657
:10102000894615461C4600283FD0082003F060F989
:10103000804600283BD006604560B9F1000F00D023
:10104000012704B32068A36813B1E2682B2A10D8E3
:1010500053B14FF0FF33DBB10024404603F0CAF92F
:10106000204603B0BDE8F083E3687BB14FF0FF3367
:10107000F1E701930F4B009343463A4601210AF0F2
:10108000D1FF04460CE020460023E4E70023E2E71A
:10109000084B009343463A4601210AF0A7FF044655
:1010A000002CDDD1D9E70024DAE70024D8E7044694
:1010B000D6E700BFBD0E0008EFF305836BB90A4603
:1010C00070B100B583B0009304210AF0D5FF012868
:1010D00009D1002003B05DF804FB6FF005007047F4
:1010E0006FF0030070476FF00200F3E708B5EFF30D
:1010F0000583CBB9A0B1836813B1C2681F2A0BD88E
:101100002BB14FF0FF338BB902F0D2FA08BDC368A0
:1011100043B14FF0FF33F6E7184602F0A4FAF5E7C3
:101120000023F0E70023EEE70020EFE70020EDE7E3
:10113000F8B110B582B00C46B1F1807F1CD2EFF34C
:1011400005829AB10022019201AA02F0CFFBB8B148
:10115000019BC3B14FF0E0234FF08052C3F8042D40
:10116000BFF34F8FBFF36F8F204607E002F072FB93
:1011700004E06FF0030070476FF0030002B010BD91
:101180006FF00200FAE72046F8E770B5B0B10C4600
:101190000646B1F1807F14D2EFF3058353B102F01C
:1011A0004BFB05462146304602F03CFB58B96FF038
:1011B000020508E002F00FFB054604E06FF00305AE
:1011C00001E06FF00305284670BD40B370B582B0F2
:1011D0000C461D468446B1F1807F23D2EFF3058390
:1011E00023BB12F0010610D0012312F0020F0ED023
:1011F000002200952146604602F068FA4EB1844311
:1012000012D0B5B16FF001000EE00023EDE701222E
:10121000EFE7044208D17DB16FF0010004E06FF008
:10122000030070476FF0030002B070BD6FF005005F
:10123000FAE76FF00200F7E76FF00200F4E770B52D
:1012400082B0EFF30583002B3AD1144600283BD03F
:1012500000293BD06AB393684BB1D2684F2A06D9B4
:10126000226922B101FB00F56669AE421BD273B15F
:101270004FF0FF3363BB002204F05BFE054605B36D
:1012800004B124682146284605F0A8F819E0E3686F
:101290008BB9236913B14FF0FF33EBE763696BB18F
:1012A0004FF0FF33E6E70025009504F0F8FD054612
:1012B000E5E70023DEE74FF0FF33DBE70023D9E764
:1012C0000025284602B070BD0025FAE70025F8E7A2
:1012D0000025F6E710B582B01C46EFF30583C3B1D5
:1012E00018B329B33CBB0023019301AA04F009FF02
:1012F000012823D1019850B14FF0E0234FF08052E4
:10130000C3F8042DBFF34F8FBFF36F8F002002B0DF
:1013100010BDB0B1C1B10023224604F02EFE012859
:1013200015D0B4B16FF00100F1E76FF00300EEE704
:101330006FF00300EBE76FF00300E8E76FF00200E7
:10134000E5E76FF00300E2E76FF00300DFE700205E
:10135000DDE76FF00200DAE710B582B01C46EFF36C
:101360000583C3B110B321B334BB0023019301AA99
:1013700004F0DDFF012822D1019850B14FF0E023A5
:101380004FF08052C3F8042DBFF34F8FBFF36F8F20
:10139000002002B010BDA8B1B9B1224604F018FF78
:1013A000012815D0B4B16FF00100F2E76FF003002F
:1013B000EFE76FF00300ECE76FF00300E9E76FF091
:1013C0000200E6E76FF00300E3E76FF00300E0E7F9
:1013D0000020DEE76FF00200DBE70000034B036054
:1013E000034B0B6080231360704700BF100A00207E
:1013F00010080020034B0360034B0B604FF4807315
:1014000013607047B4070020B40300202DE9F043B7
:1014100083B00F4615468DF8070096B206F107080F
:101420001FFA88F8013676BA01220DF10701002073
:101430000CF04AFF2A4639460CF046FF040204F439
:101440007F0444EA1064030A03F47F431C4344EA24
:101450000064DFF83090A9F800609DF8073089F843
:1014600002302A46394609F103000DF029F8033508
:1014700049F80540414648460BF016FF03B0BDE869
:10148000F08300BF4C19002038B51446012B07D05B
:101490004AB901224FF40051074806F05EFD38BDFD
:1014A000FFF7B4FFF5E7054D28460DF009F8A1B2A6
:1014B00028460BF0F9FEECE7000802404C1900202A
:1014C00008B5002208210A20FFF7B9FE084B186072
:1014D000084A00210848FFF733FD0020FFF706FE09
:1014E000064B1860064A00210648FFF729FD08BD93
:1014F0006C1D0020B8FA0008851700082815002088
:1015000094FA00088D22000808B50378433B102B9D
:1015100032D8DFE803F0213131093131293131315D
:10152000313131311931110000230322134918469A
:10153000FFF7AAFF012020E000230F2210491846E0
:10154000FFF7A2FF012018E000230F220C491846E4
:10155000FFF79AFF012010E000230122FF21184627
:10156000FFF792FF012008E000231A4619461846AB
:10157000FFF78AFF012000E0002008BDECF500081D
:10158000F0F5000801280DD808B5881841F6ED23BC
:10159000984200D908BD0123034801440020FFF709
:1015A00073FFF7E7704700BF303E002030B583B0CF
:1015B00004460D46FFF7A8FF002840F0C380052D24
:1015C00021D8A378423B352B00F2B780DFE803F047
:1015D0009B20B5AD27B5B52EB5B5B5B5B552B5356A
:1015E000B53CB5B5B57BB5B5B5B5B5B5B5B5B5B55E
:1015F000B5B5B5B543B5B5B5B561A4B5B5B5B5B572
:1016000059B5B5B5B58BAA1FA11C0CF05DFED8E786
:1016100001231A46FF210020FFF736FF92E0012345
:10162000032252490020FFF72FFF8BE001231A46C7
:1016300000210846FFF728FF84E001230F224C49D0
:101640000020FFF721FF7DE0012310224849002000
:10165000FFF71AFF76E002238DF800300423ADF87F
:101660000130ADF803300123052269460020FFF761
:101670000BFF67E001237C223E490020FFF704FFB7
:1016800060E0B4F80520B4F803100020FFF77AFFFB
:1016900058E041F6ED22384900200CF015FE00908C
:1016A000030203F47F0343EA1063020A02F47F4259
:1016B000134343EA00630093012304226946002098
:1016C000FFF7E2FE3EE0B4F80330B4F80520E11D78
:1016D000294818440CF0F4FE01230022114610465C
:1016E000FFF7D2FE2EE0B4F80330B4F80520E11D78
:1016F000214818440CF0E4FE012300221146104654
:10170000FFF7C2FE1EE000F077FD01230022114624
:101710000420FFF7B9FE15E0E378022B14D0032B69
:1017200015D0012B01D10BF031FAB4F8031049BAEE
:1017300089B2124B1868FFF7FBFC4FF400511048B8
:1017400006F011FC03B030BD0BF030FAEDE70BF002
:1017500013FA0BF009FA05460BF00AFA02460123C8
:1017600029460020FFF790FEDFE700BFECF50008F8
:10177000F0F50008B43D0020303E00202815002080
:101780000008024000B583B04FF0FF3300226946E5
:1017900005480068FFF7E0FD0028F5D1BDF804100A
:1017A0000098FFF703FFEFE76C1D0020BFF34F8F9A
:1017B0000549CA6802F4E062044B1343CB60BFF3EF
:1017C0004F8F00BFFDE700BF00ED00E00400FA0509
:1017D00008B50AF0BDFE094BA3FB00308009084B99
:1017E000D86002F08DF84FF40051064806F0BBFBBC
:1017F0004FF47A70FFF7FEFBEBE700BFD34D6210AA
:10180000B43D00200008024070B518E05B7D07EE93
:10181000903AF8EE677A79E05B7D07EE903AF8EE61
:10182000677A85E04A4A136823F4806313600BF0FB
:1018300063F9484B187002F043FC474B1870474C53
:101840004FF0FF33002203212068FFF7BEFC022186
:101850002068FFF79AFC0AF071FE0446404D0146ED
:10186000284604F0FBFE3F4E2146304604F0F6FECB
:10187000204604F0D5FF05F0DDF805F099F9204683
:1018800005F0EEF905F02CFA284604F0D3FE304CB2
:1018900084ED0A0A304604F0CDFE84ED0B0A28469A
:1018A00004F0D2FE84ED0C0A2F4805F04DF884EDCB
:1018B0000E0A4FF07E53E36403F018F884ED1C0A1F
:1018C00005F0B2F984ED100A05F0F0F884ED110A84
:1018D00005F020F884ED0D0A05F0FCF984ED120AFC
:1018E00005F01EFA84ED150A03F04AF884ED090AA2
:1018F0001E4B5A69A2655B681A7D002A86D05B7D03
:1019000007EE903AF8EE677AF1EE677A104AC2ED88
:10191000187A174B5969D1655B681A7D002A3FF424
:101920007BAF5B7D07EE903AF8EE677AF1EE677A6F
:10193000074BC3ED197A0F4803F086FE00283FF4E9
:1019400071AF034A136843F4806313606FE700BF0D
:10195000B43D0020AD3D0020AC3D0020D43C002033
:101960001C00002000000020701D0020901E0020A0
:10197000F81D0020B400002008B56420FFF73AFBF2
:10198000034B196800200BF017F90BF029F9FCE75D
:10199000A83D002010B50AF0D1FD044602F056FB28
:1019A000204602F0A3FA2146064801F01FF921461D
:1019B000054801F01BF9204604F022F90120FFF749
:1019C00019FBE8E7901E0020F81D002010B52DED52
:1019D000028B82B011E003238DF8053000238DF8CF
:1019E00004300AF0ABFD009011E000980BF08AF88B
:1019F0001A4B1B6813F0080F1AD1322300226946D4
:101A000017480068FFF7A8FC10F1020FE3D09DF81B
:101A100004304BB1012BEBD19DF80530002BE4D104
:101A200068460AF0A7FEE0E768460AF0A3FEDFE793
:101A30000BF050F8B0EE408A0BF052F8F0EE408A0E
:101A4000009C2046F0EE480A03F016F82046F0EE1F
:101A5000480AB0EE680A03F0DDFBCEE7B43D002093
:101A6000A83D002010B5002228E041F2707302FB6F
:101A700003F31B0907EE903AF8EE677A554B02F52F
:101A8000807103EB8101C1ED007A02F5087103EB6F
:101A90008101C1ED007A02F5507103EB8101C1EDC6
:101AA000007A02F58C6103EB8101C1ED007A02F549
:101AB000B06103EB8103C3ED007A01320F2AD4D960
:101AC00000232BE007EE903AF8EE677A9FED427A1A
:101AD00067EE877A9FED417A67EE877A3D4A03F594
:101AE000887102EB8101C1ED007A03F50C7102EB04
:101AF0008101C1ED007A03F5547102EB8101C1ED62
:101B0000007A03F58E6102EB8101C1ED007A03F5E5
:101B1000B26102EB8102C2ED007A01330F2BD1D901
:101B20004FF0000E27E02B4B01EB0E1203EB82006F
:101B3000DFF8B4C0C0F800C002F5907003EB80007D
:101B4000C0F800C002F5107003EB8000DFF894C00D
:101B5000C0F800C002F5587003EB8000C0F800C068
:101B600002F5906203EB82031D4A1A6001310F29CE
:101B7000D9D90EF1010EBEF10F0F01D80021F6E701
:101B8000002223E0134902F5C26301EB8303002026
:101B90001860A2F10803DB084FF4FA6C0CFB03F3A6
:101BA00007EE903AF8EE677A02F5C46301EB83031F
:101BB000C3ED007A02F5C66301EB8303186002F5FA
:101BC000C86301EB8301C1ED007A01320F2AD9D934
:101BD00000233FE0303E00200000F0420000803D46
:101BE0000000C8420000C8410000A042AA4A03F514
:101BF000CA6102EB81010020086003F5CE6102EBAF
:101C00008101086003F5D26102EB8101086007EEF3
:101C1000903AB8EE677ADFEDA17A27EE277AF2EEF6
:101C20000E6AC7EE267A9FED9E7A77EEC77A03F5A5
:101C3000CC6102EB8101C1ED007A03F5D06102EBCA
:101C40008101C1ED007A03F5D46102EB8102C2ED9E
:101C5000007A01330F2BC9D98F4A02F5805302F560
:101C6000B4519048086003F284618F48086003F51E
:101C7000D1608E49016003F28C608D4C046003F5E5
:101C8000D2604FF08144046003F29460894C046098
:101C900003F5D360884C046003F29C60874C0460B9
:101CA00002F5B550016003F2A4618548086003F5B0
:101CB000D5618448086003F2AC618348086003F58D
:101CC000D6604FF08041016003F2B460016003F51B
:101CD000D7617E48086003F2BC61F1EE047AC1ED81
:101CE000007A02F5B6517A48086003F2C461794877
:101CF000086003F5D9617848086003F2CC61774841
:101D0000086003F5DA607649016003F2D460754C2F
:101D1000046003F5DB60744C046002F5B750DFF833
:101D2000E4C1C0F800C003F2DC60DFF8DCE1C0F819
:101D300000E003F2E460016003F5ED60B1EE0E7ABD
:101D400080ED007A03F26C70C0ED007A03F5EE606E
:101D5000016003F27470C0F800E003F5EF60C0F8B2
:101D600000C003F27C70016002F5BC545F48206043
:101D700003F28474206003F6080484ED007A03F60D
:101D80000C04C4ED007A03F50164216003F6140429
:101D9000C4F800E003F6180ECEF800C003F61C0CE1
:101DA000CCF8001002F5C152106003F62402106056
:101DB00003F628024E491160692283F8E42A03F5EC
:101DC00003614C4A0A6003F634014B48086003F68D
:101DD00038014A48086003F63C010A6040F6C41224
:101DE000A3F8C02A4FF4FA72A3F8C22A4FF416627D
:101DF000A3F8C42A40F6E961A3F8C61A40F2A1127A
:101E0000A3F8C82AA3F8CA1AA3F8CC2A002283F898
:101E1000CE2A83F8CF2A83F8D02A83F8D12A83F8F0
:101E2000D22A83F8D32A83F8D42A83F8D52A022128
:101E300083F8D61A83F8D72A83F8D82A032083F8A0
:101E4000D90A83F8DA2A83F8DB2A012183F8DC1A1D
:101E500083F8DD1A83F8DE1A83F8DF1A83F8E01AB4
:101E600083F8E10A83F8E22A83F8E32A83F8E42A74
:101E700083F8E51A83F8E61A83F8E72A83F8E82A54
:101E800083F8E92A83F8EA2A83F8EB1A83F8EC1A34
:101E90001B4B1A705A7010BD303E002000004843A2
:101EA000000048420000C84300002041000070418B
:101EB0000000E4420000C8410000FA44CDCC4C3E92
:101EC00000004041000060419A9909410000A04192
:101ED0000000344300007A430080BB440080544437
:101EE0000AD7233C0AD7A33B6F12833A00008C42E7
:101EF0000000DC420000A8420000A0420000B04206
:101F0000B03D00200000C8420000C8C208B500F083
:101F100083FD08BD70B582B07C22002191480CF091
:101F20009BFA914C41F6ED252A46002120460CF003
:101F300093FA2946204600F02BFD002800F0D280BD
:101F4000FFF7E4FF89480AF0B7FA8948FFF7CEF8AF
:101F5000884B1860002800F0CB8087498748FEF73F
:101F600033FF874B93F8D43A002B40F0C380844C66
:101F700094F8D00A0AF0AEFB824A08211020FFF73D
:101F80005EF9814B1860814A00218148FEF7D8FF35
:101F9000804D0D21284604F0BDFA0E217E4804F044
:101FA000B9FA94F8DE1A7D4804F09CFD94F8DF1A23
:101FB0007B4804F0E3FC7B4E94F8E01A304604F0D2
:101FC000FBFB3146284601F02DFD02F013FB03F028
:101FD0001FF84FF4FA70FFF70DF894F8E53A002B6C
:101FE0002FD094F8E73A002B00F08C8044F6206361
:101FF000009308230C226C496C4800F023FC6C4CC5
:102000006C4D2146284603F089FB16230193803C42
:102010000094664B5F4A2946674800F057FDA4F5D7
:10202000DD6393F8E93A002B76D1554C04F5D16382
:1020300093ED000A604800F0A1FD94F8E53A002B0A
:1020400075D14F4B93F8E63A63B34D4B93F8E83AAA
:10205000002B72D044F620630093002304225249DF
:10206000564800F0EFFB564C564D2146284603F0EB
:1020700055FB17230193803C0094504B464A294658
:10208000514800F023FDA4F5F16393F8EA3A002BE0
:102090005DD14D4C9FED4D0A204600F06FFD20466E
:1020A00001F016FF444803F089FDFFF709FA484A9A
:1020B00000214848FEF744FF474A00214748FEF701
:1020C0003FFF474A00214748FEF73AFF464A0021B2
:1020D0004648FEF735FF0121264B1868FFF728F820
:1020E00002B070BDFFF7BEFC414801F073FA27E76C
:1020F00000BF32E73F49A1F6D32393F8D20A0AF092
:102100001FFB34E744F6206300930C230822264982
:10211000264800F097FB72E7134B03F5BC52D2ED53
:10212000000A92ED010A244801F032FA7DE704F535
:10213000DA61214801F070FF83E744F620630093E1
:102140000423002218491D4800F07CFB8BE7064B56
:1021500003F5C152D2ED000A92ED010A1A4801F0CE
:1021600017FA96E7B43D0020303E0020089E00207C
:1021700090FB0008D43C0020789D002098020020AD
:10218000304E0020A0FB0008A83D00206CFB00089A
:10219000CD1900081C00002000000020A01D002018
:1021A000881D0020701D0020C09D0020781E00208A
:1021B00098550020501E0020901E0020E01D002099
:1021C00038560020B81D0020F81D00200000000037
:1021D000DCFA00089519000848FB00087919000886
:1021E00024FB00080918000800FB0008D1170008AC
:1021F0001CF600080359002008B500F021FC08BDBA
:1022000008B50221024B1868FEF792FF08BD00BF17
:10221000D43C0020F0B583B0044600230093019322
:102220000AF08CF90090174E4FF48071304605F09B
:102230008DFE0546071E18BF01274FF4007130467A
:1022400005F084FE003818BF0120B4F5807F0BD064
:10225000B4F5007F10D000231A4669460A4800688A
:10226000FFF738F803B0F0BD002DF1D101238DF850
:1022700004308DF80570EEE702238DF804308DF8F8
:102280000500E8E700040240A83D002008B522E070
:10229000FFF78CFA714B93F8E53AB3B1704800F050
:1022A00015FF12E06D4B93F8E63A73B16D4800F0FC
:1022B0000DFF0AE06C4A518A684BA3F8C81A118ACC
:1022C000A3F8C61A127E83F8DA2A4FF6FF71674B1D
:1022D0001868FEF75AFF4FF0FF3300224FF6FF71E8
:1022E00062480068FEF771FF01381D28EDD801A390
:1022F00053F820F091220008552400089522000888
:10230000A5220008B52200086D23000885230008D7
:102310008B230008952300089F230008A9230008A9
:10232000B1230008B9230008C1230008C92300080D
:10233000D1230008D9230008E1230008E92300087D
:10234000F3230008FB230008052400080D240008DF
:10235000172400081F24000829240008312400083D
:102360003D240008452400084D240008404A518AB5
:102370003A4BA3F8CC1A118AA3F8CA1A127E83F832
:10238000DB2AA2E70AF08EFC9FE79FED3A0A0AF0EB
:1023900083FC9AE79FED380A0AF07EFC95E79FEDF3
:1023A000370A0AF079FC90E7354803F093F98CE797
:1023B000344803F08FF988E7334803F08BF984E75A
:1023C000324803F087F980E7314803F095F97CE75C
:1023D000304803F091F978E72F4803F08DF974E75E
:1023E0002E4803F089F970E701212D4803F046F9E2
:1023F0006BE72B4803F059F967E70121294803F0FF
:102400003DF962E7274803F050F95EE701212648CD
:1024100003F034F959E7244803F047F955E701215F
:10242000224803F02BF950E7204803F03EF94CE72F
:102430001F4B01221A700AF0A9FB46E71C4B002231
:102440001A7042E71A4B01225A703EE7184B0022DD
:102450005A703AE7FFF706FB37E700BF304E00201F
:10246000901E0020F81D00201C00002028150020D0
:10247000000000200000C84200007A430000FA4338
:102480003C00002048000020540000206000002094
:102490006C000020780000208400002090000020C4
:1024A000A80000209C000020C0000020B4000020F4
:1024B000B03D002008B50548054B036005F06CF8F9
:1024C00000B908BD03F050F8FBE700BF2059002019
:1024D000003002400268094B9A4200D0704782B037
:1024E00000230193064B1A6B42F480521A631B6B54
:1024F00003F480530193019B02B070470030024007
:102500000038024000000000002800F038812DE96A
:10251000F8430D46164604460768002F52D0104671
:10252000FDF7E8FF96A3D3E90023FEF777F980468D
:1025300089463F68F86AFDF7CDFF42464B46FEF7F5
:1025400043F8FEF753FAFDB1012D79D06368002BF3
:1025500040F0CF807B63A368002B40F0D7802368D6
:102560001B6800225A63E368002B40F0E280236876
:102570001B6800225A632369002B40F0ED8023681A
:102580001B6800225A631BE0E3686BB122695AB1F1
:10259000042B19D0082B1AD000233B642369CBB934
:1025A00023681B68DA6A5A63A36833BB23681B6815
:1025B00000225A636368002B32D123681B6858637A
:1025C00066752575BDE8F8830023BB63E6E7002345
:1025D000FB63E3E7042B06D0082B09D023681B68B4
:1025E000DA6A1A64E0E723681B68DA6A9A63DBE751
:1025F00023681B68DA6ADA63D6E7042B06D0082B57
:1026000009D023681B6800221A64D3E723681B687B
:1026100000229A63CEE723681B680022DA63C9E7C9
:10262000042B05D0082B07D023681B681864C7E764
:1026300023681B689863C3E723681B68D863BFE7F8
:10264000E3686BB123695BB1042B16D0082B17D05C
:1026500000233B64E368B3B923681B68DA6A5A63F2
:1026600063681BBB23681B6800225A63A368002BA6
:102670002FD123681B685863A2E70023BB63E9E7F7
:102680000023FB63E6E7042B06D0082B09D0236860
:102690001B68DA6A1A64E3E723681B68DA6A9A63DC
:1026A000DEE723681B68DA6ADA63D9E7042B06D011
:1026B000082B09D023681B6800221A64D6E7236818
:1026C0001B6800229A63D1E723681B680022DA6343
:1026D000CCE7042B05D0082B07D023681B681864AF
:1026E0006EE723681B6898636AE723681B68D863F2
:1026F00066E7042B04D0082B05D000233B642AE7AF
:102700000023BB6327E70023FB6324E7042B06D0E9
:10271000082B09D023681B6800221A6423E723686A
:102720001B6800229A631EE723681B680022DA6395
:1027300019E7042B06D0082B09D023681B68002258
:102740001A6418E723681B6800229A6313E723685A
:102750001B680022DA630EE7042B06D0082B09D091
:1027600023681B6800221A642AE723681B6800227A
:102770009A6325E723681B680022DA6320E7704725
:102780000000000000E06F40034678B102686AB1C3
:10279000416861B9126851639A68C2B91A681268CF
:1027A0000021516300225A7502229A75704704294C
:1027B00005D0082907D0126800211164ECE71268DF
:1027C00000219163E8E712680021D163E4E7042A5D
:1027D00006D0082A09D01A68126800211164E1E7BE
:1027E0001A68126800219163DCE71A6812680021F8
:1027F000D163D7E738B5054699B10C4644F6206356
:10280000994200D91C4606F0FDFC002202FB04435D
:10281000B0FBF3F3013BB3F5803F05D3013292B235
:10282000F4E7FFF7B1FF0CE0296809688A622A68BB
:102830001268D3622A68D3606A7D297D2846FFF733
:1028400063FE38BD00284FD010B5044629B301609F
:10285000426083600023C36003610375837508468B
:1028600006F0C4FEBDF808102046FFF7C3FF6368FA
:10287000A3B923681B6800225A63A3680BBB2368B3
:102880001B6800225A636168206807F031FBA16869
:10289000206807F02DFB0023637510BD042B06D0C4
:1028A000082B09D023681B6800221A64E5E7236817
:1028B0001B6800229A63E0E723681B680022DA6342
:1028C000DBE7042B06D0082B09D023681B68002205
:1028D0001A64D8E723681B6800229A63D3E7236849
:1028E0001B680022DA63CEE77047034688B10268AE
:1028F0007AB1817D01290CD9416859B912685163B7
:102900009A68BAB91A6812680021516300225A7590
:102910009A757047042905D0082907D0126800214C
:102920001164EDE7126800219163E9E71268002164
:10293000D163E5E7042A06D0082A09D01A6812688C
:1029400000211164E2E71A68126800219163DDE753
:102950001A6812680021D163D8E7000000B583B07F
:1029600000220192094B196B41F4800119631B6B22
:1029700003F480030193019B0721382004F0F8FD44
:10298000382004F005FE03B05DF804FB0038024077
:102990000246B8B1C1B10D4B01205874052018741E
:1029A0004FF40030986000F10060D860B1F5003F4E
:1029B00003D90020586018607047044B59601A60B2
:1029C00001207047002070470020704728590020E0
:1029D00010B586B005F094F8002300930D4B1A7CD7
:1029E0000292012203925B7C01930223049305A9C6
:1029F000684605F07DF928B9059BB3F1FF3F07D084
:102A0000002400E0002405F093F8204606B010BD35
:102A10000124F8E728590020084B1A680AB100235E
:102A200006E070470549C968C95C02F8011B01331B
:102A3000024949689942F5D8704700BF28590020DB
:102A400070B5194B1C683CB3FFF7C2FF064620B3B4
:102A500005F056F80025144B5B68AB420CD9124BBD
:102A6000D968228800232944012005F09BF810B979
:102A700002340235EFE700260B4B1A6800230A499F
:102A80004968994209D911780748C068C05C8842F2
:102A900007D101320133F2E7002605F049F830464C
:102AA00070BD0026F9E700BF2859002050B1037817
:102AB0001F2B07D804480268012101FA03F322EA18
:102AC00003020260704700BFB43D002070B584B0BF
:102AD000089E9DF8245000283CD00446002A39D096
:102AE000002B37D0002E35D08160C26043600023B8
:102AF000436106611A4B8B6083681A4A5A60836887
:102B00001B68194A1A6183681B68184ADA606B46A9
:102B10000021009101910291039100F1280202929B
:102B20002C22039202461248FEF772FA60624FF4BA
:102B3000FA61FEF7C1FA25701F2D05D80D490B6803
:102B40000122AA4013430B60002384F8553084F817
:102B5000563002E0084800F03DFD04B070BD00BFF3
:102B600000007F4300007FC300007A4300007AC367
:102B7000AD2A0008B43D00209CF6000890F85630BD
:102B800093B9B5EEC00AF1EE10FA09D4DFED077A79
:102B9000B4EEE70AF1EE10FA04DDB0EE670A01E0E8
:102BA0009FED030A80ED050A704700BF0000C84290
:102BB00000000000012380F85630B5EEC00AF1EEA7
:102BC00010FA09D4DFED077AB4EEE70AF1EE10FA55
:102BD00004DDB0EE670A01E09FED030A80ED050A0F
:102BE000704700BF0000C84200000000002800F04D
:102BF000F88170B52DED028B84B00D4604468368D4
:102C000033B1C06820B1636813B194F855601EB148
:102C100004B0BDEC028B70BD03F00CFDF0EE408AF9
:102C2000B4EE400AF1EE10FA1ED684ED060A94EDD9
:102C3000050AA06802F07FFD94ED050A206908F0FE
:102C400065F9B0EE408ADFEDC17AB4EEE70AF1EE45
:102C500010FA19DBDFEDBE7AB4EEE70AF1EE10FAF6
:102C600049D99FEDBC8A11E021781F2906D8BA48BE
:102C7000036801228A4023EA02030360002211460E
:102C80006068FFF741FCC3E79FEDB28AB0EE680AC7
:102C90002946A06802F052FD70EE087A9FEDAB7AEB
:102CA000F4EEC77AF1EE10FA27D59FEDA88AB5EEBB
:102CB000C08AF1EE10FAD4BF01250025A368D3ED38
:102CC000057AF5EEC07AF1EE10FA31D4B1EE047A5D
:102CD000F4EEC77AF1EE10FA3CDCB5EEC08AF1EE04
:102CE00010FA2ED4DFED9D7AB4EEE78AF1EE10FAF9
:102CF0006BDC00232FE00126C8E7B0EE680A294606
:102D0000A06802F01BFD30EE080ADFED917AB4EE08
:102D1000E70AF1EE10FA02DD9FED8D8AC7E7B0EE0B
:102D2000680A2946A06802F009FD30EE088ABEE76D
:102D3000B9EE047AF4EEC77AF1EE10FACDD501239C
:102D400009E0DFED877AB4EEE78AF1EE10FA3AD4C3
:102D5000002300E001238DF80F309DF80F30B3B34E
:102D600094F85430002B38D0002E4FD0DFED7D7A10
:102D700078EEE77AF5EEC07AF1EE10FA00F1C18054
:102D80009FED797AF4EEC77AF1EE10FA4CBF012389
:102D90000023002B00F0EE80DFED6C7AB4EEE78AC2
:102DA000F1EE10FA40F1B7806068B0EE678AB1EEDC
:102DB000488AFCEEC87ACDED017A9DF804202946B8
:102DC000FFF7A2FB24E70123C5E70123C3E74FF484
:102DD000FA61606AFEF770F9C2E76068B5EEC08A12
:102DE000F1EE10FA09D4FCEEC87ACDED017A9DF827
:102DF00004202946FFF788FB0AE7B1EE488AFCEE7B
:102E0000C87ACDED017A9DF80420F2E7DFED557A1E
:102E100078EEE77AF5EEC07AF1EE10FA1FD49FED66
:102E2000527AF4EEC77AF1EE10FA4CBF0123002378
:102E30009BB3DFED467AB4EEE78AF1EE10FA18D5CF
:102E40006068B0EE678AB1EE488AFCEEC87ACDEDD4
:102E5000017A9DF804202946FFF756FBD8E69FED3E
:102E6000447AF4EEC77AF1EE10FACCBF01230023C6
:102E7000DEE7D4ED087AF4EEC87AF1EE10FA3AD42F
:102E80006068B5EEC08AF1EE10FADCD4FCEEC87AC8
:102E9000CDED017A9DF80420DDE7F5EEC08AF1EE74
:102EA00010FA1ED4DFED307AF4EEE78AF1EE10FA74
:102EB0004CBF01230023002BE2D0D4ED077AF1EEC2
:102EC000677AF4EEC87AF1EE10FA17DCDFED207ABB
:102ED000B4EEE78AF1EE10FAD2DD6068B0EE678AF0
:102EE000D4E7DFED237AF4EEE78AF1EE10FACCBFF7
:102EF00001230023DFE7B0EE678AC1E7B0EE678AFF
:102F0000BEE79FED1B7AF4EEC77AF1EE10FACCBF64
:102F1000012300233DE72369D3ED0F7AB1EE047A54
:102F200077EE877AF4EEC87AF1EE10FA53D460683F
:102F3000B5EEC08AF1EE10FA3FF539AFFCEEC87A73
:102F4000CDED017A9DF8042039E700BF00007FC372
:102F500000007F4300000000B43D002000007A43E1
:102F600000007AC30000C842CDCC4C3F00007F4334
:102F7000CDCC4CBFF5EEC08AF1EE10FA21D45FED56
:102F8000067AF4EEE78AF1EE10FA4CBF0123002333
:102F9000002BCCD02369D3ED007AB1EE047A77EE22
:102FA000C77AF4EEC87AF1EE10FA17DC5FED117A09
:102FB000B4EEE78AF1EE10FAB9DD6068B0EE678A28
:102FC000BCE75FED157AF4EEE78AF1EE10FACCBFBC
:102FD00001230023DCE7B0EE678AA8E7B0EE678A3A
:102FE000A5E77047002380F85530704738B5044690
:102FF000002510E0642200216068FFF785FA0320B5
:10300000FDF7F8FF002201216068FFF77DFA032039
:10301000FDF7F0FF0135202DECD9002510E06422EA
:1030200000216068FFF770FA0220FDF7E3FF32220B
:1030300001216068FFF768FA0220FDF7DBFF013528
:10304000312DECD9002510E0642200216068FFF7E3
:103050005BFA0120FDF7CEFF322201216068FFF705
:1030600053FA0120FDF7C6FF0135632DECD900228C
:1030700011466068FFF748FA38BD70B5054600266E
:1030800016E0642200216868FFF73EFA0120FDF790
:10309000B1FF322201216868FFF736FA0120FDF7FF
:1030A000A9FF0134C72CECD96420FDF7A3FF01363A
:1030B000012E01D80024F5E7002211466868FFF7C9
:1030C00023FA002385F8553070BD00002DE9F04F3C
:1030D0002DED028B87B0B0B104466420FDF78AFF66
:1030E00003F01EFEF2EE067AB4EEE70AF1EE10FAF5
:1030F0000DD4AB4B93F87830009363B107B0BDECBF
:10310000028BBDE8F08FA74800F064FAF6E7A64806
:1031100000F060FAF2E7012384F8553003F000FE76
:103120009FEDA27AC7EE007A9FEDA17A27EE877A0B
:10313000BCEEC77A8DED017A9DF804709FED9D7A03
:1031400067EE877AFCEEE77A17EE906A5FFA86F907
:103150000025ADF81650ADF81450ADF8125000230C
:103160000393C6F34606DDF80080AA46AB4607E0A7
:10317000187DFDF75FFE18E0B2460AF10A06054623
:10318000B14524D9F2B201216068FFF7BDF996205C
:10319000FDF730FFE3681A7E002AE9D0187DFDF7BD
:1031A00049FEC0F57F600F3080B22D1A0135022D27
:1031B000E2D808F101085FFA88F88344B8F1180FE3
:1031C000DBD9BBFBF8FB1FFA8BFBADF816B06068D0
:1031D000FFF7DAFA4FF49670FDF70CFFE3681A7EFA
:1031E000AAB1187DFDF726FEC0F57F600F3080B2D2
:1031F000ADF812006068FFF778FB7E08DDF800A0EC
:103200004FF00008C346CDF80480454611E0187D14
:10321000FDF710FEECE7187DFDF70CFE1EE0B04652
:10322000A7F10A03434501D80123019308F10A06D7
:103230000546B74224D9F2B200216068FFF764F96D
:103240009620FDF7D7FEE3681A7E002AE3D0187DAA
:10325000FDF7F0FDC0F57F600F3080B22D1A01350B
:10326000022DDCD80AF1010A5FFA8AFA8344BAF126
:10327000180FD5D9BBFBFAFB1FFA8BFBADF814B0C6
:10328000002211466068FFF73FF940F2DC50FDF77D
:10329000B1FE019B9BB9E368BDF816205A82E36832
:1032A000BDF814201A822046FFF7A0FEE06803F064
:1032B000C1F9F1EE047A30EE270A002315E020462A
:1032C000FFF7DBFE1AE707EE903AF8EE677AB4EE06
:1032D000007A67EE877A226967EE807A03F110013F
:1032E00002EB8102C2ED007A01330F2B1BD8082BB1
:1032F000E9D9A3F1080207EE102AB8EE477AF1EEF9
:103300000C6AC7EE267A9FED2C7A37EE407A67EE8C
:10331000877A226977EE807A03F1100102EB81024D
:10332000C2ED007AE0E72369D3ED107AB6EE007AB9
:1033300077EE877AC3ED107A2369D3ED1F7A77EEA3
:10334000C77AC3ED1F7A009E0025DFED1C8AA846D0
:10335000AA4650E0002DCCBF00210121606815F184
:10336000310F0ADA164B83FB0523EA17A2EB23126F
:10337000D2B2FFF7C9F8009E47E0114B83FB05234B
:10338000EA17C2EB2312D2B2F3E7BEEE007AB4EE34
:10339000C70AF1EE10FACCBF0123002359E000BFA9
:1033A000B43D0020BCF60008E0F600089A994941B7
:1033B00000002043000034430000C8420000000029
:1033C0001F85EB514FF00008C2466F4981FB053164
:1033D000EB17C3EB21139A4408F101089AFBF8F3A9
:1033E00007EE103AB8EEC77A02EB800282ED007A5F
:1033F000F0EE678A013D6FF0310303FB09F3AB4246
:1034000031DA312EA6D80136F6B20120FDF7F2FDF1
:10341000E06803F00FF9B0EE408A206910214030D7
:103420000AF06EFF226900F1100302EB8303D3ED73
:10343000007A38EE670AB5EEC00AF1EE10FAA4D4AD
:10344000B6EE007AB4EEC70AF1EE10FA4CBF0123D3
:103450000023002BCED0F4EE678AF1EE10FAB1D142
:10346000F0EE687AB1E7009E0025DFED488AA846B5
:10347000A9463AE0002DCCBF00210121606815F17A
:10348000310F0ADA404B83FB0523EA17A2EB231224
:10349000D2B2FFF739F8009E30E03B4B83FB0523A7
:1034A000EA17C2EB2312D2B2F3E7BEEE007AB4EE13
:1034B000C70AF1EE10FACCBF0123002342E03249E3
:1034C00081FB0531EB17C3EB2113994408F1010887
:1034D000072809D999FBF8F307EE903AF8EEE77A56
:1034E00002EB8002C2ED007A0135322307FB03F3C1
:1034F000AB4234DD312EBDD80136F6B20120FDF7E6
:1035000079FDE06803F096F8B0EE408A206910215A
:1035100040300AF0F5FE226900F1100302EB83034C
:10352000D3ED007A38EE670AB5EEC00AF1EE10FA74
:10353000BBD4B6EE007AB4EEC70AF1EE10FA4CBF77
:1035400001230023002BCFD0F4EE678AF1EE10FAAE
:10355000B5D0F0EE678A4FF00008C146AFE7002211
:1035600011466068FEF7D0FF4FF47A70FDF742FD18
:103570002046FFF73BFD2046FFF734FD4FF47A70FD
:10358000FDF738FDBAE500BF1F85EB5100000000D4
:10359000C0B1012280F854209FED0B6A20EE060A8C
:1035A000DFED0A6AC0EE267A9FED097A77EE877A18
:1035B000C0ED077A60EE860AC0EEA67A77EE877ACB
:1035C000C0ED087A704700BF00007F430000C8428A
:1035D00000000000C0B170B59AB0064601AC642589
:1035E0002A46002120460AF037FF3346074A29467B
:1035F00020460AF0FBFE2046FCF7D2FD81B22046B1
:1036000009F052FE1AB070BD704700BF04F7000801
:10361000C0B170B59AB0064601AC64252A460021B7
:1036200020460AF019FF3346074A294620460AF089
:10363000DDFE2046FCF7B4FD81B2204609F034FEE1
:103640001AB070BD704700BF10F700081AB90842E1
:1036500005D110467047814303D0002070470120F8
:1036600070470120704780B110B582B00446202316
:103670000193019B202B11D04FF0500383F311884D
:10368000BFF36F8FBFF34F8FFEE74FF0500383F30D
:103690001188BFF36F8FBFF34F8FFEE7002340F811
:1036A000043B01F00FFF01232377204602B010BD39
:1036B00038B5202000F01CFE044628B1002540F853
:1036C000045B01F0FFFE2577204638BD88B12DE967
:1036D000F0410C4616461D460746B1F1807F11D3D6
:1036E0004FF0500383F31188BFF36F8FBFF34F8FF9
:1036F000FEE74FF0500383F31188BFF36F8FBFF3E2
:103700004F8FFEE741B94FF0500383F31188BFF3A9
:103710006F8FBFF34F8FFEE708F018F950B9069B83
:1037200043B14FF0500383F31188BFF36F8FBFF3A2
:103730004F8FFEE707F042FED7F800802A46214669
:103740004046FFF783FFF8B18EB328EA04033B60DD
:103750000023069307F0CCFE069B93B148B94FF0C7
:10376000E0234FF08052C3F8042DBFF34F8FBFF317
:103770006F8F08F043F9804610F0007F1AD028F0D0
:103780007F484046BDE8F081069B002BE2D05EB941
:1037900000210DB141F08061069A2143381D07F0E8
:1037A000ADFF4FF00008D5E74FF08071F1E700233F
:1037B0000693CFE702F0AEF8D7F800802A462146FC
:1037C0004046FFF743FF18B116B128EA04043C60F5
:1037D00002F0C2F8D3E770B170B50C460546B1F1FE
:1037E000807F11D34FF0500383F31188BFF36F8FA5
:1037F000BFF34F8FFEE74FF0500383F31188BFF301
:103800006F8FBFF34F8FFEE702F084F82E6826EA31
:1038100004042C6002F0A0F8304670BD08B5FFF734
:10382000DAFF08BD08B50A4600230146014808F042
:10383000C1FD08BD1D380008EFF311834FF05002A1
:1038400082F31188BFF36F8FBFF34F8F006883F34C
:1038500011887047F8B568B10D460446B1F1807F14
:1038600011D34FF0500383F31188BFF36F8FBFF371
:103870004F8FFEE74FF0500383F31188BFF36F8F34
:10388000BFF34F8FFEE700F10C0607F097FD2069AC
:1038900023682B43236000270AE0216832EA0101F4
:1038A00005D111E0216841F0007107F0B5FF28460D
:1038B000B0420ED04568036823F07F4213F0806F5A
:1038C000EBD121681142F2D013F0807FEAD0174388
:1038D000E8E7236823EA0703236007F009FE20686E
:1038E000F8BD08B5FFF7B6FF08BD000008B51346E0
:1038F0000A460146014808F05DFD08BDE3380008AE
:1039000038B503F091F9274B93F8EB1A51B1D3F87E
:10391000303807EE903AF4EEC07AF1EE10FA11D595
:10392000012500E000251F4B93F8EC2A62B1D3F883
:10393000383807EE903AF4EEC07AF1EE10FA23D55B
:10394000012402E00025EEE70024174B5B8813F00A
:10395000010301D001B11D460BB102B11C4629463D
:10396000124801F07DFE8DB10F4A136843F0400309
:10397000136021460E4801F073FE6CB10A4A1368C9
:1039800043F08003136038BD0024DEE7064A136865
:1039900023F040031360ECE7034A136823F080032D
:1039A0001360F0E7304E0020B43D0020A800002056
:1039B0009C00002008B509F07BF96420FDF71AFB94
:1039C0000120FDF717FBFBE708B5FEF7A3FA64201B
:1039D000FDF710FBFBE7000008B50A4A00210A4882
:1039E000FDF7AEFA094B1860094A00210948FDF7B6
:1039F000A7FA094B18600948FDF778FB084B1860D7
:103A000008BD00BFECFB0008B53900086459002070
:103A1000C8FB0008C939000860590020B8FB00083D
:103A20005C59002020B119B1024A1060024B1960A4
:103A3000704700BF6C5900206859002010B52DED6B
:103A4000068B09F047F8B0EE409A02F063FFF0EE03
:103A5000409A03F02BF8B0EE408A404B93F8CF3AEF
:103A6000012B35D0022B3DD0002B6BD1F0EE690A33
:103A7000B0EE490A3A4807F083F9B0EE407A374B86
:103A8000B3F8C43A07EE903AF8EE677A67EEA97A8F
:103A900067EE897ADFED336A27EE260A67EE807AD1
:103AA0009FED317A67EE877A9FED307A67EE877AFD
:103AB0009FED2F7A38EE078A9FED2E7A28EE078A3F
:103AC00087EE880A2C4B83ED1A0ABDEC068B10BDDD
:103AD000F0EE690AB0EE490A284807F051F9B0EE55
:103AE000407ACCE708F0F6FFF0EE408A02F012FFD1
:103AF000F0EE400A224CB0EE680A204607F040F98A
:103B0000B0EE40AAA4F59054F0EE690AB0EE490A6E
:103B1000204607F035F9DFED137A2AEE27AA60EE8A
:103B20000A8AF0EE690AB0EE490A04F5906007F0DF
:103B300027F9F7EE007A77EECA7A20EE270A38EEF8
:103B4000807A9CE70F48FFF763FD0B4A136843F048
:103B5000010313609FED0C7A91E700BF304E002007
:103B6000303E00200AD7233CB5B7E7416F12833AB5
:103B700033938843136F7944B43D0020B042002052
:103B80003050002048F700080000000010B52DED6F
:103B9000028BFFF753FFB0EE408A4D4B93F8CF3ABC
:103BA000012B0ED0022B26D0002B43D04948FFF723
:103BB0002FFD494A136843F001031360DFED478A84
:103BC00006E0434BD3F8A83607EE903AC0EE278ABA
:103BD000414B1B6813F4005F2FD1414B186800283C
:103BE00072D002F031FD3F4807F090F9DFED3B7AEB
:103BF00030EE278A23E008F06DFFF0EE408A02F0F5
:103C000089FEF0EE400A384CB0EE680A204607F014
:103C1000B7F8D4F8A83407EE903AC8EE278ADFED5B
:103C2000337A20EE270AF7EE007A77EEC07A68EE54
:103C3000A78ACDE7DFED298ACAE79FED288A264BC0
:103C40001B6813F4004F09D1294B186830B102F0FA
:103C50007BFE284807F05AF938EE008ADFED267A15
:103C6000B4EEE78AF1EE10FA0EDBDFED247AB4EE63
:103C7000E78AF1EE10FA07D828EE888A9FED207ABD
:103C8000C8EE077A78EEA78A02F0CEFF1D4807F04B
:103C90003DF9DFED1D7AB4EEE70AF1EE10FA0EDB26
:103CA000DFED1A7AB4EEE70AF1EE10FA07D89FEDCD
:103CB000147AC0EE077A67EEA87A78EEA78AB0EE9B
:103CC000680ABDEC028B10BD9FED048AB7E700BF08
:103CD000304E002048F70008B43D002000000000EE
:103CE0006C59002070560020305000200AD7233C29
:103CF00068590020F0560020000048C400004844E5
:103D00000000C842705800200000FAC30000FA43C7
:103D100008B52DED028BFFF739FFB0EE408A08F0B1
:103D2000D9FE9FED047AC0EE077A88EE270ABDEC33
:103D3000028B08BD0000F04210B52DED028BFFF79D
:103D40007DFE534B93F8CF3A012B44D0B0EE408A1E
:103D5000022B1AD0A3BB4E4BD3F8A43607EE903AF1
:103D6000C0EE278A4B4B1B6813F4005F36D14A4BD9
:103D7000186800285ED002F067FC484807F0C6F8D3
:103D8000DFED477A30EE278A2AE008F0A3FEF0EE56
:103D9000408A02F0BFFDF0EE400A424CB0EE680AE5
:103DA000204606F0EDFFD4F8A43407EE903AC8EEB2
:103DB000278ADFED3D7A20EE270A68EE808AD1E778
:103DC0003A48FFF725FC334A136843F001031360B8
:103DD000DFED338AC6E7DFED328AC3E79FED308A35
:103DE0002C4B1B6813F4004F09D1314B186830B1CC
:103DF00002F0AAFD2F4807F089F838EE008ADFEDBF
:103E00002E7AB4EEE78AF1EE10FA16DBDFED2B7AAC
:103E1000B4EEE78AF1EE10FA36D868EE886A9FEDC4
:103E2000287AC6EE877A78EEA78ADFED1D7A38EE1B
:103E3000278A04E09FED1A8AD2E79FED198A02F0E3
:103E4000F3FE204807F062F8DFED1F7AB4EEE70AD0
:103E5000F1EE10FA10DBDFED1D7AB4EEE70AF1EEB9
:103E600010FA09D89FED167AC0EE077A67EEA87AA5
:103E700078EEA78A38EE008A064B83ED1B8AB0EEF7
:103E8000680ABDEC028B10BD9FED058AD7E700BF25
:103E9000304E0020B43D00206C59002070560020A8
:103EA00000000000305000200AD7233C48F70008EB
:103EB00068590020F0560020000048C40000484423
:103EC0000000C842F05700200000FAC30000FA4387
:103ED00008B510B1034A106008BD0348FFF77AFB2C
:103EE000FAE700BF705900205CF70008414B1B68DF
:103EF000002B7ED010B52DED028B0446FFF71CFF82
:103F0000B0EE408A3C4BD3F8B43607EE903A9FEDC2
:103F10003B7A67EE877AFCEEE77A17EE903AA34297
:103F20002BD8DFED377AB4EEE78AF1EE10FA52DDE6
:103F3000344B1B6813F0080F4DD02F4BD3F8AC2631
:103F400007EE902A88EE270AD3F8B03607EE903AAB
:103F500020EE270AF6EE007A20EE270AB5EEC00A18
:103F6000F1EE10FA16D4F7EE007AB4EEE70AF1EEAD
:103F700010FA11DDB0EE670A0EE008F0BDFD002872
:103F8000CFD11D4BD3F8B83608EE103A012001F01E
:103F900099FB25E09FED1C0A0AF0E2FEDFED1B7A9B
:103FA00080EE278ADFED1A7A28EE278AB5EEC08ADE
:103FB000F1EE10FA09D4DFED177AB4EEE78AF1EEEC
:103FC00010FA04DDB0EE678A01E09FED0F8A012050
:103FD00001F078FB04E0002001F074FB9FED0A8AF9
:103FE000B0EE480A034B1868FEF7C8FDBDEC028B23
:103FF00010BD704770590020304E002000247449D5
:10400000CDCCCC3DB43D002000000000DB0F49408A
:10401000000048430000C84210B558B151B1074AEA
:104020001060074C204601F079FB064BA36000238B
:10403000636010BD0448FFF7CDFAFAE79C590020F1
:10404000745900200000C84278F70008F8B5184BF2
:104050001B68ABB10446174B93F87830032B10D094
:10406000154AD2F8883600EE103A124B002183F838
:104070007910D2F8CC26DA610D4B1868FEF77EFD78
:10408000F8BD0C4D022385F879300B4ED6F8C836B2
:1040900000EE103A094F384601F04DFB08F01AFDCA
:1040A0002146384601F04AFBD6F8C836EB61E3E713
:1040B0009C590020B43D0020304E0020745900204F
:1040C000014B93F879007047B43D00202DE9F0478B
:1040D0008AB005AD002405940694079408940994C9
:1040E00000944C4B1A6B42F004021A631A6B02F0F4
:1040F00004020092009A01941A6B42F080021A6343
:104100001A6B02F080020192019A02941A6B42F03B
:1041100001021A631A6B02F001020292029A0394DE
:104120001A6B42F002021A631A6B02F00202039247
:10413000039A04941A6B42F008021A631B6B03F093
:1041400008030493049BDFF8D4A022464FF4705177
:10415000504603F002FF304F22464FF23F413846AF
:1041600003F0FBFEDFF8B88022464FF407414046DB
:1041700003F0F3FEDFF8AC9022460421484603F03A
:10418000ECFE4FF4705305930126069607940894AD
:104190002946504603F0F6FD4FF23F43059306963D
:1041A000079408942946384603F0ECFD4FF4E06389
:1041B00005930696079408942946404603F0E2FDCD
:1041C0004FF4004305930696079408962946404607
:1041D00003F0D8FD04230593069607940894294616
:1041E000484603F0CFFD4FF4407305934FF444135A
:1041F000069307942946384603F0C4FD224605215C
:10420000172003F0B5F9172003F0C2F90AB0BDE892
:10421000F08700BF0038024000040240000802405E
:1042200000000240000C0240124A12F0070F1ED09C
:10423000D11D21F00701C1F5705313440A460E4801
:104240000260002141601344083B23F007030B4840
:10425000036059601960991A51601360084B196026
:10426000084B1960084B4FF000421A6070474FF43A
:104270007053E4E7C0590020B8590020B459002019
:10428000AC590020B0590020A0590020164B1A4606
:104290001B688342FBD3516802EB010C844509D0B3
:1042A000416800EB010C634509D00360904219D0CE
:1042B000106070474068014451601046F0E710B448
:1042C0000A4C2468A3420BD05B6819444160136810
:1042D0001B680360904200D010605DF8044B70478B
:1042E0000460F7E7704700BFB8590020B4590020B8
:1042F00038B5044607F062F8384B1B68B3B1384B49
:104300001B681C4250D1002C50D004F1080214F05C
:10431000070F02D022F007020832002A55D0314B95
:104320001B68934253D330490C6804E0FFF77CFFCD
:10433000E5E721461C466368934202D22368002BBE
:10434000F7D1264B1B68A34243D00D68083523687C
:104350000B6063689B1A102B10D9A01810F0070F80
:1043600008D04FF0500383F31188BFF36F8FBFF372
:104370004F8FFEE743606260FFF788FF626819496C
:104380000B689B1A0B60194909688B4201D21749C7
:104390000B60134B1B681343636000232360144AB4
:1043A00013680133136002E0002500E0002507F0E8
:1043B0009FF815F0070F0ED04FF0500383F31188CC
:1043C000BFF36F8FBFF34F8FFEE70025EFE70025A8
:1043D000EDE70025EBE7284638BD00BFB4590020C3
:1043E000A0590020B0590020B8590020AC59002035
:1043F000A8590020002834D038B50446A0F108059B
:1044000050F8043C174A1268134208D14FF0500389
:1044100083F31188BFF36F8FBFF34F8FFEE750F820
:10442000081C41B14FF0500383F31188BFF36F8F25
:10443000BFF34F8FFEE723EA020340F8043C06F087
:10444000BDFF54F8041C084A13680B441360284647
:10445000FFF71CFF054A13680133136007F048F8A3
:1044600038BD7047A0590020B0590020A459002041
:1044700008B50B480B4B03600B4B43600023836074
:10448000C3604FF48042026143618361C361036290
:1044900003F080FD00B908BD01F066F8FBE700BF3E
:1044A000C095002000540040A086010030B589B0BE
:1044B0000023039304930593069307930268144B18
:1044C0009A4201D009B030BD00250195114C236BF3
:1044D00043F002032363236B03F002030193019B68
:1044E000C023039312230493032306930423079307
:1044F00003A9094803F046FC0295236C43F400131A
:104500002364236C03F400130293029BDAE700BFD9
:1045100000540040003802400004024080B110B551
:104520000446806820B1012101F09AF80223237526
:10453000E06820B1012101F093F80223237510BD3A
:1045400070470000D8B110B50446806820B1002142
:1045500001F086F803232375E06820B1002101F003
:104560007FF803232375064B1B781BB1A268054B0C
:104570009A4200D010BD044808F09AF8FAE7704754
:10458000B03D00203C0000209000002038B5002401
:104590000BE02846FFF7D6FF124A136843F4802346
:1045A00013601148FFF716F80134104B1B78A34233
:1045B00017D904EB44030E4D05EBC3052B7D022BED
:1045C000F2D107F0BBFF6B68C01A07EE900AF8EE55
:1045D000E77AB7EE007AF4EEC77AF1EE10FAE3DD8F
:1045E000D7E738BDB43D002090F70008D5960020ED
:1045F0001496002008B5754B93F8CE3A9BB1012B69
:1046000061D07348FEF7E6FF724B1B78002B40F039
:10461000C480714A136843F48023136043F001039C
:104620001360002008BD6B4B04221A70674B93F88F
:10463000D63A013B032BE7D8DFE803F0020E1B2E2E
:10464000664B674A9A601A6200221A61654A9A624A
:10465000654B02221A70D7E7604B00221A61614A4B
:104660009A625F4A9A600C321A625F4B02221A7099
:10467000CAE75A4B00221A615A4A9A62584A9A600B
:1046800002F12401D96002F10C01196218325A6258
:10469000554B02221A70B7E7504B00221A61514A5B
:1046A0001A64524A9A65524A9A624D4A9A6002F1D5
:1046B0000C01196202F11801996324321A654A4B00
:1046C00004221A70A0E7434B06221A703F4B93F85E
:1046D000D63A013B032B97D8DFE803F002114123C0
:1046E0003E4B00221A61434A9A62434A1A643C4A8A
:1046F0009A601A629A633C4B03221A7084E7374B24
:1047000000221A613B4A9A623B4A1A64344A9A6010
:1047100002F10C01196218329A63334B03221A70AA
:1047200072E72A4B022283F8D62A2B4A136843F4F5
:1047300080231360294B00221A612E4A9A622E4A66
:104740001A64274A9A6002F10C01196218329A63BE
:10475000254B03221A702948FEF73CFF54E71B4BF8
:10476000022283F8D62A1C4A136843F4802313607C
:104770001A4B00221A611F4A9A621F4A1A64184A89
:104780009A6002F10C01196218329A63164B0322E7
:104790001A701A48FEF71EFF36E707EE903AF8EE59
:1047A000677ADFED176A86EEA77A0B4B83ED087AFE
:1047B00000231A4601211348FCF72AFC10B10121FD
:1047C000FCF77AFC0120104B18702BE7304E0020CC
:1047D000F4F70008D6960020B43D0020149600207F
:1047E0003C00002000003443D59600200000B44374
:1047F000000007440000F04200007043ACF70008DE
:10480000000034448D450008D796002008B5134BAE
:1048100000221A70124B93F8CE3A2BB1012B1BD009
:104820001048FEF7D7FE17E00F4B00221A610F4A1F
:104830001A640F4A9A650F4A9A620F4A9A6002F107
:104840000C01196202F11801996324321A650423DC
:104850000A4A13700A4A137008BD00BFD49600209C
:10486000304E0020F4F70008149600200000344376
:104870000000B443000007443C000020D59600200F
:10488000D696002008B5114B01221A70104B93F8F0
:10489000CE3A2BB1934218D00E48FEF79BFE14E09F
:1048A0000D4B00221A610D4A9A620D4A9A6002F17C
:1048B0002401D96002F10C01196218325A62094BC5
:1048C00002221A70084B04221A7008BDD4960020E8
:1048D000304E0020F4F70008149600200000344306
:1048E0003C000020D5960020D696002008B502F0A6
:1048F00017FAB2EE0C7AC7EE007A0F4BD3F8903667
:1049000000EE103A20EE270AF6EE007AB4EEE70A3F
:10491000F1EE10FA09D4F1EE007AB4EEE70AF1EE06
:1049200010FA04DDB0EE670A01E0B6EE000A034BB0
:1049300083ED1C0A08BD00BF304E0020B43D0020AE
:10494000C0B110B5044607F0F9FD03462268121AFB
:10495000002A0EDB6068C31A002B0ADB01232375D3
:104960002246054907F03AFE22460449206807F02E
:1049700035FE10BD704700BF454500081D450008C5
:1049800008B52DED028B08F0A5F8B0EE408A01F0D5
:10499000C1FF344B93F8D73A002B4BD0314BD3F8AF
:1049A000943608EE903A02F03FF92F4806F0AEFA3E
:1049B000FAEE0E7AB4EEE70AF1EE10FA08DBF2EE48
:1049C0000E7AB4EEE70AF1EE10FA01D878EE808A9A
:1049D000244BB3F8C03A07EE903AF8EE677AF4EE5B
:1049E000C87AF1EE10FA20D81E4BB3F8C23A07EE9F
:1049F000103AB8EE477A37EE877AB4EEC87AF1EE1D
:104A000010FA12DBF4EE477AF1EE10FA27D038EE06
:104A1000678ADFED166A76EEE86A28EE268A37EEB8
:104A2000677AC8EE077A78EEA78AB0EE680ABDEC1E
:104A3000028B08BD0E4B93F87830032B05D0094B41
:104A4000D3F8843608EE903AADE7F0EE400AB0EEC7
:104A5000480A084806F094F9F0EE408AA3E7DFED33
:104A6000038AE2E7304E002070570020000000006B
:104A7000B43D0020304700202DE9F8432DED088B90
:104A8000BC4B93F8D63A002B00F0D981F0EE409A57
:104A9000B0EE609A0646B84B1B78002B00F0CF8131
:104AA000B64B1B68C3F3C00713F0080F00F0C781B3
:104AB000B04AD2F8902607EE902AB6EE007AF4EECD
:104AC000C77AF1EE10FA06DBB1EE007AF4EEC77A9F
:104AD000F1EE10FA1BD9B6EE007AF4EEC77AF1EED9
:104AE00010FA09D4B1EE007AF4EEC77AF1EE10FABA
:104AF00004DDF0EE477A01E0F6EE007A17EE902A38
:104B00009C49C1F8902643F480239C4A1360FFF728
:104B100037FFF0EE40AAB5EEC00AF1EE10FA09D464
:104B2000DFED977AB4EEE70AF1EE10FA04DDF0EE6D
:104B300067AA01E0DFED9AAA904CC4ED09AAFFF73D
:104B4000D5FEB0EE40AA2368C3F30014894A92F858
:104B5000D62A042A0BD0002400BF864B93F8D63AFD
:104B6000042B15D0F0EE69BA0027002424E04CB9DC
:104B700043F00403814A13608248FEF72BFDFFF7E0
:104B800081FEE9E7FFF742FE07F09EFF0446E3E7F8
:104B90007D4B1B7853B907EE904AF8EE67BADFED0C
:104BA0007B7A6BEEA7BA7BEEA9BADEE7F0EE69BAC4
:104BB0000027DAE787B10134754B1B78A34240F236
:104BC0003E8104EB4403734D05EBC3052B7D002BA5
:104BD000F0D0032BEED0EEE707F088FF04EB4402A1
:104BE0006C4B03EBC203D3ED048A78EEEA8A03E050
:104BF000DFED667A78EEA78AF5EEC08AF1EE10FA5C
:104C0000F6D403E0DFED617A78EEE78ADFED5F7AD4
:104C1000F4EEE78AF1EE10FAF4DAB5EE409AF1EE2E
:104C200010FA0AD069EE277A9FED5B7A87EE87BA91
:104C30002AEE0B8A38EEC88A06E09FED59BAF7E7EC
:104C4000DFED527A38EE278AB5EEC08AF1EE10FA1F
:104C5000F6D403E0DFED4D7A38EE678ADFED4B7A6C
:104C6000B4EEE78AF1EE10FAF4DAB0EE481AF0EE9C
:104C7000690A09F003FB00289DD178EEEB8AF5EE76
:104C8000C08AF1EE10FA62D4B5EEC09AF1EE10FAD5
:104C900062D9F5EEC08AF1EE10FA5FD99FED3B7A4A
:104CA00029EE077ADFED3D6AC6EE877A67EEA87ACD
:104CB000FCEEE77A17EE903A334404EB4401354AB0
:104CC00002EBC102536038EE6B8AB5EEC08AF1EE9A
:104CD00010FA45D4B5EEC09AF1EE10FA45D9B5EE0A
:104CE000C08AF1EE10FA42D99FED287A29EE077AB0
:104CF000DFED2A6AC6EE877A67EE887AFCEEE77AFD
:104D000017EE903A334404EB4402224941F8323022
:104D10002846FFF715FE174B93F8D83A002B42D0E0
:104D2000144BD3F8983607EE903AF4EEC97AF1EEC8
:104D300010FA37DD0F4B93F8D63A012B77D00D4B95
:104D400093F8D93A012B74D9013BDBB22BE0DFEDAC
:104D50000F7A78EEA78A97E70023ADE70023ABE749
:104D6000DFED0A7A38EE278AB4E70023CAE700238A
:104D7000C8E700BF304E0020D7960020B43D002089
:104D80000000204220F80008D49600200000B44320
:104D9000D59600201496002000606A47C0E1644C5C
:104DA000000000000023022B28BF022398464FF08A
:104DB00001091FED058AB8F1000F3CD0224BD3F852
:104DC0009C2607EE902A37EE8A7A27EE0B7A38EE89
:104DD000078AD3F8A03607EE103AB4EEC87AF1EE9F
:104DE00010FA28D4194904EB440001EBC0025368BF
:104DF0009FED177A67EE877AFCEEE77A17EE90CA96
:104E0000634441F830302AEE077ABCEEC77A17EED9
:104E1000101A0B44536009F101095FFA89F9284619
:104E2000FFF78EFD08F1FF385FFA88F8C3E700232B
:104E3000B9E70023B7E7074B83F87A90BBE6BDECF0
:104E4000088BBDE8F88300BF304E00201496002088
:104E500000007A44B43D002008B5104B01221A70BE
:104E60000F4B93F8CE3A2BB1934215D00D48FEF775
:104E7000B1FB11E00C4B00221A610C4A9A620C4AF9
:104E80009A6002F12401D96002F10C011962183212
:104E90005A62084B02221A7008BD00BFD896002043
:104EA000304E002050F80008DC960020000034430B
:104EB0006C000020DB96002008B5124B00221A700F
:104EC000114B93F8CE3A2BB1012B19D00F48FEF7B6
:104ED00081FB15E00E4B0F4A1A610F4A1A6400223B
:104EE0009A650E4A9A620E4A9A6002F10C011962A2
:104EF00002F11801996324321A650A4B04221A70D0
:104F000008BD00BFD8960020304E002050F80008A1
:104F1000DC9600200000B443000007440000344346
:104F20006C000020DB96002080B110B5044680683C
:104F300020B1002100F094FB03232375E06820B129
:104F4000002100F08DFB0323237510BD7047000086
:104F500038B5002400E001340F4B1B78A34219D967
:104F600004EB44030D4D05EBC3052B7D022BF2D161
:104F700007F0E4FA6B68C01A0028ECDD2846FFF75A
:104F8000D3FF074A136843F4002313600548FEF774
:104F900021FBE0E738BD00BFDB960020DC96002057
:104FA000B43D00207CF8000880B110B5044680684C
:104FB00020B1012100F054FB02232375E06820B1E9
:104FC000012100F04DFB0223237510BD7047000046
:104FD000C0B110B5044607F0B1FA03462268121AB0
:104FE000002A0EDB6068C31A002B0ADB012323753D
:104FF0002246054907F0F2FA22460449206807F0E4
:10500000EDFA10BD704700BF294F0008A94F0008F6
:1050100008B55A4B93F8D53A002B00F0AD80574AAB
:1050200092F8CE2A9AB1012A50D05548FEF7D2FA0A
:10503000544B1B78002B40F09180534A136843F483
:105040008023136043F001031360002095E04F4A72
:1050500004211170022B0FD0032B20D0012BE7D19C
:105060004B4B4C4A9A601A6200221A614A4A9A6271
:10507000444B02221A70DBE7454B00221A61464A74
:105080009A62444A9A6002F12401D96002F10C014B
:10509000196218325A623B4B02221A70C8E73C4B25
:1050A0003E4A1A613E4A1A6400229A653A4A9A6256
:1050B000384A9A6002F10C01196202F118019963F1
:1050C00024321A652F4B04221A70B1E72F4A0621A9
:1050D0001170022B12D0032B22D0012BA8D12C4B04
:1050E00000221A612F4A9A622F4A1A64294A9A604A
:1050F0001A629A63234B03221A7099E7244B002209
:105100001A61284A9A62284A1A64224A9A6002F16D
:105110000C01196218329A631A4B03221A7087E73E
:10512000164B022283F8D52A174A136843F400234A
:105130001360174B00221A611A4A9A621A4A1A64BB
:10514000144A9A6002F10C01196218329A630D4BED
:1051500003221A701548FEF73DFA69E700231A4644
:1051600001211348FBF754FF10B10121FBF7A4FF05
:105170000120104B187000E0012008BD304E0020C7
:1051800050F80008DB960020B43D0020DA9600209D
:10519000DC9600206C000020000034430000B44383
:1051A000000007440000F0420000704398F8000837
:1051B000514F0008D996002008B5FEF7A9FDDFED94
:1051C0000F7A80EE277A0E4BD3F8C43607EE903A6A
:1051D000C7EE277A9FED0B7A67EE877A9FED0A7A02
:1051E00067EE877A094B1B7807EE103AB8EE477ADC
:1051F00087EE870A064B83ED1D0A08BDCDCC2C3FF8
:10520000304E00200000704200007A44DA96002000
:10521000B43D0020F8B52DED088B9A4B93F8D53AA4
:10522000002B00F02C81B0EE409AF0EE608A05462B
:10523000954A1278002A00F02281944A1278002AB6
:1052400000F01D81924A1268C2F3C00612F0080FE6
:1052500000F015818B49D1F8C0160AEE101AB5EE90
:10526000C0AAF1EE10FA09D4DFED8A7AB4EEE7AA0B
:10527000F1EE10FA04DDB0EE67AA01E09FED86AA18
:10528000C2F30014032B0BD0002400BF7D4B93F816
:10529000D53A032B15D0F0EE499A0026002424E0DD
:1052A0004CB942F004027A4B1A607C48FEF792F93E
:1052B000FFF7D2FDE9E7FFF7FFFD07F005FC044625
:1052C000E3E7774B1B7853B907EE904AF8EE679AFD
:1052D000DFED747A69EEA79A79EE899ADEE7F0EE4F
:1052E000499A0026DAE786B101346F4B1B78A34256
:1052F00040F2C58004EB44036C4F07EBC3073B7DD2
:10530000032BF0D0002BEED0EEE707F0EFFBB0EE72
:1053100040BA04EB4402654B03EBC203D3ED047ABD
:1053200077EECAAA03E0DFED5F7A7AEEA7AAF5EE80
:10533000C0AAF1EE10FAF6D403E0DFED5A7A7AEE65
:10534000E7AADFED587AF4EEE7AAF1EE10FAF4DA04
:10535000F5EE408AF1EE10FA0CD068EEA77A9FEDD8
:10536000547A87EE878AFFF727FF20EE088A3AEE05
:10537000C88A06E09FED488AF5E7DFED4A7A38EE05
:10538000278AB5EEC08AF1EE10FAF6D403E0DFED1D
:10539000457A38EE678ADFED437AB4EEE78AF1EEBC
:1053A00010FAF4DAB0EE481AF0EE490AB0EE4B0A01
:1053B00008F064FF002897D17AEEE97AF5EEC07A1A
:1053C000F1EE10FA49D4F5EEC08AF1EE10FA49D99F
:1053D000F5EEC07AF1EE10FA46D9DFED326A68EEEA
:1053E000A66A9FED346A86EE267A67EE277AFCEE8F
:1053F000E77A17EE903AE81838EE698AB5EEC08A77
:10540000F1EE10FA32D4F5EEC08AF1EE10FA32D98C
:10541000B5EEC08AF1EE10FA2FD99FED227A28EE70
:10542000877ADFED246AC6EE877A67EE887AFCEE2B
:10543000E77A17EE902AA9189B1A312B7FF654AF02
:105440001A4B04EB440203EBC20CCCF8040043F803
:1054500032103846FFF7BCFD46E79FED127A77EE33
:10546000877AB0E70023C6E70023C4E7DFED0D7AB3
:1054700038EE278AC7E70022DDE70022DBE7BDEC34
:10548000088BF8BD304E0020D9960020380000204F
:10549000B43D00200000344300000000E8F800089C
:1054A000D89600200000B443DB960020DC96002054
:1054B00000606A47C0E1644C014B00221A707047DB
:1054C0003800002000F1080343604FF0FF32826093
:1054D000C3600361002303607047002303617047CA
:1054E00043684B609A688A605160996008610368FC
:1054F00001330360704730B40D68B5F1FF3F11D040
:1055000000F108031C465B681A68AA42FAD963686E
:105510004B6099608C6061600861036801330360CF
:1055200030BC70470469F2E70369416882688A60A9
:10553000416851605A68824206D0002202611A68AE
:10554000013A1A601868704782685A60F5E70000EF
:1055500008B50268034B9A4200D008BD01F000FC78
:10556000FBE700BF0048014072B6FEE710B594B0FB
:1055700008AC30220021204608F06EFF0023039380
:10558000049305930693079301931F4A116C41F00E
:1055900080511164126C02F080520192019A0293C0
:1055A0001A490A6822F4404242F400420A600A683A
:1055B00002F440420292029A0222089201210B91C7
:1055C00010210C910E920F9308231093C022119278
:1055D000062212921393204603F018FC78B90F2389
:1055E000039302210491002305934FF48052069205
:1055F000079303A803F05AFE18B914B010BDFFF7C3
:10560000B3FFFFF7B1FF00BF003802400070004059
:1056100008B501F08BFBFFF7A9FFFEF757FDFDF77B
:105620009DF906F0ABFBFBF73BFA06F08BFAFCF7B3
:1056300041FFFEF71DFF06F0D7FAFBF753FCFEF71C
:10564000CBF9FBF761FCFEE740B108B58188006843
:1056500002F07CFC003818BF012008BD0120704713
:1056600058B108B572B6027A0AB162B608BD0A46E8
:105670008188006802F071FCF7E77047A0B138B587
:105680000D46044672B68188006802F05FFC00385F
:1056900018BF01206072012323722A46A188206866
:1056A00002F05BFC62B638BD704750B108B572B607
:1056B00000220272427A8188006802F04EFC62B6D3
:1056C00008BD704708B501460148FFF7C9FF08BD8E
:1056D000B400002078B110B504460121FFF7CEFFD9
:1056E0000320FBF787FC2046FFF7DFFF0021204661
:1056F000FFF7B6FF10BD704778B110B50446012121
:10570000FFF7BCFF0A20FBF775FC2046FFF7CDFF33
:1057100000212046FFF7A4FF10BD7047034648B1A3
:1057200041B10022C2600261426182610020D86101
:105730005A621960704780ED080A70470368002BB1
:1057400079D0C2698A1A07EE902AF8EE677A9FED3F
:105750003B7AC7EE876A90ED086A36EE406AD3ED71
:10576000005A65EE865A90ED037AD3ED017AB6EED3
:10577000005A67EE857A67EEA67A90ED055A35EE07
:10578000065A67EE857A77EE277AC0ED037A93EDB5
:10579000047AF4EEC77AF1EE10FA38DD80ED037A80
:1057A000D3ED027A77EEA77A90ED067A30EE477A5B
:1057B00067EE877A93ED057A37EE077A37EE665A09
:1057C000D0ED044A25EE245A77EE857AF1EE677A19
:1057D00037EE267AC7EE876AC0ED046AD0ED037A09
:1057E00077EEA57A76EEA77AC0ED097A90ED027A87
:1057F000F4EEC77AF1EE10FA13DD80ED097A80ED50
:10580000056A80ED060AC16190ED090A704793EDC3
:10581000037AF4EEC77AF1EE10FAC1D580ED037A7F
:10582000BEE790ED017AF4EEC77AF1EE10FAE6D514
:1058300080ED097AE3E79FED020A7047002474497E
:105840000000000082B0002301930D4B1B68B3F1F0
:10585000FF3F08D04FF0500383F31188BFF36F8FE1
:10586000BFF34F8FFEE74FF0500383F31188BFF370
:105870006F8FBFF34F8F019B002BFCD002B070479E
:10588000CC00002008480068006880F308884FF0CA
:10589000000080F3148862B661B6BFF34F8FBFF388
:1058A0006F8F00DF00BF000008ED00E0DFF80C00A4
:1058B000016841F4700101607047000088ED00E06C
:1058C0004FF0807340F8043C21F0010140F8081CBF
:1058D000054B40F80C3C40F8202C6FF0020340F8D8
:1058E000243C4438704700BF4558000800000000C1
:1058F000074B19680868B0E8F04F80F30988BFF3D8
:105900006F8F4FF0000080F311887047AFF3008075
:10591000749D00204FF0500383F31188BFF36F8F05
:10592000BFF34F8F0B4A136801331360012B00D074
:1059300070474FF0E023D3F8043D13F0FF0FF7D08A
:105940004FF0500383F31188BFF36F8FBFF34F8F76
:10595000FEE700BFCC000020094B1B6843B94FF0A5
:10596000500383F31188BFF36F8FBFF34F8FFEE7B0
:10597000013B034A13600BB983F31188704700BFE2
:10598000CC0000200000000000000000000000002B
:10599000EFF30980BFF36F8F154B1A681EF0100FDD
:1059A00008BF20ED108A20E9F04F10602DE90900B2
:1059B0004FF0500080F31188BFF34F8FBFF36F8F0C
:1059C00005F038FE4FF0000080F3118809BC19681B
:1059D0000868B0E8F04F1EF0100F08BFB0EC108A56
:1059E00080F30988BFF36F8F704700BFAFF300806B
:1059F000749D002008B54FF0500383F31188BFF366
:105A00006F8FBFF34F8F05F0E7FC28B14FF0E02315
:105A10004FF08052C3F8042D002383F3118808BD92
:105A20004FF0E022002313619361054B1B68054989
:105A3000A1FB03139B09013B5361072313617047CB
:105A4000D8000020D34D62104FF0E023D3F8002D92
:105A50003D4B9A421CD04FF0E023D3F8002D3B4B36
:105A60009A421ED030B583B0394B1A78D2B2019227
:105A7000FF221A701B78DBB28DF803309DF80330DB
:105A800003F05003334A1370334B07221A601BE0B4
:105A90004FF0500383F31188BFF36F8FBFF34F8F25
:105AA000FEE74FF0500383F31188BFF36F8FBFF30E
:105AB0004F8FFEE7284A1368013B13609DF80330BF
:105AC0005B00DBB28DF803309DF8033013F0800FDC
:105AD000F0D1214B1B68032B08D04FF0500383F308
:105AE0001188BFF36F8FBFF34F8FFEE71B021A4A77
:105AF000136003F4E0631360019BDBB2144A13707C
:105B00004FF0E024D4F8203D43F47003C4F8203D66
:105B1000D4F8203D43F07043C4F8203DFFF780FFE8
:105B200000250E4B1D60FFF7C1FED4F8343F43F053
:105B30004043C4F8343FFFF7A5FE05F07BFDFFF7B7
:105B400081FE284603B030BD71C20F4170C20F41C3
:105B500000E400E0A09700209C970020CC000020EB
:105B6000EFF305830F2B0ED9114A9A5C114B1B786A
:105B70009A4208D24FF0500383F31188BFF36F8F1E
:105B8000BFF34F8FFEE74FF0E023D3F80C3D03F453
:105B9000E063094A1268934208D94FF0500383F337
:105BA0001188BFF36F8FBFF34F8FFEE7704700BFC1
:105BB000F0E300E0A09700209C97002008B1014A84
:105BC00010607047AC97002008B5094B93F8E53A90
:105BD00033B1084B186818B19FED070AFCF7EAFFCC
:105BE00000210648FFF74AFDFFF766FC08BD00BF2D
:105BF000304E0020AC97002000000000B4000020D0
:105C000010B5294B1C68041B1860284B93F8CF3A39
:105C1000022B02D09BBB012200E00122234B93F810
:105C2000E61A234B1B68C3F3C053114200D043B3A1
:105C300001F046F820B91E4B93F87830032B23D09F
:105C40001C4B00221A60194B93F8E13A4FF47A7218
:105C500002FB03F3174A126893421FD300F0E4FFDC
:105C6000124BD3F8283807EE903AB4EEE70AF1EE7B
:105C700010FA03D40D4B93F8E33A93B910BD002208
:105C8000CCE7FFF7A1FFD3E7084B93F8E23A002BEC
:105C9000D6D0084A136823441360D4E7FFF794FF73
:105CA000DCE7FFF791FFE9E7A8970020304E0020DE
:105CB000B43D0020A497002010B50446FFF72AFE4B
:105CC000A26BE36B9A4204D00024FFF745FE204606
:105CD00010BD0124F9E710B50446FFF71BFEA36BC6
:105CE00023B90124FFF738FE204610BD0024F9E750
:105CF00070B504461546866B026C5AB903681BB131
:105D000000200136A66370BD806805F02FFE0023D9
:105D1000A360F6E76DB9406808F0D2FB6368226CB7
:105D200013446360A268934219D3236863602846D2
:105D3000E7E7C06808F0C4FBE368226C51429B1A95
:105D4000E3602268934202D2A3680B44E360022D11
:105D500001D00020D5E726B1013E0020D1E728463A
:105D6000CFE70020CDE70346026C6AB110B50846C4
:105D7000D9681144D9609C68A14201D31968D960DF
:105D8000D96808F09DFB10BD704738B50546FFF790
:105D9000C1FD95F8454064B201E0013C64B2002CBD
:105DA0000ADD6B6A43B105F1240005F0EFFC002821
:105DB000F3D005F0C5FDF0E7FF2385F84530FFF788
:105DC000CBFDFFF7A7FD95F8444064B201E0013C2C
:105DD00064B2002C0ADD2B6943B105F1100005F017
:105DE000D5FC0028F3D005F0ABFDF0E7FF2385F8E4
:105DF0004430FFF7B1FD38BD38B5E0B10D4604467B
:105E0000FFF788FD2368E26B216C01FB0230A06084
:105E10000020A0636360013A02FB0133E360FF23CB
:105E200084F8443084F84530FDB9236963B9FFF73D
:105E300093FD012038BD4FF0500383F31188BFF369
:105E40006F8FBFF34F8FFEE704F1100005F09EFC4B
:105E50000028ECD04FF0E0234FF08052C3F8042D1F
:105E6000BFF34F8FBFF36F8FE1E704F11000FFF72F
:105E700029FB04F12400FFF725FBD8E738B51D46C0
:105E8000049C0B4649B92460E06323640121204649
:105E9000FFF7B2FF84F84C5038BD2260F4E740B9F8
:105EA0004FF0500383F31188BFF36F8FBFF34F8F11
:105EB000FEE710B584B01C46844653B192B189B94F
:105EC0004FF0500383F31188BFF36F8FBFF34F8FF1
:105ED000FEE74FF0500383F31188BFF36F8FBFF3DA
:105EE0004F8FFEE76AB150230393039B502B13D0CF
:105EF0004FF0500383F31188BFF36F8FBFF34F8FC1
:105F0000FEE70029EFD04FF0500383F31188BFF371
:105F10006F8FBFF34F8FFEE7039B012384F846305A
:105F200000949DF818306046FFF7A8FF204604B0A3
:105F300010BD40B94FF0500383F31188BFF36F8F4A
:105F4000BFF34F8FFEE7F0B583B00D46144606460B
:105F500001FB00F05030FEF7CBF9074650B10023AB
:105F600080F846300090234600F150022946304622
:105F7000FFF784FF384603B0F0BDF0B585B001925D
:105F800088B10F461D460446B1B1022D20D1E36B06
:105F9000012B1DD04FF0500383F31188BFF36F8F97
:105FA000BFF34F8FFEE74FF0500383F31188BFF329
:105FB0006F8FBFF34F8FFEE7036C002BE5D04FF0E0
:105FC000500383F31188BFF36F8FBFF34F8FFEE74A
:105FD00005F0BCFC064658B9019B002B48D04FF099
:105FE000500383F31188BFF36F8FBFF34F8FFEE72A
:105FF00000263DE02A4639462046FFF779FE636ACF
:106000007BB948B14FF0E0234FF08052C3F8042D24
:10601000BFF34F8FBFF36F8FFFF79EFC012005B0DA
:10602000F0BD04F1240005F0B1FB0028F4D04FF0DE
:10603000E0234FF08052C3F8042DBFF34F8FBFF31E
:106040006F8FE9E7FFF788FC0020E8E702A805F07A
:1060500027FC012619E0002384F8443021E00023C6
:1060600084F8453023E02046FFF78FFE05F040FA24
:10607000FFF750FCA26BE36B9A42BBD3022DB9D061
:10608000019B002BDED0002EE0D0FFF765FC05F071
:1060900095F9FFF73FFC94F8442052B2B2F1FF3F6C
:1060A000D9D094F8452052B2B2F1FF3FD7D0FFF7D4
:1060B00053FC01A902A805F0FFFBD8B92046FFF761
:1060C000FBFD0028CFD0019904F1100005F0FEFA85
:1060D0002046FFF75AFE05F00BFA0028C8D14FF012
:1060E000E0234FF08052C3F8042DBFF34F8FBFF36E
:1060F0006F8FBDE72046FFF748FE05F0F9F9002055
:106100008DE72DE9F84390B10F4616461C4605462B
:10611000B1B1022C20D1EB6B012B1DD04FF05003FD
:1061200083F31188BFF36F8FBFF34F8FFEE74FF0FC
:10613000500383F31188BFF36F8FBFF34F8FFEE7D8
:10614000036C002BE5D04FF0500383F31188BFF3AD
:106150006F8FBFF34F8FFEE7FFF702FDEFF311885C
:106160004FF0500383F31188BFF36F8FBFF34F8F4E
:10617000AA6BEB6B9A4206D3022C04D0002088F362
:106180001188BDE8F88395F845904FFA89F9AB6B13
:10619000224639462846FFF7ABFDB9F1FF3F06D04E
:1061A00009F101035BB285F845300120E7E76B6A2E
:1061B0000BB90120E3E705F1240005F0E7FA18B177
:1061C00026B101203060DAE70120D8E70120D6E7C8
:1061D000F0B585B0019290B10F460446C1B105F00B
:1061E000B5FB064600BB019B002B5ED04FF0500371
:1061F00083F31188BFF36F8FBFF34F8FFEE74FF02C
:10620000500383F31188BFF36F8FBFF34F8FFEE707
:10621000036C002BE3D04FF0500383F31188BFF3DE
:106220006F8FBFF34F8FFEE700263EE039462046D2
:10623000FFF799FD013DA563236923B9FFF78CFBA7
:10624000012005B0F0BD04F1100005F09FFA002810
:10625000F4D04FF0E0234FF08052C3F8042DBFF389
:106260004F8FBFF36F8FE9E7FFF776FB0020E8E77A
:1062700002A805F015FB012621E0002384F8443034
:1062800029E0002384F845302BE02046FFF77DFD10
:1062900005F02EF909E02046FFF777FD05F028F913
:1062A0002046FFF718FD00283FD1FFF733FBA56B11
:1062B000002DBBD1019B002BD6D0002ED8D0FFF7EC
:1062C0004BFB05F07BF8FFF725FB94F844305BB2FD
:1062D000B3F1FF3FD1D094F845305BB2B3F1FF3F4B
:1062E000CFD0FFF739FB01A902A805F0E5FA002895
:1062F000D1D12046FFF7EFFC0028C6D0019904F168
:10630000240005F0E3F92046FFF73FFD05F0F0F823
:106310000028CAD14FF0E0234FF08052C3F8042D7B
:10632000BFF34F8FBFF36F8FBFE7002089E72DE9E1
:10633000F843B0B10D4690460446D9B1FFF710FCC2
:10634000EFF311874FF0500383F31188BFF36F8F82
:10635000BFF34F8FA66BCEB9002087F31188BDE83D
:10636000F8834FF0500383F31188BFF36F8FBFF3AF
:106370004F8FFEE7036C002BE0D04FF0500383F308
:106380001188BFF36F8FBFF34F8FFEE794F84490EF
:106390004FFA89F929462046FFF7E5FC731EA363EF
:1063A000B9F1FF3F06D009F101035BB284F8443034
:1063B0000120D2E723690BB90120CEE704F11000D8
:1063C00005F0E4F930B1B8F1000F05D00120C8F8AC
:1063D0000000C2E70120C0E70120BEE70023072B31
:1063E0000CD8074A52F833200AB10133F7E7044AC0
:1063F00042F8331002EBC30250607047704700BF91
:10640000B097002070B504460D461646FFF782FA95
:1064100094F844305BB2B3F1FF3F0DD094F84530AF
:106420005BB2B3F1FF3F0BD0FFF796FAA36B5BB102
:106430002046FFF7AAFC70BD002384F84430EDE746
:10644000002384F84530EFE73246294604F1240062
:1064500005F080F9ECE7000008B520B180ED010AF5
:106460000170027208BD0248FDF7B4F8FAE700BFF8
:106470001CF9000810B582B00446007AFAF706FD50
:106480008DED010A9DED017AF5EE007AB4EEE77A22
:10649000F1EE10FA2FDB9DED017AF1EE037AB4EE06
:1064A000E77AF1EE10FA2AD82378ABB1DDED017A64
:1064B000F5EE407AF1EE10FA24D09DED017AF1EE7E
:1064C000047A77EEC77A94ED017A67EE877A9DEDCC
:1064D000017A87EE870A10E094ED017ADDED017A0A
:1064E00027EE277ADDED016AF1EE047A77EEE67A9F
:1064F00087EE270A01E09FED050A02B010BD9FED6F
:10650000030AFAE79FED020AF7E700BF0000C07F29
:106510000000807F08B528B103460D2906D00E295A
:1065200027D008BD4048FDF755F8FAE73F4A92F8F2
:10653000DC2A002A38D0012AF3D10D291DD00E29DA
:10654000EFD103221A7504225A750022DA751A76E1
:10655000997540F2A1125A8240F659521A821F29A7
:10656000DFD83348036801228A4023EA020303602C
:10657000D7E72E4A92F8DD2ADBE71A7502225A7510
:106580000022DA751A76997540F2A1125A8240F605
:1065900059521A821F29C4D82548036801228A400B
:1065A00023EA02030360BCE70D291FD00E29B8D1EE
:1065B00003221A7504225A750022DA751B4A92F8D2
:1065C000DB0A003818BF012018769975B2F8CC0A9A
:1065D0005882B2F8CA2A1A821F29A2D8144803681E
:1065E00001228A4023EA020303609AE701221A7516
:1065F00002225A750022DA750C4A92F8DA0A00383B
:1066000018BF012018769975B2F8C80A5882B2F8F6
:10661000C62A1A821F2984D80548036801228A40A5
:1066200023EA020303607CE734F90008304E0020BF
:10663000B43D002010B190ED000A70479FED010AB3
:10664000704700BF0000C07F10B190ED010A704795
:106650009FED010A704700BF0000C07F38B588B1C8
:106660000D46044603698BB9837D1F2B06D84B4822
:106670000268012101FA03F31A430260484B2360C8
:10668000636038BD4748FCF7A5FFFAE7007DFAF7DD
:10669000D1FB07EE900A237E002B42D0F8EE677AFA
:1066A000228A07EE102AF8EE476A638A07EE103A4C
:1066B000B8EE477A9A4251D077EEE67A9FED3A6A81
:1066C00067EE867A77EE666A87EEA67ADFED377A2E
:1066D00037EE277A84ED007AE368D4ED027A77EE1C
:1066E000676AE56084ED027AED1A3DD100236360AC
:1066F000F8EE047AB4EEE77AF1EE10FA06D4DFEDA4
:106700002C7AB4EEE77AF1EE10FA3ADDA37D1F2B76
:10671000B7D822480268012101FA03F31A43026044
:10672000AFE7F8EE677A628A07EE102AF8EE476A5A
:10673000238A07EE103AB8EE477A9A4211D077EEE4
:10674000E67A9FED196A67EE867A77EE666A87EEDB
:10675000A67ADFED167A37EE277ABBE79FED137A3C
:10676000B8E79FED127AB5E707EE905AF8EE677A30
:1067700086EEA76ADFED0F7A66EE277AC4ED017A1E
:10678000B6E7A37D1F2B3FF67CAF044802680121CA
:1067900001FA03F322EA0302026072E7B43D00202B
:1067A0000000C07F48F900080000C8420000000057
:1067B0000000CD420024744908B598B10346A9B140
:1067C000012920D140F2471202824FF46E624282C8
:1067D000052202750F490A6822F400420A600E4A37
:1067E000136008BD0D48FCF7F5FEFAE700220282AF
:1067F00040F6FF7242820522027506490A6822F4B9
:1068000000420A60EBE703490A6842F400420A606A
:10681000E5E700BFB43D00200498002054F90008CB
:1068200010B52DED028B354B1B68002B4BD0044669
:106830001A69002A4BD0187DFAF7FCFA07EE900A85
:10684000F8EE677A2D4B1B68198A07EE101AF8EEDE
:10685000476A5A8A07EE102AB8EE477A914244D026
:1068600077EEE67A9FED266A67EE867A37EE667AED
:1068700087EE878ADFED237A38EE278AD9682046AB
:10688000D3ED020AB0EE480A07F060FD1B4B1B680F
:1068900083ED008A83ED010A83ED028ADC60B5EEA8
:1068A000C08AF1EE10FA06DBDFED177AB4EEE78A64
:1068B000F1EE10FA1CD9154A136843F40043136033
:1068C000BDEC028B10BD1248FCF784FEF8E70F4ABE
:1068D000136843F4004313600D48FCF77BFE074B3D
:1068E0001B6800221A605A60EAE79FED068AC5E736
:1068F000064A136823F400431360E1E7049800207C
:106900000000C842000000000000F042B43D00203A
:1069100068F9000808B5084B1B6813B193ED000A2D
:1069200008BD064A136843F4004313600448FCF7AB
:1069300051FE9FED040AF3E704980020B43D0020C7
:1069400068F900080000000008B5084B1B6813B187
:1069500093ED010A08BD064A136843F4004313602F
:106960000448FCF737FE9FED040AF3E70498002083
:10697000B43D002068F900080000000070B58AB03E
:10698000044611B3012942D1062200219FED230ABA
:10699000FFF762FD04AD224E0FCE0FC596E803004F
:1069A00085E803000AAB13E907008DE8070004AB94
:1069B0000ECB204605F02EF81A4B1C601A4A1368BD
:1069C00023F4003313600AB070BD062200219FED4E
:1069D000170AFFF741FD0DF1100C154D0FCDACE876
:1069E0000F0095E803008CE803000AAB13E90700E9
:1069F0008DE8070004AB0ECB204605F00BF8094BE1
:106A00001C60094A136823F400331360DBE7064A6D
:106A1000136843F400331360D5E700BF00401C4601
:106A200034F5000800980020B43D002000E09245B5
:106A30004CF5000808B5174B1868B8B105F05EF8BA
:106A4000DFED157AB4EEE70AF1EE10FA19DBDFEDAF
:106A5000137AB4EEE70AF1EE10FA12D8104B1A6866
:106A600022F400321A6083ED110A11E00D48FCF7A0
:106A7000B1FD0B4B1A6842F400321A600A4A5A649C
:106A800006E0074B1A6842F400321A60064A5A645C
:106A900008BD00BF00980020000048C20000164357
:106AA000B43D00207CF900080000204208B5094BE5
:106AB0001B681BB1084B93ED110A08BD0748FCF792
:106AC00089FD054A136843F4003313609FED040AFF
:106AD000F3E700BF00980020B43D00207CF90008D7
:106AE0000000204270B58AB020B3044659B3012992
:106AF0004BD1072200219FED280AFFF7ADFC04AD22
:106B0000264E0FCE0FC596E8030085E803000AABBA
:106B100013E907008DE8070004AB0ECB204604F014
:106B200079FF1F4B1C601F4A136823F480331360E6
:106B30000AB070BD1C48FCF74DFD1A4A136843F4B7
:106B400080331360F4E7072200219FED130AFFF75B
:106B500083FC0DF1100C154D0FCDACE80F0095E83E
:106B600003008CE803000AAB13E907008DE8070077
:106B700004AB0ECB204604F04DFF094B1C60094AC4
:106B8000136823F480331360D2E7064A136843F492
:106B900080331360CCE700BF00E0924564F5000845
:106BA000FC970020B43D002090F900087CF5000817
:106BB00010B5174B1868B8B104F0A0FFDFED157AD7
:106BC000B4EEE70AF1EE10FA19DBDFED137AB4EE5A
:106BD000E70AF1EE10FA12D8104B1A6822F480324C
:106BE0001A6083ED100A11E00C4C236843F48033E3
:106BF00023600B48FCF7EEFC0A4B236406E0074BCE
:106C00001A6842F480321A60064A1A6410BD00BF46
:106C1000FC970020000048C200001643B43D00204D
:106C200090F900080000704208B5094B1B681BB1C1
:106C3000084B93ED100A08BD064A136843F48033ED
:106C400013600548FCF7C6FC9FED040AF3E700BF9C
:106C5000FC970020B43D002090F90008000070422D
:106C600010B504460820FAF7E5F8B0F5006F34BF18
:106C7000002001200E4B1B78834203D00D4B1C607B
:106C80000B4B18700B4B1B68E41AC72C01D90A4B2D
:106C90001870094B1B782BB9084A136843F08053CE
:106CA000136010BD054A136823F080531360F8E7A2
:106CB000F8970020F4970020F0970020B43D0020C2
:106CC000034B1868C0F3007080F00100704700BFEC
:106CD000B43D0020014B93ED120A7047B43D0020F3
:106CE00008B50920FAF7A6F807EE900AF8EE677AD9
:106CF0009FED077A67EE877ADFED066A87EEA67A60
:106D0000DFED057A67EE277A044BC3ED157A08BDEF
:106D10003333534000F07F4566662641B43D002082
:106D2000014B93ED150A7047B43D002008B50B4B9D
:106D30001A6842F400721A601A6842F480621A609B
:106D40001A6842F480721A60032000F0FFFB0F20E3
:106D500003F080F901F0FCF9002008BD003C02407E
:106D6000034A1168034B1B780B441360704700BF44
:106D700008980020D0000020014B1868704700BF21
:106D80000898002038B50446FFF7F6FF0546B4F131
:106D9000FF3F02D0044B1B781C44FFF7EDFF401B64
:106DA000A042FAD338BD00BFD00000204A4B5A6839
:106DB00022F440325A605A6841680A435A600268B5
:106DC000536823F48073536002685368016943EA8F
:106DD000012353600268536823F0407353600268D4
:106DE000536881680B4353600268936823F400631F
:106DF000936002689368C1680B439360826A374B63
:106E00009A4257D00268936823F0706393600268D7
:106E10009368816A0B4393600268936823F0405340
:106E2000936002689368C16A0B4393600268936839
:106E300023F00203936002689368017E43EA4103F2
:106E4000936090F82030002B3FD00268536843F4E1
:106E5000006353600268536823F460435360016821
:106E60004B68426A013A43EA42334B600268D36A94
:106E700023F47003D3620168CB6AC269013A43EA22
:106E80000253CB620268936823F400739360026834
:106E9000936890F8301043EA412393600268936846
:106EA00023F48063936002689368416943EA812315
:106EB000936070470268936823F070639360026880
:106EC000936823F040539360B0E70268536823F45B
:106ED00000635360CAE700BF002301400100000FB8
:106EE00038B310B50446036C43B1236C13F0100F94
:106EF0000BD00120002384F83C3010BDF9F7F4FEDC
:106F00000023636484F83C30EFE7236C23F4885358
:106F100023F0020343F0020323642046FFF746FFF9
:106F200000206064236C23F0030343F00103236417
:106F3000E0E701207047000010B582B01346002240
:106F4000019290F83C20012A00F09480044601222E
:106F500080F83C200268906810F0010F13D190680F
:106F600040F001009060464A1068464AA2FB0020AB
:106F7000800C00EB4000019002E001980138019084
:106F800001980028F9D12268906810F4807F03D01E
:106F9000906820F4807090602268906810F0010F73
:106FA0005DD0206C20F4E06020F0010040F480709F
:106FB0002064526812F4806F05D0226C22F4405293
:106FC00042F480522264226C12F4805F34D0626CEE
:106FD00022F006026264002284F83C20A26B2A4858
:106FE000D063A26B29481064A26B2948D064226840
:106FF0006FF0220010602068426842F080624260B8
:107000002068826842F48072826020680A4600F13B
:107010004C01A06B00F0B2FB1E4B5B6813F01F0F1E
:107020000DD123689A6812F0405F25D19A6842F02A
:1070300080429A6000201BE000226264CBE7236854
:10704000154A934201D0002012E09A6812F0405F86
:1070500014D19A6842F080429A60002008E0236CC4
:1070600043F010032364636C43F001036364002066
:1070700002B010BD0220FBE70020F9E70020F7E78F
:10708000D800002083DE1B43C17000089F700008F9
:10709000AB7000080023014000200140704708B594
:1070A000806BFFF7FBFF08BD704708B5806B40237E
:1070B0000364436C43F004034364FFF7F5FF08BD2A
:1070C00008B50346806B026C12F0500F25D1036C9B
:1070D00043F40073036403689A6812F0405F19D1A7
:1070E000027EBAB9DA6A12F4700F03D09A6812F409
:1070F000806F0FD15A6822F020025A60036C23F48B
:1071000080730364036C13F4805F03D1036C43F05A
:1071100001030364F9F754FE08BD026C12F0100F6E
:1071200004D1826BD26C18469047F5E7FFF7BCFF9D
:10713000F2E7000030B482B00022019290F83C20C7
:10714000012A00F0B6800346012280F83C200A683C
:10715000092A40D90468E06892B202EB42021E3A62
:107160004FF0070C0CFA02F220EA0202E2601C68FF
:10717000E0680A8802EB42021E3A8D6805FA02F2C4
:107180000243E2604A68062A3CD81C68606B02EB46
:107190008202053A4FF01F0C0CFA02F220EA0202BA
:1071A00062631C68606B4A6802EB8202053AB1F8C0
:1071B00000C00CFA02F20243626318683E4A904231
:1071C00050D018683C4A904255D0002083F83C00CB
:1071D00002B030BC70470468206992B202EB4202F0
:1071E0004FF0070C0CFA02F220EA020222611C683E
:1071F00020690A8802EB42028D6805FA02F2024316
:107200002261BFE70C2A16D81D68286B02EB8202A8
:10721000233A1F2404FA02F220EA02022A631D68BC
:10722000286B4A6802EB8202233A0C8804FA02F2C5
:1072300002432A63C1E71D68E86A02EB8202413A11
:107240001F2404FA02F220EA0202EA621D68E86AD8
:107250004A6802EB8202413A0C8804FA02F20243C5
:10726000EA62AAE70A68122AABD11448426842F4DB
:1072700080024260A5E70A68103A012AA5D80F48A3
:10728000426842F4000242600A68102A9DD10C4A0A
:1072900012680C49A1FB0212920C02EB820252000E
:1072A000019202E0019A013A0192019A002AF9D171
:1072B0008BE702208CE700BF002001400023014043
:1072C000D800002083DE1B4390F83C20012A00F008
:1072D000F28030B40346012280F83C200A68092A73
:1072E00040F289800568E86892B202EB42021E3AD9
:1072F000072404FA02F220EA0202EA601D68E86844
:107300008C680A8802EB42021E3A94402043E860EF
:107310001868826B22F4401282631C68A26B0869B1
:10732000013842EA0052A2631C68A06B4A680D69EA
:10733000521BD2B20332D2B202EB82024FF01F0CC8
:107340000CFA02F220EA0202A2631C68A06B4A68EF
:107350000D69521BD2B20332D2B202EB8202B1F8F3
:1073600000C00CFA02F20243A2638869534A9042B9
:1073700056D01868826822F4702282601868826889
:107380008C69224382601868826822F4401282600D
:1073900018688268CC69224382604A7D002A4AD0FC
:1073A0001868426842F4806242600A7D002A48D030
:1073B0001868426842F4805242604A68022A46D005
:1073C000032A4FD0012A58D1186842696FF30B0283
:1073D000426118684269CC68224342611868384AA1
:1073E000904255D01868364A90425AD0002083F80F
:1073F0003C0030BC70470568286992B202EB42023B
:10740000072404FA02F220EA02022A611D682869B0
:107410008C680A8802EB420294402043286177E797
:107420001868826822F4702282601868826822F4E8
:1074300040128260B1E71868426822F480624260BC
:10744000B3E71868426822F480524260B5E71868D2
:1074500082696FF30B02826118688269CC682243EB
:107460008261BBE71868C2696FF30B02C2611868DA
:10747000C269CC682243C261B0E71868026A6FF340
:107480000B0202621868026ACC6822430262A5E716
:107490000A68122AA6D10B48426842F48002426070
:1074A000A0E70A68103A012AA0D806494A6842F4BF
:1074B00000024A609AE70220704700BF01000F00F7
:1074C0000020014000230140002807DB00F01F02DC
:1074D000400901239340024A42F82030704700BF20
:1074E00000E100E0002808DB0901C9B200F16040BA
:1074F00000F5614080F80013704700F00F000901AB
:10750000C9B2014B1954704714ED00E000B500F00A
:107510000700C0F1070CBCF1040F28BF4FF0040CAA
:10752000031D062B0FD9C31E4FF0FF3E0EFA0CF0C1
:1075300021EA000199400EFA03FE22EA0E0241EA16
:1075400002005DF804FB0023EEE70000074AD36861
:1075500023F4E0631B041B0C000200F4E06003430F
:1075600043F0BF6343F40033D360704700ED00E0A5
:1075700010B50446054BD868C0F30220FFF7C6FFDC
:1075800001462046FFF7AEFF10BD00BF00ED00E052
:1075900008B5FFF799FF08BD58B110B50446437907
:1075A0001BB101236371002010BD0371FAF792FF34
:1075B000F7E70120704730B405682C6824F4802474
:1075C0002C60046863608368402B05D00368996071
:1075D0000368DA6030BC704703689A600368D9605A
:1075E000F8E7000010B40368D9B210390A4AA2FBC8
:1075F00001421209094CA25CC2655F2907D96FF3E9
:10760000090304338365806D5DF8044B70476FF3A5
:1076100009038365F7E700BFABAAAAAA10FC00081C
:10762000836A826992B9012B0AD0022B02D00BB176
:1076300000207047C36A13F0807F28D10020704774
:10764000C36AB3F1C07F24D000207047B2F5005F59
:1076500009D0022B25D9032B25D1C36A13F0807FD3
:1076600023D100207047032B03D8DFE803F0140474
:10767000140A00207047C36A13F0807F0DD10020E8
:107680007047C36AB3F1C07F09D000207047012062
:10769000704701207047012070470120704701208A
:1076A000704701207047002070470120704700009C
:1076B00070B50446FFF760FB002C5BD00546022343
:1076C00084F83530002384F834302268136823F0BE
:1076D0000103136023681A6812F0010F0AD0FFF744
:1076E0004BFB431B052BF5D920236365032084F84E
:1076F000350070BD1A68204911406268A0680243D5
:10770000E06802432069024360690243A0690243C2
:10771000E0690243206A02430A43616A04291ED0D9
:107720001A602668756925F00705636A1D43042BF6
:1077300007D1A36A1D43E36A1BB12046FFF770FF20
:1077400090B975612046FFF74DFFE26D3F239340EE
:10775000836000206065012384F83530C9E7E16A61
:10776000206B01430A43DBE740236365012084F873
:107770003500BEE70120BCE73F8010F038B5044675
:10778000856D90F8340001282AD0012084F8340057
:1077900094F83500012804D0002384F83430022006
:1077A00038BD022084F83500002060652046FFF7D0
:1077B00002FFE26D3F239340AB602268136843F001
:1077C00016031360236C23B12268136843F0080387
:1077D00013602268136843F0010313600020DFE7A1
:1077E0000220DDE7F0B583B0044600230193724B1D
:1077F0001D68724BA3FB0535AD0A876D3E68C26DEF
:1078000008239340334210D003681A6812F0040F23
:107810000BD01A6822F004021A60C26D082393404C
:10782000BB60436D43F001034365E26D0123934068
:10783000334209D02268526912F0800F04D0BB6035
:10784000636D43F002036365E26D042393403342AA
:1078500009D02268126812F0020F04D0BB60636D79
:1078600043F004036365E26D10239340334224D058
:107870002268126812F0080F1FD0BB6023681A68D4
:1078800012F4802F0DD01B6813F4002F04D1236C49
:107890009BB12046984710E0A36C73B120469847EF
:1078A0000BE01A6812F4807F03D11A6822F00802F4
:1078B0001A60236C0BB120469847E26D2023934059
:1078C000334254D02268126812F0100F4FD0BB60C0
:1078D00094F83530052B0ED023681A6812F4802FE7
:1078E00033D01B6813F4002F2AD1636C002B3ED0D9
:1078F000204698473BE02268136823F01603136084
:107900002268536923F080035361236CA3B122687A
:10791000136823F008031360E26D3F239340BB60BC
:10792000012384F83530002384F83430236D002B94
:107930003FD0204698473CE0A36C002BE7D1EBE713
:10794000E36BA3B12046984711E01A6812F4807FD8
:1079500009D11A6822F010021A60012384F8353028
:10796000002384F83430E36B0BB120469847636DF5
:10797000FBB1636D13F0010F17D0052384F8353088
:107980002268136823F001031360019B0133019304
:10799000AB4204D823681B6813F0010FF5D1012313
:1079A00084F83530002384F83430E36C0BB1204682
:1079B000984703B0F0BD00BFD8000020B5814E1B32
:1079C00010B40A490C6924F440740C610C6944F445
:1079D00040740C610C6944F001040C610260BFF357
:1079E0006F8F43605DF8044B704700BF003C02405E
:1079F000074B1A6922F440721A611A6942F4007244
:107A00001A611A6942F001021A610160704700BFF1
:107A1000003C0240074B1A6922F440721A611A694D
:107A200042F480721A611A6942F001021A610180FF
:107A3000704700BF003C0240064B1A6922F44072B6
:107A40001A611A691A611A6942F001021A61017019
:107A5000704700BF003C0240274BDB6813F0100F5B
:107A600007D0264AD36943F01003D361224B10227A
:107A7000DA60214BDB6813F0200F07D01F4AD3696F
:107A800043F00803D3611C4B2022DA601A4BDB68F9
:107A900013F0400F07D0194AD36943F00403D361B0
:107AA000154B4022DA60144BDB6813F0800F07D0CF
:107AB000124AD36943F00203D3610F4B8022DA608C
:107AC0000D4BDB6813F4807F08D00C4AD36943F078
:107AD0000103D361084B4FF48072DA60064BDB6818
:107AE00013F0020F07D0054AD36943F02003D36196
:107AF000014B0222DA607047003C02400C980020E3
:107B0000094B1B69002B01DB00207047064B074A1D
:107B10005A6002F188325A601B69002B01DB002099
:107B200070470120704700BF003C024023016745B9
:107B3000034A136943F0004313610020704700BFFC
:107B4000003C024038B50446144B0022DA61FFF7CE
:107B500013F90546124BDB6813F4803F0AD0B4F1E9
:107B6000FF3FF7D024B1FFF707F9401BA042F1D93E
:107B700003200DE00A4BDB6813F0010F02D0084B25
:107B80000122DA60064BDB6813F4F97F01D1002093
:107B900038BDFFF761FF0120FAE700BF0C98002015
:107BA000003C0240F8B516461B4A127E012A30D02E
:107BB00004460D461F46184B01221A764CF25030EF
:107BC000FFF7C0FF90B9ACB1012C18D0022C1BD02C
:107BD00032463B462846FFF7F3FE4CF25030FFF7A3
:107BE000B1FF0E4A136923F0010313610A4B00220F
:107BF0001A76F8BDF1B22846FFF71EFFEDE7B1B2E5
:107C00002846FFF707FFE8E731462846FFF7F0FE72
:107C1000E3E70220EDE700BF0C980020003C0240A3
:107C2000074B1A6922F440721A611A6942F0040281
:107C30001A611A6942EA002242F480321A617047DE
:107C4000003C0240012905D0022906D039B14FF489
:107C5000407104E04FF4807101E04FF400710B4B70
:107C60001A6922F440721A611A690A431A611A6980
:107C700022F0F8021A611A6942EAC00040F00200DC
:107C800018611A6942F480321A617047003C024060
:107C9000164B1B6813F4007F10D0144B1A6822F4A3
:107CA00000721A601A6842F400621A601A6822F4BC
:107CB00000621A601A6842F400721A600B4B1B686B
:107CC00013F4806F10D0094B1A6822F480621A6096
:107CD0001A6842F480521A601A6822F480521A60BC
:107CE0001A6842F480621A60704700BF003C02408C
:107CF000F8B5224B1B7E012B3ED004460E461F4B8F
:107D000001221A764CF25030FFF71CFF074670BB79
:107D10004FF0FF3333602368012B16D0A568E3686A
:107D2000A2681344AB4220D9217C2846FFF78AFF82
:107D30004CF25030FFF706FF114A136923F0FA03A3
:107D40001361074680B90135E9E76168207CFFF7D8
:107D500067FF4CF25030FFF7F5FE0746084A1369FB
:107D600023F00403136100E03560FFF791FF034B3C
:107D700000221A763846F8BD0227FBE70C9800204F
:107D8000003C024000230F2B00F2D78070B582B078
:107D900065E085684FEA430E032404FA0EF425EAF1
:107DA0000405CC6804FA0EF42C438460446824EA89
:107DB00002044A68C2F300129A40224342605CE027
:107DC000DC08083450F8242003F00705AD004FF01C
:107DD0000F0E0EFA05FE22EA0E0E0A69AA4042EACA
:107DE0000E0240F824205CE0042200E0002202FAA7
:107DF0000EF22A430234514D45F82420504A94682B
:107E00006FEA0C0224EA0C054E6816F4801F01D0BC
:107E10004CEA04054A4CA560E46802EA04054E6891
:107E200016F4001F01D04CEA0405454CE560646877
:107E300002EA04054E6816F4003F01D04CEA04053E
:107E40003F4C6560246822404D6815F4803F01D0A6
:107E50004CEA04023A4C226001330F2B6BD801220A
:107E60009A400C6804EA020C32EA0404F4D14C682B
:107E700004F00304013C012C8BD94A6802F0030290
:107E8000032A09D0C4685D000322AA4024EA020440
:107E90008A68AA402243C2604A6802F00302022AAA
:107EA0008ED004684FEA430E032202FA0EF224EA4F
:107EB00002044A6802F0030202FA0EF22243026050
:107EC0004A6812F4403FC7D0002201921D4A546C08
:107ED00044F480445464526C02F480420192019A4A
:107EE0009C08A51C154A52F8255003F0030E4FEAD2
:107EF0008E0E0F2202FA0EF225EA0205124A904275
:107F00003FF474AF02F5806290420ED002F58062B9
:107F100090420CD002F5806290420AD002F5806255
:107F200090423FF461AF072261E701225FE702223E
:107F30005DE703225BE702B070BD70470038014087
:107F4000003C014000380240000002400369194231
:107F500001D001207047002070470AB1816170474D
:107F6000090481617047436901EA030221EA0301C0
:107F700041EA02418161704708B5054B5B690342E4
:107F800000D108BD024B5861FAF744F9F9E700BF88
:107F9000003C0140002800F0CC8070B5044690F809
:107FA0003D30002B77D0242384F83D3022681368BD
:107FB00023F0010313602268136843F40043136045
:107FC0002268136823F40043136001F025FA626805
:107FD0005A4B9A4264D85A4B98428CBF00230123D3
:107FE000002B40F0A8805749A1FB00318B0C25687D
:107FF0006A6822F03F0242EA91426A6021680A6A96
:1080000022F03F0266684D4DAE424FD80133134314
:108010000B622168CA6922F44F4222F0FF026568B0
:10802000464B9D424CD8431E6D00B3FBF5F3013324
:1080300040F6FC70034278D0C3F30B031A43CA61C5
:1080400021680B6823F0C003E269206A02431343EE
:108050000B6021688B6823F4034323F0FF0322693C
:10806000E068024313438B602168CB6823F0FF0371
:108070006269A06902431343CB602268136843F02E
:108080000103136000202064202384F83D30206326
:1080900084F83E0070BD80F83C30FCF707FA82E7B8
:1080A000294B98428CBF0023012399E74FF4967522
:1080B00005FB03F3254DA5FB03539B090133A6E7FD
:1080C000A668BEB9431E05EB450CB3FBFCF30133B8
:1080D000C3F30B03B3FA83F35B0943BBC6B9431E77
:1080E00005EB4505B3FBF5F30133C3F30B0343F491
:1080F0000043A3E7431E05EB850C0CEB8C0CB3FB94
:10810000FCF30133C3F30B03B3FA83F35B09E4E736
:10811000431E05EB850505EB8505B3FBF5F3013340
:10812000C3F30B0343F4404388E7042386E70123AA
:1081300084E7012070470120ACE700BFA086010062
:108140007F841E0083DE1B43FF083D00D34D621079
:1081500000B583B0002200920D4B596C41F4804170
:108160005964596C01F48041009100990192196C95
:1081700041F0805119641B6C03F080530193019B03
:108180000F216FF00100FFF7F3F903B05DF804FB76
:10819000003802402DE9F04383B0D0F8008001EBB5
:1081A000C10300EB83039A6A5B6A9A4254D807467C
:1081B0000C469B1A01EBC10200EB8202D2699A4283
:1081C00000D31A4602F103094FEA990915E006F1B6
:1081D00003094FEA9909BB7904EBC40507EB850550
:1081E000296A0093B3B2E2B2404602F016FB2B6A52
:1081F00033442B62AB6A3344AB6208EB441303F5A0
:1082000010639B699BB24B4512D304EBC40307EB8D
:1082100083039A6A5B6A9A420AD24BB19B1A04EBB7
:10822000C40207EB8202D6699E42D0D31E46CEE737
:1082300004EBC40307EB83077A6ABB6A9A420FD840
:1082400004F00F040122A240D8F8343823EA0203D4
:10825000C8F83438002000E0012003B0BDE8F08306
:108260000020FAE730B583B000287AD004460568CC
:1082700090F89534C3B1032384F89534B5F1A04F39
:1082800017D0206802F07AF8237C8DF80030231D87
:108290000ECB206801F0B1FF70B1022384F8953451
:1082A0000125284603B030BD80F8943405F012F85B
:1082B000E1E70023A371E4E70021206802F0C3FC9A
:1082C0000246B8B903462079984218D903EBC30196
:1082D00004EB8101012048750B75CB8500200876E1
:1082E000C861086203EBC30104EB810148620133FA
:1082F000DBB2E8E7022384F895340125D1E7904208
:1083000017D902EBC20304EB8303002183F8551253
:1083100083F8542283F85812C3F85C12C3F8601231
:1083200002EBC20304EB8303C3F864120132D2B23E
:10833000E5E7237C8DF80030231D0ECB206802F08A
:1083400073F8054620B1022384F895340125A8E787
:1083500000236374012384F89534206802F032FC12
:108360009FE701259DE7036890F89424012A1AD01D
:1083700010B50446012280F89424DA6812F0400F08
:1083800002D0427B012A09D0206801F0F1FF206869
:1083900002F00AFC002084F8940410BD9A6B42F4A9
:1083A00080329A63F0E702207047000070B50446FF
:1083B0000D460068066C00EB411303F530639A68C4
:1083C000A179012911D038498E4256D03DB905EB2B
:1083D000C50304EB8303D3F86432002B5ED0E9B20B
:1083E000204604F0C3FF002070BD12F0080F09D032
:1083F0002E498E42F7D912F4004FF4D04FF40042C8
:108400009A60F0E712F0200F02D020229A60EAE78B
:1084100012F0280FE7D125498E4206D912F4004FF9
:1084200003D04FF400429A60DDE705EBC50204EB90
:108430008202D2F874121B69C3F31203CB1AC2F87A
:1084400068327DB905EBC50204EB8202D2F86422E2
:108450006AB105EBC50204EB8202D2F8601219443E
:10846000C2F86012E9B2204604F080FFBBE704F2D4
:108470009C42012102F026FCF4E712F4004F03D0E5
:108480004FF400429A60AEE712F0200F01D0202294
:108490009A60E9B2204604F069FFA4E704F29C4226
:1084A000002102F00FFC9AE70A31544F0A30544F72
:1084B00038B5044603681D6C03EB4113D3F8081B61
:1084C0000E4A954207D903F5306311F4004F02D0EC
:1084D0004FF400429A60204604F040FF074B9D4253
:1084E00002D9A379012B01D0002038BD04F29C42AF
:1084F0000121206802F0E6FBF6E700BF0A30544F86
:1085000090F89434012B0CD010B50446012380F868
:1085100094344174006802F037FB002084F894041E
:1085200010BD0220704738B505468C4611F0800F0B
:108530002BD101F00F0E0EEBCE04A40004F5147441
:108540000444211D0EEBCE0E00EB8E0E00208EF8A3
:1085500055020CF00F0C81F800C0C2F30A028A60C9
:108560000B714A780AB1A1F81AC0022B1CD095F8F9
:108570009434012B1BD0012385F89434286802F031
:1085800030F8002085F8940438BD01F00F0000EBAE
:10859000C001890010312944043100EBC00005EB13
:1085A000800001244475D4E700234B71DFE70220EB
:1085B000EAE710B504460A4611F0800F20D101F019
:1085C0000F0000EBC0039B0003F514732344191D37
:1085D00000EBC00004EB8000002380F8553202F06D
:1085E0000F020A7094F89434012B18D0012384F8F8
:1085F0009434206802F042F8002084F8940410BDFE
:1086000001F00F0000EBC0039B0010332344191D41
:1086100000EBC00004EB800001234375DFE702207C
:10862000EDE710B5144601F00F0C0CEBCC018900FE
:1086300001F51471014404310CEBCC0E00EB8E0EED
:10864000CEF86022CEF864320023CEF868328EF87D
:1086500055328EF854C28279012A04D0006802F0A3
:10866000F3F8002010BDCEF87042F7E701F00F01DB
:1086700001EBC10100EB8100D0F86802704710B532
:10868000144601F00F0C0CEBCC01890010310144B1
:1086900004310CEBCC0E00EB8E0ECEF82020CEF881
:1086A00024300023CEF8283001238EF815308EF8C0
:1086B00014C082799A4204D0006802F0C5F8002004
:1086C00010BDCEF83040F7E738B501F00F0502795C
:1086D000AA4238D304460B4611F0800F1FD101EB9C
:1086E000C101890001F514710144043103EBC30396
:1086F00000EB8303002283F8552201238B700D7059
:1087000094F89434012B20D0012384F89434206809
:1087100002F0DFF985B1002084F8940438BD05EB40
:10872000C501890010310144043105EBC50300EB9C
:10873000830301225A75E0E704F29C42A179206884
:1087400002F0C0FAE7E70120E8E70220E6E701F0DF
:108750000F0302799A4230D310B5044611F0800F0E
:108760001ED103EBC301890001F5147101440431EA
:1087700003EBC30200EB8202002082F855020022C4
:108780008A700B7094F89434012B18D0012384F86C
:108790009434206802F0CAF9002084F8940410BDD3
:1087A00003EBC301890010310144043103EBC30220
:1087B00000EB820201205075E1E7012070470220A2
:1087C000EDE708B511F0800F0CD101F00F0101EBBE
:1087D000C101890001F5147101440431006801F000
:1087E000BDFF08BD01F00F0101EBC101890010318F
:1087F00001440431F2E72DE9F04F83B004460568E7
:10880000284602F01CFA10B103B0BDE8F08F06460E
:10881000206802F0E5F90028F6D005F50067BB688E
:10882000C3F30D23C4F8D434206802F0D9F910F052
:10883000020F04D02268536903F0020353612068D9
:1088400002F0CEF910F0100F15D02268936923F0D2
:1088500010039361D5F8208008F00F0908F4F01395
:10886000B3F5802F4CD0B3F5402F6FD022689369B9
:1088700043F010039361206802F0B2F910F4002F66
:1088800076D1206802F0ACF910F4802F40F0E0803F
:10889000206802F0A5F90028C0F26181206802F08A
:1088A0009FF910F4006F09D0BB6813F0010F40F07E
:1088B0006E812268536903F400635361206802F0FB
:1088C0008FF910F4805F40F06681206802F088F92B
:1088D00010F4005F40F0B381206802F081F910F0DD
:1088E000080F40F0C481206802F07AF910F0800F80
:1088F00000F0D781AB6923F08003AB610126C0E1B2
:1089000047F6F07318EA030FB0D04FEA181A4FEA8F
:10891000C903019309EBC90B04EB8B0BC8F30A12D3
:10892000DBF86012284602F0B1F8DBF86032CAF3D7
:108930000A0A5344CBF86032DBF86832019A4A44A1
:1089400004EB82025344C2F868328FE7082204F233
:108950009C41284602F09AF809EBC90304EB830313
:10896000D3F86822C8F30A184244C3F868227DE7A6
:10897000206802F039F98046B14635E005EB49132D
:108980000122C3F8082B49462046FFF70FFD3CE0C3
:1089900005EB49130822C3F8082B49462046FFF788
:1089A00087FD35E009EBC90304EB830393F85732E5
:1089B000012B41D005EB49130222C3F8082B1AF012
:1089C000200F04D005EB49132022C3F8082B1AF41A
:1089D000005F05D005EB49134FF40052C3F8082B94
:1089E00009F101094FEA5808B8F1000F3FF449AF07
:1089F00018F0010FF4D05FFA89FB5946206802F0A5
:108A000003F9824610F0010FB8D11AF0080FBFD158
:108A10001AF0100F04D005EB49131022C3F8082BED
:108A20001AF0020FCBD06B6913F0800FBAD07B68BD
:108A300043F480637B60B5E709EBC90304EB830370
:108A4000002283F857225946204604F0DDFCB1E7A6
:108A5000206802F0D1F88046B14625E0594620460C
:108A600004F090FC1AF0080F04D005EB491308221B
:108A7000C3F808291AF0100F04D005EB491310228F
:108A8000C3F808291AF0400F04D005EB491340221F
:108A9000C3F808291AF0020F40D11AF0800F59D1FB
:108AA00009F101094FEA5808B8F1000F3FF4F0AEA0
:108AB00018F0010FF4D05FFA89FB5946206802F0E4
:108AC000ACF8824610F0010FCCD009F00F02012162
:108AD00001FA02F27B6B23EA02037B6305EB491385
:108AE000C3F80819A3798B42B8D109EBC90304EB89
:108AF00083031A6AD9690A441A62B9F1000FADD129
:108B000009EBC90304EB83035B6A002BA6D104F2D3
:108B10009C420121206802F0D5F89FE7494628468B
:108B200001F032FC09EBC90304EB8303DB7D012B6D
:108B300005D005EB49130222C3F80829ADE709EB7C
:108B4000C90304EB83030022DA755946204604F07A
:108B500061FCEEE749462046FFF71CFBA0E77B6877
:108B600023F001037B6094F8CC34012B08D020461D
:108B700004F044FC2268536903F0004353618DE61E
:108B8000002184F8CC14204600F03FF9F2E720469B
:108B900004F01CFC8DE67B6823F001037B60102150
:108BA000206801F0F1FB1AE005EB46134FF67F3128
:108BB000C3F80819D3F8002922F40012C3F80029D9
:108BC000C3F8081BD3F8002B22F40012C3F8002BC3
:108BD000D3F8002B42F00062C3F8002B0136237952
:108BE000B342E1D8FB6943F00113FB61E37BDBB1E6
:108BF000D7F8843043F00B03C7F884307B6C43F024
:108C00000B037B64D5F8003823F4FE63C5F8003805
:108C100004F29C42A179206802F054F8226853695A
:108C200003F48053536150E67B6943F4005343F0EF
:108C30002B037B613B6943F00B033B61E2E7206858
:108C400002F032F8206801F0BBFCE071266800F009
:108C5000DDFB0146E279304601F018FB204604F0C6
:108C6000A2FB2268536903F40053536134E62046A3
:108C700004F093FB2268536903F00803536132E662
:108C800001362379B3420CD906EBC60304EB830308
:108C900093F85732012BF3D1F1B22046FFF791FD43
:108CA000EEE7206801F09CFF10F4801F25D12068BA
:108CB00001F096FF10F4001F59D0012326E0013681
:108CC0002379B3421BD905EB4613D3F8002906EBF1
:108CD000C60304EB83031B7E012BF0D1002AEEDADE
:108CE00006EBC60304EB83030122DA7566F07F010D
:108CF000C9B22046FFF765FDE1E70126E0E72268FB
:108D0000536903F480135361D1E7013322799A4206
:108D100028D905EB4312D2F8001B03EBC30204EB86
:108D2000820292F85822012AEFD10029EDDA01F4EB
:108D30008031D4F8D42402F001029142E5D103EB52
:108D4000C30204EB8202012182F85712AA6942F0A1
:108D50008002AA616A6912F0800FD6D17B6843F461
:108D600000737B602268536903F400135361206829
:108D700001F036FF10F0804F10D1206801F030FF75
:108D800010F0040F3FF440AD23685D6815F0040F48
:108D90000DD1226853682B43536035E5204604F01B
:108DA0003FFB2268536903F080435361E5E72046A7
:108DB00004F03CFBEDE710B40468606A31B940EAA6
:108DC0000240A06200205DF8044B70478C46A36A05
:108DD00000EB1340002308E003F1400104EB8101A4
:108DE000496800EB11400133DBB20CF1FF318B42DB
:108DF000F2D340EA02400CF13F0104EB81046060D1
:108E0000E0E703685962002070477047002800F0CF
:108E1000E08170B582B00446036813F0010F3BD0C7
:108E20009F4B9B6803F00C03042B2CD09C4B9B683E
:108E300003F00C03082B21D06368B3F5803F4FD0BB
:108E4000B3F5A02F52D0964B1A6822F480321A60E4
:108E50001A6822F480221A606368002B50D0FDF754
:108E60008BFF05468E4B1B6813F4003F14D1FDF7B2
:108E700083FF401B6428F5D90320B1E1884B5B6870
:108E800013F4800FD8D0864B1B6813F4003F03D037
:108E90006368002B00F09F81236813F0020F54D009
:108EA0007F4B9B6813F00C0F3ED07D4B9B6803F00B
:108EB0000C03082B33D0E368002B68D0794B0122D8
:108EC0001A60FDF759FF0546754B1B6813F0020F3A
:108ED00054D1FDF751FF401B0228F5D903207FE153
:108EE0006F4A136843F480331360B5E76C4B1A681C
:108EF00042F480221A601A6842F480321A60ABE7AA
:108F0000FDF73AFF0546664B1B6813F4003FC3D0DC
:108F1000FDF732FF401B6428F5D9032060E1604B68
:108F20005B6813F4800FC6D15D4B1B6813F0020F12
:108F300003D0E368012B40F05081594A136823F0B5
:108F4000F803216943EAC1031360236813F0080F93
:108F500042D063696BB3534B0122C3F8802EFDF7F7
:108F60000BFF05464E4B5B6F13F0020F34D1FDF73C
:108F700003FF401B0228F5D9032031E1484A13685A
:108F800023F0F803216943EAC1031360DDE7454B91
:108F900000221A60FDF7F0FE0546414B1B6813F0F6
:108FA000020FD2D0FDF7E8FE401B0228F5D90320BE
:108FB00016E13C4B0022C3F8802EFDF7DDFE05468E
:108FC000374B5B6F13F0020F06D0FDF7D5FE401B49
:108FD0000228F5D9032003E1236813F0040F77D0AA
:108FE0002F4B1B6C13F0805F33D1002301932C4B6C
:108FF0001A6C42F080521A641B6C03F08053019388
:10900000019B0125284B1B6813F4807F23D0A368A4
:10901000012B34D0052B38D0214B1A6F22F00102DE
:109020001A671A6F22F004021A67A368002B3DD05A
:10903000FDF7A2FE06461A4B1B6F13F0020F46D136
:10904000FDF79AFE801B41F288339842F3D9032042
:10905000C6E00025D6E7144A136843F48073136012
:10906000FDF78AFE0646104B1B6813F4807FCED1B5
:10907000FDF782FE801B0228F5D90320B0E0084AE4
:10908000136F43F001031367CFE7054B1A6F42F0EC
:1090900004021A671A6F42F001021A67C5E700BF9F
:1090A000003802400000474200700040FDF764FEB7
:1090B0000646524B1B6F13F0020F08D0FDF75CFE03
:1090C000801B41F288339842F3D9032088E0EDB940
:1090D000A369002B00F08380484A926802F00C02DA
:1090E000082A51D0022B17D0454B00221A66FDF7F3
:1090F00043FE0446414B1B6813F0007F42D0FDF74E
:109100003BFE001B0228F5D9032069E03B4A136CA3
:1091100023F080531364DBE7394B00221A66FDF716
:109120002BFE0546354B1B6813F0007F06D0FDF77C
:1091300023FE401B0228F5D9032051E0E369226A8F
:109140001343626A43EA8213A26A5208013A43EA6D
:109150000243E26A43EA0263284A5360284B012231
:109160001A66FDF709FE0446244B1B6813F0007FC6
:1091700006D1FDF701FE001B0228F5D903202FE0E0
:1091800000202DE000202BE0012B2BD01B4B5B6837
:1091900003F48001E269914226D103F03F02216A83
:1091A0008A4223D1616A47F6C0721A40B2EB811F2E
:1091B0001ED103F44031A26A5208013AB1EB024FCA
:1091C00018D103F07063E26AB3EB026F14D1002090
:1091D00006E001207047012002E0012000E00020AD
:1091E00002B070BD0120FBE70120F9E70120F7E79D
:1091F0000120F5E70120F3E70120F1E70038024004
:109200000000474208B5264B9B6803F00C03042B73
:1092100041D0082B41D1224B5A6802F03F025B68D3
:1092200013F4800F12D01E4B5968C1F388111D48EA
:109230000023A1FB0001F7F7F9FB194B5B68C3F3AF
:10924000014301335B00B0FBF3F008BD144B5868D9
:10925000C0F388104FEA401CBCEB000C6EEB0E0E06
:109260004FEA8E1343EA9C634FEA8C11B1EB0C0179
:1092700063EB0E03DB0043EA5173C90011EB000CF2
:1092800043F10003990200234FEA8C2041EA9C51EC
:10929000F7F7CCFBD1E70348D7E70348D5E700BF92
:1092A0000038024040787D010024F400002800F0DE
:1092B0009B8070B50D4604464F4B1B6803F00703B7
:1092C0008B4208D2CBB24C4A1370136803F00703E9
:1092D0008B4240F08B80236813F0020F17D013F0FD
:1092E000040F04D0454A936843F4E0539360236825
:1092F00013F0080F04D0414A936843F4604393602D
:109300003E4A936823F0F003A1680B4393602368FF
:1093100013F0010F32D06368012B21D09A1E012A6D
:1093200025D9364A126812F0020F61D033498A6893
:1093300022F0030213438B60FDF71EFD06462F4B00
:109340009B6803F00C036268B3EB820F16D0FDF745
:1093500013FD801B41F288339842F0D9032042E08C
:10936000264A126812F4003FE0D101203BE0234A74
:10937000126812F0007FD9D1012034E01E4B1B6827
:1093800003F00703AB4207D9EAB21B4B1A701B6804
:1093900003F00703AB422DD1236813F0040F06D06E
:1093A000164A936823F4E053E1680B439360236803
:1093B00013F0080F07D0114A936823F46043216922
:1093C00043EAC1039360FFF71DFF0C4B9B68C3F397
:1093D00003130B4AD35CD8400A4B18600A4B186839
:1093E00000F038FE002070BD012070470120FAE730
:1093F0000120F8E70120F6E7003C02400038024077
:1094000020FC0008D8000020D4000020014B186880
:10941000704700BFD800002008B5FFF7F7FF044BE6
:109420009B68C3F38223034AD35CD84008BD00BFC6
:109430000038024018FC000808B5FFF7E7FF044BAE
:109440009B68C3F34233034AD35CD84008BD00BFD6
:109450000038024018FC00080F2303600B4B9A6889
:1094600002F0030242609A6802F0F00282609A6899
:1094700002F4E052C2609B68DB0803F4E05303612E
:10948000034B1B6803F007030B6070470038024072
:10949000003C024030B4026A036A23F00103036215
:1094A0004568836923F073030C681C4322F00202B1
:1094B0008B6813430B4A904206D0456084614A682A
:1094C0004263036230BC704723F00803CA681A4342
:1094D00022F0040325F440754A692A438D69154337
:1094E000EBE700BF0000014030B4036A026A22F4D7
:1094F000807202624468C26922F073020D681543EB
:1095000023F400738A6843EA02230D4A904206D08E
:109510004460C5614A68C263036230BC704723F48B
:109520000063CA6843EA022323F4806324F44054AE
:109530004A6944EA02148A6944EA0214E8E700BF6F
:109540000000014030B4036A026A22F480520262D1
:109550004468C26922F4E6420D6842EA052223F417
:1095600000538D6843EA0533074DA84206D0446096
:10957000C2614A680264036230BC704724F48044CC
:109580004D6944EA8514F2E70000014010B4036A13
:10959000046A24F001040462846924F0F00C4CEAAB
:1095A000021223F00A030B43826103625DF8044B4D
:1095B000704710B4036A046A24F0100404628469DA
:1095C00024F4704C4CEA023223F0A00343EA011366
:1095D000826103625DF8044B7047836823F0700377
:1095E0000B4343F0070383607047000090F83D3061
:1095F000012B2AD1022380F83D300368154A93429B
:1096000018D0B3F1804F15D0A2F57C42934211D00F
:1096100002F5806293420DD002F58062934209D038
:1096200002F59A32934205D01A6842F001021A609C
:10963000002070479A6802F00702062A07D01A68CD
:1096400042F001021A60002070470120704700209C
:10965000704700BF0000014090F83D30012B2FD132
:10966000022380F83D300268D36843F00103D360E1
:109670000368154A934218D0B3F1804F15D0A2F574
:109680007C42934211D002F5806293420DD002F5E4
:109690008062934209D002F59A32934205D01A684B
:1096A00042F001021A60002070479A6802F0070237
:1096B000062A07D01A6842F001021A60002070479B
:1096C000012070470020704700000140704770473C
:1096D000704770477047704770B504460368DE688E
:1096E0001D6915F0020F10D016F0020F0DD06FF0AB
:1096F00002021A610123037703689B6913F0030FC9
:109700005ED0FFF7E6FF0023237715F0040F12D099
:1097100016F0040F0FD023686FF004021A610223C1
:10972000237723689B6913F4407F4FD02046FFF7CF
:10973000D0FF0023237715F0080F12D016F0080F82
:109740000FD023686FF008021A610423237723687F
:10975000DB6913F0030F40D02046FFF7BAFF002368
:10976000237715F0100F12D016F0100F0FD02368CA
:109770006FF010021A61082323772368DB6913F462
:10978000407F31D02046FFF7A4FF0023237715F058
:10979000010F02D016F0010F2DD115F0800F02D06D
:1097A00016F0800F2FD115F0400F02D016F0400FA9
:1097B00031D115F0200F02D016F0200F33D170BD3B
:1097C000FFF786FF2046FFF785FF9CE72046FFF75F
:1097D0007FFF2046FFF77EFFABE72046FFF778FFCD
:1097E0002046FFF777FFBAE72046FFF771FF2046D4
:1097F000FFF770FFC9E723686FF001021A61204686
:10980000FBF7A6FEC9E723686FF080021A612046C5
:1098100000F01FFCC7E723686FF040021A61204682
:10982000FFF759FFC5E723686FF020021A61204651
:1098300000F00EFCC3E700000368294A90420ED0F6
:10984000B0F1804F0BD0A2F57C42904207D002F5D8
:109850008062904203D002F58062904203D123F0EF
:1098600070034A6813431E4A90421AD0B0F1804FE9
:1098700017D0A2F57C42904213D002F5806290424C
:109880000FD002F5806290420BD002F59A329042DE
:1098900007D002F58062904203D002F580629042C8
:1098A00003D123F44073CA68134323F080034A6949
:1098B000134303608B68C3620B688362084B984252
:1098C0000AD001234361036913F0010F03D0036938
:1098D00023F00103036170470B690363F1E700BFE5
:1098E0000000014040B310B5044690F83D30F3B19C
:1098F000022384F83D30214651F8040BFFF79CFF0A
:10990000012384F8463084F83E3084F83F3084F8F0
:10991000403084F8413084F8423084F8433084F891
:10992000443084F8453084F83D30002010BD80F884
:109930003C3002F0B3F9DBE70120704740B310B5CB
:10994000044690F83D30F3B1022384F83D302146BF
:1099500051F8040BFFF770FF012384F8463084F8B8
:109960003E3084F83F3084F8403084F8413084F849
:10997000423084F8433084F8443084F8453084F829
:109980003D30002010BD80F83C30FFF79FFEDBE744
:109990000120704740B310B5044690F83D30F3B154
:1099A000022384F83D30214651F8040BFFF744FFB1
:1099B000012384F8463084F83E3084F83F3084F840
:1099C000403084F8413084F8423084F8433084F8E1
:1099D000443084F8453084F83D30002010BD80F8D4
:1099E0003C30FFF774FEDBE70120704730B4036AB8
:1099F000026A22F0100202624468826922F4E6429E
:109A00000D6842EA052223F020038D6843EA05131E
:109A10000C4DA84206D0446082614A6882630362AA
:109A200030BC704723F08003CD6843EA051323F070
:109A3000400324F440644D6944EA85048D6944EA96
:109A40008504E8E70000014090F83C30012B28D065
:109A500010B50446012380F83C300C2A1CD8DFE8FE
:109A600002F0071B1B1B0C1B1B1B111B1B1B1600D7
:109A70000068FFF70FFD00200FE00068FFF7B6FF5A
:109A800000200AE00068FFF72FFD002005E00068D5
:109A9000FFF758FD002000E00120002384F83C304F
:109AA00010BD0220704738B590F83C30012B66D0CD
:109AB00004460D46012380F83C300C2A5AD8DFE8D2
:109AC00002F0075959591B595959305959594400ED
:109AD0000068FFF7DFFC2268936943F00803936195
:109AE0002268936923F004039361226893692969CA
:109AF0000B43936100203EE00068FFF777FF226888
:109B0000936943F4006393612268936923F480634B
:109B1000936122689369296943EA012393610020D4
:109B200029E00068FFF7E0FC2268D36943F00803EE
:109B3000D3612268D36923F00403D3612268D36917
:109B400029690B43D361002015E00068FFF7FAFC98
:109B50002268D36943F40063D3612268D36923F494
:109B60008063D3612268D369296943EA0123D36101
:109B7000002000E00120002384F83C3038BD0220A2
:109B8000FCE710B4846824F47F4C42EA03220A43C1
:109B900042EA0C0282605DF8044B704790F83C305A
:109BA000012B78D010B50446012380F83C30022305
:109BB00080F83D300268936823F47F4323F07703F5
:109BC00093600B68602B4CD023D8402B54D011D815
:109BD000202B03D00AD80BB1102B05D119462068D1
:109BE000FFF7FBFC002028E0012026E0302BF5D019
:109BF000012022E0502B0AD1CA6849680068FFF7AB
:109C0000C5FC50212068FFF7E8FC002015E001208A
:109C100013E0B3F5805F3AD0B3F5005F14D0702B3A
:109C200037D1CB684A6889680068FFF7AAFF2268C5
:109C3000936843F0770393600020012384F83D305C
:109C4000002384F83C3010BDCB684A6889680068FE
:109C5000FFF797FF2268936843F4804393600020E6
:109C6000EBE7CA6849680068FFF7A3FC6021206839
:109C7000FFF7B3FC0020E0E7CA6849680068FFF717
:109C800085FC40212068FFF7A8FC0020D5E70020D4
:109C9000D3E70120D1E70220704701F01F014FF008
:109CA000010C0CFA01FC036A23EA0C030362036A49
:109CB0008A4013430362704710B50446084689BBC7
:109CC00094F83E30013B18BF0123002B60D10028DF
:109CD0003ED1022384F83E30012201462068FFF77E
:109CE000DCFF23682C4A934242D023682A4A9342DD
:109CF00043D0B3F1804F40D0A2F57C4293423CD098
:109D000002F58062934238D002F58062934234D0EB
:109D100002F59A32934230D01A6842F001021A607A
:109D2000002034E0042907D008290BD094F84130F2
:109D3000013B18BF0123C8E794F83F30013B18BF2F
:109D40000123C2E794F84030013B18BF0123BCE770
:109D5000042805D0082807D0022384F84130BBE747
:109D6000022384F83F30B7E7022384F84030B3E79A
:109D70005A6C42F400425A64B7E79A6802F007024C
:109D8000062A07D01A6842F001021A60002010BDAE
:109D90000120FCE70020FAE70000014010B504466E
:109DA0000846002937D194F83E30013B18BF012303
:109DB000002B40F09580002843D1022384F83E30E8
:109DC0002268D36843F00203D36001220146206871
:109DD000FFF763FF2368454A934271D02368434AE3
:109DE000934272D0B3F1804F6FD0A2F57C42934280
:109DF0006BD002F58062934267D002F58062934295
:109E000063D002F59A3293425FD01A6842F00102A1
:109E10001A60002065E0042907D008290BD094F8C7
:109E20004130013B18BF0123C2E794F83F30013BAA
:109E300018BF0123BCE794F84030013B18BF012351
:109E4000B6E7042824D008282BD0022384F8413018
:109E50000C2847D801A353F820F000BFC19D00088B
:109E6000E59E0008E59E0008E59E0008979E000814
:109E7000E59E0008E59E0008E59E0008A99E0008F2
:109E8000E59E0008E59E0008E59E0008B59E0008D6
:109E9000022384F83F302268D36843F00403D36080
:109EA00093E7022384F840302268D36843F0080324
:109EB000D3608AE72268D36843F01003D36084E755
:109EC0005A6C42F400425A6488E79A6802F007022A
:109ED000062A09D01A6842F001021A60002000E048
:109EE000012010BD0120FCE70020FAE7000001403E
:109EF00010B50446084689BB94F83E30013B18BFB4
:109F00000123002B60D100283ED1022384F83E308B
:109F1000012201462068FFF7C0FE23682C4A9342C5
:109F200042D023682A4A934243D0B3F1804F40D0B5
:109F3000A2F57C4293423CD002F58062934238D035
:109F400002F58062934234D002F59A32934230D0C7
:109F50001A6842F001021A60002034E0042907D098
:109F600008290BD094F84130013B18BF0123C8E702
:109F700094F83F30013B18BF0123C2E794F840300A
:109F8000013B18BF0123BCE7042805D0082807D0EF
:109F9000022384F84130BBE7022384F83F30B7E75F
:109FA000022384F84030B3E75A6C42F400425A640A
:109FB000B7E79A6802F00702062A07D01A6842F04B
:109FC00001021A60002010BD0120FCE70020FAE722
:109FD0000000014090F83C20012A35D010B403461F
:109FE000012280F83C20022280F83D20026850685F
:109FF000946820F0700C086840EA0C0050601A6801
:10A000001248824212D0B2F1804F0FD0A0F57C40AE
:10A0100082420BD000F58060824207D000F580605C
:10A02000824203D000F59A30824204D124F08004A9
:10A03000496821439160012283F83D20002083F884
:10A040003C005DF8044B704702207047000001405F
:10A050007047704730B589B00546002401941D4B08
:10A060005A6C42F480225A645B6C03F4802301939F
:10A07000019B02A903A8FFF7EFF9FFF7DDF9164AE4
:10A08000A2FB00239B0C013B1448154A026040F2DE
:10A09000E732C2604360046184608461FFF722FCA0
:10A0A000044610B1204609B030BD0C48FFF7D4FA81
:10A0B00004460028F6D11A20FDF76AFA0F2D01D9BF
:10A0C0000124EFE7002229461A20FDF751FA054B3B
:10A0D0001D60E7E70038024083DE1B432C98002018
:10A0E00000480140D4000020FEE7000090B0EFF3EC
:10A0F000148313F0020F25D0EFF309831A680F922F
:10A100005A680E929A680D92DA680C921A690B924C
:10A110005A690A929A690992DA6908920B4A916A15
:10A120000791D16A0691516B0591926B049253F895
:10A13000042C039253F8082C029253F80C3C019320
:10A1400000BFFEE7EFF30883D8E700BF00ED00E0B3
:10A15000FEE7FEE7FEE7704708B54FF48070FDF7B5
:10A160000BFF4FF40070FDF707FF08BD08B502486C
:10A17000FFF7B2FA08BD00BF2C98002008B502F026
:10A1800035FA0248FFF7A8FA08BD00BF089E002074
:10A1900008B50248FDF726FB08BD00BF38020020C5
:10A1A00008B50248FEF727FB08BD00BF20B9002014
:10A1B00082B000230193019B01330193019BB3F112
:10A1C000706F15D80369002BF5DA0023019303693A
:10A1D00043F001030361019B01330193019BB3F140
:10A1E000706F08D8036913F0010FF4D1002000E06C
:10A1F000032002B070470320FBE784B010B504468B
:10A2000003A880E80E009DF81130012B21D1A36B2B
:10A2100023F48033A363E36823F4840323F040032F
:10A22000E360E36823F44013E3609DF81830012BEA
:10A230000AD02046FFF7BCFF9DF80E30012B1CD042
:10A24000BDE8104004B07047E36843F48013E36056
:10A25000EFE7E36843F04003E3602046FFF7A8FF21
:10A260009DF8153023B9A36B43F48033A363E3E770
:10A27000A36B23F48033A363DEE7A36843F00603F4
:10A28000A360A36843F02003A360D9E7022A0AD0A1
:10A290000922C36823F47053C360C36843EA82236E
:10A2A000C36000207047234B0B44234A93422FD9AD
:10A2B000224B0B44224A93422CD9A1F57403A3F5F7
:10A2C0001053204A934227D9A1F18373A3F5E743A2
:10A2D0001D4A934222D31D4B0B441D4A93421FD962
:10A2E0001C4B0B441C4A93421CD31C4B0B441C4A72
:10A2F000934219D3A1F1B773A3F55853194A934266
:10A3000014D3194B0B44194A934211D20722C0E7C8
:10A310000F22BEE70E22BCE70D22BAE70C22B8E7F7
:10A320000B22B6E70A22B4E70922B2E70822B0E717
:10A330000622AEE7405327FFFF340C00401E1BFFF0
:10A340003F420F007F4F120020D6130060B6E5FE9B
:10A350005FE3160000D3CEFE40771B00C05BB3FE68
:10A36000C091210020753800E05459FEE09C410066
:10A37000836843F00103836000207047836823F003
:10A38000010383600020704782B000230193019B8A
:10A3900001330193019BB3F1706F15D80369002B52
:10A3A000F5DA00230193890141F020010161019B4D
:10A3B00001330193019BB3F1706F08D8036913F067
:10A3C000200FF4D1002000E0032002B070470320EA
:10A3D000FBE782B000230193019B01330193019BB2
:10A3E000B3F1706F13D80369002BF5DA00230193E2
:10A3F00010230361019B01330193019BB3F1706F43
:10A4000008D8036913F0100FF4D1002000E00320F6
:10A4100002B070470320FBE7D0F800381943C0F8BA
:10A42000001800207047000084B0F8B5044607A863
:10A4300080E80E00002306E003F1400204EB8202F4
:10A440000021516001330E2BF6D99DF8266006BB22
:10A45000D4F8043843F00203C4F80438A36B43F47F
:10A460000013A363A36B23F40023A363A36B23F460
:10A470008023A3630023C4F8003E9DF82130012B04
:10A4800015D19DF81F306BB900212046FFF7C4FF9E
:10A4900011E0A36B23F40013A363A36B43F4002325
:10A4A000A363E7E701212046FFF7B6FF03E003219E
:10A4B0002046FFF7B1FF10212046FFF765FF054654
:10A4C00000B101252046FFF784FF00B1012504F506
:10A4D000006C0023CCF81030CCF81430CCF81C30D1
:10A4E0000DE04FF09040C2F8000902E00020C2F8F1
:10A4F000000900220A614FF67F328A6001339DF81D
:10A500001C1099420ED904EB431202F51061D2F8E7
:10A5100000090028EADA002BE3D14FF00060C2F80E
:10A520000009E6E700230AE0BBB14FF09047C2F80C
:10A53000007B002202614FF67F3282600133994234
:10A5400010D904EB431202F53060D2F8007B002FE3
:10A55000EADB0027C2F8007BEBE74FF00067C2F8A8
:10A56000007BE6E7DCF8103023F48073CCF8103081
:10A570000023A3616FF0804363619DF81E301BB917
:10A58000A36943F01003A361A2690C4B1343A361B9
:10A590009DF822301BB1A36943F00803A361012E8B
:10A5A00004D02846BDE8F84004B07047A36943F0E2
:10A5B000804343F00403A361F3E700BF00383C800D
:10A5C000D0F8083803F00603022B04D0062B04D081
:10A5D0002BB90020704702207047022070470F20DF
:10A5E000704710B591F800C04B78012B23D000F5CF
:10A5F000006ED0F81C380CF00F040122A24043EA90
:10A600000243C0F81C3800EB4C10D0F8003B13F4A8
:10A61000004F0ED1D0F8003B8A68C2F30A020979D4
:10A6200042EA8142134343F0805343F40043C0F8AD
:10A63000003B002010BDD0F81C280CF00F0E03FAD0
:10A640000EF39BB21343C0F81C3800EB4C10D0F84B
:10A65000003913F4004FECD1D0F800398A68C2F306
:10A660000A02097942EA814242EA8C52134343F0DA
:10A67000805343F40043C0F80039DAE730B40B7874
:10A680004A78012A26D000EB4313D3F8002B002A86
:10A6900052DBD0F83C480A7802F00F024FF0010C70
:10A6A0000CFA02F224EA0242C0F83C28D0F81C2836
:10A6B000097801F00F010CFA01FC22EA0C42C0F803
:10A6C0001C28D3F8001B234A0A40C3F8002B0020A3
:10A6D00030BC704700EB4313D3F80029002A1EDB7F
:10A6E000D0F83C580A7802F00F02012404FA02F272
:10A6F00092B225EA0202C0F83C28D0F81C2809785A
:10A7000001F00F018C40A4B222EA0402C0F81C2818
:10A71000D3F80019104A0A40C3F80029D7E7D3F844
:10A72000002942F00062C3F80029D3F8002942F062
:10A730008042C3F80029D3E7D3F8002B42F000622F
:10A74000C3F8002BD3F8002B42F08042C3F8002B53
:10A750009FE700BF0078F3EF007833EC10B483B0CC
:10A76000024600230193487801280BD00B7802EBB6
:10A770004313D3F8000B00282DDB002003B05DF855
:10A78000044B70470B7802EB4313D3F80049002CBD
:10A7900001DB0020F2E7D3F8004944F00064C3F87D
:10A7A00000490B7802EB4313D3F8004944F080448E
:10A7B000C3F80049019B01330193019C42F21073DD
:10A7C0009C42DBD80B7802EB4313D3F80039002B03
:10A7D000F0DB0020D2E7D3F8000B40F00060C3F8B4
:10A7E000000B0B7802EB4313D3F8000B40F08040D2
:10A7F000C3F8000B019B01330193019842F21073DF
:10A80000984208D80B7802EB4313D3F8003B002B97
:10A81000F0DB0020B2E70120B0E710B59DF808405A
:10A8200084B903334FEA930E4FF0000C08E000EBBD
:10A83000023303F5805351F8044B1C600CF1010CFA
:10A84000F445F4D3002010BDF0B583B00C784B78FC
:10A85000012B2DD000EB441C0CF530631D696FF308
:10A8600012051D611D696FF3DC451D61002C40F070
:10A87000CE800C690CB18C680C618C680C621D690F
:10A88000C4F312042C431C611C6944F400241C61B1
:10A89000012A00F0DF800B79012B00F0E180DCF869
:10A8A000003B43F00443CCF8003B002003B0F0BD74
:10A8B0000B6973BB00EB4413D3F810596FF3DC45FD
:10A8C000C3F81059D3F8105945F40025C3F81059AE
:10A8D000D3F810596FF31205C3F81059012A54D058
:10A8E00000EB4414D4F8003943F00443C4F80039B1
:10A8F0000B79012B72D00B69002BD6D0D0F83438ED
:10A90000097801F00F0101228A401343C0F834385E
:10A91000CBE700EB441303F510631D696FF31205D9
:10A920001D611D696FF3DC451D6184B90E698D6879
:10A93000AE4200D90D611D6945F400251D611D69F8
:10A940000E69C6F3120C45EA0C051D61C6E70D69D8
:10A950008E683544013DB5FBF6F51E691FFA85FC8E
:10A96000494F07EAC54535431D610D79012DE6D1F3
:10A970001D6925F0C0451D611D694FEA4C7C0CF036
:10A98000C04C45EA0C051D61D9E7CB691BB100EB52
:10A990004412C2F814390B79012B08D000EB44148F
:10A9A000D4F8003943F00443C4F800397DE7D0F807
:10A9B000083813F4807F08D100EB4412D2F8003934
:10A9C00043F00053C2F80039E8E700EB4412D2F834
:10A9D000003943F08053C2F80039DFE7D0F8083877
:10A9E00013F4807F0CD1D4F8003943F00053C4F83D
:10A9F000003900920B8A0A78C968FFF70EFF54E706
:10AA0000D4F8003943F08053C4F80039F1E70C69F9
:10AA100054B91C698D68C5F312052C431C611C696F
:10AA200044F400241C6133E78D682C44013CB4FBE2
:10AA3000F5F4A4B204FB05F50D621D69124E06EA99
:10AA4000C4442C431C611C690D6AC5F312052C43D8
:10AA50001C611DE7CA68002A3FF41DAF5A611AE75E
:10AA6000D0F8083813F4807F06D1DCF8003B43F0BF
:10AA70000053CCF8003B12E7DCF8003B43F0805376
:10AA8000CCF8003B0BE700BF0000F81F10B5844670
:10AA900008464FEA920E02F00302002305E00CF58F
:10AAA0008051096840F8041B01337345F7D37AB12C
:10AAB0000CF5805CDCF800400021CBB2DB0024FA0E
:10AAC00003F300F8013B0131013A92B2002AF4D1BC
:10AAD00010BD0B784A78012A14D000EB4310D0F84F
:10AAE000002B002A06DB2BB1D0F8003B23F080437B
:10AAF000C0F8003BD0F8003B43F40013C0F8003B23
:10AB00000020704700EB4310D0F80029002A06DB34
:10AB10002BB1D0F8003923F08043C0F80039D0F8C9
:10AB2000003943F40013C0F80039E9E70B784A789C
:10AB3000012A0ED000EB4310D0F8003B23F40013A1
:10AB4000C0F8003B0B79023BDBB2012B15D900208A
:10AB5000704700EB4310D0F8003923F40013C0F81D
:10AB600000390B79023BDBB2012BF0D8D0F8003969
:10AB700043F08053C0F80039E9E7D0F8003B43F0D8
:10AB80008053C0F8003BE2E7D0F8003823F4FE63BE
:10AB9000C0F80038D0F80038090101F4FE610B4319
:10ABA000C0F8003800207047D0F8003E23F00303BF
:10ABB000C0F8003ED0F8043823F00203C0F804388F
:10ABC00000207047D0F8003E23F00303C0F8003E99
:10ABD000D0F8043843F00203C0F80438002070476E
:10ABE0004269806910407047D0F8183800F500605D
:10ABF000C0691840000C7047D0F8183800F50060A4
:10AC0000C069184080B2704700EB4111D1F8082BA1
:10AC100000F50060406910407047D0F81028D0F867
:10AC2000343801F00F0C23FA0CF3DB01DBB21343D1
:10AC300000EB411000F510608068184070474069D3
:10AC400000F00100704738B50546C36823F0C043E3
:10AC5000C360012913D019BBC36843F08043C360AC
:10AC600000240A20FCF78EF80A342846FFF7E7FF95
:10AC700008B1C72CF5D9C82C14D0002038BDC36842
:10AC800043F00053C36000240A20FCF77BF80A3429
:10AC90002846FFF7D4FF0128EDD0C72CF4D9EAE706
:10ACA0000120EBE70120E9E7D0F800396FF30A0350
:10ACB000C0F80039D0F8043843F48073C0F8043881
:10ACC0000020704710B4046C154B9C4203D9D0F897
:10ACD000003B002B16DB0024C0F8104BD0F8104BC3
:10ACE00044F40024C0F8104BD0F8104B44F0180482
:10ACF000C0F8104BD0F8104B44F0C044C0F8104BD3
:10AD0000012903D000205DF8044B7047C0F8142BD4
:10AD1000D0F8003B43F08023C0F8003BF2E700BFCF
:10AD20000A30544F10B503460C4A0D490D480068CF
:10AD300040B10C4800680344521A934206D8094AAD
:10AD4000136010BD0748084C0460F2E703F08CFB69
:10AD50000C2303604FF0FF30F3E700BF0000012039
:10AD6000000400007498002050C10020034AD2F86B
:10AD7000883043F47003C2F88830704700ED00E07B
:10AD800000B500F58063D3ED006AF4EEC06AF1EE21
:10AD900010FA0ADC00F23C43D3ED006AF4EEC06A1C
:10ADA000F1EE10FA01D4F0EE406A00F5886393EDFD
:10ADB000007AB4EEE07AF1EE10FA0ADC00F27C439D
:10ADC00093ED007AB4EEE07AF1EE10FA01D4B0EE31
:10ADD000607A002301E00133DBB20E2B0AD803F2C4
:10ADE000011200EB8202D2ED007AF4EEE67AF1EE87
:10ADF00010FAF0D90E2B14D803F1010C5FFA8CFC79
:10AE000000220E2A0FD802F2111100EB8101D1EDC0
:10AE1000007AF4EEC77AF1EE10FA04D80132D2B219
:10AE2000EFE79C46ECE70E2A02D8511CC9B200E0BD
:10AE3000114603F5807E00EB8E0E9EED004A0CF568
:10AE4000807E00EB8E0E9EED005A02F5887E00EBB0
:10AE50008E0EDEED004A01F5887E00EB8E0E9EED33
:10AE6000006A02EB031E00EB8E0EDEED007A02EBB1
:10AE70000C1200EB8202D2ED005A01EB031300EB3F
:10AE8000830393ED003A01EB0C1100EB8100D0ED50
:10AE9000003AB4EE454AF1EE10FA06D076EEC46AF6
:10AEA00035EE445A86EE850A01E09FED170AF4EE6E
:10AEB000464AF1EE10FA06D037EE647A76EE646A0E
:10AEC00087EE266A01E09FED106AB7EE007A77EE12
:10AED000406A66EEA77A37EE467A67EE877A60EECA
:10AEE000255A27EE257A77EE877A66EE836A66EE34
:10AEF000866A77EEA67A20EE230A20EE060A37EE5F
:10AF0000800A5DF804FB00BF00000000F0EE407A0C
:10AF100090ED107AB4EEC07AF1EE10FA09DC90ED03
:10AF20001F0AB4EEE70AF1EE10FA01D49FED020A0F
:10AF3000704790ED000A70470000C07F084B1B6807
:10AF40001B6823B9074B4FF0FF321A607047044B60
:10AF50001B68DB68DB685A68024B1A60704700BFE9
:10AF6000E8980020809800202DE9F04780460D46A3
:10AF700017469946089EDDF824A00A9C9200A52158
:10AF8000206B03F069FA236B07F18042013A03EB6F
:10AF9000820727F00707A5B34FF0000CBCF10F0F95
:10AFA00009D815F80C3004EB0C0282F8343013B1D8
:10AFB0000CF1010CF2E7002384F84330372E00D95E
:10AFC0003726E662E66400252565201DFAF785FA36
:10AFD00004F11800FAF781FA2461C6F13806A66177
:10AFE0006462656584F858504A4641463846FAF727
:10AFF00067FC2060BAF1000F01D0CAF80040BDE83C
:10B00000F087002384F83430D8E7000038B50024F6
:10B0100007E004EB840293000E481844FAF752FA52
:10B020000134372CF5D90C4D2846FAF74BFA0B4C66
:10B030002046FAF747FA0A48FAF744FA0948FAF7B5
:10B0400041FA0948FAF73EFA084B1D60084B1C60AC
:10B0500038BD00BF1499002000990020EC98002012
:10B06000D0980020BC980020A4980020E8980020E8
:10B07000E498002010B50446FAF74CFC224A136805
:10B0800001331360214B1B685BB1214B1B686BB90B
:10B090001E4B1B68DA6AE36A9A4207D81B4B1C6096
:10B0A00004E01A4B1C601368012B29D0194A13685D
:10B0B000013313606364E06A174B1B68984201D93F
:10B0C000154B186000EB8000211D144B03EB800032
:10B0D000FAF706FAFAF740FC0D4B1B687BB10B4BF5
:10B0E0001B68DA6AE36A9A4209D24FF0E0234FF014
:10B0F0008052C3F8042DBFF34F8FBFF36F8F10BD85
:10B10000FFF784FFD2E700BFA0980020749D0020C5
:10B11000949800208498002098980020149900208A
:10B1200010B5044690F8593063B1012B11D0022BB1
:10B130000ED04FF0500383F31188BFF36F8FBFF32E
:10B140004F8FFEE7006BF9F755F92046F9F752F9F2
:10B1500010BDF9F74FF9FBE70F4B1B68D3B110B5E2
:10B16000FAF7D8FB0D4BDB68DC68201DFAF7DCF939
:10B170000B4A1368013B1360074A1368013B1360D5
:10B18000FAF7EAFB2046FFF7CBFF034B1B68002BC7
:10B19000E6D110BD704700BFB8980020BC980020D1
:10B1A000A098002008B5FFF7D7FF074B1B68012BBD
:10B1B000F9D94FF0E0234FF08052C3F8042DBFF3CC
:10B1C0004F8FBFF36F8FEEE71499002070B50446E0
:10B1D0000D46174B1E68174B18680430FAF7A4F990
:10B1E000B4F1FF3F0DD03444124B1B685C60A642A3
:10B1F00010D9114B18680F4B19680431FAF77BF915
:10B2000070BD002DEFD00B4B196804310B48FAF7D5
:10B2100067F9F5E70A4B1868064B19680431FAF725
:10B220006AF9084B1B68A342EAD9064B1C60E7E7A2
:10B230009C980020749D0020E4980020A498002091
:10B24000E89800208098002030B587B00B9C7CB136
:10B250000C9DB5B15C250495049D5C2D1AD04FF072
:10B26000500383F31188BFF36F8FBFF34F8FFEE757
:10B270004FF0500383F31188BFF36F8FBFF34F8FED
:10B28000FEE74FF0500383F31188BFF36F8FBFF3D6
:10B290004F8FFEE7049D0C9D2C63022485F85940D6
:10B2A00000240394029505AC01940A9C0094FFF7D6
:10B2B0005BFE0C98FFF7DEFE059807B030BD2DE968
:10B2C000F04385B00746884614461E469000F9F7BD
:10B2D0000FF808B381465C20F9F70AF80546A8B1D3
:10B2E000C0F83090002380F85930039302900D9BF2
:10B2F00001930C9B00933346224641463846FFF7A4
:10B3000033FE2846FFF7B6FE012007E04846F9F76E
:10B3100071F84FF0FF3001E04FF0FF3005B0BDE8AD
:10B32000F083000010B588B000240594069407AAA5
:10B3300006A905A8F6F752F8059B0293069B019310
:10B3400000942346079A17491748FFF77DFF174BCC
:10B350001860C0B100F018FE012815D14FF050035D
:10B3600083F31188BFF36F8FBFF34F8F104B4FF0F4
:10B37000FF321A600F4B01221A600F4B00221A6035
:10B38000FAF762FB03E00020B0F1FF3F01D008B004
:10B3900010BD4FF0500383F31188BFF36F8FBFF3DD
:10B3A0004F8FFEE7A4F90008A5B100087C980020A3
:10B3B00080980020949800209C980020024A1368EE
:10B3C00001331360704700BF78980020014B186864
:10B3D000704700BF9C980020F8B53A4B1B68002BC3
:10B3E00069D1394B1D6801351D60C5B9374B1B68E4
:10B3F0001B6843B14FF0500383F31188BFF36F8F85
:10B40000BFF34F8FFEE7314A1168314B1868106067
:10B410001960304A136801331360FFF78FFD2E4B1C
:10B420001B68AB423DD900272C4B1B68DB6A03EB42
:10B4300083039A002A4B9B58012B00D90127294BE3
:10B440001B68002B3CD001273AE001271F4B1B68EB
:10B450001B6843B31D4B1B68DB68DC6863689D4257
:10B4600026D3261D3046FAF75FF8A36A1BB104F114
:10B470001800FAF759F8E36A1B4A1268934201D997
:10B48000194A136003EB83039A00314614481044B1
:10B49000FAF726F8E26A114B1B68DB6A9A42D4D2AB
:10B4A000D4E70027D2E70C4B4FF0FF321A60BBE71E
:10B4B000094A1360B8E70D4A136801331360002787
:10B4C0003846F8BD789800209C980020E898002025
:10B4D000E49800208898002080980020749D002027
:10B4E000149900208C9800209898002090980020B3
:10B4F00038B5354B1B6843B94FF0500383F31188BF
:10B50000BFF36F8FBFF34F8FFEE7FAF703FA2E4BAF
:10B510001A68013A1A601B68002B4FD12B4B1B682D
:10B520000BB900244BE00024294B1B681BB3284BAC
:10B53000DB68DC6804F11800F9F7F6FF251D2846E2
:10B54000F9F7F2FFE06A234B1B68984201D9214BBF
:10B55000186000EB800029461F4B03EB8000F9F7D1
:10B56000BFFFE26A1D4B1B68DB6A9A42DCD31C4BAF
:10B5700001221A60D8E70CB1FFF7E0FC194B1C68F8
:10B5800084B9174B1C68D4B14FF0E0234FF08052C0
:10B59000C3F8042DBFF34F8FBFF36F8F01240EE06C
:10B5A000013C07D0FFF718FF0028F9D00C4B01220F
:10B5B0001A60F5E70B4B00221A60E2E70024FAF765
:10B5C000CBF9204638BD00BF78980020A098002015
:10B5D000D09800209898002014990020749D002095
:10B5E0008C9800209098002010B5A8B10446104B0C
:10B5F0001B6843B14FF0500383F31188BFF36F8F83
:10B60000BFF34F8FFEE7FFF7D9FE00212046FFF77B
:10B61000DDFDFFF76DFF48B94FF0E0234FF080529A
:10B62000C3F8042DBFF34F8FBFF36F8F10BD00BF62
:10B6300078980020204B1B681BB1204B01221A6018
:10B6400070471E4B00221A601D4B1B6803EB8301E1
:10B650008A001C498A585AB90BB1013BF6E74FF0F2
:10B66000500383F31188BFF36F8FBFF34F8FFEE753
:10B67000084603EB83018A0002445168496851601F
:10B6800003EB830C4FEA8C020832024491420BD048
:10B6900003EB830291000B4A0A445268D1680A4ABC
:10B6A0001160074A13607047486862469100054A76
:10B6B0000A445060ECE700BF789800208C98002086
:10B6C0009898002014990020749D002058B110B55E
:10B6D0000C46094A11681831F9F70DFF012120467F
:10B6E000FFF774FD10BD4FF0500383F31188BFF3D3
:10B6F0006F8FBFF34F8FFEE7749D002070B110B5C0
:10B7000014460246114B1B688BB94FF0500383F36C
:10B710001188BFF36F8FBFF34F8FFEE74FF05003D9
:10B7200083F31188BFF36F8FBFF34F8FFEE7084B92
:10B73000186841F000418161196818311046F9F725
:10B74000CFFE01212046FFF741FD10BD7898002073
:10B75000749D002038B570B10D4614460A4A116830
:10B760001831F9F7BDFE0CB14FF0FF3521462846E0
:10B77000FFF72CFD38BD4FF0500383F31188BFF362
:10B780006F8FBFF34F8FFEE7749D002038B5C368FD
:10B79000DC6824B304F118052846F9F7C5FE184BF8
:10B7A0001B682BBB251D2846F9F7BEFEE06A154B2A
:10B7B0001B68984201D9134B186000EB80002946A2
:10B7C000114B03EB8000F9F78BFEE26A0F4B1B680D
:10B7D000DB6A9A4211D901200D4B186038BD4FF039
:10B7E000500383F31188BFF36F8FBFF34F8FFEE7D2
:10B7F00029460848F9F774FEE7E70020EEE700BFA6
:10B80000789800209898002014990020749D0020BA
:10B810008C980020D098002038B51C4B1B6843B989
:10B820004FF0500383F31188BFF36F8FBFF34F8F37
:10B83000FEE741F000410160C468F4B1F9F774FE1D
:10B84000251D2846F9F770FEE06A114B1B689842E7
:10B8500001D90F4B186000EB800029460D4B03EB1C
:10B860008000F9F73DFEE26A0B4B1B68DB6A9A42E7
:10B8700002D90A4B01221A6038BD4FF0500383F3FE
:10B880001188BFF36F8FBFF34F8FFEE778980020CA
:10B890009898002014990020749D00208C98002016
:10B8A000034B1B680360034B1B684360704700BF7A
:10B8B000889800209C980020E0B170B50C460546A1
:10B8C00009B3FAF727F81C4B19686B68C81A226885
:10B8D000B2F1FF3F28D0DFF864C0DCF800C02E686A
:10B8E000664501D08B4224D9824215D800232360BB
:10B8F00001241AE04FF0500383F31188BFF36F8FD8
:10B90000BFF34F8FFEE74FF0500383F31188BFF36F
:10B910006F8FBFF34F8FFEE75B1A134423602846F7
:10B92000FFF7BEFF002400E00024FAF715F82046D8
:10B9300070BD0124F9E700BF9C9800208898002082
:10B94000014B01221A6070478C980020054B1B6840
:10B9500033B1054B1B680BB10020704702207047C4
:10B9600001207047949800207898002000283BD050
:10B9700038B504461E4B1B68834208D04FF0500375
:10B9800083F31188BFF36F8FBFF34F8FFEE7036D13
:10B9900043B94FF0500383F31188BFF36F8FBFF3A8
:10B9A0004F8FFEE7013B0365C16AC26C91421DD017
:10B9B0000BB1002038BD051D2846F9F7B5FDE06C38
:10B9C000E062C0F13803A3610A4B1B68984201D9B9
:10B9D000084B186000EB80002946074B03EB800002
:10B9E000F9F77EFD0120E5E7002070470020E1E740
:10B9F000749D00209898002014990020044A136830
:10BA000098691368DB6A1268C3F138039361704761
:10BA1000749D002084B010B52DED028B0DF1140C37
:10BA20008CE80E00002860D004469DED080A03F063
:10BA3000C3F9F0EE408A9DED090A03F0BDF9B0EEBE
:10BA4000408A9DED0A0A03F0B7F99FED2A6ADDED01
:10BA5000057A77EE867AF7EE005AC5EEA76ADDED35
:10BA6000067A77EE867A85EEA77ADDED077A77EEAD
:10BA7000867A85EEA76A37EE667A78EE685AC7EE60
:10BA8000257A36EE666A70EE685A86EE257A37EECB
:10BA9000677A30EE486AC7EE065A38EE887A37EE93
:10BAA000007A85EE876A84ED056A68EEA85A28EE6A
:10BAB000887A35EE877A28EE088A37EE087A26EEFD
:10BAC000077A77EEC77AC4ED047A26EE256A77EE18
:10BAD000867A27EEA80A76EEC06AC4ED036ABDEC4A
:10BAE000028BBDE8104004B070470348F7F772FDC1
:10BAF000F5E700BF33938843ACF9000810B504465E
:10BB0000FAF7B8FC03F058F960EE006A66EE806A56
:10BB1000D4ED037A94ED047A27EE007A77EE877AF3
:10BB200094ED057A27EE267A77EE877AB7EE007ADB
:10BB300087EE270ADFED027A30EE670A10BD00BFFC
:10BB40003393884300B58FB000230A930B930C9373
:10BB50000D93089309930193029303930493059320
:10BB6000069307931F484FF08042026053224260C1
:10BB700083604FF0FF32C26003618361FDF7B2FE64
:10BB800000BB4FF480530A930AA91648FEF706F843
:10BB9000D8B91448FDF7D2FED0B900230893099311
:10BBA00008A91048FEF716FAA8B9002201920292DD
:10BBB0000392059201A90B48FDF746FF70B90FB03B
:10BBC0005DF804FBF9F7D0FCDBE7F9F7CDFCE0E723
:10BBD000F9F7CAFCE1E7F9F7C7FCE6E7F9F7C4FCB7
:10BBE000EDE700BF089E002000B58FB000230A9348
:10BBF0000B930C930D930893099301930293039372
:10BC000004930593069307932248234A02603F2238
:10BC1000426083604FF0FF32C26003618361FDF7D1
:10BC200061FE40BB4FF480530A930AA91948FDF7FF
:10BC3000B5FF18BB1748FDF781FE10BB40230893E2
:10BC40000023099308A91348FEF7C4F9E0B930238B
:10BC50000193002202920392059201A90D48FDF77B
:10BC6000F3FEA0B90B4B1A68936943F00803936184
:10BC70000FB05DF804FBF9F777FCD3E7F9F774FC34
:10BC8000D8E7F9F771FCD9E7F9F76EFCDFE7F9F7C8
:10BC90006BFCE7E7789D0020000C004000B585B004
:10BCA0000368B3F1804F08D01B4A93421AD01B4A55
:10BCB000934224D005B05DF804FB0022019203F505
:10BCC0000E33196C41F0010119641B6C03F0010380
:10BCD0000193019B06211C20FBF74AFC1C20FBF76B
:10BCE00057FCE7E7002302930D4B1A6C42F0020267
:10BCF0001A641B6C03F002030293029BDAE7002331
:10BD00000393074B1A6C42F008021A641B6C03F091
:10BD100008030393039BCDE700040040000C0040A0
:10BD20000038024000B587B00023019302930393CB
:10BD30000493059302680E4B9A4202D007B05DF857
:10BD400004FB002300930B4B1A6B42F004021A63AE
:10BD50001B6B03F004030093009B4FF4707301937B
:10BD600002230293059301A90348FCF70BF8E5E7CA
:10BD700000040040003802400008024000B58FB0C7
:10BD800000230A930B930C930D930893099301934B
:10BD90000293039304930593069307932F48304A25
:10BDA0000260436083604FF6FF72C260036183618B
:10BDB000FDF798FD002839D14FF480530A930AA962
:10BDC0002648FDF7EBFE002833D12448FDF7E2FDBD
:10BDD000002831D100230893099308A91F48FEF7D2
:10BDE000F9F860BB6023019300220292039205924E
:10BDF00001A91A48FDF757FE20BB04220DEB0201F2
:10BE00001648FDF750FE00BB082201A91348FDF7B4
:10BE10004AFEE8B90C2201A91048FDF744FED0B94A
:10BE20000E48FFF77FFF0FB05DF804FBF9F79CFBAE
:10BE3000C2E7F9F799FBC8E7F9F796FBCAE7F9F704
:10BE400093FBCFE7F9F790FBD7E7F9F78DFBDBE73B
:10BE5000F9F78AFBDEE7F9F787FBE1E7C09D0020F1
:10BE600000040040064B1A6813682BB901230360D5
:10BE700023B9D368186870470023F8E7002070479B
:10BE8000509F002008B54160006191420CD8D21A41
:10BE900083699A4201D3012008BD011D094B18682E
:10BEA000F9F729FB0020F7E79A4201D2994206D21E
:10BEB000011D054B1868F9F71EFB0020ECE7012077
:10BEC000EAE700BF4C9F0020509F002030B583B0B0
:10BED000F9F720FD114B1B681BB1F9F73DFD03B0CD
:10BEE00030BD0F4D2846F9F7EDFA0E4C2046F9F714
:10BEF000E9FA0D4B1D600D4B1C60002300930C4BA9
:10BF00000C4A10210A20F9F7CAFF044B18600028D8
:10BF1000E3D00949FAF762FADFE700BF489F002043
:10BF2000689F0020549F0020509F00204C9F0020BD
:10BF3000509E0020A09E0020C4F900082DE9F04189
:10BF4000079F41B94FF0500383F31188BFF36F8F00
:10BF5000BFF34F8FFEE7064614461D4688468FB155
:10BF6000FFF7B4FF3E60C7F81880FD61069B3B6297
:10BF7000381DF9F7B2FA2CB197F8283043F00403D2
:10BF800087F82830BDE8F08110B588B0FFF79EFF34
:10BF9000124B1B68CBB100240594069407AA06A98E
:10BFA00005A8F5F727FA059B0293069B0193022348
:10BFB00000932346079A0A490A48FFF745F90A4BB6
:10BFC000186010B1012008B010BD4FF0500383F38A
:10BFD0001188BFF36F8FBFF34F8FFEE7489F00209C
:10BFE000CCF9000879C30008449F00202DE9F041F6
:10BFF00082B00446884617461D462C20F8F778F98B
:10C00000064658B1002380F828300190089B009321
:10C010002B463A4641462046FFF790FF304602B095
:10C02000BDE8F08110B584B084462C2003900398BD
:10C030002C2808D04FF0500383F31188BFF36F8F83
:10C04000BFF34F8FFEE70398079860B10220079C6B
:10C0500084F828000194069800906046FFF76EFF70
:10C06000079804B010BD4FF0500383F31188BFF35D
:10C070006F8FBFF34F8FFEE7B8B19C460346184859
:10C08000006858B300B585B000910192029305296C
:10C090001CDCFFF75BFC022810D000231A4669461F
:10C0A0000F480068F9F769FF15E04FF0500383F37C
:10C0B0001188BFF36F8FBFF34F8FFEE70023069AFF
:10C0C000694607480068F9F758FF04E00023624614
:10C0D0006946FAF716F805B05DF804FB00207047D2
:10C0E000489F002070B582B01B4B1B681A6862B372
:10C0F000DB681E68DC68251D2846F9F715FA236AF7
:10C100002046984794F8283013F0040FECD0A36928
:10C1100033449E4207D26360246129460E4B18685F
:10C12000F9F7E9F9E0E7002100910B463246204695
:10C13000FFF7A2FF0028D7D14FF0500383F31188F7
:10C14000BFF36F8FBFF34F8FFEE7044A10680249B9
:10C150000860136002B070BD509F00204C9F00200B
:10C1600038B50546FFF732F90446074B1B68834292
:10C1700005D800232B60044B1C60204638BDFFF718
:10C18000B1FF01232B60F6E7409F002070B582B01D
:10C1900006460D4617490968C968CC68201DF9F79D
:10C1A000C3F994F828C01CF0040F08D12CF0010C3E
:10C1B00084F828C0236A2046984702B070BDA16960
:10C1C00033462A4631442046FFF75CFE0028F1D072
:10C1D000002100910B4632462046FFF74DFF002814
:10C1E000E8D14FF0500383F31188BFF36F8FBFF393
:10C1F0004F8FFEE7509F002070B582B006460C4678
:10C20000FFF7DCF801A8FFF7ABFF019B33BB054646
:10C21000E4B9B04213D22246711B124B1868FAF7E8
:10C22000F1F8FFF765F9D8B94FF0E0234FF08052ED
:10C23000C3F8042DBFF34F8FBFF36F8F10E0FFF7EC
:10C2400057F929463046FFF7A1FF09E0064A126870
:10C2500012680AB90124DEE71C46DCE7FFF748F95B
:10C2600002B070BD489F00204C9F002010B588B0E0
:10C2700002E0049B002B0FDA002204A93D4B186852
:10C28000F9F7A6FF002872D0049B002BF1DA07997A
:10C290000698059B9847ECE7069C636913B1201D3F
:10C2A000F9F742F903A8FFF75BFF0246049B092B4D
:10C2B000E2D8DFE803F00505052F364E05052F36D9
:10C2C00094F8283043F0010384F82830059BA169D5
:10C2D00019442046FFF7D6FD0028CDD0236A20461A
:10C2E000984794F8283013F0040FC5D0A2690021B4
:10C2F00000910B46059802442046FFF7BDFE00283A
:10C30000BAD14FF0500383F31188BFF36F8FBFF39F
:10C310004F8FFEE794F8283023F0010384F828308B
:10C32000AAE794F8283043F0010384F828300599EF
:10C33000A16129B1034601442046FFF7A3FD9BE715
:10C340004FF0500383F31188BFF36F8FBFF34F8F0C
:10C35000FEE794F8283013F0020F04D023F0010315
:10C3600084F8283088E72046F8F744F884E708B0D6
:10C3700010BD00BF489F002000B583B001A8FFF7A3
:10C3800071FD0199FFF738FFFFF770FFF6E740B145
:10C3900010B50446F9F7BEFAE469F9F7DDFA20466C
:10C3A00010BD4FF0500383F31188BFF36F8FBFF3BD
:10C3B0004F8FFEE710B584B014461A466FF00103A4
:10C3C000009301900291039400236946024800689B
:10C3D000F9F797FE04B010BD489F002000206328A5
:10C3E00019DC00EB80039A000C4B13445B7C0BB10F
:10C3F0000130F4E7094B13445B8A9BB201339BB2D3
:10C4000003B9012300EB80029100044A0A445382DD
:10C410000123537470474FF0FF3070477C9F00201A
:10C42000F0B4234B1D68002D39D02E68706A0023AC
:10C430006FF0004C1F461C4607E003EB8304A1008D
:10C440001C4C6758944601240133632B29DC03EB11
:10C4500083029100174A0A44527C012AF4D103EB6B
:10C4600083018A0013498A58121A04D4002CE4D09C
:10C470009445E9DDE1E703EB83039A000D4B9F58F8
:10C4800077632A68D36843F00203D3602A68536A4B
:10C49000DB1B002B03DB536943F002035361F0BC49
:10C4A0007047002CECD1F36823F00203F360F6E749
:10C4B0004CA700207C9F0020002837D038B51C4CAA
:10C4C0002060FCF7A3FF1B4BA3FB00239B0C2268FF
:10C4D0001168013B8B6211684B6943F001034B61AA
:10C4E000136800245C62EFF3108572B64FF4FA62B1
:10C4F0002146114801F0B0FF214608E001EB81021E
:10C500000D4B03EB820300225A745A8201316329D6
:10C51000F4DD15F0010F00D162B6054C2068FDF77F
:10C520009BF800212068FDF739FC38BD704700BF3B
:10C530004CA7002083DE1B437C9F0020034B1B681D
:10C5400013B11B68586A7047002070474CA7002041
:10C5500008B5FFF7F3FF024BA3FB0030800908BDCD
:10C56000D34D62102DE9F04171B307461546884658
:10C57000184B1B6853B3EFF3108672B6FFF72EFF0C
:10C58000041E1BDB144A04EB8403990002EB8303B3
:10C590005750C3F8088000225A60DD6001221A74E7
:10C5A0005B8A9BB203B91346A4B244EA0344FFF783
:10C5B00037FF16F0010F0AD162B608E016F0010F3E
:10C5C00000D162B6002402E0002400E000242046EE
:10C5D000BDE8F0814CA700207C9F002008B5FFF744
:10C5E000C1FF003818BF012008BD00002B4B1B689D
:10C5F000002B52D01B681A6912F0020F4DD070B593
:10C600001A6922F002021A61EFF3108572B6234B09
:10C610001B681B685E6A002410E002B19047EFF3CC
:10C62000108572B604EB84039A001D4B134400225C
:10C630005A74DA605A609A601A740134632C25DCEB
:10C6400004EB84039A00164B13445B7C012BF4D15A
:10C6500004EB84029300124AD358F31A002BECDB4C
:10C6600004EB84039A000E4B134402225A745A6856
:10C670009968D8681B7CDBB215F0010F00D162B657
:10C68000002BCAD00029CAD08847C8E7FFF7C8FEE8
:10C6900015F0010F00D162B670BD70474CA70020A5
:10C6A0007C9F002018B108B5F8F7FFFF08BD704760
:10C6B00068B110B50446FFF741FF224604496430D3
:10C6C000FFF78CFF01212046F8F7D8FF10BD704717
:10C6D000A5C6000808B5164B00221A7058B10128EB
:10C6E00020D01448F6F776FF0020134B83F8D00AC9
:10C6F000FFF7F0FF15E00E4B02221A763C22DA75A6
:10C700000B4BDA7D197E521A9A7564221A610B4915
:10C710000A6822F00800086022F028020A6001225C
:10C720001A7008BD024B01221A761D22DA75E7E75E
:10C7300068A70020D4F90008304E0020B43D002046
:10C740000A4B00221A700A4621B1084B01211970C8
:10C750005A607047064A136843F02001116023F0C5
:10C76000100343F020031360704700BF54A700205C
:10C77000B43D002010B59D4B1978002942D00379B3
:10C78000002B4BD00468994B9868A4EB000CDA6836
:10C79000821AD8609C601B69634553D8002A51D027
:10C7A00007EE90CAF8EE675A07EE902AF8EE677A1D
:10C7B00085EEA77AF7EE087AB4EEE77AF1EE10FA92
:10C7C00049DB8A4B1B7E07EE903AF8EEE77AF0EEF3
:10C7D000086A67EEA67AF4EEC77AF1EE10FA3ADB51
:10C7E000824B9A8A9B7D013B9A422CD0804B5A689F
:10C7F00001325A6000227F4802709A607B4B00220F
:10C800009A822DE07C48F6F7E5FE794A136843F0FA
:10C810000101116043F02103136013E0744A002307
:10C820009361136823F008011160002182F87810E9
:10C8300023F0806121F00801116023F0406323F0B0
:10C840000803136010BD6B4B01221A70684A93688D
:10C8500001339360D2E7654A938A013393820021C2
:10C86000644B1A78EAB16248036843F00803036036
:10C870005E4BD87D05EE100AB8EE455ADFED5F7AC3
:10C8800087EE857A988A07EE900AF8EE677A67EE67
:10C89000277A5B4BD3F88C3606EE903A77EEA67A81
:10C8A00009E05348036823F008030360E0E79FEDC5
:10C8B000536A77EE867AF5EEC07AF1EE10FAF6D486
:10C8C00003E09FED4E6A77EEC67A9FED4C6AF4EE78
:10C8D000C67AF1EE10FAF4DA454BC3ED047A39B9B1
:10C8E0009FED486AC6EE254A84EE856A83ED066AA6
:10C8F0003E4B9B7D013B984206DA77EE277A25E096
:10C90000DFED3E7A76EEA76AF5EEC06AF1EE10FA38
:10C91000F6D403E0DFED397A76EEE76ADFED377AB9
:10C92000F4EEE76AF1EE10FAF4DA374BC3ED006A81
:10C930002F4B93F87830032B00F2AF80DFE803F041
:10C940001B3B66949FED2D7A77EE877AF5EEC07AE1
:10C95000F1EE10FAF6D403E09FED287A77EEC77A6D
:10C960009FED267AF4EEC77AF1EE10FAF4DA264B50
:10C97000C3ED007ADCE752B91D4BD3ED067AF5EE34
:10C98000407AF1EE10FA02D0012283F87820184B99
:10C9900093F87830022B40F0858015490A6842F000
:10C9A00080620A60032B40F08380114A136843F0D1
:10C9B0000063136046E752B90D4BD3ED067AF5EEEE
:10C9C000407AF1EE10FA02D183F87820DFE7002AEE
:10C9D000DDD0074BD3ED067AF5EE407AF1EE10FA92
:10C9E000D5D0022283F87820D1E700BF68A70020C5
:10C9F000B43D002050A7002024FA00080000B443F2
:10CA0000304E0020C0E1644C84A70020A2B92B4B1B
:10CA100093ED067A2A4BD3F8803607EE903ADFED95
:10CA2000296A77EEE67AB4EEE77AF1EE10FA03D5EA
:10CA3000224B012183F87810002AA8D01F4B93EDD8
:10CA4000067A1F4BD3F8803607EE903ADFED1D6A69
:10CA500077EEA67AB4EEE77AF1EE10FA97DD174B8F
:10CA6000032283F8782092E7144B93ED067A144B57
:10CA7000D3F8803607EE903ADFED126A77EEE67A69
:10CA8000B4EEE77AF1EE10FA81D5002A3FF47FAFD9
:10CA90000A4B022283F8782079E7084B002283F8BA
:10CAA000782074E705490A6822F080620A6079E715
:10CAB000024A136823F000631360C3E6B43D00200C
:10CAC000304E002000004842014B187A704700BFEA
:10CAD00054A70020014B93ED060A7047B43D002097
:10CAE000014B93ED040A7047B43D0020014B93EDD8
:10CAF000000A704784A70020014B93F87800704724
:10CB0000B43D0020124B1B7803B3124B1B78EBB9DA
:10CB1000114B1B687D2B13D830B4104A136823F0D7
:10CB2000005313600C4B1D680D490A68821A0D4CA6
:10CB300044F8252008601A6801321A6030BC70473A
:10CB4000064A136843F0005313607047704700BFF4
:10CB5000DC0000208CA7002090A70020B43D00201E
:10CB600088A7002010AA00200048704794A7002042
:10CB700040F27B2070470000034B18687D2894BF6B
:10CB800000200120704700BF90A700200123044A25
:10CB90001370044A1370044B00221A60704700BFE0
:10CBA0008CA70020DC00002090A70020014B002271
:10CBB0001A707047DC00002041B1054A116028B9A5
:10CBC000044B3C221A70044B044A1A60704700BFA1
:10CBD0001CAC002010AC002014AC002030FC00087D
:10CBE00070B582B0264B1B687BB3264B93ED007A61
:10CBF000B5EE407AF1EE10FA27D0234B1A6822B333
:10CC0000224B1B780BB307EE903AF8EEE77A67EE0B
:10CC1000877ADFED1F6A86EEA77AFCEEC77A17EEF9
:10CC2000904A04B901241B4B1B68D35C93B9174B82
:10CC30001B78013B174A126893421CD90132154BED
:10CC40001A602046F4F7D6F902E06420F4F7D2F92E
:10CC500002B070BD00250095019501238DF80430C8
:10CC6000FFF76CFC00902B462A4669460448006892
:10CC7000F4F730FBDBE7074B00221A60E1E700BF67
:10CC80001CAC002018AC002014AC002010AC00201C
:10CC900000606A470CAC0020014B83ED000A70472E
:10CCA00018AC0020014B00221A60704718AC00201D
:10CCB00008B500220F49104800F060FC70B90F4918
:10CCC0000D4800F072FC60B90D490B4800F039FACC
:10CCD00050B9094800F089FC48B908BDF8F744FC90
:10CCE000EDE7F8F741FCEFE7F8F73EFCF1E7F8F77E
:10CCF0003BFCF2E7B001002020AC00202401002022
:10CD00006801002010B5D0F8D43203F1B00250F819
:10CD100022408CB100EB820043687BB194F80002A2
:10CD2000FF280DD09B6894F8012221469847FF23E5
:10CD300084F80032002010BD0320FCE70020FAE751
:10CD40000020F8E70A230380004870475C010020B8
:10CD5000F8B506460F4F8221384600F0F9FD05462A
:10CD60000121384600F0F4FD04468121384600F0E8
:10CD7000EFFD0DB11022AA711CB1402222710022D8
:10CD8000627118B140220271002242714323338044
:10CD90000048F8BDE0000020F8B506460F4F82219C
:10CDA000384600F0D5FD05460121384600F0D0FD9B
:10CDB00004468121384600F0CBFD0DB11022AA7146
:10CDC0001CB1402222710022627118B1402202710E
:10CDD00000224271432333800048F8BDE000002068
:10CDE000F8B506460F4F8221384600F0B1FD0546E2
:10CDF0000121384600F0ACFD04468121384600F0A0
:10CE0000A7FD0DB11022AA711CB1002222710222CD
:10CE1000627118B1002202710222427143233380F1
:10CE20000048F8BDE000002038B5D0F8D432B03367
:10CE300050F8235095B1044600F048FBC5F80C02A9
:10CE4000D4F8D432B03304EB83046368DB6805F5AF
:10CE50000371D5F804029847002038BD0320FCE791
:10CE600038B5D0F8C852D0F8D432B03350F8234097
:10CE700084B301F00F0303EB830200EB820292699B
:10CE80004AB103EBC30C05EB8C05ED69B2FBF5FC75
:10CE900005FB1C2292B10023C4F81432D0F8D4321E
:10CEA000B03300EB830043681B69ABB10A4604F55D
:10CEB0000471D4F808029847002038BD03EB8303BF
:10CEC00000EB830300249C612346224600F046FBCE
:10CED0002046F2E70320F0E70020EEE7F0B583B04C
:10CEE000D0F8D43203F1B00250F8227000228DF84D
:10CEF0000720ADF80420002F78D004460D460978AD
:10CF000011F0600634D0202E69D1EA882AB311F0DE
:10CF1000800F0ED16B7887F80032EA883F2A1AD842
:10CF2000D2B287F801223946204601F07AF900266C
:10CF300059E0B03300EB83035B689B68394668783F
:10CF40009847EA88072A28BF07223946204601F079
:10CF500053F9002647E04022E3E7B03300EB8303B8
:10CF60005B689B68002229466878984700263AE06B
:10CF70006F780B2F2ED8DFE807F006362D2D2D2DDC
:10CF80002D2D2D2D152490F89C32032B04D02946ED
:10CF900000F01BFD032626E0022201A901F02CF976
:10CFA0003E4620E090F89C32032B04D0294600F046
:10CFB0000CFD032617E001220DF1070101F01CF919
:10CFC00011E090F89C32032B0DD0294600F0FDFCB7
:10CFD000032608E0294600F0F8FC032603E0294672
:10CFE00000F0F3FC0326304603B0F0BD0326FAE759
:10CFF00038B50446812100F091FA002525870121EA
:10D00000204600F08BFAA4F878518221204600F0E7
:10D0100085FAA4F84C50A4F84E50D4F8D43203F159
:10D02000B00254F822209AB1B03304EB83035B685A
:10D030005B689847D4F8D432B03354F8230000F03A
:10D040004FFAD4F8D432B03344F82350C4F8BC5269
:10D05000002038BD70B504464FF4077000F03CFA6C
:10D06000002849D005464FF40772002101F0F4F979
:10D07000D4F8D432B03344F82350C4F8BC52237CE3
:10D08000002B41D14FF4007302228121204600F091
:10D090003AFA012626874FF40073022231462046D1
:10D0A00000F031FAA4F878611023A4F84E30082378
:10D0B00003228221204600F026FA0123A4F84C30F6
:10D0C0000026C5F80462D4F8D432B03304EB8303ED
:10D0D0005B681B689847C5F81462C5F81862D5F8F4
:10D0E000042262B3257C1DBB4FF40073012120464E
:10D0F00000F03CFA284670BDD4F8D432B033002298
:10D1000044F823200225F5E740230222812120460E
:10D1100000F0F9F9012626874023022231462046F5
:10D1200000F0F1F9A4F878611023A4F84E30BEE7BE
:10D1300040230121204600F019FA0025DAE70225F4
:10D14000D8E739B1D0F8D432B03300EB8300416076
:10D150000020704703207047D0F8D432B03350F825
:10D1600023302BB1C3F80812C3F8102200207047F7
:10D1700003207047D0F8D432B03350F823301BB1BD
:10D18000C3F80412002070470320704708B5D0F898
:10D19000D432B03350F823208AB1D2F814320BB114
:10D1A000012008BD0123C2F81432D2F81032C36244
:10D1B000D2F80822812100F0D1F90020F1E7032004
:10D1C000EFE710B5D0F8D432B03350F8232092B145
:10D1D000047C44B94FF40073D2F80422012100F01A
:10D1E000C5F9204610BD4023D2F80422012100F0E9
:10D1F000BDF90024F5E70324F3E700207047002081
:10D200007047002070470000F0B583B005460E4619
:10D210000A68174B1B68134440F21E418B4202D927
:10D22000134B00211960124F3C68294611482044D5
:10D2300001F046F933681C443C603F2B0AD90E4C80
:10D2400029462046FFF796FF2046FFF7BAFF002049
:10D2500003B0F0BD074B0093019400231A466946C2
:10D2600006480068F4F736F800223A60E7E700BFA6
:10D27000FCAE00202C15002020AC00206C1D0020EE
:10D2800010B5064C002206492046FFF765FF054908
:10D290002046FFF76FFF002010BD00BF20AC00202C
:10D2A00000AF002000B30020094BD3F8BC32D3F804
:10D2B00014320BB10120704710B5054C0A460146E7
:10D2C0002046FFF749FF2046FFF760FF10BD00BF73
:10D2D00020AC002030B589B000230393049305935C
:10D2E000069307930368B3F1A04F01D009B030BD96
:10D2F00003AA00250195174C236B43F00103236318
:10D30000236B03F001030193019B4FF4C05303937C
:10D3100002230493032306930A23079311460E481E
:10D32000FAF730FD636B43F0800363630295636C2F
:10D3300043F480436364636C03F480430293029B71
:10D340002A4607214320FAF713F94320FAF720F978
:10D35000CCE700BF003802400000024008B500F2F0
:10D360009C41D0F8E00400F056F908BD08B501EB87
:10D37000C10300EB8303D3F86022D0F8E00400F08F
:10D3800017FA08BD08B501EBC10300EB83031A6A65
:10D39000D0F8E00400F06CFA08BD08B5D0F8E0045D
:10D3A00000F0B4F908BD10B50446C379022B09D1C9
:10D3B0000121D4F8E00400F08CF9D4F8E00400F086
:10D3C00056F910BDF8F7D0F8F2E7000010B50446A2
:10D3D000D0F8E00400F080F92268D2F8003E43F073
:10D3E0000103C2F8003EE37A23B1034A136943F014
:10D3F0000603136110BD00BF00ED00E008B5D0F8D2
:10D40000E00400F077F908BD08B5D0F8E00400F0BA
:10D41000A3F908BD08B5D0F8E00400F087F908BD0D
:10D4200008B5D0F8E00400F0ADF908BD08B5D0F8B3
:10D43000E00400F0A9F908BD02780AB100207047A5
:10D4400010B503461548C0F8E034C3F8C8024FF0E1
:10D45000A0430360042303710222C271002383717D
:10D4600042728372C37203738373C373FAF7FAFE53
:10D4700080B90A4C80212046FBF7C3FC40220021E2
:10D480002046FBF798FC802201212046FBF793FC05
:10D49000002010BDF8F768F8EBE700BF20B90020C6
:10D4A000D0F8C83211F0800F08D101F07F0101EBF4
:10D4B000C10103EB810393F85602704701F07F012D
:10D4C00001EBC10103EB8103987D704708B5D0F8EB
:10D4D000C802FBF7CBF808BD0048704700B7002032
:10D4E0007047032805D8DFE800F005040205012095
:10D4F00070470320704708B5D0F8C802FAF733FF29
:10D50000FFF7EFFF08BD08B594461A466346D0F80A
:10D51000C802FBF708F8FFF7E4FF08BD08B5D0F82C
:10D52000C802FBF746F8FFF7DCFF08BD08B5D0F8E6
:10D53000C802FBF7C9F8FFF7D4FF08BD08B5D0F85B
:10D54000C802FBF704F9FFF7CCFF08BD08B5D0F817
:10D55000C802FAF7D5FFFFF7C4FF08BD08B5D0F839
:10D56000C802FBF78CF8FFF7BCFF08BD08B5D0F880
:10D57000C802FBF756F8FFF7B4FF08BD98B108B52D
:10D5800003460020C3F8B802C3F8C402C3F8D002AF
:10D5900009B1C3F8B412012183F89C121A7018461D
:10D5A000FFF74AFF08BD0320704710B582B0002383
:10D5B000ADF80630B9B10446C0F8B812D0F8D4229C
:10D5C000CB6A43B1AE3250F82230DB6A0DF106006F
:10D5D0009847C4F8D002D4F8D8320133C4F8D8320E
:10D5E000002002B010BD0320FBE708B5FFF783FF62
:10D5F00008BD08B5D0F8B83213B11B68984708BD0C
:10D600000020FCE708B5D0F8B8325B68984700B94D
:10D6100008BD0320FCE738B5044600F2AA252846D9
:10D6200000F0BFF90123C4F89432B4F8B032C4F862
:10D63000983294F8AA1201F01F03012B07D0022B95
:10D640000AD073B92946204600F080FB38BD294630
:10D65000204600F0B6FBF9E72946204600F0F3FB30
:10D66000F4E701F080012046FFF760FFEEE7F8B530
:10D670000446012380F89C320023C0F894324360B2
:10D68000C0F8A43280F8A032D0F8B832DBB15B68C1
:10D69000DBB1002198470746C8B940230022114654
:10D6A0002046FFF730FF0126A4F864614025C4F846
:10D6B00060512B46002280212046FFF724FFA684DC
:10D6C00025623846F8BD0027E7E70027E5E703278E
:10D6D000E3E701740020704790F89C32042B04D0DB
:10D6E00090F89C32DBB280F89D32042380F89C32A3
:10D6F0000020704790F89C32042B01D00020704726
:10D7000090F89D32DBB280F89C32F7E708B590F8CC
:10D710009C32032B01D0002008BDD0F8B832002B7A
:10D72000F9D0DB69002BF6D09847F4E708B5D0F8BC
:10D73000D432AE3350F8233053B190F89C22032AF0
:10D7400001D0002008BD1B6A23B198470020F9E7EB
:10D750000320F7E70020F5E708B5D0F8D432AE3360
:10D7600050F8233053B190F89C22032A01D00020B6
:10D7700008BD5B6A23B198470020F9E70320F7E76B
:10D780000020F5E70020704708B5012380F89C329F
:10D79000D0F8B83223B15B680179984710B908BD59
:10D7A0000020FCE70320FAE70020704700207047C4
:10D7B00038B504460D46002941D11346D0F89422CD
:10D7C000032A01D0084638BDD0F85C11D0F860219A
:10D7D000914209D890F8AA3203F01F03012B0ED012
:10D7E000022B1AD028460FE0891AC0F85C118A4231
:10D7F00028BF0A46194600F023FD2846E3E790F8C3
:10D80000AE12FFF7D1FF18B994F89C32032B09D060
:10D81000204600F01DFD2846D5E790F8AE12FFF730
:10D82000C5FFF0E700F1AE0354F823301A69002A6F
:10D83000EED0C4F8D4021B6920469847E8E701F00F
:10D840007F01FFF7B3FF88B994F89C32032BBAD15C
:10D8500000F1AE0354F823309A69002AB3D0C4F81B
:10D86000D4029B69294620469847ACE70020AAE7E6
:10D8700038B504460D4600294AD11346D0F8942203
:10D88000022A07D094F8A00218B1002384F8A0322D
:10D89000284638BDC269016A8A420DD88A4217D02B
:10D8A00094F89C32032B27D080212046FFF73EFEC0
:10D8B000204600F0D8FCE5E7521AC261194600F094
:10D8C000A8FC00231A4619462046FFF74FFED9E769
:10D8D00083699942E4D8D0F898229342E0D200229A
:10D8E000114600F096FC0021C4F898120B460A4637
:10D8F0002046FFF73BFEC5E7D4F8B832DA68002AC5
:10D90000D2D00022C4F8D422DB6820469847CBE767
:10D9100041F08001FFF74AFF88B994F89C32032B4D
:10D92000B7D100F1AE0354F823305A69002AB0D0C1
:10D93000C4F8D4025B69294620469847A9E700202D
:10D94000A7E70B88027813440B80037818447047CC
:10D95000428803789A4218D930B583B004460D4600
:10D96000ADF806306388BDF806209A420AD20DF160
:10D970000601FFF7E6FF4378052BF3D18378AB422E
:10D98000F0D100E0002003B030BD00207047034616
:10D99000002002E00130C0B201331A78002AF9D128
:10D9A00070470B7803704B7843708B78CA7843EAE2
:10D9B000022343800B794A7943EA022383808B79DF
:10D9C000CA7943EA0223C380704710B50446802118
:10D9D000FFF7ACFD00212046FFF7A8FD10BD30B5D4
:10D9E00083B004460D460023ADF806304A88130A7A
:10D9F000013B062B00F2AA80DFE803F0041E32A8E8
:10DA0000A88C9900D0F8B4321B680DF10601007C97
:10DA10009847EA88002A00F0A380BDF80630002B62
:10DA200000F099809A4228BF1A46ADF806200146B8
:10DA3000204600F0E1FB8CE0037C43B9D0F8B8321B
:10DA40009B6A0DF10600984702234370E1E7D0F886
:10DA5000B832DB6A0DF10600984702234370D8E71D
:10DA6000D2B2052A52D8DFE802F003101D2A37444B
:10DA7000D0F8B4325B6823B10DF10601007C984701
:10DA8000C7E72946FFF7A1FF63E0D0F8B4329B68EF
:10DA900023B10DF10601007C9847BAE72946FFF74C
:10DAA00094FF56E0D0F8B432DB6823B10DF10601E3
:10DAB000007C9847ADE72946FFF787FF49E0D0F89B
:10DAC000B4321B6923B10DF10601007C9847A0E731
:10DAD0002946FFF77AFF3CE0D0F8B4325B6923B106
:10DAE0000DF10601007C984793E72946FFF76DFF8B
:10DAF0002FE0D0F8B4329B6923B10DF10601007C10
:10DB0000984786E72946FFF760FF22E02946FFF79E
:10DB10005CFF1EE0037C33B9D0F8B8325B6B0DF1CB
:10DB20000600984775E72946FFF74FFF11E0037C91
:10DB300043B9D0F8B8321B6B0DF1060098470723A4
:10DB4000437066E72946FFF740FF02E02946FFF7EA
:10DB50003CFF03B030BD29462046FFF736FFF8E70B
:10DB6000204600F075FBF4E738B504468B88F3B91E
:10DB7000CB88E3B94B887F2B19D803F07F0590F849
:10DB80009C32032B0CD080F89E522946FFF7DEFC16
:10DB9000204600F05DFB35B1022384F89C3209E099
:10DBA000FFF713FF06E0012384F89C3202E02046D1
:10DBB000FFF70BFF38BD000070B504460E468D78A8
:10DBC0002F4B1D70012D10D890F89C32DAB2022B29
:10DBD0000FD0032A26D0FFF7F8FE294B19782046EC
:10DBE000FFF710FD0325284670BDFFF7EEFE032565
:10DBF000F9E7A5B145602946FFF7FBFC054638B1BA
:10DC000031462046FFF7E1FE022384F89C32EAE722
:10DC1000204600F01DFB032384F89C32E3E700F06C
:10DC200017FBE0E7CDB141688D4225D0C9B2FFF7BF
:10DC3000E9FC134B197861602046FFF7DAFC0546D2
:10DC4000B0B131462046FFF7C0FE21792046FFF7EC
:10DC5000D9FC022384F89C32C5E7022380F89C3269
:10DC600045602946FFF7CEFC204600F0F1FABAE7FE
:10DC7000204600F0EDFAB6E700F0EAFA0025B2E738
:10DC800004BE002008B5CB88012B0BD190F89C3244
:10DC9000DAB2022B09D9032A11D10122011D00F0A9
:10DCA000ABFA01E0FFF791FE08BD52B23AB101466E
:10DCB000002341F8083F012200F09EFAF4E7FFF745
:10DCC00084FEF1E708B590F89C32013B022B12D894
:10DCD000CB88022B0CD10123C360D0F8A4320BB146
:10DCE0000323C360022200F10C0100F085FA08BD95
:10DCF000FFF76BFEFBE7FFF768FEF8E708B54B8818
:10DD0000012B04D0022B07D0FFF75FFE08BDC0F83F
:10DD1000A43200F09DFAF9E78B881B0A80F8A03244
:10DD200000F096FAF2E708B590F89C32013B022B1E
:10DD300009D84B88012B00D008BD0023C0F8A432BD
:10DD400000F086FAF8E7FFF740FEF5E738B50C7803
:10DD500004F06004202C06D0402C04D06CB1FFF7F6
:10DD600034FE002407E0D0F8D432AE3350F823302C
:10DD70009B6898470446204638BD4D78092D1DD82C
:10DD8000DFE805F012191C161C08051C0F0BFFF725
:10DD900026FEF0E7FFF7E8FEEDE7FFF70DFF04468C
:10DDA000E9E7FFF76FFFE6E7FFF78CFF2C46E2E7B6
:10DDB000FFF7A4FFDFE7FFF7B6FFDCE7FFF705FE9D
:10DDC000D9E770B505460C460B7803F06003202BAD
:10DDD00007D0402B05D023B1FFF7F7FD00263046D2
:10DDE00070BD95F89C32013B022B26D82179012980
:10DDF00005D921462846FFF7E8FD0026EFE728462B
:10DE0000FFF7D2FC68B900F1AE0255F82220916804
:10DE100089B1C5F8D402936821462846984706463A
:10DE200000E00326E388002BD9D1002ED7D1284665
:10DE300000F00EFAD3E70326F4E721462846FFF761
:10DE4000C4FD0026CBE72DE9F04106460D468B8840
:10DE5000DFB20C7804F06004202C08D0402C06D0EF
:10DE6000DCB1FFF7B2FD00242046BDE8F081394661
:10DE70003046FFF79BFC0446002840F0FC80C6F8C3
:10DE8000D40200F1AE0356F823309B68002BEBD090
:10DE90002946304698470446E6E791F80180B8F1F4
:10DEA000010F31D0B8F1030F05D0B8F1000F67D0E2
:10DEB000FFF78BFDD8E790F89C32DAB2022B04D042
:10DEC000032A12D0FFF781FDCEE70FB1802F04D1D6
:10DED00029463046FFF779FDC6E73946FFF726FBAE
:10DEE00080213046FFF722FBBEE74B8823B91FB1E4
:10DEF000802F01D0CB881BB1304600F0A9F9B3E7E1
:10DF00003946FFF713FBF7E790F89C32DAB2022BA1
:10DF100004D0032A12D0FFF758FDA5E70FB1802FD8
:10DF200004D129463046FFF750FD9DE73946FFF7FB
:10DF3000FDFA80213046FFF7F9FA95E74B88002B70
:10DF400092D117F07F0F17D1304600F081F9394692
:10DF50003046FFF72BFC002886D1C6F8D40200F12A
:10DF6000AE0256F822209268002A00F086802946E8
:10DF700030469047044677E73946FFF7DFFAE3E794
:10DF800090F89C22D1B2022A06D0032929D0294632
:10DF9000FFF71BFD444667E70FB1802F13D113F045
:10DFA000800F15D107F07F0707EB8707B90001F550
:10DFB000A8713144043100230B600222304600F086
:10DFC0001BF9444650E72946FFF7FFFC44464BE760
:10DFD00007F07F0707EB8707B900103131440431A0
:10DFE000E9E75BB2002B1FDB07F00F0202EB8202B6
:10DFF00000EB8202B2F8642122B3002B27DB07F08A
:10E000007F0303EB83039C0004F5A87434440434B9
:10E010000FB1802F24D100232360022221463046F5
:10E0200000F0EAF844461FE707F00F0202EB820215
:10E0300000EB8202928C002ADFD12946FFF7C5FC53
:10E04000444611E72946FFF7C0FC44460CE707F0B9
:10E050007F0303EB83039C00103434440434D7E77C
:10E0600039463046FFF71CFA10B101232360D4E78C
:10E0700000232360D1E70024F6E60446F4E600B36B
:10E0800070B50D4616460446FFF781FC013043008B
:10E09000B3F5007F06D89BB233802B7003236B70DF
:10E0A00002230AE04FF40073F6E7EA5401345A1CE5
:10E0B000D2B20021A9540233DBB22278002AF4D173
:10E0C00070BD704712230B80004870479C010020F0
:10E0D00004230B80004870479801002000239342DE
:10E0E0001ED200B510E00CF1370C01F813C000018E
:10E0F0004FEA430C0CF1010C4FF0000E01F80CE05C
:10E100000133DBB2934209D24FEA107CB0F1204FC9
:10E11000E9D20CF1300C01F813C0E8E75DF804FB1C
:10E120007047000038B50B4BD3F8100AD3F8144AE7
:10E13000D3F8183AC01800D138BD074D0822294637
:10E14000FFF7CCFF042205F110012046FFF7C6FFC0
:10E15000F2E700BF0070FF1F7E01002008B51A2300
:10E160000B80FFF7DFFF014808BD00BF7C010020E6
:10E1700008B50A4628B905490548FFF780FF034856
:10E1800008BD02490248FFF77AFFF8E708BE002001
:10E1900048FA000810B50A46034C21460348FFF729
:10E1A0006EFF204610BD00BF08BE002064FA0008C4
:10E1B00008B50A4628B905490548FFF760FF034836
:10E1C00008BD02490248FFF75AFFF8E708BE0020E1
:10E1D00078FA000808B50A4628B905490548FFF746
:10E1E0004EFF034808BD02490248FFF748FFF8E721
:10E1F00008BE002084FA000808B513460222C0F8C1
:10E2000094228361C3610A460021FFF7A7F9002029
:10E2100008BD08B513460A460021FFF79FF9002004
:10E2200008BD08B513460322C0F89422C0F858313F
:10E23000C0F85C310A460021FFF798F9002008BDBC
:10E2400008B513460A460021FFF790F9002008BDE3
:10E2500008B50422C0F8942200231A461946FFF795
:10E260007DF9002008BD08B50522C0F894220023DE
:10E270001A461946FFF77AF9002008BDF4EEC10AE4
:10E28000F1EE10FA0FD5B4EEE00AF1EE10FA06DB6B
:10E29000B4EEC10AF1EE10FA03D40020704700205A
:10E2A000704701207047B4EEE00AF1EE10FA06DA8A
:10E2B000B4EEC10AF1EE10FA03D501207047012037
:10E2C0007047002070470000C0434FF0000C944599
:10E2D00011D210B411F80C304340DBB2074C54F8A3
:10E2E000233083EA10200CF1010C9445F2D3C04393
:10E2F0005DF8044B7047C043704700BF6CFC0008DA
:10E30000F9B100B584468E4690ED007A37EE407A3A
:10E31000B0EEC77A0123002000E00133734513D229
:10E320000CEB8302D2ED007A77EEC07AF0EEE77A5A
:10E33000B4EEE77AF1EE10FAEFDDB0EE677A184648
:10E34000EBE74FF0FF3070475DF804FBB4EE400A96
:10E35000F1EE10FA13D6F4EE600AF1EE10FA11D6CF
:10E36000401A12D070EE600A07EE900AF8EE677A53
:10E3700080EEA70ADFED067A20EE270A70479FEDB0
:10E38000050A70479FED030A70479FED020A704728
:10E390000024744900000000DFF834D0FCF7E6FCEC
:10E3A0000C480D490D4A002302E0D458C4500433F0
:10E3B000C4188C42F9D30A4A0A4C002301E01360C6
:10E3C0000432A242FBD300F055F8F7F721F9704769
:10E3D00000000120000000201C020020B000010805
:10E3E0001C02002050C10020FEE700000CB430B534
:10E3F000184B0C1E1D689DB008DA8B232B604FF064
:10E40000FF301DB0BDE8304002B070474FF40273DA
:10E41000ADF814304FF000031B9314BF04F1FF3329
:10E420002346049307934FF6FF7302900690ADF8CE
:10E430001630209A21AB02A92846019300F0A6F9D4
:10E44000431CBCBF8B232B60002CDAD0029B002224
:10E450001A70D6E7CC01002002440346934200D153
:10E46000704703F8011BF9E7014B1868704700BFBC
:10E47000CC01002070B50D4B0D4D5B1B9C10002690
:10E48000A64209D101F04AF80A4D0B4B5B1B9C10C8
:10E490000026A64205D170BD55F8043B98470136C9
:10E4A000EEE755F8043B98470136F2E7A80001086B
:10E4B000A8000108A8000108AC00010870477047D7
:10E4C0000A44914200F1FF3300D1704710B511F8B2
:10E4D000014B03F8014F9142F9D110BD38B5054603
:10E4E000002941D051F8043C0C1F002BB8BFE418A0
:10E4F00000F0E0F81D4A136833B9636014602846E1
:10E50000BDE8384000F0DCB8A34208D920682118E3
:10E510008B4201BF19685B6809182160EDE71A4654
:10E520005B680BB1A342FAD911685018A0420BD115
:10E5300020680144501883421160E0D118685B687C
:10E54000536008441060DAE702D90C232B60D6E749
:10E55000206821188B4204BF19685B68636004BFA0
:10E56000091821605460CAE738BD00BF4CC10020C3
:10E5700070B50F4E0C463168054611B900F0AAFB84
:10E5800030602146284600F0A5FB431C03D14FF024
:10E59000FF34204670BDC41C24F00304A042F8D010
:10E5A000211A284600F096FB0130F2D1EFE700BFB8
:10E5B00048C100202DE9F843CD1C25F0030508359E
:10E5C0000C2D38BF0C25002D064601DBA94204D9CD
:10E5D0000C2333600020BDE8F883DFF8D48000F01E
:10E5E00069F8D8F800301C4644BB29463046FFF78E
:10E5F000BFFF431C044658D1D8F800402746002FDF
:10E6000043D1002C4BD023683946304604EB030934
:10E6100000F060FB814542D121686D1A29463046E1
:10E62000FFF7A6FF01303AD023682B442360D8F8C7
:10E6300000305A6862BBC8F800700FE02268521BB5
:10E6400020D40B2A17D96119A342256018BF59603D
:10E65000636808BFC8F8001062514B60304600F094
:10E660002FF804F10B00231D20F00700C21A1CBF75
:10E670001B1AA350AFE76268A3420CBFC8F8002082
:10E680005A60EBE723466468AEE73C467F68B6E72E
:10E690001A465B68A342FBD100235360DEE70C23DC
:10E6A0003360304600F00CF894E70560D6E700BF11
:10E6B0004CC100200148FFF701BF00BF44C100204A
:10E6C0000148FFF7FCBE00BF44C100202DE9F04720
:10E6D0008E681F46BE4282460C469046334653D84B
:10E6E000B1F90C0010F4906F2BD0656923680969AB
:10E6F00005EB4505A3EB010905EBD5757B1C6D10FA
:10E700004B44AB422A4684BF1D462A46430527D5C3
:10E7100011465046FFF74EFF064658B321694A4658
:10E72000FFF7CEFEA38923F4906343F08003A38117
:10E73000266165614E44A5EB09052660A5603E464D
:10E740003B461F4620683A46414600F0A9FAA368B6
:10E750009B1BA36023683B4423600020BDE8F08737
:10E76000504600F0C7FA06460028E1D1216950461C
:10E77000FFF7B4FE0C23CAF80030A38943F040032E
:10E78000A3814FF0FF30E9E73E46DBE72DE9F04F8C
:10E7900098468B891B069DB007460D46144610D53A
:10E7A0000B6973B94021FFF705FF2860286130B974
:10E7B0000C233B604FF0FF301DB0BDE8F08F4023CD
:10E7C0006B610023099320238DF82930CDF80C804C
:10E7D0003023DFF89C818DF82A304FF00109234661
:10E7E0009A4613F8012B0AB1252AF9D1BAEB040B8A
:10E7F0000BD05B46224629463846FFF767FF0130BB
:10E8000000F0A780099A5A4409929AF80030002B28
:10E8100000F09F8000234FF0FF32CDE905230AF17D
:10E82000010A049307938DF853301A935446052236
:10E8300014F8011B4E48F1F7BBFC049AD8B9D00676
:10E8400044BF20238DF85330110744BF2B238DF88C
:10E8500053309AF800302A2B15D0079A54460020DE
:10E860004FF00A0C214611F8013B303B092B4BD9E4
:10E87000B0B1079214E0A0EB080309FA03F31343C5
:10E880000493A246D2E7039B191D1B680391002B3A
:10E89000BBBF5B4242F0020207930793B8BF0492EA
:10E8A00023782E2B0AD163782A2B32D1039B1A1D91
:10E8B0001B68039243EAE37302340593DFF8C0A0B8
:10E8C000217803225046F1F773FC38B1049BA0EB8A
:10E8D0000A004022824013430134049314F8011BC0
:10E8E00024488DF828100622F1F762FC002836D063
:10E8F000214B1BBB039B073323F007030833039310
:10E90000099B334409936AE70CFB02320C46012051
:10E91000A8E700230134059319464FF00A0C20465E
:10E9200010F8012B303A092A03D9002BC6D00591E3
:10E93000C4E70CFB012104460123F0E703AB00937D
:10E940002A460E4B04A93846AFF30080421C064607
:10E95000D6D1AB895B063FF52DAF09982CE703AB09
:10E9600000932A46054B04A9384600F079F8EDE7F4
:10E970006C0001087600010800000000CDE60008E8
:10E98000720001082DE9F047164698468A680B691F
:10E99000DDF820909342B8BF1346336091F84320CE
:10E9A00007460C460AB1013333602368990642BF1B
:10E9B000336802333360256815F0060506D104F18B
:10E9C000190AE36832689B1AAB4226DC94F843309C
:10E9D0002268003B18BF012392062BD404F14302A6
:10E9E00041463846C84701301ED02368226903F0EB
:10E9F0000603042B02BFE5683368ED1AA3680CBF59
:10EA000025EAE57500259342C4BF9B1AED18002640
:10EA10001A34B5421AD1002008E00123524641467B
:10EA20003846C847013003D14FF0FF30BDE8F087CA
:10EA30000135C6E7E1185A1C302081F84300224412
:10EA400094F8451082F843100233C7E701232246A9
:10EA500041463846C8470130E6D00136D9E70000C4
:10EA60002DE9FF470F7E0C9E782F914680460C467D
:10EA70009A4601F1430207D8622F0AD8002F00F00E
:10EA8000D280582F00F0B78004F1420684F842701B
:10EA90003AE0A7F16303152BF6D801A151F823F052
:10EAA000F9EA00080DEB000889EA000889EA000885
:10EAB00089EA000889EA00080DEB000889EA0008E5
:10EAC00089EA000889EA000889EA00080DEC0008D4
:10EAD00037EB0008C3EB000889EA000889EA000860
:10EAE0002FEC000889EA000837EB000889EA0008E3
:10EAF00089EA0008CBEB000833681A1D1B683260F6
:10EB000004F1420684F8423001239DE03368206816
:10EB1000191D3160060601D51D6803E04506FBD5C9
:10EB2000B3F90050002D03DA2D236D4284F84330F1
:10EB300059480A2310E021683368080653F8045B3B
:10EB400002D4490648BFADB26F2F5348336059D144
:10EB50000823002184F843106668A660002E05DBB8
:10EB600021682E4321F0040121604DD01646B5FBEB
:10EB7000F3F103FB1157C75D06F8017D2F46BB4239
:10EB80000D46F4D9082B0BD12368DF0708D523697C
:10EB900061689942DEBF302306F8013C06F1FF367A
:10EBA000921B2261CDF800A04B4603AA21464046A5
:10EBB000FFF7E8FE01304CD14FF0FF3004B0BDE864
:10EBC000F087236843F0200323603448782784F8D3
:10EBD0004570236831681F0651F8045B02D45F0654
:10EBE00048BFADB23160D90744BF43F02003236072
:10EBF0001DB11023ADE72848E9E7236823F020037F
:10EC00002360F6E70A23A4E71646BBE733682568C6
:10EC10006169181D30602E061B6801D5196002E07D
:10EC20006806FBD51980002323611646BAE73368CE
:10EC30001A1D32601E68626800213046F1F7B8FA8A
:10EC400008B1801B606063682361002384F843304F
:10EC5000A8E72369324649464046D0470130ABD049
:10EC600023689B0713D4E068039B9842B8BF1846FB
:10EC7000A4E70123324649464046D04701309BD0A5
:10EC80000135E36803995B1AAB42F2DCEBE7002540
:10EC900004F11906F5E700BF7D0001088E000108A8
:10ECA000884210B501EB020402D98442234607D8FA
:10ECB000431EA14207D011F8012B03F8012FF8E7FA
:10ECC0000244824200D110BD13F8011D02F8011D5B
:10ECD000F7E7000038B5064D0023044608462B60D0
:10ECE000FCF720F8431C02D12B6803B1236038BD28
:10ECF00040C100202DE9F041074614460D4621B9D8
:10ED0000BDE8F0411146FFF755BC2AB9FFF7E6FB15
:10ED100025462846BDE8F08100F01AF884420646F0
:10ED200002D8B4EB500FF4D821463846FFF742FC26
:10ED3000804608B94546ECE7B4422246294628BF3A
:10ED40003246FFF7BDFB29463846FFF7C7FBF1E720
:10ED500051F8043C181F002BBCBF0B58C01870475B
:10ED600008B52DED028BB0EE408A00F063F8B4EEEA
:10ED7000488AF1EE10FAF0EE408A0AD6B0EE480A60
:10ED800000F04AF8F7EE007AB4EEE70AF1EE10FA76
:10ED900004DCB0EE680ABDEC028B08BDFFF764FB33
:10EDA000BDEC028B034621221A600248BDE80840F0
:10EDB00000F03AB81CF7000808B52DED028BB0EE54
:10EDC000408A00F031F9B4EE488AF1EE10FA0FD61D
:10EDD000B5EEC08AF1EE10FA0ADCB5EE408AF1EE2B
:10EDE00010FA08D1FFF740FB22239FED090A0360C8
:10EDF000BDEC028B08BDFFF737FBBDEC028B034671
:10EE000021221A600348BDE8084000F00DB800BF99
:10EE1000000080FF1CF7000810EE103A23F00043BA
:10EE200000EE103A704700BF9FED010A704700BF27
:10EE30000000C07F38B510EE105A25F00044B4F140
:10EE40007E5F2DED048BF0EE407A7FD077D8B4F161
:10EE50007C5F0ED2B4F1485F80F090809FED627AC3
:10EE600030EE077AF7EE006AB4EEE67AF1EE10FAC9
:10EE700062DCB0EE670AFFF7CFFFF7EE007A37EEFD
:10EE8000C08AB6EE007A28EE078ADFED586A9FED59
:10EE9000587A9FED586A9FED585ADFED585ADFEDCA
:10EEA000588AE8EE076A9FED577AA8EE067AA6EE32
:10EEB000885A9FED556ADFED556AA7EE086AE5EEC0
:10EEC000085A9FED537AA6EE087AE5EE886AE7EED7
:10EED000087AE6EE888AB0EE480AB0EE679A00F04B
:10EEE0009DF94C4B68EE888A9C4288EE896A38D836
:10EEF00010EE103A6FF30B0306EE903AA6EEE68A98
:10EF000070EE267A9FED447AC8EE274AF0EE005A5A
:10EF1000A4EEE57ADFED417A30EE000AB0EE675AF2
:10EF200090EE067AA6EEE55A37EE457A37EEC70A36
:10EF3000002D01DCB1EE400ABDEC048B38BDBDEC08
:10EF4000048B70EE407A87EEA70A38BDBDEC048BC7
:10EF50009FED310A9FED327A27EE800AA7EE870AED
:10EF600038BDA0EE060A9FED2F7ADFED2D7AF0EE88
:10EF7000006AA0EE267A37EEC70AD9E720EE007ABB
:10EF8000DFED1B6A9FED196ADFED1B5A9FED195AE1
:10EF9000DFED1A4AA7EE266ABDEC048BE6EE075AAF
:10EFA000DFED186A9FED186AE7EE056AE5EE874A1D
:10EFB000A6EE876A9FED155ADFED155ADFED106A50
:10EFC000A4EE875AE6EE075AE5EE076AB7EE006A46
:10EFD000A5EE876A26EE877AC7EE066AE0EE267A05
:10EFE000B0EE670A38BD00BFCAF24971047F4F3ADC
:10EFF00008EF11382EC69D3D461124BDA80A4E3E8D
:10F00000ABAA2A3E613330BF2D57014090B0A6BE57
:10F0100039D119C09999793F2EBD3BB3DB0F493FD8
:10F02000DB0FC93F2EBD3B3310EE102A32F00043F8
:10F030002FD0002A134633DBB2F1FF4F40DAB2F58E
:10F04000000F34DB4FF0000C6448C3F31601084492
:10F0500000F4000282F07E520A43DB1500EE102A13
:10F060007F3B5F4A634401F10F0CF7EE007A0CEA34
:10F07000020230EE670A03EBD05322BBB5EE400A22
:10F08000F1EE10FA62D1002B40F090809FED550A0E
:10F0900070479FED557ADFED537A87EE270A704768
:10F0A00070EE407A9FED4F7A87EE870A7047DFED6A
:10F0B0004F7A60EE277A6FF0180C17EE903AC3E79C
:10F0C00030EE000A7047F0EE007A70EE277A07EE15
:10F0D000103A80EE274A4648C1F55712084402F517
:10F0E00022720243002A9FED433ADFED434ADFEDEF
:10F0F000435ADFED433A9FED435ADFED437ADFEDAC
:10F10000436A24EE046AF8EEC72A26EE067AE7EE92
:10F11000034AA7EE235AE4EE875AE5EE076AE5EEC6
:10F12000877A67EE867AE6EE877A2ADDB6EE007A8F
:10F1300020EE077A27EE007A77EE877A67EE847AF8
:10F140003BBB37EE677A30EE470A70479FED307A67
:10F15000F6EE007AE0EE477A20EE007A27EE277A84
:10F16000002BF0D007EE903A9FED2A6ADFED2A6A75
:10F17000F8EEE77AA7EEC67A37EE400A97EEA60ACF
:10F18000704770EE677A67EE847AE3B930EE670A0B
:10F1900070479FED206ADFED206AE2EE867A37EE57
:10F1A000677A37EE400A92EEA60A704707EE903A69
:10F1B0009FED180A9FED187AF8EEE77A27EE800A9D
:10F1C000A7EE870A7047DFED136A9FED137AE2EE30
:10F1D000E67A37EEC00A92EE870A704720FB4A00B3
:10F1E000F0FF7F0000000000000000CC0000004C99
:10F1F000305CCFFF9788173E25333A3E2549923E33
:10F200004FD01C3E298E633EABAA2A3FCDCCCC3ECC
:10F21000ABAAAA3ED1F717378071313FB1EEC00AD1
:10F22000704700BF2DE9F047089D0F4604468C4605
:10F23000002B48D18A42164661D9B2FA82F34BB10B
:10F24000C3F1200201FA03FC20FA02F29E4042EAD6
:10F250000C0C9C404FEA164EB7B2BCFBFEF1220CE0
:10F260000EFB11CC42EA0C4201FB07F0904209D997
:10F27000B21801F1FF3C80F0EE80904240F2EB804A
:10F2800002393244121AA4B2B2FBFEF00EFB102275
:10F2900044EA024400FB07F7A74209D9341900F1F8
:10F2A000FF3280F0DA80A74240F2D780344402383F
:10F2B00040EA0140E41B00211DB1DC400023C5E908
:10F2C0000043BDE8F0878B4206D90DB1C5E90001C6
:10F2D00000210846BDE8F087B3FA83F1002948D140
:10F2E000BB4202D3824200F20781841A67EB030219
:10F2F00001209446002DE4D0C5E9004CE1E7002A46
:10F3000000F09280B2FA82F3002B40F0A8808A1AB3
:10F310004FEA164E1FFA86FC0121200CB2FBFEF7C5
:10F320000EFB172240EA02420CFB07F0904207D97D
:10F33000B21807F1FF3802D2904200F2E28047464D
:10F34000121AA4B2B2FBFEF00EFB102244EA0244F1
:10F350000CFB00FCA44507D9341900F1FF3202D29E
:10F36000A44500F2CB801046A4EB0C0440EA074011
:10F37000A2E7C1F120068B4022FA06FC4CEA030CFE
:10F3800007FA01F420FA06F3F7404FEA1C49234339
:10F3900000FA01F81FFA8CFEB7FBF9F01C0C09FB10
:10F3A000107744EA074400FB0EF7A74202FA01F285
:10F3B0000AD91CEB040400F1FF3A80F09B80A742BD
:10F3C00040F2988002386444E41B9FB2B4FBF9F326
:10F3D00009FB134447EA044403FB0EFEA64509D982
:10F3E0001CEB040403F1FF3780F08280A6457FD92F
:10F3F000023B644443EA0040A4EB0E04A0FB02E796
:10F40000BC427346B94663D360D05DB1B8EB03022A
:10F4100064EB090404FA06F622FA01F31E43CC4019
:10F42000C5E9006400214CE76208480842EAC1715E
:10F430000B0C43EA00438AB242EA0342B3FBF6F103
:10F44000E407B4463746B6461F23B0FBF6F0D21B9E
:10F4500041EA004161E7614614E7104628E7C3F13D
:10F46000200120FA01F29E4027FA01F19F403A4321
:10F470004FEA164E1FFA86FCB1FBFEF70EFB171083
:10F48000110C41EA004107FB0CF8884504FA03F42B
:10F490003AD9711807F1FF3001D288451FD8A1EB86
:10F4A0000801B1FBFEF808FB0CF70EFB181192B235
:10F4B00042EA0142BA422FD2B21808F1FF31C6D255
:10F4C000BA42C4D2A8F102013244C0E7F0459CD24E
:10F4D000BEEB020367EB0C070138B94695E7A6EBD4
:10F4E00008084144B81EB1FBFEF808FB0CF7DCE746
:10F4F0003B467FE7504667E70846FBE63444023860
:10F5000032E7023F32441BE7A1EB08013846B1FB6A
:10F51000FEF808FB0CF7C8E7414698E7F8B500BFCE
:10F52000F8BC08BC9E467047F8B500BFF8BC08BCE4
:04F530009E4670473C
:10F53400000020C10000C8410000A04200CC1246D7
:10F54400008000450040A143000020C10000C841E4
:10F554000000B44200CC1246008000459A1973435F
:10F564000000A0C10000C8410000B442005075462C
:10F574000020004500006643000020C10000C8418F
:10F584000000B44200EEAD4600409C450000134428
:10F59400416E616C6F6720696E70757420696E6965
:10F5A40074206661696C65642120616463206F72F4
:10F5B4002074696D65722068616E646C652069737E
:10F5C400206E756C6C2E0000496E76616C69642047
:10F5D400696E64657820696E20616E616C6F672066
:10F5E400696E7075742E0000303032004A696D53B4
:10F5F40074696D20323032352E313200636F6E748F
:10F60400726F6C6C65725F636D6473007461736BAD
:10F614005F636F6D6D7300004E6F742061626C6583
:10F6240020746F20696E697420656570726F6D0057
:10F6340075706461746572006C6F6E675F726F756C
:10F6440074696E657300000073656E736F725F7426
:10F6540061736B00636F6E74726F6C6C657220748F
:10F664006573740074726967676572206472697681
:10F67400656E0000636F6E74726F6C6C65722066E9
:10F684006C616773000000007472696767657220BB
:10F694007175657565000000456C656374726F6E05
:10F6A4006963207468726F74746C6520696E697420
:10F6B400206661696C656400455442204175746F2D
:10F6C4002D54756E65206661696C65642E20455401
:10F6D40042206973206E756C6C21000045544220F1
:10F6E4004175746F2D54756E65206661696C65642F
:10F6F4002E205662617420746F6F206C6F77210026
:10F704004572726F723A2025730A00005761726E57
:10F71400696E673A2025730A00000000656E676908
:10F724006E655F666C61677300000000696E6974E2
:10F734005F7461736B00000064656661756C74547A
:10F7440061736B00556E6B6E6F776E206675656CBA
:10F7540020747970652E000067617320696E6A6594
:10F764006374696F6E20696E6974206661696C6583
:10F7740064210000476F7665726E657220696E6958
:10F7840074206661696C65642100000069676E69B4
:10F7940074696F6E207761746368646F672066694B
:10F7A4007265642E00000000436F696C206F6E2048
:10F7B400706C7567206E6F7420706F737369626C00
:10F7C4006520666F7220362063796C696E64657299
:10F7D400732C2064656661756C74696E6720746F40
:10F7E4002077617465736420737061726B2E0000FE
:10F7F40069676E6974696F6E20696E6974206661E9
:10F80400696C65642E20756E6B6F776E2066697205
:10F81400696E67206F726465722E000043616D200B
:10F824007068617365206E6F74206B6E6F776E2ED7
:10F8340020537769746368696E6720746F207761F9
:10F844007374656420737061726B2E00696E6A65EF
:10F854006374696F6E20696E6974206661696C6592
:10F86400642E20756E6B6F776E20666972696E67A1
:10F87400206F726465722E00696E6A656374696FC5
:10F884006E207761746368646F672066697265646B
:10F894002E00000053657175656E7469616C206992
:10F8A4006E6A656374696F6E206E6F7420706F7317
:10F8B4007369626C6520666F7220362063796C69A7
:10F8C4006E646572732C2064656661756C74696E10
:10F8D4006720746F20626174636820666972652EA4
:10F8E4000000000043616D207068617365206E6FD5
:10F8F40074206B6E6F776E2E20537769746368691A
:10F904006E6720746F20626174636820696E6A6533
:10F914006374696F6E2E00005265736973746F723D
:10F9240020696E6974206661696C65642100000059
:10F934007470732073656E736F72206973206E75B3
:10F944006C6C0000747073206973206E756C6C00AD
:10F954006D61702073656E736F72206973206E75AC
:10F964006C6C00006D61702073656E736F72206E35
:10F974006F20696E697421006961742073656E7308
:10F984006F72206973206E756C6C0000636C742058
:10F9940073656E736F72206973206E756C6C0000F2
:10F9A40049444C4500000000546865726D697374E5
:10F9B4006F7220696E6974206661696C65642100E8
:10F9C400546D725100000000546D72205376630030
:10F9D4005472696767657220696E697469616C69DC
:10F9E4007A6174696F6E206661696C65642E205754
:10F9F4006865656C2074797065206E6F742072651B
:10FA0400636F676E697A65642E2044656661756C00
:10FA140074696E6720746F2035382D322E00000013
:10FA24004372616E6B2074726967676572206973D3
:10FA3400206E6F7420696E697469616C697A65649B
:10FA44002E000000536D6172742047656E6572610B
:10FA5400746F7220436F6E74726F6C6C6572000009
:10FA6400416C6972657A612045736B616E64617281
:10FA74006900000043444320436F6E6669670000D9
:10FA840043444320496E74657266616365000000F7
:10FA940000F6000800000000700C00205C0000006C
:10FAA400700A00200002000018000000000000009E
:10FAB4000000000010F6000800000000CC14002034
:10FAC4005C000000CC0C00200008000018000000BE
:10FAD400000000000000000034F6000800000000F0
:10FAE400E81E00205C000000441F00200004000009
:10FAF4002000000000000000000000003CF60008A8
:10FB040000000000442300205C000000A02300202B
:10FB140000020000180000000000000000000000C7
:10FB24004CF6000800000000A02500205C00000046
:10FB3400FC25002000040000280000000000000054
:10FB44000000000058F6000800000000FC29002016
:10FB54005C000000582A0020000200002F00000072
:10FB6400000000000000000068F60008000000002B
:10FB7400582C00205C000000B42C00200010000071
:10FB84002E000000000000000000000078F60008CD
:10FB940000000000B43C0020200000008CF60008A7
:10FBA40000000000D83C002050000000283D002048
:10FBB4008000000020F70008000000003C590020ED
:10FBC4002000000030F700080000000000000000E2
:10FBD40000000000000000000010000030000000E1
:10FBE40000000000000000003CF7000800000000D6
:10FBF40000000000000000000000000000080000F9
:10FC04003000000000000000000000000006101694
:10FC140000061016000000000102030400000000AA
:10FC240000000000010203040607080901010101A4
:10FC340001010101010101010101010101010101B0
:10FC440001010101010101010101010101010101A0
:10FC54000101010101010101010101010101010190
:10FC64000101010101010000000000009630077746
:10FC74002C610EEEBA51099919C46D078FF46A709C
:10FC840035A563E9A395649E3288DB0EA4B8DC79BC
:10FC94001EE9D5E088D9D2972B4CB609BD7CB17E3C
:10FCA400072DB8E7911DBF906410B71DF220B06A0C
:10FCB4004871B9F3DE41BE847DD4DA1AEBE4DD6D1C
:10FCC40051B5D4F4C785D38356986C13C0A86B641C
:10FCD4007AF962FDECC9658A4F5C0114D96C06633C
:10FCE400633D0FFAF50D088DC8206E3B5E10694C1C
:10FCF400E44160D5727167A2D1E4033C47D4044B5C
:10FD0400FD850DD26BB50AA5FAA8B5356C98B2423B
:10FD1400D6C9BBDB40F9BCACE36CD832755CDF45BB
:10FD2400CF0DD6DC593DD1ABAC30D9263A00DE51EB
:10FD34008051D7C81661D0BFB5F4B42123C4B356DB
:10FD44009995BACF0FA5BDB89EB802280888055F5B
:10FD5400B2D90CC624E90BB1877C6F2F114C6858BB
:10FD6400AB1D61C13D2D66B69041DC760671DB01A9
:10FD7400BC20D2982A10D5EF8985B1711FB5B6067B
:10FD8400A5E4BF9F33D4B8E8A2C9077834F9000FBB
:10FD94008EA8099618980EE1BB0D6A7F2D3D6D085B
:10FDA400976C6491015C63E6F4516B6B62616C1C4B
:10FDB400D83065854E0062F2ED95066C7BA5011B7B
:10FDC400C1F4088257C40FF5C6D9B06550E9B7121B
:10FDD400EAB8BE8B7C88B9FCDF1DDD62492DDA15DB
:10FDE400F37CD38C654CD4FB5861B24DCE51B53AFB
:10FDF4007400BCA3E230BBD441A5DF4AD795D83DFB
:10FE04006DC4D1A4FBF4D6D36AE96943FCD96E343A
:10FE1400468867ADD0B860DA732D0444E51D03331A
:10FE24005F4C0AAAC97C0DDD3C710550AA4102272A
:10FE340010100BBE86200CC925B56857B3856F20FA
:10FE440009D466B99FE461CE0EF9DE5E98C9D9295A
:10FE54002298D0B0B4A8D7C7173DB359810DB42E9A
:10FE64003B5CBDB7AD6CBAC02083B8EDB6B3BF9AE6
:10FE74000CE2B6039AD2B1743947D5EAAF77D29D72
:10FE84001526DB048316DC73120B63E3843B649452
:10FE94003E6A6D0DA85A6A7A0BCF0EE49DFF099352
:10FEA40027AE000AB19E077D44930FF0D2A30887C2
:10FEB40068F2011EFEC206695D5762F7CB67658072
:10FEC40071366C19E7066B6E761BD4FEE02BD38972
:10FED4005A7ADA10CC4ADD676FDFB9F9F9EFBE8ED2
:10FEE40043BEB717D58EB060E8A3D6D67E93D1A112
:10FEF400C4C2D83852F2DF4FF167BBD16757BCA6F2
:10FF0400DD06B53F4B36B248DA2B0DD84C1B0AAF91
:10FF1400F64A0336607A0441C3EF60DF55DF67A811
:10FF2400EF8E6E3179BE69468CB361CB1A8366BCA1
:10FF3400A0D26F2536E2685295770CCC03470BBBF1
:10FF4400B91602222F260555BE3BBAC5280BBDB2F1
:10FF5400925AB42B046AB35CA7FFD7C231CFD0B591
:10FF64008B9ED92C1DAEDE5BB0C2649B26F263EC83
:10FF74009CA36A750A936D02A906099C3F360EEB91
:10FF84008567077213570005824ABF95147AB8E251
:10FF9400AE2BB17B381BB60C9B8ED2920DBED5E531
:10FFA400B7EFDC7C21DFDB0BD4D2D38642E2D4F181
:10FFB400F8B3DD686E83DA1FCD16BE815B26B9F611
:10FFC400E177B06F7747B718E65A0888706A0FFF71
:10FFD400CA3B06665C0B0111FF9E658F69AE62F831
:10FFE400D3FF6B6145CF6C1678E20AA0EED20DD731
:0CFFF4005483044EC2B30339612667A792
:020000040801F1
:10000000F71660D04D476949DB776E3E4A6AD1AE3C
:10001000DC5AD6D9660BDF40F03BD83753AEBCA9CB
:10002000C59EBBDE7FCFB247E9FFB5301CF2BDBD38
:100030008AC2BACA3093B353A6A3B4240536D0BA41
:100040009306D7CD2957DE54BF67D9232E7A66B3DE
:10005000B84A61C4021B685D942B6F2A37BE0BB48B
:10006000A18E0CC31BDF055A8DEF022D232D302BE3
:100070002000686C4C0065666745464700303132A9
:100080003334353637383941424344454600303100
:10009000323334353637383961626364656600005F
:0800A0000001FF7F01000000D8
:0400A800850A0008BD
:0400AC00610A0008DD
:1000B0000000000000000000000000000000000040
:1000C000C90B210503000E00000000000000000025
:1000D000000000000000000000000000C90B210526
:1000E00001000D00000000000100000000040240BB
:1000F000200000000000000000040240100000008A
:1001000000000000000402400800000000000000A1
:10011000000C024004000000000000000008024043
:10012000001000000000000000080240000800006D
:100130000000000000080240000400000000000071
:1001400000000240008000000000000000040240A7
:100150000004000000000000000002400001000058
:10016000000000000000024000020000000000004B
:10017000000002400004000000000000AAAAAAAA91
:1001800001000000100000000024F4000100000045
:1001900009024300020100C032090400000102020A
:1001A00001000524001001052401000104240202BD
:1001B0000524060001070582030800100904010058
:1001C000020A000000070501024000000705810245
:1001D0004000000055D00008F1CF0008DDCE000837
:1001E0000000000005CD000861CE000829CE0008FF
:1001F000000000000000000000000000E1CD000849
:1002000099CD000851CD000845CD00080A0600022E
:10021000000000400100000081D20008FBD100086E
:10022000FFD1000809D2000803D200081A03000019
:1002300000000000000000000000000000000000BE
:100240000000000000000000040309041201000285
:100250000202004083044057000201020301000033
:10026000C5E00008D1E0000895E1000871E1000850
:100270005DE10008B1E10008D5E10008D0010020EF
:100280000000000008C0002070C00020D8C000207E
:10029000000000000000000000000000000000005E
:1002A000000000000000000000000000000000004E
:1002B000000000000000000000000000000000003E
:0C02C00000000000000000000000000032
:040000050800E39973
:00000001FF
