ARM GAS  C:\Users\alireza\AppData\Local\Temp\ccyFCZ0W.s 			page 1


   1              		.cpu cortex-m4
   2              		.arch armv7e-m
   3              		.fpu fpv4-sp-d16
   4              		.eabi_attribute 27, 1
   5              		.eabi_attribute 28, 1
   6              		.eabi_attribute 20, 1
   7              		.eabi_attribute 21, 1
   8              		.eabi_attribute 23, 3
   9              		.eabi_attribute 24, 1
  10              		.eabi_attribute 25, 1
  11              		.eabi_attribute 26, 1
  12              		.eabi_attribute 30, 1
  13              		.eabi_attribute 34, 1
  14              		.eabi_attribute 18, 4
  15              		.file	"timing.c"
  16              		.text
  17              	.Ltext0:
  18              		.cfi_sections	.debug_frame
  19              		.file 1 "controller/utils/timing.c"
  20              		.section	.text.allocate_slot_locked,"ax",%progbits
  21              		.align	1
  22              		.syntax unified
  23              		.thumb
  24              		.thumb_func
  26              	allocate_slot_locked:
  27              	.LFB224:
   1:controller/utils/timing.c **** /* timing.c
   2:controller/utils/timing.c ****  *
   3:controller/utils/timing.c ****  * Robust single-file scheduler implementation.
   4:controller/utils/timing.c ****  * - Critical sections protect shared state
   5:controller/utils/timing.c ****  * - Generation-based handles avoid reuse races
   6:controller/utils/timing.c ****  * - Cancel API provided
   7:controller/utils/timing.c ****  * - Callbacks are executed in ISR context (by request)
   8:controller/utils/timing.c ****  *
   9:controller/utils/timing.c ****  * Requirements/assumptions:
  10:controller/utils/timing.c ****  * - CMSIS macros __get_PRIMASK(), __disable_irq(), __enable_irq() are available
  11:controller/utils/timing.c ****  *   (standard in STM32 HAL projects).
  12:controller/utils/timing.c ****  * - types.h defines time_us_t / time_ms_t.
  13:controller/utils/timing.c ****  * - tim.h provides TIM_HandleTypeDef and HAL symbols.
  14:controller/utils/timing.c ****  * - Uses 32-bit microsecond ticks (timer CNT -> 1us per tick). Tweak PSC calculation
  15:controller/utils/timing.c ****  *   in controller_timing_start if your timer clock is different.
  16:controller/utils/timing.c ****  */
  17:controller/utils/timing.c **** 
  18:controller/utils/timing.c **** #include "timing.h"
  19:controller/utils/timing.c **** #include <stdint.h>
  20:controller/utils/timing.c **** #include <stddef.h>
  21:controller/utils/timing.c **** #include <limits.h>
  22:controller/utils/timing.c **** #include <string.h>
  23:controller/utils/timing.c **** 
  24:controller/utils/timing.c **** /* sanity check */
  25:controller/utils/timing.c **** _Static_assert(SCHEDULER_MAX_EVENTS <= 0xFFFF, "SCHEDULER_MAX_EVENTS must fit in 16-bit index");
  26:controller/utils/timing.c **** 
  27:controller/utils/timing.c **** /* Internal event slot (keeps extra fields not present in public struct) */
  28:controller/utils/timing.c **** typedef struct {
  29:controller/utils/timing.c ****     volatile uint32_t timestamp_us;    /* when the event should fire */
  30:controller/utils/timing.c ****     void (*callback_noarg)(void);
  31:controller/utils/timing.c ****     void (*callback_arg)(void *);
ARM GAS  C:\Users\alireza\AppData\Local\Temp\ccyFCZ0W.s 			page 2


  32:controller/utils/timing.c ****     volatile void *arg;
  33:controller/utils/timing.c ****     volatile uint8_t uses_arg;         /* 0 or 1 */
  34:controller/utils/timing.c ****     volatile uint8_t state;            /* EVENT_STATE_* values, stored as small ints */
  35:controller/utils/timing.c ****     volatile uint16_t generation;      /* incremented on allocation */
  36:controller/utils/timing.c **** } event_slot_t;
  37:controller/utils/timing.c **** 
  38:controller/utils/timing.c **** /* Module state */
  39:controller/utils/timing.c **** static TIM_HandleTypeDef *s_timer = NULL;
  40:controller/utils/timing.c **** static event_slot_t s_slots[SCHEDULER_MAX_EVENTS];
  41:controller/utils/timing.c **** 
  42:controller/utils/timing.c **** /* ---------- Critical section helpers (PRIMASK-based) ---------- */
  43:controller/utils/timing.c **** static inline uint32_t enter_critical(void)
  44:controller/utils/timing.c **** {
  45:controller/utils/timing.c ****     uint32_t prim = __get_PRIMASK();
  46:controller/utils/timing.c ****     __disable_irq();
  47:controller/utils/timing.c ****     return prim;
  48:controller/utils/timing.c **** }
  49:controller/utils/timing.c **** 
  50:controller/utils/timing.c **** static inline void exit_critical(uint32_t prim)
  51:controller/utils/timing.c **** {
  52:controller/utils/timing.c ****     if ((prim & 1U) == 0U) {
  53:controller/utils/timing.c ****         __enable_irq();
  54:controller/utils/timing.c ****     }
  55:controller/utils/timing.c **** }
  56:controller/utils/timing.c **** 
  57:controller/utils/timing.c **** /* ---------- Handle helpers ---------- */
  58:controller/utils/timing.c **** static inline scheduler_handle_t make_handle(uint16_t generation, uint16_t index)
  59:controller/utils/timing.c **** {
  60:controller/utils/timing.c ****     if (generation == 0U) generation = 1U; /* avoid zero-generation (reserved) */
  61:controller/utils/timing.c ****     return (((uint32_t)generation << 16) | (uint32_t)index);
  62:controller/utils/timing.c **** }
  63:controller/utils/timing.c **** 
  64:controller/utils/timing.c **** static inline void decode_handle(scheduler_handle_t h, uint16_t *out_idx, uint16_t *out_gen)
  65:controller/utils/timing.c **** {
  66:controller/utils/timing.c ****     if (h == SCHEDULER_HANDLE_INVALID) {
  67:controller/utils/timing.c ****         *out_idx = UINT16_MAX;
  68:controller/utils/timing.c ****         *out_gen = 0;
  69:controller/utils/timing.c ****         return;
  70:controller/utils/timing.c ****     }
  71:controller/utils/timing.c ****     *out_idx = (uint16_t)(h & 0xFFFFU);
  72:controller/utils/timing.c ****     *out_gen = (uint16_t)((h >> 16) & 0xFFFFU);
  73:controller/utils/timing.c **** }
  74:controller/utils/timing.c **** 
  75:controller/utils/timing.c **** /* ---------- Internal helpers ---------- */
  76:controller/utils/timing.c **** /* Allocate a free slot. Caller must hold critical section. Returns index or -1. */
  77:controller/utils/timing.c **** static int allocate_slot_locked(void)
  78:controller/utils/timing.c **** {
  28              		.loc 1 78 1 view -0
  29              		.cfi_startproc
  30              		@ args = 0, pretend = 0, frame = 0
  31              		@ frame_needed = 0, uses_anonymous_args = 0
  32              		@ link register save eliminated.
  79:controller/utils/timing.c ****     for (int i = 0; i < SCHEDULER_MAX_EVENTS; ++i) {
  33              		.loc 1 79 5 view .LVU1
  34              	.LBB99:
  35              		.loc 1 79 10 view .LVU2
  36              	.LVL0:
ARM GAS  C:\Users\alireza\AppData\Local\Temp\ccyFCZ0W.s 			page 3


  37              		.loc 1 79 14 is_stmt 0 view .LVU3
  38 0000 0020     		movs	r0, #0
  39              	.LVL1:
  40              	.L2:
  41              		.loc 1 79 23 is_stmt 1 discriminator 1 view .LVU4
  42 0002 6328     		cmp	r0, #99
  43 0004 19DC     		bgt	.L8
  80:controller/utils/timing.c ****         if (s_slots[i].state == EVENT_STATE_INACTIVE) {
  44              		.loc 1 80 9 view .LVU5
  45              		.loc 1 80 23 is_stmt 0 view .LVU6
  46 0006 00EB8003 		add	r3, r0, r0, lsl #2
  47 000a 9A00     		lsls	r2, r3, #2
  48 000c 0C4B     		ldr	r3, .L10
  49 000e 1344     		add	r3, r3, r2
  50 0010 5B7C     		ldrb	r3, [r3, #17]	@ zero_extendqisi2
  51              		.loc 1 80 12 view .LVU7
  52 0012 0BB1     		cbz	r3, .L9
  79:controller/utils/timing.c ****     for (int i = 0; i < SCHEDULER_MAX_EVENTS; ++i) {
  53              		.loc 1 79 47 is_stmt 1 discriminator 2 view .LVU8
  54 0014 0130     		adds	r0, r0, #1
  55              	.LVL2:
  79:controller/utils/timing.c ****     for (int i = 0; i < SCHEDULER_MAX_EVENTS; ++i) {
  56              		.loc 1 79 47 is_stmt 0 discriminator 2 view .LVU9
  57 0016 F4E7     		b	.L2
  58              	.LVL3:
  59              	.L9:
  60              	.LBB100:
  81:controller/utils/timing.c ****             /* bump generation, avoid zero */
  82:controller/utils/timing.c ****             uint16_t gen = s_slots[i].generation + 1U;
  61              		.loc 1 82 13 is_stmt 1 view .LVU10
  62              		.loc 1 82 38 is_stmt 0 view .LVU11
  63 0018 094B     		ldr	r3, .L10
  64 001a 1344     		add	r3, r3, r2
  65 001c 5B8A     		ldrh	r3, [r3, #18]
  66 001e 9BB2     		uxth	r3, r3
  67              		.loc 1 82 22 view .LVU12
  68 0020 0133     		adds	r3, r3, #1
  69 0022 9BB2     		uxth	r3, r3
  70              	.LVL4:
  83:controller/utils/timing.c ****             if (gen == 0U) gen = 1U;
  71              		.loc 1 83 13 is_stmt 1 view .LVU13
  72              		.loc 1 83 16 is_stmt 0 view .LVU14
  73 0024 03B9     		cbnz	r3, .L4
  74              		.loc 1 83 32 discriminator 1 view .LVU15
  75 0026 0123     		movs	r3, #1
  76              	.LVL5:
  77              	.L4:
  84:controller/utils/timing.c ****             s_slots[i].generation = gen;
  78              		.loc 1 84 13 is_stmt 1 view .LVU16
  79              		.loc 1 84 35 is_stmt 0 view .LVU17
  80 0028 00EB8002 		add	r2, r0, r0, lsl #2
  81 002c 9100     		lsls	r1, r2, #2
  82 002e 044A     		ldr	r2, .L10
  83 0030 0A44     		add	r2, r2, r1
  84 0032 5382     		strh	r3, [r2, #18]	@ movhi
  85:controller/utils/timing.c ****             s_slots[i].state = EVENT_STATE_PENDING;
  85              		.loc 1 85 13 is_stmt 1 view .LVU18
ARM GAS  C:\Users\alireza\AppData\Local\Temp\ccyFCZ0W.s 			page 4


  86              		.loc 1 85 30 is_stmt 0 view .LVU19
  87 0034 0123     		movs	r3, #1
  88              	.LVL6:
  89              		.loc 1 85 30 view .LVU20
  90 0036 5374     		strb	r3, [r2, #17]
  91              	.LVL7:
  86:controller/utils/timing.c ****             return i;
  92              		.loc 1 86 13 is_stmt 1 view .LVU21
  93              		.loc 1 86 20 is_stmt 0 view .LVU22
  94 0038 7047     		bx	lr
  95              	.LVL8:
  96              	.L8:
  97              		.loc 1 86 20 view .LVU23
  98              	.LBE100:
  99              	.LBE99:
  87:controller/utils/timing.c ****         }
  88:controller/utils/timing.c ****     }
  89:controller/utils/timing.c ****     return -1;
 100              		.loc 1 89 12 view .LVU24
 101 003a 4FF0FF30 		mov	r0, #-1
 102              	.LVL9:
  90:controller/utils/timing.c **** }
 103              		.loc 1 90 1 view .LVU25
 104 003e 7047     		bx	lr
 105              	.L11:
 106              		.align	2
 107              	.L10:
 108 0040 00000000 		.word	s_slots
 109              		.cfi_endproc
 110              	.LFE224:
 112              		.section	.text.update_next_event_locked,"ax",%progbits
 113              		.align	1
 114              		.syntax unified
 115              		.thumb
 116              		.thumb_func
 118              	update_next_event_locked:
 119              	.LFB225:
  91:controller/utils/timing.c **** 
  92:controller/utils/timing.c **** /* update_next_event assumes caller holds critical section. It programs CCR1 and DIER.
  93:controller/utils/timing.c ****  * It selects the pending event with the smallest non-negative delta from now.
  94:controller/utils/timing.c ****  * If any pending event is overdue, it will choose one and force a CC1 event.
  95:controller/utils/timing.c ****  */
  96:controller/utils/timing.c **** static void update_next_event_locked(void)
  97:controller/utils/timing.c **** {
 120              		.loc 1 97 1 is_stmt 1 view -0
 121              		.cfi_startproc
 122              		@ args = 0, pretend = 0, frame = 0
 123              		@ frame_needed = 0, uses_anonymous_args = 0
 124              		@ link register save eliminated.
 125 0000 F0B4     		push	{r4, r5, r6, r7}
 126              		.cfi_def_cfa_offset 16
 127              		.cfi_offset 4, -16
 128              		.cfi_offset 5, -12
 129              		.cfi_offset 6, -8
 130              		.cfi_offset 7, -4
  98:controller/utils/timing.c ****     if (!s_timer) return;
 131              		.loc 1 98 5 view .LVU27
ARM GAS  C:\Users\alireza\AppData\Local\Temp\ccyFCZ0W.s 			page 5


 132              		.loc 1 98 9 is_stmt 0 view .LVU28
 133 0002 234B     		ldr	r3, .L23
 134 0004 1D68     		ldr	r5, [r3]
 135              		.loc 1 98 8 view .LVU29
 136 0006 002D     		cmp	r5, #0
 137 0008 39D0     		beq	.L12
  99:controller/utils/timing.c **** 
 100:controller/utils/timing.c ****     uint32_t now = s_timer->Instance->CNT;
 138              		.loc 1 100 5 is_stmt 1 view .LVU30
 139              		.loc 1 100 27 is_stmt 0 view .LVU31
 140 000a 2E68     		ldr	r6, [r5]
 141              		.loc 1 100 14 view .LVU32
 142 000c 706A     		ldr	r0, [r6, #36]
 143              	.LVL10:
 101:controller/utils/timing.c ****     bool found = false;
 144              		.loc 1 101 5 is_stmt 1 view .LVU33
 102:controller/utils/timing.c ****     uint32_t best_ts = 0;
 145              		.loc 1 102 5 view .LVU34
 103:controller/utils/timing.c ****     int best_idx = -1;
 146              		.loc 1 103 5 view .LVU35
 104:controller/utils/timing.c ****     int32_t best_dt = INT32_MAX;
 147              		.loc 1 104 5 view .LVU36
 105:controller/utils/timing.c **** 
 106:controller/utils/timing.c ****     for (int i = 0; i < SCHEDULER_MAX_EVENTS; ++i) {
 148              		.loc 1 106 5 view .LVU37
 149              	.LBB101:
 150              		.loc 1 106 10 view .LVU38
 151              		.loc 1 106 14 is_stmt 0 view .LVU39
 152 000e 0023     		movs	r3, #0
 153              	.LBE101:
 104:controller/utils/timing.c ****     int32_t best_dt = INT32_MAX;
 154              		.loc 1 104 13 view .LVU40
 155 0010 6FF0004C 		mvn	ip, #-2147483648
 102:controller/utils/timing.c ****     int best_idx = -1;
 156              		.loc 1 102 14 view .LVU41
 157 0014 1F46     		mov	r7, r3
 101:controller/utils/timing.c ****     uint32_t best_ts = 0;
 158              		.loc 1 101 10 view .LVU42
 159 0016 1C46     		mov	r4, r3
 160              	.LBB104:
 161              		.loc 1 106 5 view .LVU43
 162 0018 07E0     		b	.L14
 163              	.LVL11:
 164              	.L17:
 165              	.LBB102:
 107:controller/utils/timing.c ****         if (s_slots[i].state != EVENT_STATE_PENDING) continue;
 108:controller/utils/timing.c **** 
 109:controller/utils/timing.c ****         int32_t dt = (int32_t)(s_slots[i].timestamp_us - now);
 110:controller/utils/timing.c ****         if (dt >= 0) {
 111:controller/utils/timing.c ****             if (!found || dt < best_dt) {
 112:controller/utils/timing.c ****                 best_dt = dt;
 166              		.loc 1 112 17 is_stmt 1 view .LVU44
 113:controller/utils/timing.c ****                 best_ts = s_slots[i].timestamp_us;
 167              		.loc 1 113 17 view .LVU45
 168              		.loc 1 113 25 is_stmt 0 view .LVU46
 169 001a 03EB8304 		add	r4, r3, r3, lsl #2
 170              	.LVL12:
ARM GAS  C:\Users\alireza\AppData\Local\Temp\ccyFCZ0W.s 			page 6


 171              		.loc 1 113 25 view .LVU47
 172 001e A100     		lsls	r1, r4, #2
 173 0020 1C4C     		ldr	r4, .L23+4
 174 0022 6758     		ldr	r7, [r4, r1]
 175              	.LVL13:
 114:controller/utils/timing.c ****                 best_idx = i;
 176              		.loc 1 114 17 is_stmt 1 view .LVU48
 115:controller/utils/timing.c ****                 found = true;
 177              		.loc 1 115 17 view .LVU49
 112:controller/utils/timing.c ****                 best_ts = s_slots[i].timestamp_us;
 178              		.loc 1 112 25 is_stmt 0 view .LVU50
 179 0024 9446     		mov	ip, r2
 180              		.loc 1 115 23 view .LVU51
 181 0026 0124     		movs	r4, #1
 182              	.LVL14:
 183              	.L15:
 184              		.loc 1 115 23 view .LVU52
 185              	.LBE102:
 106:controller/utils/timing.c ****         if (s_slots[i].state != EVENT_STATE_PENDING) continue;
 186              		.loc 1 106 47 is_stmt 1 discriminator 2 view .LVU53
 187 0028 0133     		adds	r3, r3, #1
 188              	.LVL15:
 189              	.L14:
 106:controller/utils/timing.c ****         if (s_slots[i].state != EVENT_STATE_PENDING) continue;
 190              		.loc 1 106 23 discriminator 1 view .LVU54
 191 002a 632B     		cmp	r3, #99
 192 002c 29DC     		bgt	.L22
 193              	.LBB103:
 107:controller/utils/timing.c **** 
 194              		.loc 1 107 9 view .LVU55
 107:controller/utils/timing.c **** 
 195              		.loc 1 107 23 is_stmt 0 view .LVU56
 196 002e 03EB8302 		add	r2, r3, r3, lsl #2
 197 0032 9100     		lsls	r1, r2, #2
 198 0034 174A     		ldr	r2, .L23+4
 199 0036 0A44     		add	r2, r2, r1
 200 0038 527C     		ldrb	r2, [r2, #17]	@ zero_extendqisi2
 107:controller/utils/timing.c **** 
 201              		.loc 1 107 12 view .LVU57
 202 003a 012A     		cmp	r2, #1
 203 003c F4D1     		bne	.L15
 109:controller/utils/timing.c ****         if (dt >= 0) {
 204              		.loc 1 109 9 is_stmt 1 view .LVU58
 109:controller/utils/timing.c ****         if (dt >= 0) {
 205              		.loc 1 109 42 is_stmt 0 view .LVU59
 206 003e 03EB8301 		add	r1, r3, r3, lsl #2
 207 0042 8A00     		lsls	r2, r1, #2
 208 0044 1349     		ldr	r1, .L23+4
 209 0046 8A58     		ldr	r2, [r1, r2]
 210              	.LVL16:
 110:controller/utils/timing.c ****             if (!found || dt < best_dt) {
 211              		.loc 1 110 9 is_stmt 1 view .LVU60
 110:controller/utils/timing.c ****             if (!found || dt < best_dt) {
 212              		.loc 1 110 12 is_stmt 0 view .LVU61
 213 0048 121A     		subs	r2, r2, r0
 214              	.LVL17:
 110:controller/utils/timing.c ****             if (!found || dt < best_dt) {
ARM GAS  C:\Users\alireza\AppData\Local\Temp\ccyFCZ0W.s 			page 7


 215              		.loc 1 110 12 view .LVU62
 216 004a 04D4     		bmi	.L16
 111:controller/utils/timing.c ****                 best_dt = dt;
 217              		.loc 1 111 13 is_stmt 1 view .LVU63
 111:controller/utils/timing.c ****                 best_dt = dt;
 218              		.loc 1 111 16 is_stmt 0 view .LVU64
 219 004c 002C     		cmp	r4, #0
 220 004e E4D0     		beq	.L17
 111:controller/utils/timing.c ****                 best_dt = dt;
 221              		.loc 1 111 24 discriminator 1 view .LVU65
 222 0050 9445     		cmp	ip, r2
 223 0052 E9DD     		ble	.L15
 224 0054 E1E7     		b	.L17
 225              	.L16:
 116:controller/utils/timing.c ****             }
 117:controller/utils/timing.c ****         } else {
 118:controller/utils/timing.c ****             /* overdue event — pick immediately (we choose the first overdue we find)
 119:controller/utils/timing.c ****                and force the CC1 event to service it now */
 120:controller/utils/timing.c ****             best_idx = i;
 226              		.loc 1 120 13 is_stmt 1 view .LVU66
 227              	.LVL18:
 121:controller/utils/timing.c ****             best_ts = s_slots[i].timestamp_us;
 228              		.loc 1 121 13 view .LVU67
 229              		.loc 1 121 21 is_stmt 0 view .LVU68
 230 0056 03EB8303 		add	r3, r3, r3, lsl #2
 231              	.LVL19:
 232              		.loc 1 121 21 view .LVU69
 233 005a 9A00     		lsls	r2, r3, #2
 234              	.LVL20:
 235              		.loc 1 121 21 view .LVU70
 236 005c 0D4B     		ldr	r3, .L23+4
 237 005e 9F58     		ldr	r7, [r3, r2]
 238              	.LVL21:
 122:controller/utils/timing.c ****             found = true;
 239              		.loc 1 122 13 is_stmt 1 view .LVU71
 123:controller/utils/timing.c ****             break;
 240              		.loc 1 123 13 view .LVU72
 241              		.loc 1 123 13 is_stmt 0 view .LVU73
 242              	.LBE103:
 243              	.LBE104:
 124:controller/utils/timing.c ****         }
 125:controller/utils/timing.c ****     }
 126:controller/utils/timing.c **** 
 127:controller/utils/timing.c ****     if (found) {
 244              		.loc 1 127 5 is_stmt 1 view .LVU74
 245              	.L18:
 128:controller/utils/timing.c ****         s_timer->Instance->CCR1 = best_ts;
 246              		.loc 1 128 9 view .LVU75
 247              		.loc 1 128 33 is_stmt 0 view .LVU76
 248 0060 7763     		str	r7, [r6, #52]
 129:controller/utils/timing.c ****         s_timer->Instance->DIER |= TIM_DIER_CC1IE;
 249              		.loc 1 129 9 is_stmt 1 view .LVU77
 250              		.loc 1 129 16 is_stmt 0 view .LVU78
 251 0062 2A68     		ldr	r2, [r5]
 252              		.loc 1 129 26 view .LVU79
 253 0064 D368     		ldr	r3, [r2, #12]
 254              		.loc 1 129 33 view .LVU80
ARM GAS  C:\Users\alireza\AppData\Local\Temp\ccyFCZ0W.s 			page 8


 255 0066 43F00203 		orr	r3, r3, #2
 256 006a D360     		str	r3, [r2, #12]
 130:controller/utils/timing.c ****         if ((int32_t)(s_timer->Instance->CNT - best_ts) >= 0) {
 257              		.loc 1 130 9 is_stmt 1 view .LVU81
 258              		.loc 1 130 30 is_stmt 0 view .LVU82
 259 006c 2A68     		ldr	r2, [r5]
 260              		.loc 1 130 40 view .LVU83
 261 006e 536A     		ldr	r3, [r2, #36]
 262              		.loc 1 130 46 view .LVU84
 263 0070 DB1B     		subs	r3, r3, r7
 264              		.loc 1 130 12 view .LVU85
 265 0072 002B     		cmp	r3, #0
 266 0074 03DB     		blt	.L12
 131:controller/utils/timing.c ****             /* time has passed — generate immediate CC1 event */
 132:controller/utils/timing.c ****             s_timer->Instance->EGR |= TIM_EGR_CC1G;
 267              		.loc 1 132 13 is_stmt 1 view .LVU86
 268              		.loc 1 132 30 is_stmt 0 view .LVU87
 269 0076 5369     		ldr	r3, [r2, #20]
 270              		.loc 1 132 36 view .LVU88
 271 0078 43F00203 		orr	r3, r3, #2
 272 007c 5361     		str	r3, [r2, #20]
 273              	.LVL22:
 274              	.L12:
 133:controller/utils/timing.c ****         }
 134:controller/utils/timing.c ****     } else {
 135:controller/utils/timing.c ****         /* no pending events — disable CC1 interrupt to save CPU */
 136:controller/utils/timing.c ****         s_timer->Instance->DIER &= ~TIM_DIER_CC1IE;
 137:controller/utils/timing.c ****     }
 138:controller/utils/timing.c **** }
 275              		.loc 1 138 1 view .LVU89
 276 007e F0BC     		pop	{r4, r5, r6, r7}
 277              		.cfi_remember_state
 278              		.cfi_restore 7
 279              		.cfi_restore 6
 280              		.cfi_restore 5
 281              		.cfi_restore 4
 282              		.cfi_def_cfa_offset 0
 283 0080 7047     		bx	lr
 284              	.LVL23:
 285              	.L22:
 286              		.cfi_restore_state
 127:controller/utils/timing.c ****         s_timer->Instance->CCR1 = best_ts;
 287              		.loc 1 127 5 is_stmt 1 view .LVU90
 127:controller/utils/timing.c ****         s_timer->Instance->CCR1 = best_ts;
 288              		.loc 1 127 8 is_stmt 0 view .LVU91
 289 0082 002C     		cmp	r4, #0
 290 0084 ECD1     		bne	.L18
 136:controller/utils/timing.c ****     }
 291              		.loc 1 136 9 is_stmt 1 view .LVU92
 136:controller/utils/timing.c ****     }
 292              		.loc 1 136 26 is_stmt 0 view .LVU93
 293 0086 F368     		ldr	r3, [r6, #12]
 294              	.LVL24:
 136:controller/utils/timing.c ****     }
 295              		.loc 1 136 33 view .LVU94
 296 0088 23F00203 		bic	r3, r3, #2
 297 008c F360     		str	r3, [r6, #12]
ARM GAS  C:\Users\alireza\AppData\Local\Temp\ccyFCZ0W.s 			page 9


 298 008e F6E7     		b	.L12
 299              	.L24:
 300              		.align	2
 301              	.L23:
 302 0090 00000000 		.word	s_timer
 303 0094 00000000 		.word	s_slots
 304              		.cfi_endproc
 305              	.LFE225:
 307              		.section	.text.update_next_event,"ax",%progbits
 308              		.align	1
 309              		.global	update_next_event
 310              		.syntax unified
 311              		.thumb
 312              		.thumb_func
 314              	update_next_event:
 315              	.LFB226:
 139:controller/utils/timing.c **** 
 140:controller/utils/timing.c **** /* Public wrapper: obtains lock then calls locked version */
 141:controller/utils/timing.c **** void update_next_event(void)
 142:controller/utils/timing.c **** {
 316              		.loc 1 142 1 is_stmt 1 view -0
 317              		.cfi_startproc
 318              		@ args = 0, pretend = 0, frame = 0
 319              		@ frame_needed = 0, uses_anonymous_args = 0
 320 0000 10B5     		push	{r4, lr}
 321              		.cfi_def_cfa_offset 8
 322              		.cfi_offset 4, -8
 323              		.cfi_offset 14, -4
 143:controller/utils/timing.c ****     uint32_t saved = enter_critical();
 324              		.loc 1 143 5 view .LVU96
 325              	.LBB105:
 326              	.LBI105:
  43:controller/utils/timing.c **** {
 327              		.loc 1 43 24 view .LVU97
 328              	.LBB106:
  45:controller/utils/timing.c ****     __disable_irq();
 329              		.loc 1 45 5 view .LVU98
 330              	.LBB107:
 331              	.LBI107:
 332              		.file 2 "Drivers/CMSIS/Include/cmsis_gcc.h"
   1:Drivers/CMSIS/Include/cmsis_gcc.h **** /**************************************************************************//**
   2:Drivers/CMSIS/Include/cmsis_gcc.h ****  * @file     cmsis_gcc.h
   3:Drivers/CMSIS/Include/cmsis_gcc.h ****  * @brief    CMSIS compiler GCC header file
   4:Drivers/CMSIS/Include/cmsis_gcc.h ****  * @version  V5.4.1
   5:Drivers/CMSIS/Include/cmsis_gcc.h ****  * @date     27. May 2021
   6:Drivers/CMSIS/Include/cmsis_gcc.h ****  ******************************************************************************/
   7:Drivers/CMSIS/Include/cmsis_gcc.h **** /*
   8:Drivers/CMSIS/Include/cmsis_gcc.h ****  * Copyright (c) 2009-2021 Arm Limited. All rights reserved.
   9:Drivers/CMSIS/Include/cmsis_gcc.h ****  *
  10:Drivers/CMSIS/Include/cmsis_gcc.h ****  * SPDX-License-Identifier: Apache-2.0
  11:Drivers/CMSIS/Include/cmsis_gcc.h ****  *
  12:Drivers/CMSIS/Include/cmsis_gcc.h ****  * Licensed under the Apache License, Version 2.0 (the License); you may
  13:Drivers/CMSIS/Include/cmsis_gcc.h ****  * not use this file except in compliance with the License.
  14:Drivers/CMSIS/Include/cmsis_gcc.h ****  * You may obtain a copy of the License at
  15:Drivers/CMSIS/Include/cmsis_gcc.h ****  *
  16:Drivers/CMSIS/Include/cmsis_gcc.h ****  * www.apache.org/licenses/LICENSE-2.0
  17:Drivers/CMSIS/Include/cmsis_gcc.h ****  *
ARM GAS  C:\Users\alireza\AppData\Local\Temp\ccyFCZ0W.s 			page 10


  18:Drivers/CMSIS/Include/cmsis_gcc.h ****  * Unless required by applicable law or agreed to in writing, software
  19:Drivers/CMSIS/Include/cmsis_gcc.h ****  * distributed under the License is distributed on an AS IS BASIS, WITHOUT
  20:Drivers/CMSIS/Include/cmsis_gcc.h ****  * WARRANTIES OR CONDITIONS OF ANY KIND, either express or implied.
  21:Drivers/CMSIS/Include/cmsis_gcc.h ****  * See the License for the specific language governing permissions and
  22:Drivers/CMSIS/Include/cmsis_gcc.h ****  * limitations under the License.
  23:Drivers/CMSIS/Include/cmsis_gcc.h ****  */
  24:Drivers/CMSIS/Include/cmsis_gcc.h **** 
  25:Drivers/CMSIS/Include/cmsis_gcc.h **** #ifndef __CMSIS_GCC_H
  26:Drivers/CMSIS/Include/cmsis_gcc.h **** #define __CMSIS_GCC_H
  27:Drivers/CMSIS/Include/cmsis_gcc.h **** 
  28:Drivers/CMSIS/Include/cmsis_gcc.h **** /* ignore some GCC warnings */
  29:Drivers/CMSIS/Include/cmsis_gcc.h **** #pragma GCC diagnostic push
  30:Drivers/CMSIS/Include/cmsis_gcc.h **** #pragma GCC diagnostic ignored "-Wsign-conversion"
  31:Drivers/CMSIS/Include/cmsis_gcc.h **** #pragma GCC diagnostic ignored "-Wconversion"
  32:Drivers/CMSIS/Include/cmsis_gcc.h **** #pragma GCC diagnostic ignored "-Wunused-parameter"
  33:Drivers/CMSIS/Include/cmsis_gcc.h **** 
  34:Drivers/CMSIS/Include/cmsis_gcc.h **** /* Fallback for __has_builtin */
  35:Drivers/CMSIS/Include/cmsis_gcc.h **** #ifndef __has_builtin
  36:Drivers/CMSIS/Include/cmsis_gcc.h ****   #define __has_builtin(x) (0)
  37:Drivers/CMSIS/Include/cmsis_gcc.h **** #endif
  38:Drivers/CMSIS/Include/cmsis_gcc.h **** 
  39:Drivers/CMSIS/Include/cmsis_gcc.h **** /* CMSIS compiler specific defines */
  40:Drivers/CMSIS/Include/cmsis_gcc.h **** #ifndef   __ASM
  41:Drivers/CMSIS/Include/cmsis_gcc.h ****   #define __ASM                                  __asm
  42:Drivers/CMSIS/Include/cmsis_gcc.h **** #endif
  43:Drivers/CMSIS/Include/cmsis_gcc.h **** #ifndef   __INLINE
  44:Drivers/CMSIS/Include/cmsis_gcc.h ****   #define __INLINE                               inline
  45:Drivers/CMSIS/Include/cmsis_gcc.h **** #endif
  46:Drivers/CMSIS/Include/cmsis_gcc.h **** #ifndef   __STATIC_INLINE
  47:Drivers/CMSIS/Include/cmsis_gcc.h ****   #define __STATIC_INLINE                        static inline
  48:Drivers/CMSIS/Include/cmsis_gcc.h **** #endif
  49:Drivers/CMSIS/Include/cmsis_gcc.h **** #ifndef   __STATIC_FORCEINLINE
  50:Drivers/CMSIS/Include/cmsis_gcc.h ****   #define __STATIC_FORCEINLINE                   __attribute__((always_inline)) static inline
  51:Drivers/CMSIS/Include/cmsis_gcc.h **** #endif
  52:Drivers/CMSIS/Include/cmsis_gcc.h **** #ifndef   __NO_RETURN
  53:Drivers/CMSIS/Include/cmsis_gcc.h ****   #define __NO_RETURN                            __attribute__((__noreturn__))
  54:Drivers/CMSIS/Include/cmsis_gcc.h **** #endif
  55:Drivers/CMSIS/Include/cmsis_gcc.h **** #ifndef   __USED
  56:Drivers/CMSIS/Include/cmsis_gcc.h ****   #define __USED                                 __attribute__((used))
  57:Drivers/CMSIS/Include/cmsis_gcc.h **** #endif
  58:Drivers/CMSIS/Include/cmsis_gcc.h **** #ifndef   __WEAK
  59:Drivers/CMSIS/Include/cmsis_gcc.h ****   #define __WEAK                                 __attribute__((weak))
  60:Drivers/CMSIS/Include/cmsis_gcc.h **** #endif
  61:Drivers/CMSIS/Include/cmsis_gcc.h **** #ifndef   __PACKED
  62:Drivers/CMSIS/Include/cmsis_gcc.h ****   #define __PACKED                               __attribute__((packed, aligned(1)))
  63:Drivers/CMSIS/Include/cmsis_gcc.h **** #endif
  64:Drivers/CMSIS/Include/cmsis_gcc.h **** #ifndef   __PACKED_STRUCT
  65:Drivers/CMSIS/Include/cmsis_gcc.h ****   #define __PACKED_STRUCT                        struct __attribute__((packed, aligned(1)))
  66:Drivers/CMSIS/Include/cmsis_gcc.h **** #endif
  67:Drivers/CMSIS/Include/cmsis_gcc.h **** #ifndef   __PACKED_UNION
  68:Drivers/CMSIS/Include/cmsis_gcc.h ****   #define __PACKED_UNION                         union __attribute__((packed, aligned(1)))
  69:Drivers/CMSIS/Include/cmsis_gcc.h **** #endif
  70:Drivers/CMSIS/Include/cmsis_gcc.h **** #ifndef   __UNALIGNED_UINT32        /* deprecated */
  71:Drivers/CMSIS/Include/cmsis_gcc.h ****   #pragma GCC diagnostic push
  72:Drivers/CMSIS/Include/cmsis_gcc.h ****   #pragma GCC diagnostic ignored "-Wpacked"
  73:Drivers/CMSIS/Include/cmsis_gcc.h ****   #pragma GCC diagnostic ignored "-Wattributes"
  74:Drivers/CMSIS/Include/cmsis_gcc.h ****   struct __attribute__((packed)) T_UINT32 { uint32_t v; };
ARM GAS  C:\Users\alireza\AppData\Local\Temp\ccyFCZ0W.s 			page 11


  75:Drivers/CMSIS/Include/cmsis_gcc.h ****   #pragma GCC diagnostic pop
  76:Drivers/CMSIS/Include/cmsis_gcc.h ****   #define __UNALIGNED_UINT32(x)                  (((struct T_UINT32 *)(x))->v)
  77:Drivers/CMSIS/Include/cmsis_gcc.h **** #endif
  78:Drivers/CMSIS/Include/cmsis_gcc.h **** #ifndef   __UNALIGNED_UINT16_WRITE
  79:Drivers/CMSIS/Include/cmsis_gcc.h ****   #pragma GCC diagnostic push
  80:Drivers/CMSIS/Include/cmsis_gcc.h ****   #pragma GCC diagnostic ignored "-Wpacked"
  81:Drivers/CMSIS/Include/cmsis_gcc.h ****   #pragma GCC diagnostic ignored "-Wattributes"
  82:Drivers/CMSIS/Include/cmsis_gcc.h ****   __PACKED_STRUCT T_UINT16_WRITE { uint16_t v; };
  83:Drivers/CMSIS/Include/cmsis_gcc.h ****   #pragma GCC diagnostic pop
  84:Drivers/CMSIS/Include/cmsis_gcc.h ****   #define __UNALIGNED_UINT16_WRITE(addr, val)    (void)((((struct T_UINT16_WRITE *)(void *)(addr))-
  85:Drivers/CMSIS/Include/cmsis_gcc.h **** #endif
  86:Drivers/CMSIS/Include/cmsis_gcc.h **** #ifndef   __UNALIGNED_UINT16_READ
  87:Drivers/CMSIS/Include/cmsis_gcc.h ****   #pragma GCC diagnostic push
  88:Drivers/CMSIS/Include/cmsis_gcc.h ****   #pragma GCC diagnostic ignored "-Wpacked"
  89:Drivers/CMSIS/Include/cmsis_gcc.h ****   #pragma GCC diagnostic ignored "-Wattributes"
  90:Drivers/CMSIS/Include/cmsis_gcc.h ****   __PACKED_STRUCT T_UINT16_READ { uint16_t v; };
  91:Drivers/CMSIS/Include/cmsis_gcc.h ****   #pragma GCC diagnostic pop
  92:Drivers/CMSIS/Include/cmsis_gcc.h ****   #define __UNALIGNED_UINT16_READ(addr)          (((const struct T_UINT16_READ *)(const void *)(add
  93:Drivers/CMSIS/Include/cmsis_gcc.h **** #endif
  94:Drivers/CMSIS/Include/cmsis_gcc.h **** #ifndef   __UNALIGNED_UINT32_WRITE
  95:Drivers/CMSIS/Include/cmsis_gcc.h ****   #pragma GCC diagnostic push
  96:Drivers/CMSIS/Include/cmsis_gcc.h ****   #pragma GCC diagnostic ignored "-Wpacked"
  97:Drivers/CMSIS/Include/cmsis_gcc.h ****   #pragma GCC diagnostic ignored "-Wattributes"
  98:Drivers/CMSIS/Include/cmsis_gcc.h ****   __PACKED_STRUCT T_UINT32_WRITE { uint32_t v; };
  99:Drivers/CMSIS/Include/cmsis_gcc.h ****   #pragma GCC diagnostic pop
 100:Drivers/CMSIS/Include/cmsis_gcc.h ****   #define __UNALIGNED_UINT32_WRITE(addr, val)    (void)((((struct T_UINT32_WRITE *)(void *)(addr))-
 101:Drivers/CMSIS/Include/cmsis_gcc.h **** #endif
 102:Drivers/CMSIS/Include/cmsis_gcc.h **** #ifndef   __UNALIGNED_UINT32_READ
 103:Drivers/CMSIS/Include/cmsis_gcc.h ****   #pragma GCC diagnostic push
 104:Drivers/CMSIS/Include/cmsis_gcc.h ****   #pragma GCC diagnostic ignored "-Wpacked"
 105:Drivers/CMSIS/Include/cmsis_gcc.h ****   #pragma GCC diagnostic ignored "-Wattributes"
 106:Drivers/CMSIS/Include/cmsis_gcc.h ****   __PACKED_STRUCT T_UINT32_READ { uint32_t v; };
 107:Drivers/CMSIS/Include/cmsis_gcc.h ****   #pragma GCC diagnostic pop
 108:Drivers/CMSIS/Include/cmsis_gcc.h ****   #define __UNALIGNED_UINT32_READ(addr)          (((const struct T_UINT32_READ *)(const void *)(add
 109:Drivers/CMSIS/Include/cmsis_gcc.h **** #endif
 110:Drivers/CMSIS/Include/cmsis_gcc.h **** #ifndef   __ALIGNED
 111:Drivers/CMSIS/Include/cmsis_gcc.h ****   #define __ALIGNED(x)                           __attribute__((aligned(x)))
 112:Drivers/CMSIS/Include/cmsis_gcc.h **** #endif
 113:Drivers/CMSIS/Include/cmsis_gcc.h **** #ifndef   __RESTRICT
 114:Drivers/CMSIS/Include/cmsis_gcc.h ****   #define __RESTRICT                             __restrict
 115:Drivers/CMSIS/Include/cmsis_gcc.h **** #endif
 116:Drivers/CMSIS/Include/cmsis_gcc.h **** #ifndef   __COMPILER_BARRIER
 117:Drivers/CMSIS/Include/cmsis_gcc.h ****   #define __COMPILER_BARRIER()                   __ASM volatile("":::"memory")
 118:Drivers/CMSIS/Include/cmsis_gcc.h **** #endif
 119:Drivers/CMSIS/Include/cmsis_gcc.h **** 
 120:Drivers/CMSIS/Include/cmsis_gcc.h **** /* #########################  Startup and Lowlevel Init  ######################## */
 121:Drivers/CMSIS/Include/cmsis_gcc.h **** 
 122:Drivers/CMSIS/Include/cmsis_gcc.h **** #ifndef __PROGRAM_START
 123:Drivers/CMSIS/Include/cmsis_gcc.h **** 
 124:Drivers/CMSIS/Include/cmsis_gcc.h **** /**
 125:Drivers/CMSIS/Include/cmsis_gcc.h ****   \brief   Initializes data and bss sections
 126:Drivers/CMSIS/Include/cmsis_gcc.h ****   \details This default implementations initialized all data and additional bss
 127:Drivers/CMSIS/Include/cmsis_gcc.h ****            sections relying on .copy.table and .zero.table specified properly
 128:Drivers/CMSIS/Include/cmsis_gcc.h ****            in the used linker script.
 129:Drivers/CMSIS/Include/cmsis_gcc.h **** 
 130:Drivers/CMSIS/Include/cmsis_gcc.h ****  */
 131:Drivers/CMSIS/Include/cmsis_gcc.h **** __STATIC_FORCEINLINE __NO_RETURN void __cmsis_start(void)
ARM GAS  C:\Users\alireza\AppData\Local\Temp\ccyFCZ0W.s 			page 12


 132:Drivers/CMSIS/Include/cmsis_gcc.h **** {
 133:Drivers/CMSIS/Include/cmsis_gcc.h ****   extern void _start(void) __NO_RETURN;
 134:Drivers/CMSIS/Include/cmsis_gcc.h **** 
 135:Drivers/CMSIS/Include/cmsis_gcc.h ****   typedef struct {
 136:Drivers/CMSIS/Include/cmsis_gcc.h ****     uint32_t const* src;
 137:Drivers/CMSIS/Include/cmsis_gcc.h ****     uint32_t* dest;
 138:Drivers/CMSIS/Include/cmsis_gcc.h ****     uint32_t  wlen;
 139:Drivers/CMSIS/Include/cmsis_gcc.h ****   } __copy_table_t;
 140:Drivers/CMSIS/Include/cmsis_gcc.h **** 
 141:Drivers/CMSIS/Include/cmsis_gcc.h ****   typedef struct {
 142:Drivers/CMSIS/Include/cmsis_gcc.h ****     uint32_t* dest;
 143:Drivers/CMSIS/Include/cmsis_gcc.h ****     uint32_t  wlen;
 144:Drivers/CMSIS/Include/cmsis_gcc.h ****   } __zero_table_t;
 145:Drivers/CMSIS/Include/cmsis_gcc.h **** 
 146:Drivers/CMSIS/Include/cmsis_gcc.h ****   extern const __copy_table_t __copy_table_start__;
 147:Drivers/CMSIS/Include/cmsis_gcc.h ****   extern const __copy_table_t __copy_table_end__;
 148:Drivers/CMSIS/Include/cmsis_gcc.h ****   extern const __zero_table_t __zero_table_start__;
 149:Drivers/CMSIS/Include/cmsis_gcc.h ****   extern const __zero_table_t __zero_table_end__;
 150:Drivers/CMSIS/Include/cmsis_gcc.h **** 
 151:Drivers/CMSIS/Include/cmsis_gcc.h ****   for (__copy_table_t const* pTable = &__copy_table_start__; pTable < &__copy_table_end__; ++pTable
 152:Drivers/CMSIS/Include/cmsis_gcc.h ****     for(uint32_t i=0u; i<pTable->wlen; ++i) {
 153:Drivers/CMSIS/Include/cmsis_gcc.h ****       pTable->dest[i] = pTable->src[i];
 154:Drivers/CMSIS/Include/cmsis_gcc.h ****     }
 155:Drivers/CMSIS/Include/cmsis_gcc.h ****   }
 156:Drivers/CMSIS/Include/cmsis_gcc.h **** 
 157:Drivers/CMSIS/Include/cmsis_gcc.h ****   for (__zero_table_t const* pTable = &__zero_table_start__; pTable < &__zero_table_end__; ++pTable
 158:Drivers/CMSIS/Include/cmsis_gcc.h ****     for(uint32_t i=0u; i<pTable->wlen; ++i) {
 159:Drivers/CMSIS/Include/cmsis_gcc.h ****       pTable->dest[i] = 0u;
 160:Drivers/CMSIS/Include/cmsis_gcc.h ****     }
 161:Drivers/CMSIS/Include/cmsis_gcc.h ****   }
 162:Drivers/CMSIS/Include/cmsis_gcc.h **** 
 163:Drivers/CMSIS/Include/cmsis_gcc.h ****   _start();
 164:Drivers/CMSIS/Include/cmsis_gcc.h **** }
 165:Drivers/CMSIS/Include/cmsis_gcc.h **** 
 166:Drivers/CMSIS/Include/cmsis_gcc.h **** #define __PROGRAM_START           __cmsis_start
 167:Drivers/CMSIS/Include/cmsis_gcc.h **** #endif
 168:Drivers/CMSIS/Include/cmsis_gcc.h **** 
 169:Drivers/CMSIS/Include/cmsis_gcc.h **** #ifndef __INITIAL_SP
 170:Drivers/CMSIS/Include/cmsis_gcc.h **** #define __INITIAL_SP              __StackTop
 171:Drivers/CMSIS/Include/cmsis_gcc.h **** #endif
 172:Drivers/CMSIS/Include/cmsis_gcc.h **** 
 173:Drivers/CMSIS/Include/cmsis_gcc.h **** #ifndef __STACK_LIMIT
 174:Drivers/CMSIS/Include/cmsis_gcc.h **** #define __STACK_LIMIT             __StackLimit
 175:Drivers/CMSIS/Include/cmsis_gcc.h **** #endif
 176:Drivers/CMSIS/Include/cmsis_gcc.h **** 
 177:Drivers/CMSIS/Include/cmsis_gcc.h **** #ifndef __VECTOR_TABLE
 178:Drivers/CMSIS/Include/cmsis_gcc.h **** #define __VECTOR_TABLE            __Vectors
 179:Drivers/CMSIS/Include/cmsis_gcc.h **** #endif
 180:Drivers/CMSIS/Include/cmsis_gcc.h **** 
 181:Drivers/CMSIS/Include/cmsis_gcc.h **** #ifndef __VECTOR_TABLE_ATTRIBUTE
 182:Drivers/CMSIS/Include/cmsis_gcc.h **** #define __VECTOR_TABLE_ATTRIBUTE  __attribute__((used, section(".vectors")))
 183:Drivers/CMSIS/Include/cmsis_gcc.h **** #endif
 184:Drivers/CMSIS/Include/cmsis_gcc.h **** 
 185:Drivers/CMSIS/Include/cmsis_gcc.h **** #if defined (__ARM_FEATURE_CMSE) && (__ARM_FEATURE_CMSE == 3U)
 186:Drivers/CMSIS/Include/cmsis_gcc.h **** #ifndef __STACK_SEAL
 187:Drivers/CMSIS/Include/cmsis_gcc.h **** #define __STACK_SEAL              __StackSeal
 188:Drivers/CMSIS/Include/cmsis_gcc.h **** #endif
ARM GAS  C:\Users\alireza\AppData\Local\Temp\ccyFCZ0W.s 			page 13


 189:Drivers/CMSIS/Include/cmsis_gcc.h **** 
 190:Drivers/CMSIS/Include/cmsis_gcc.h **** #ifndef __TZ_STACK_SEAL_SIZE
 191:Drivers/CMSIS/Include/cmsis_gcc.h **** #define __TZ_STACK_SEAL_SIZE      8U
 192:Drivers/CMSIS/Include/cmsis_gcc.h **** #endif
 193:Drivers/CMSIS/Include/cmsis_gcc.h **** 
 194:Drivers/CMSIS/Include/cmsis_gcc.h **** #ifndef __TZ_STACK_SEAL_VALUE
 195:Drivers/CMSIS/Include/cmsis_gcc.h **** #define __TZ_STACK_SEAL_VALUE     0xFEF5EDA5FEF5EDA5ULL
 196:Drivers/CMSIS/Include/cmsis_gcc.h **** #endif
 197:Drivers/CMSIS/Include/cmsis_gcc.h **** 
 198:Drivers/CMSIS/Include/cmsis_gcc.h **** 
 199:Drivers/CMSIS/Include/cmsis_gcc.h **** __STATIC_FORCEINLINE void __TZ_set_STACKSEAL_S (uint32_t* stackTop) {
 200:Drivers/CMSIS/Include/cmsis_gcc.h ****   *((uint64_t *)stackTop) = __TZ_STACK_SEAL_VALUE;
 201:Drivers/CMSIS/Include/cmsis_gcc.h **** }
 202:Drivers/CMSIS/Include/cmsis_gcc.h **** #endif
 203:Drivers/CMSIS/Include/cmsis_gcc.h **** 
 204:Drivers/CMSIS/Include/cmsis_gcc.h **** 
 205:Drivers/CMSIS/Include/cmsis_gcc.h **** /* ##########################  Core Instruction Access  ######################### */
 206:Drivers/CMSIS/Include/cmsis_gcc.h **** /** \defgroup CMSIS_Core_InstructionInterface CMSIS Core Instruction Interface
 207:Drivers/CMSIS/Include/cmsis_gcc.h ****   Access to dedicated instructions
 208:Drivers/CMSIS/Include/cmsis_gcc.h ****   @{
 209:Drivers/CMSIS/Include/cmsis_gcc.h **** */
 210:Drivers/CMSIS/Include/cmsis_gcc.h **** 
 211:Drivers/CMSIS/Include/cmsis_gcc.h **** /* Define macros for porting to both thumb1 and thumb2.
 212:Drivers/CMSIS/Include/cmsis_gcc.h ****  * For thumb1, use low register (r0-r7), specified by constraint "l"
 213:Drivers/CMSIS/Include/cmsis_gcc.h ****  * Otherwise, use general registers, specified by constraint "r" */
 214:Drivers/CMSIS/Include/cmsis_gcc.h **** #if defined (__thumb__) && !defined (__thumb2__)
 215:Drivers/CMSIS/Include/cmsis_gcc.h **** #define __CMSIS_GCC_OUT_REG(r) "=l" (r)
 216:Drivers/CMSIS/Include/cmsis_gcc.h **** #define __CMSIS_GCC_RW_REG(r) "+l" (r)
 217:Drivers/CMSIS/Include/cmsis_gcc.h **** #define __CMSIS_GCC_USE_REG(r) "l" (r)
 218:Drivers/CMSIS/Include/cmsis_gcc.h **** #else
 219:Drivers/CMSIS/Include/cmsis_gcc.h **** #define __CMSIS_GCC_OUT_REG(r) "=r" (r)
 220:Drivers/CMSIS/Include/cmsis_gcc.h **** #define __CMSIS_GCC_RW_REG(r) "+r" (r)
 221:Drivers/CMSIS/Include/cmsis_gcc.h **** #define __CMSIS_GCC_USE_REG(r) "r" (r)
 222:Drivers/CMSIS/Include/cmsis_gcc.h **** #endif
 223:Drivers/CMSIS/Include/cmsis_gcc.h **** 
 224:Drivers/CMSIS/Include/cmsis_gcc.h **** /**
 225:Drivers/CMSIS/Include/cmsis_gcc.h ****   \brief   No Operation
 226:Drivers/CMSIS/Include/cmsis_gcc.h ****   \details No Operation does nothing. This instruction can be used for code alignment purposes.
 227:Drivers/CMSIS/Include/cmsis_gcc.h ****  */
 228:Drivers/CMSIS/Include/cmsis_gcc.h **** #define __NOP()                             __ASM volatile ("nop")
 229:Drivers/CMSIS/Include/cmsis_gcc.h **** 
 230:Drivers/CMSIS/Include/cmsis_gcc.h **** /**
 231:Drivers/CMSIS/Include/cmsis_gcc.h ****   \brief   Wait For Interrupt
 232:Drivers/CMSIS/Include/cmsis_gcc.h ****   \details Wait For Interrupt is a hint instruction that suspends execution until one of a number o
 233:Drivers/CMSIS/Include/cmsis_gcc.h ****  */
 234:Drivers/CMSIS/Include/cmsis_gcc.h **** #define __WFI()                             __ASM volatile ("wfi":::"memory")
 235:Drivers/CMSIS/Include/cmsis_gcc.h **** 
 236:Drivers/CMSIS/Include/cmsis_gcc.h **** 
 237:Drivers/CMSIS/Include/cmsis_gcc.h **** /**
 238:Drivers/CMSIS/Include/cmsis_gcc.h ****   \brief   Wait For Event
 239:Drivers/CMSIS/Include/cmsis_gcc.h ****   \details Wait For Event is a hint instruction that permits the processor to enter
 240:Drivers/CMSIS/Include/cmsis_gcc.h ****            a low-power state until one of a number of events occurs.
 241:Drivers/CMSIS/Include/cmsis_gcc.h ****  */
 242:Drivers/CMSIS/Include/cmsis_gcc.h **** #define __WFE()                             __ASM volatile ("wfe":::"memory")
 243:Drivers/CMSIS/Include/cmsis_gcc.h **** 
 244:Drivers/CMSIS/Include/cmsis_gcc.h **** 
 245:Drivers/CMSIS/Include/cmsis_gcc.h **** /**
ARM GAS  C:\Users\alireza\AppData\Local\Temp\ccyFCZ0W.s 			page 14


 246:Drivers/CMSIS/Include/cmsis_gcc.h ****   \brief   Send Event
 247:Drivers/CMSIS/Include/cmsis_gcc.h ****   \details Send Event is a hint instruction. It causes an event to be signaled to the CPU.
 248:Drivers/CMSIS/Include/cmsis_gcc.h ****  */
 249:Drivers/CMSIS/Include/cmsis_gcc.h **** #define __SEV()                             __ASM volatile ("sev")
 250:Drivers/CMSIS/Include/cmsis_gcc.h **** 
 251:Drivers/CMSIS/Include/cmsis_gcc.h **** 
 252:Drivers/CMSIS/Include/cmsis_gcc.h **** /**
 253:Drivers/CMSIS/Include/cmsis_gcc.h ****   \brief   Instruction Synchronization Barrier
 254:Drivers/CMSIS/Include/cmsis_gcc.h ****   \details Instruction Synchronization Barrier flushes the pipeline in the processor,
 255:Drivers/CMSIS/Include/cmsis_gcc.h ****            so that all instructions following the ISB are fetched from cache or memory,
 256:Drivers/CMSIS/Include/cmsis_gcc.h ****            after the instruction has been completed.
 257:Drivers/CMSIS/Include/cmsis_gcc.h ****  */
 258:Drivers/CMSIS/Include/cmsis_gcc.h **** __STATIC_FORCEINLINE void __ISB(void)
 259:Drivers/CMSIS/Include/cmsis_gcc.h **** {
 260:Drivers/CMSIS/Include/cmsis_gcc.h ****   __ASM volatile ("isb 0xF":::"memory");
 261:Drivers/CMSIS/Include/cmsis_gcc.h **** }
 262:Drivers/CMSIS/Include/cmsis_gcc.h **** 
 263:Drivers/CMSIS/Include/cmsis_gcc.h **** 
 264:Drivers/CMSIS/Include/cmsis_gcc.h **** /**
 265:Drivers/CMSIS/Include/cmsis_gcc.h ****   \brief   Data Synchronization Barrier
 266:Drivers/CMSIS/Include/cmsis_gcc.h ****   \details Acts as a special kind of Data Memory Barrier.
 267:Drivers/CMSIS/Include/cmsis_gcc.h ****            It completes when all explicit memory accesses before this instruction complete.
 268:Drivers/CMSIS/Include/cmsis_gcc.h ****  */
 269:Drivers/CMSIS/Include/cmsis_gcc.h **** __STATIC_FORCEINLINE void __DSB(void)
 270:Drivers/CMSIS/Include/cmsis_gcc.h **** {
 271:Drivers/CMSIS/Include/cmsis_gcc.h ****   __ASM volatile ("dsb 0xF":::"memory");
 272:Drivers/CMSIS/Include/cmsis_gcc.h **** }
 273:Drivers/CMSIS/Include/cmsis_gcc.h **** 
 274:Drivers/CMSIS/Include/cmsis_gcc.h **** 
 275:Drivers/CMSIS/Include/cmsis_gcc.h **** /**
 276:Drivers/CMSIS/Include/cmsis_gcc.h ****   \brief   Data Memory Barrier
 277:Drivers/CMSIS/Include/cmsis_gcc.h ****   \details Ensures the apparent order of the explicit memory operations before
 278:Drivers/CMSIS/Include/cmsis_gcc.h ****            and after the instruction, without ensuring their completion.
 279:Drivers/CMSIS/Include/cmsis_gcc.h ****  */
 280:Drivers/CMSIS/Include/cmsis_gcc.h **** __STATIC_FORCEINLINE void __DMB(void)
 281:Drivers/CMSIS/Include/cmsis_gcc.h **** {
 282:Drivers/CMSIS/Include/cmsis_gcc.h ****   __ASM volatile ("dmb 0xF":::"memory");
 283:Drivers/CMSIS/Include/cmsis_gcc.h **** }
 284:Drivers/CMSIS/Include/cmsis_gcc.h **** 
 285:Drivers/CMSIS/Include/cmsis_gcc.h **** 
 286:Drivers/CMSIS/Include/cmsis_gcc.h **** /**
 287:Drivers/CMSIS/Include/cmsis_gcc.h ****   \brief   Reverse byte order (32 bit)
 288:Drivers/CMSIS/Include/cmsis_gcc.h ****   \details Reverses the byte order in unsigned integer value. For example, 0x12345678 becomes 0x785
 289:Drivers/CMSIS/Include/cmsis_gcc.h ****   \param [in]    value  Value to reverse
 290:Drivers/CMSIS/Include/cmsis_gcc.h ****   \return               Reversed value
 291:Drivers/CMSIS/Include/cmsis_gcc.h ****  */
 292:Drivers/CMSIS/Include/cmsis_gcc.h **** __STATIC_FORCEINLINE uint32_t __REV(uint32_t value)
 293:Drivers/CMSIS/Include/cmsis_gcc.h **** {
 294:Drivers/CMSIS/Include/cmsis_gcc.h **** #if (__GNUC__ > 4) || (__GNUC__ == 4 && __GNUC_MINOR__ >= 5)
 295:Drivers/CMSIS/Include/cmsis_gcc.h ****   return __builtin_bswap32(value);
 296:Drivers/CMSIS/Include/cmsis_gcc.h **** #else
 297:Drivers/CMSIS/Include/cmsis_gcc.h ****   uint32_t result;
 298:Drivers/CMSIS/Include/cmsis_gcc.h **** 
 299:Drivers/CMSIS/Include/cmsis_gcc.h ****   __ASM ("rev %0, %1" : __CMSIS_GCC_OUT_REG (result) : __CMSIS_GCC_USE_REG (value) );
 300:Drivers/CMSIS/Include/cmsis_gcc.h ****   return result;
 301:Drivers/CMSIS/Include/cmsis_gcc.h **** #endif
 302:Drivers/CMSIS/Include/cmsis_gcc.h **** }
ARM GAS  C:\Users\alireza\AppData\Local\Temp\ccyFCZ0W.s 			page 15


 303:Drivers/CMSIS/Include/cmsis_gcc.h **** 
 304:Drivers/CMSIS/Include/cmsis_gcc.h **** 
 305:Drivers/CMSIS/Include/cmsis_gcc.h **** /**
 306:Drivers/CMSIS/Include/cmsis_gcc.h ****   \brief   Reverse byte order (16 bit)
 307:Drivers/CMSIS/Include/cmsis_gcc.h ****   \details Reverses the byte order within each halfword of a word. For example, 0x12345678 becomes 
 308:Drivers/CMSIS/Include/cmsis_gcc.h ****   \param [in]    value  Value to reverse
 309:Drivers/CMSIS/Include/cmsis_gcc.h ****   \return               Reversed value
 310:Drivers/CMSIS/Include/cmsis_gcc.h ****  */
 311:Drivers/CMSIS/Include/cmsis_gcc.h **** __STATIC_FORCEINLINE uint32_t __REV16(uint32_t value)
 312:Drivers/CMSIS/Include/cmsis_gcc.h **** {
 313:Drivers/CMSIS/Include/cmsis_gcc.h ****   uint32_t result;
 314:Drivers/CMSIS/Include/cmsis_gcc.h **** 
 315:Drivers/CMSIS/Include/cmsis_gcc.h ****   __ASM ("rev16 %0, %1" : __CMSIS_GCC_OUT_REG (result) : __CMSIS_GCC_USE_REG (value) );
 316:Drivers/CMSIS/Include/cmsis_gcc.h ****   return result;
 317:Drivers/CMSIS/Include/cmsis_gcc.h **** }
 318:Drivers/CMSIS/Include/cmsis_gcc.h **** 
 319:Drivers/CMSIS/Include/cmsis_gcc.h **** 
 320:Drivers/CMSIS/Include/cmsis_gcc.h **** /**
 321:Drivers/CMSIS/Include/cmsis_gcc.h ****   \brief   Reverse byte order (16 bit)
 322:Drivers/CMSIS/Include/cmsis_gcc.h ****   \details Reverses the byte order in a 16-bit value and returns the signed 16-bit result. For exam
 323:Drivers/CMSIS/Include/cmsis_gcc.h ****   \param [in]    value  Value to reverse
 324:Drivers/CMSIS/Include/cmsis_gcc.h ****   \return               Reversed value
 325:Drivers/CMSIS/Include/cmsis_gcc.h ****  */
 326:Drivers/CMSIS/Include/cmsis_gcc.h **** __STATIC_FORCEINLINE int16_t __REVSH(int16_t value)
 327:Drivers/CMSIS/Include/cmsis_gcc.h **** {
 328:Drivers/CMSIS/Include/cmsis_gcc.h **** #if (__GNUC__ > 4) || (__GNUC__ == 4 && __GNUC_MINOR__ >= 8)
 329:Drivers/CMSIS/Include/cmsis_gcc.h ****   return (int16_t)__builtin_bswap16(value);
 330:Drivers/CMSIS/Include/cmsis_gcc.h **** #else
 331:Drivers/CMSIS/Include/cmsis_gcc.h ****   int16_t result;
 332:Drivers/CMSIS/Include/cmsis_gcc.h **** 
 333:Drivers/CMSIS/Include/cmsis_gcc.h ****   __ASM ("revsh %0, %1" : __CMSIS_GCC_OUT_REG (result) : __CMSIS_GCC_USE_REG (value) );
 334:Drivers/CMSIS/Include/cmsis_gcc.h ****   return result;
 335:Drivers/CMSIS/Include/cmsis_gcc.h **** #endif
 336:Drivers/CMSIS/Include/cmsis_gcc.h **** }
 337:Drivers/CMSIS/Include/cmsis_gcc.h **** 
 338:Drivers/CMSIS/Include/cmsis_gcc.h **** 
 339:Drivers/CMSIS/Include/cmsis_gcc.h **** /**
 340:Drivers/CMSIS/Include/cmsis_gcc.h ****   \brief   Rotate Right in unsigned value (32 bit)
 341:Drivers/CMSIS/Include/cmsis_gcc.h ****   \details Rotate Right (immediate) provides the value of the contents of a register rotated by a v
 342:Drivers/CMSIS/Include/cmsis_gcc.h ****   \param [in]    op1  Value to rotate
 343:Drivers/CMSIS/Include/cmsis_gcc.h ****   \param [in]    op2  Number of Bits to rotate
 344:Drivers/CMSIS/Include/cmsis_gcc.h ****   \return               Rotated value
 345:Drivers/CMSIS/Include/cmsis_gcc.h ****  */
 346:Drivers/CMSIS/Include/cmsis_gcc.h **** __STATIC_FORCEINLINE uint32_t __ROR(uint32_t op1, uint32_t op2)
 347:Drivers/CMSIS/Include/cmsis_gcc.h **** {
 348:Drivers/CMSIS/Include/cmsis_gcc.h ****   op2 %= 32U;
 349:Drivers/CMSIS/Include/cmsis_gcc.h ****   if (op2 == 0U)
 350:Drivers/CMSIS/Include/cmsis_gcc.h ****   {
 351:Drivers/CMSIS/Include/cmsis_gcc.h ****     return op1;
 352:Drivers/CMSIS/Include/cmsis_gcc.h ****   }
 353:Drivers/CMSIS/Include/cmsis_gcc.h ****   return (op1 >> op2) | (op1 << (32U - op2));
 354:Drivers/CMSIS/Include/cmsis_gcc.h **** }
 355:Drivers/CMSIS/Include/cmsis_gcc.h **** 
 356:Drivers/CMSIS/Include/cmsis_gcc.h **** 
 357:Drivers/CMSIS/Include/cmsis_gcc.h **** /**
 358:Drivers/CMSIS/Include/cmsis_gcc.h ****   \brief   Breakpoint
 359:Drivers/CMSIS/Include/cmsis_gcc.h ****   \details Causes the processor to enter Debug state.
ARM GAS  C:\Users\alireza\AppData\Local\Temp\ccyFCZ0W.s 			page 16


 360:Drivers/CMSIS/Include/cmsis_gcc.h ****            Debug tools can use this to investigate system state when the instruction at a particula
 361:Drivers/CMSIS/Include/cmsis_gcc.h ****   \param [in]    value  is ignored by the processor.
 362:Drivers/CMSIS/Include/cmsis_gcc.h ****                  If required, a debugger can use it to store additional information about the break
 363:Drivers/CMSIS/Include/cmsis_gcc.h ****  */
 364:Drivers/CMSIS/Include/cmsis_gcc.h **** #define __BKPT(value)                       __ASM volatile ("bkpt "#value)
 365:Drivers/CMSIS/Include/cmsis_gcc.h **** 
 366:Drivers/CMSIS/Include/cmsis_gcc.h **** 
 367:Drivers/CMSIS/Include/cmsis_gcc.h **** /**
 368:Drivers/CMSIS/Include/cmsis_gcc.h ****   \brief   Reverse bit order of value
 369:Drivers/CMSIS/Include/cmsis_gcc.h ****   \details Reverses the bit order of the given value.
 370:Drivers/CMSIS/Include/cmsis_gcc.h ****   \param [in]    value  Value to reverse
 371:Drivers/CMSIS/Include/cmsis_gcc.h ****   \return               Reversed value
 372:Drivers/CMSIS/Include/cmsis_gcc.h ****  */
 373:Drivers/CMSIS/Include/cmsis_gcc.h **** __STATIC_FORCEINLINE uint32_t __RBIT(uint32_t value)
 374:Drivers/CMSIS/Include/cmsis_gcc.h **** {
 375:Drivers/CMSIS/Include/cmsis_gcc.h ****   uint32_t result;
 376:Drivers/CMSIS/Include/cmsis_gcc.h **** 
 377:Drivers/CMSIS/Include/cmsis_gcc.h **** #if ((defined (__ARM_ARCH_7M__      ) && (__ARM_ARCH_7M__      == 1)) || \
 378:Drivers/CMSIS/Include/cmsis_gcc.h ****      (defined (__ARM_ARCH_7EM__     ) && (__ARM_ARCH_7EM__     == 1)) || \
 379:Drivers/CMSIS/Include/cmsis_gcc.h ****      (defined (__ARM_ARCH_8M_MAIN__ ) && (__ARM_ARCH_8M_MAIN__ == 1))    )
 380:Drivers/CMSIS/Include/cmsis_gcc.h ****    __ASM ("rbit %0, %1" : "=r" (result) : "r" (value) );
 381:Drivers/CMSIS/Include/cmsis_gcc.h **** #else
 382:Drivers/CMSIS/Include/cmsis_gcc.h ****   uint32_t s = (4U /*sizeof(v)*/ * 8U) - 1U; /* extra shift needed at end */
 383:Drivers/CMSIS/Include/cmsis_gcc.h **** 
 384:Drivers/CMSIS/Include/cmsis_gcc.h ****   result = value;                      /* r will be reversed bits of v; first get LSB of v */
 385:Drivers/CMSIS/Include/cmsis_gcc.h ****   for (value >>= 1U; value != 0U; value >>= 1U)
 386:Drivers/CMSIS/Include/cmsis_gcc.h ****   {
 387:Drivers/CMSIS/Include/cmsis_gcc.h ****     result <<= 1U;
 388:Drivers/CMSIS/Include/cmsis_gcc.h ****     result |= value & 1U;
 389:Drivers/CMSIS/Include/cmsis_gcc.h ****     s--;
 390:Drivers/CMSIS/Include/cmsis_gcc.h ****   }
 391:Drivers/CMSIS/Include/cmsis_gcc.h ****   result <<= s;                        /* shift when v's highest bits are zero */
 392:Drivers/CMSIS/Include/cmsis_gcc.h **** #endif
 393:Drivers/CMSIS/Include/cmsis_gcc.h ****   return result;
 394:Drivers/CMSIS/Include/cmsis_gcc.h **** }
 395:Drivers/CMSIS/Include/cmsis_gcc.h **** 
 396:Drivers/CMSIS/Include/cmsis_gcc.h **** 
 397:Drivers/CMSIS/Include/cmsis_gcc.h **** /**
 398:Drivers/CMSIS/Include/cmsis_gcc.h ****   \brief   Count leading zeros
 399:Drivers/CMSIS/Include/cmsis_gcc.h ****   \details Counts the number of leading zeros of a data value.
 400:Drivers/CMSIS/Include/cmsis_gcc.h ****   \param [in]  value  Value to count the leading zeros
 401:Drivers/CMSIS/Include/cmsis_gcc.h ****   \return             number of leading zeros in value
 402:Drivers/CMSIS/Include/cmsis_gcc.h ****  */
 403:Drivers/CMSIS/Include/cmsis_gcc.h **** __STATIC_FORCEINLINE uint8_t __CLZ(uint32_t value)
 404:Drivers/CMSIS/Include/cmsis_gcc.h **** {
 405:Drivers/CMSIS/Include/cmsis_gcc.h ****   /* Even though __builtin_clz produces a CLZ instruction on ARM, formally
 406:Drivers/CMSIS/Include/cmsis_gcc.h ****      __builtin_clz(0) is undefined behaviour, so handle this case specially.
 407:Drivers/CMSIS/Include/cmsis_gcc.h ****      This guarantees ARM-compatible results if happening to compile on a non-ARM
 408:Drivers/CMSIS/Include/cmsis_gcc.h ****      target, and ensures the compiler doesn't decide to activate any
 409:Drivers/CMSIS/Include/cmsis_gcc.h ****      optimisations using the logic "value was passed to __builtin_clz, so it
 410:Drivers/CMSIS/Include/cmsis_gcc.h ****      is non-zero".
 411:Drivers/CMSIS/Include/cmsis_gcc.h ****      ARM GCC 7.3 and possibly earlier will optimise this test away, leaving a
 412:Drivers/CMSIS/Include/cmsis_gcc.h ****      single CLZ instruction.
 413:Drivers/CMSIS/Include/cmsis_gcc.h ****    */
 414:Drivers/CMSIS/Include/cmsis_gcc.h ****   if (value == 0U)
 415:Drivers/CMSIS/Include/cmsis_gcc.h ****   {
 416:Drivers/CMSIS/Include/cmsis_gcc.h ****     return 32U;
ARM GAS  C:\Users\alireza\AppData\Local\Temp\ccyFCZ0W.s 			page 17


 417:Drivers/CMSIS/Include/cmsis_gcc.h ****   }
 418:Drivers/CMSIS/Include/cmsis_gcc.h ****   return __builtin_clz(value);
 419:Drivers/CMSIS/Include/cmsis_gcc.h **** }
 420:Drivers/CMSIS/Include/cmsis_gcc.h **** 
 421:Drivers/CMSIS/Include/cmsis_gcc.h **** 
 422:Drivers/CMSIS/Include/cmsis_gcc.h **** #if ((defined (__ARM_ARCH_7M__      ) && (__ARM_ARCH_7M__      == 1)) || \
 423:Drivers/CMSIS/Include/cmsis_gcc.h ****      (defined (__ARM_ARCH_7EM__     ) && (__ARM_ARCH_7EM__     == 1)) || \
 424:Drivers/CMSIS/Include/cmsis_gcc.h ****      (defined (__ARM_ARCH_8M_MAIN__ ) && (__ARM_ARCH_8M_MAIN__ == 1)) || \
 425:Drivers/CMSIS/Include/cmsis_gcc.h ****      (defined (__ARM_ARCH_8M_BASE__ ) && (__ARM_ARCH_8M_BASE__ == 1))    )
 426:Drivers/CMSIS/Include/cmsis_gcc.h **** /**
 427:Drivers/CMSIS/Include/cmsis_gcc.h ****   \brief   LDR Exclusive (8 bit)
 428:Drivers/CMSIS/Include/cmsis_gcc.h ****   \details Executes a exclusive LDR instruction for 8 bit value.
 429:Drivers/CMSIS/Include/cmsis_gcc.h ****   \param [in]    ptr  Pointer to data
 430:Drivers/CMSIS/Include/cmsis_gcc.h ****   \return             value of type uint8_t at (*ptr)
 431:Drivers/CMSIS/Include/cmsis_gcc.h ****  */
 432:Drivers/CMSIS/Include/cmsis_gcc.h **** __STATIC_FORCEINLINE uint8_t __LDREXB(volatile uint8_t *addr)
 433:Drivers/CMSIS/Include/cmsis_gcc.h **** {
 434:Drivers/CMSIS/Include/cmsis_gcc.h ****     uint32_t result;
 435:Drivers/CMSIS/Include/cmsis_gcc.h **** 
 436:Drivers/CMSIS/Include/cmsis_gcc.h **** #if (__GNUC__ > 4) || (__GNUC__ == 4 && __GNUC_MINOR__ >= 8)
 437:Drivers/CMSIS/Include/cmsis_gcc.h ****    __ASM volatile ("ldrexb %0, %1" : "=r" (result) : "Q" (*addr) );
 438:Drivers/CMSIS/Include/cmsis_gcc.h **** #else
 439:Drivers/CMSIS/Include/cmsis_gcc.h ****     /* Prior to GCC 4.8, "Q" will be expanded to [rx, #0] which is not
 440:Drivers/CMSIS/Include/cmsis_gcc.h ****        accepted by assembler. So has to use following less efficient pattern.
 441:Drivers/CMSIS/Include/cmsis_gcc.h ****     */
 442:Drivers/CMSIS/Include/cmsis_gcc.h ****    __ASM volatile ("ldrexb %0, [%1]" : "=r" (result) : "r" (addr) : "memory" );
 443:Drivers/CMSIS/Include/cmsis_gcc.h **** #endif
 444:Drivers/CMSIS/Include/cmsis_gcc.h ****    return ((uint8_t) result);    /* Add explicit type cast here */
 445:Drivers/CMSIS/Include/cmsis_gcc.h **** }
 446:Drivers/CMSIS/Include/cmsis_gcc.h **** 
 447:Drivers/CMSIS/Include/cmsis_gcc.h **** 
 448:Drivers/CMSIS/Include/cmsis_gcc.h **** /**
 449:Drivers/CMSIS/Include/cmsis_gcc.h ****   \brief   LDR Exclusive (16 bit)
 450:Drivers/CMSIS/Include/cmsis_gcc.h ****   \details Executes a exclusive LDR instruction for 16 bit values.
 451:Drivers/CMSIS/Include/cmsis_gcc.h ****   \param [in]    ptr  Pointer to data
 452:Drivers/CMSIS/Include/cmsis_gcc.h ****   \return        value of type uint16_t at (*ptr)
 453:Drivers/CMSIS/Include/cmsis_gcc.h ****  */
 454:Drivers/CMSIS/Include/cmsis_gcc.h **** __STATIC_FORCEINLINE uint16_t __LDREXH(volatile uint16_t *addr)
 455:Drivers/CMSIS/Include/cmsis_gcc.h **** {
 456:Drivers/CMSIS/Include/cmsis_gcc.h ****     uint32_t result;
 457:Drivers/CMSIS/Include/cmsis_gcc.h **** 
 458:Drivers/CMSIS/Include/cmsis_gcc.h **** #if (__GNUC__ > 4) || (__GNUC__ == 4 && __GNUC_MINOR__ >= 8)
 459:Drivers/CMSIS/Include/cmsis_gcc.h ****    __ASM volatile ("ldrexh %0, %1" : "=r" (result) : "Q" (*addr) );
 460:Drivers/CMSIS/Include/cmsis_gcc.h **** #else
 461:Drivers/CMSIS/Include/cmsis_gcc.h ****     /* Prior to GCC 4.8, "Q" will be expanded to [rx, #0] which is not
 462:Drivers/CMSIS/Include/cmsis_gcc.h ****        accepted by assembler. So has to use following less efficient pattern.
 463:Drivers/CMSIS/Include/cmsis_gcc.h ****     */
 464:Drivers/CMSIS/Include/cmsis_gcc.h ****    __ASM volatile ("ldrexh %0, [%1]" : "=r" (result) : "r" (addr) : "memory" );
 465:Drivers/CMSIS/Include/cmsis_gcc.h **** #endif
 466:Drivers/CMSIS/Include/cmsis_gcc.h ****    return ((uint16_t) result);    /* Add explicit type cast here */
 467:Drivers/CMSIS/Include/cmsis_gcc.h **** }
 468:Drivers/CMSIS/Include/cmsis_gcc.h **** 
 469:Drivers/CMSIS/Include/cmsis_gcc.h **** 
 470:Drivers/CMSIS/Include/cmsis_gcc.h **** /**
 471:Drivers/CMSIS/Include/cmsis_gcc.h ****   \brief   LDR Exclusive (32 bit)
 472:Drivers/CMSIS/Include/cmsis_gcc.h ****   \details Executes a exclusive LDR instruction for 32 bit values.
 473:Drivers/CMSIS/Include/cmsis_gcc.h ****   \param [in]    ptr  Pointer to data
ARM GAS  C:\Users\alireza\AppData\Local\Temp\ccyFCZ0W.s 			page 18


 474:Drivers/CMSIS/Include/cmsis_gcc.h ****   \return        value of type uint32_t at (*ptr)
 475:Drivers/CMSIS/Include/cmsis_gcc.h ****  */
 476:Drivers/CMSIS/Include/cmsis_gcc.h **** __STATIC_FORCEINLINE uint32_t __LDREXW(volatile uint32_t *addr)
 477:Drivers/CMSIS/Include/cmsis_gcc.h **** {
 478:Drivers/CMSIS/Include/cmsis_gcc.h ****     uint32_t result;
 479:Drivers/CMSIS/Include/cmsis_gcc.h **** 
 480:Drivers/CMSIS/Include/cmsis_gcc.h ****    __ASM volatile ("ldrex %0, %1" : "=r" (result) : "Q" (*addr) );
 481:Drivers/CMSIS/Include/cmsis_gcc.h ****    return(result);
 482:Drivers/CMSIS/Include/cmsis_gcc.h **** }
 483:Drivers/CMSIS/Include/cmsis_gcc.h **** 
 484:Drivers/CMSIS/Include/cmsis_gcc.h **** 
 485:Drivers/CMSIS/Include/cmsis_gcc.h **** /**
 486:Drivers/CMSIS/Include/cmsis_gcc.h ****   \brief   STR Exclusive (8 bit)
 487:Drivers/CMSIS/Include/cmsis_gcc.h ****   \details Executes a exclusive STR instruction for 8 bit values.
 488:Drivers/CMSIS/Include/cmsis_gcc.h ****   \param [in]  value  Value to store
 489:Drivers/CMSIS/Include/cmsis_gcc.h ****   \param [in]    ptr  Pointer to location
 490:Drivers/CMSIS/Include/cmsis_gcc.h ****   \return          0  Function succeeded
 491:Drivers/CMSIS/Include/cmsis_gcc.h ****   \return          1  Function failed
 492:Drivers/CMSIS/Include/cmsis_gcc.h ****  */
 493:Drivers/CMSIS/Include/cmsis_gcc.h **** __STATIC_FORCEINLINE uint32_t __STREXB(uint8_t value, volatile uint8_t *addr)
 494:Drivers/CMSIS/Include/cmsis_gcc.h **** {
 495:Drivers/CMSIS/Include/cmsis_gcc.h ****    uint32_t result;
 496:Drivers/CMSIS/Include/cmsis_gcc.h **** 
 497:Drivers/CMSIS/Include/cmsis_gcc.h ****    __ASM volatile ("strexb %0, %2, %1" : "=&r" (result), "=Q" (*addr) : "r" ((uint32_t)value) );
 498:Drivers/CMSIS/Include/cmsis_gcc.h ****    return(result);
 499:Drivers/CMSIS/Include/cmsis_gcc.h **** }
 500:Drivers/CMSIS/Include/cmsis_gcc.h **** 
 501:Drivers/CMSIS/Include/cmsis_gcc.h **** 
 502:Drivers/CMSIS/Include/cmsis_gcc.h **** /**
 503:Drivers/CMSIS/Include/cmsis_gcc.h ****   \brief   STR Exclusive (16 bit)
 504:Drivers/CMSIS/Include/cmsis_gcc.h ****   \details Executes a exclusive STR instruction for 16 bit values.
 505:Drivers/CMSIS/Include/cmsis_gcc.h ****   \param [in]  value  Value to store
 506:Drivers/CMSIS/Include/cmsis_gcc.h ****   \param [in]    ptr  Pointer to location
 507:Drivers/CMSIS/Include/cmsis_gcc.h ****   \return          0  Function succeeded
 508:Drivers/CMSIS/Include/cmsis_gcc.h ****   \return          1  Function failed
 509:Drivers/CMSIS/Include/cmsis_gcc.h ****  */
 510:Drivers/CMSIS/Include/cmsis_gcc.h **** __STATIC_FORCEINLINE uint32_t __STREXH(uint16_t value, volatile uint16_t *addr)
 511:Drivers/CMSIS/Include/cmsis_gcc.h **** {
 512:Drivers/CMSIS/Include/cmsis_gcc.h ****    uint32_t result;
 513:Drivers/CMSIS/Include/cmsis_gcc.h **** 
 514:Drivers/CMSIS/Include/cmsis_gcc.h ****    __ASM volatile ("strexh %0, %2, %1" : "=&r" (result), "=Q" (*addr) : "r" ((uint32_t)value) );
 515:Drivers/CMSIS/Include/cmsis_gcc.h ****    return(result);
 516:Drivers/CMSIS/Include/cmsis_gcc.h **** }
 517:Drivers/CMSIS/Include/cmsis_gcc.h **** 
 518:Drivers/CMSIS/Include/cmsis_gcc.h **** 
 519:Drivers/CMSIS/Include/cmsis_gcc.h **** /**
 520:Drivers/CMSIS/Include/cmsis_gcc.h ****   \brief   STR Exclusive (32 bit)
 521:Drivers/CMSIS/Include/cmsis_gcc.h ****   \details Executes a exclusive STR instruction for 32 bit values.
 522:Drivers/CMSIS/Include/cmsis_gcc.h ****   \param [in]  value  Value to store
 523:Drivers/CMSIS/Include/cmsis_gcc.h ****   \param [in]    ptr  Pointer to location
 524:Drivers/CMSIS/Include/cmsis_gcc.h ****   \return          0  Function succeeded
 525:Drivers/CMSIS/Include/cmsis_gcc.h ****   \return          1  Function failed
 526:Drivers/CMSIS/Include/cmsis_gcc.h ****  */
 527:Drivers/CMSIS/Include/cmsis_gcc.h **** __STATIC_FORCEINLINE uint32_t __STREXW(uint32_t value, volatile uint32_t *addr)
 528:Drivers/CMSIS/Include/cmsis_gcc.h **** {
 529:Drivers/CMSIS/Include/cmsis_gcc.h ****    uint32_t result;
 530:Drivers/CMSIS/Include/cmsis_gcc.h **** 
ARM GAS  C:\Users\alireza\AppData\Local\Temp\ccyFCZ0W.s 			page 19


 531:Drivers/CMSIS/Include/cmsis_gcc.h ****    __ASM volatile ("strex %0, %2, %1" : "=&r" (result), "=Q" (*addr) : "r" (value) );
 532:Drivers/CMSIS/Include/cmsis_gcc.h ****    return(result);
 533:Drivers/CMSIS/Include/cmsis_gcc.h **** }
 534:Drivers/CMSIS/Include/cmsis_gcc.h **** 
 535:Drivers/CMSIS/Include/cmsis_gcc.h **** 
 536:Drivers/CMSIS/Include/cmsis_gcc.h **** /**
 537:Drivers/CMSIS/Include/cmsis_gcc.h ****   \brief   Remove the exclusive lock
 538:Drivers/CMSIS/Include/cmsis_gcc.h ****   \details Removes the exclusive lock which is created by LDREX.
 539:Drivers/CMSIS/Include/cmsis_gcc.h ****  */
 540:Drivers/CMSIS/Include/cmsis_gcc.h **** __STATIC_FORCEINLINE void __CLREX(void)
 541:Drivers/CMSIS/Include/cmsis_gcc.h **** {
 542:Drivers/CMSIS/Include/cmsis_gcc.h ****   __ASM volatile ("clrex" ::: "memory");
 543:Drivers/CMSIS/Include/cmsis_gcc.h **** }
 544:Drivers/CMSIS/Include/cmsis_gcc.h **** 
 545:Drivers/CMSIS/Include/cmsis_gcc.h **** #endif /* ((defined (__ARM_ARCH_7M__      ) && (__ARM_ARCH_7M__      == 1)) || \
 546:Drivers/CMSIS/Include/cmsis_gcc.h ****            (defined (__ARM_ARCH_7EM__     ) && (__ARM_ARCH_7EM__     == 1)) || \
 547:Drivers/CMSIS/Include/cmsis_gcc.h ****            (defined (__ARM_ARCH_8M_MAIN__ ) && (__ARM_ARCH_8M_MAIN__ == 1)) || \
 548:Drivers/CMSIS/Include/cmsis_gcc.h ****            (defined (__ARM_ARCH_8M_BASE__ ) && (__ARM_ARCH_8M_BASE__ == 1))    ) */
 549:Drivers/CMSIS/Include/cmsis_gcc.h **** 
 550:Drivers/CMSIS/Include/cmsis_gcc.h **** 
 551:Drivers/CMSIS/Include/cmsis_gcc.h **** #if ((defined (__ARM_ARCH_7M__      ) && (__ARM_ARCH_7M__      == 1)) || \
 552:Drivers/CMSIS/Include/cmsis_gcc.h ****      (defined (__ARM_ARCH_7EM__     ) && (__ARM_ARCH_7EM__     == 1)) || \
 553:Drivers/CMSIS/Include/cmsis_gcc.h ****      (defined (__ARM_ARCH_8M_MAIN__ ) && (__ARM_ARCH_8M_MAIN__ == 1))    )
 554:Drivers/CMSIS/Include/cmsis_gcc.h **** /**
 555:Drivers/CMSIS/Include/cmsis_gcc.h ****   \brief   Signed Saturate
 556:Drivers/CMSIS/Include/cmsis_gcc.h ****   \details Saturates a signed value.
 557:Drivers/CMSIS/Include/cmsis_gcc.h ****   \param [in]  ARG1  Value to be saturated
 558:Drivers/CMSIS/Include/cmsis_gcc.h ****   \param [in]  ARG2  Bit position to saturate to (1..32)
 559:Drivers/CMSIS/Include/cmsis_gcc.h ****   \return             Saturated value
 560:Drivers/CMSIS/Include/cmsis_gcc.h ****  */
 561:Drivers/CMSIS/Include/cmsis_gcc.h **** #define __SSAT(ARG1, ARG2) \
 562:Drivers/CMSIS/Include/cmsis_gcc.h **** __extension__ \
 563:Drivers/CMSIS/Include/cmsis_gcc.h **** ({                          \
 564:Drivers/CMSIS/Include/cmsis_gcc.h ****   int32_t __RES, __ARG1 = (ARG1); \
 565:Drivers/CMSIS/Include/cmsis_gcc.h ****   __ASM volatile ("ssat %0, %1, %2" : "=r" (__RES) :  "I" (ARG2), "r" (__ARG1) : "cc" ); \
 566:Drivers/CMSIS/Include/cmsis_gcc.h ****   __RES; \
 567:Drivers/CMSIS/Include/cmsis_gcc.h ****  })
 568:Drivers/CMSIS/Include/cmsis_gcc.h **** 
 569:Drivers/CMSIS/Include/cmsis_gcc.h **** 
 570:Drivers/CMSIS/Include/cmsis_gcc.h **** /**
 571:Drivers/CMSIS/Include/cmsis_gcc.h ****   \brief   Unsigned Saturate
 572:Drivers/CMSIS/Include/cmsis_gcc.h ****   \details Saturates an unsigned value.
 573:Drivers/CMSIS/Include/cmsis_gcc.h ****   \param [in]  ARG1  Value to be saturated
 574:Drivers/CMSIS/Include/cmsis_gcc.h ****   \param [in]  ARG2  Bit position to saturate to (0..31)
 575:Drivers/CMSIS/Include/cmsis_gcc.h ****   \return             Saturated value
 576:Drivers/CMSIS/Include/cmsis_gcc.h ****  */
 577:Drivers/CMSIS/Include/cmsis_gcc.h **** #define __USAT(ARG1, ARG2) \
 578:Drivers/CMSIS/Include/cmsis_gcc.h **** __extension__ \
 579:Drivers/CMSIS/Include/cmsis_gcc.h **** ({                          \
 580:Drivers/CMSIS/Include/cmsis_gcc.h ****   uint32_t __RES, __ARG1 = (ARG1); \
 581:Drivers/CMSIS/Include/cmsis_gcc.h ****   __ASM volatile ("usat %0, %1, %2" : "=r" (__RES) :  "I" (ARG2), "r" (__ARG1) : "cc" ); \
 582:Drivers/CMSIS/Include/cmsis_gcc.h ****   __RES; \
 583:Drivers/CMSIS/Include/cmsis_gcc.h ****  })
 584:Drivers/CMSIS/Include/cmsis_gcc.h **** 
 585:Drivers/CMSIS/Include/cmsis_gcc.h **** 
 586:Drivers/CMSIS/Include/cmsis_gcc.h **** /**
 587:Drivers/CMSIS/Include/cmsis_gcc.h ****   \brief   Rotate Right with Extend (32 bit)
ARM GAS  C:\Users\alireza\AppData\Local\Temp\ccyFCZ0W.s 			page 20


 588:Drivers/CMSIS/Include/cmsis_gcc.h ****   \details Moves each bit of a bitstring right by one bit.
 589:Drivers/CMSIS/Include/cmsis_gcc.h ****            The carry input is shifted in at the left end of the bitstring.
 590:Drivers/CMSIS/Include/cmsis_gcc.h ****   \param [in]    value  Value to rotate
 591:Drivers/CMSIS/Include/cmsis_gcc.h ****   \return               Rotated value
 592:Drivers/CMSIS/Include/cmsis_gcc.h ****  */
 593:Drivers/CMSIS/Include/cmsis_gcc.h **** __STATIC_FORCEINLINE uint32_t __RRX(uint32_t value)
 594:Drivers/CMSIS/Include/cmsis_gcc.h **** {
 595:Drivers/CMSIS/Include/cmsis_gcc.h ****   uint32_t result;
 596:Drivers/CMSIS/Include/cmsis_gcc.h **** 
 597:Drivers/CMSIS/Include/cmsis_gcc.h ****   __ASM volatile ("rrx %0, %1" : __CMSIS_GCC_OUT_REG (result) : __CMSIS_GCC_USE_REG (value) );
 598:Drivers/CMSIS/Include/cmsis_gcc.h ****   return(result);
 599:Drivers/CMSIS/Include/cmsis_gcc.h **** }
 600:Drivers/CMSIS/Include/cmsis_gcc.h **** 
 601:Drivers/CMSIS/Include/cmsis_gcc.h **** 
 602:Drivers/CMSIS/Include/cmsis_gcc.h **** /**
 603:Drivers/CMSIS/Include/cmsis_gcc.h ****   \brief   LDRT Unprivileged (8 bit)
 604:Drivers/CMSIS/Include/cmsis_gcc.h ****   \details Executes a Unprivileged LDRT instruction for 8 bit value.
 605:Drivers/CMSIS/Include/cmsis_gcc.h ****   \param [in]    ptr  Pointer to data
 606:Drivers/CMSIS/Include/cmsis_gcc.h ****   \return             value of type uint8_t at (*ptr)
 607:Drivers/CMSIS/Include/cmsis_gcc.h ****  */
 608:Drivers/CMSIS/Include/cmsis_gcc.h **** __STATIC_FORCEINLINE uint8_t __LDRBT(volatile uint8_t *ptr)
 609:Drivers/CMSIS/Include/cmsis_gcc.h **** {
 610:Drivers/CMSIS/Include/cmsis_gcc.h ****     uint32_t result;
 611:Drivers/CMSIS/Include/cmsis_gcc.h **** 
 612:Drivers/CMSIS/Include/cmsis_gcc.h **** #if (__GNUC__ > 4) || (__GNUC__ == 4 && __GNUC_MINOR__ >= 8)
 613:Drivers/CMSIS/Include/cmsis_gcc.h ****    __ASM volatile ("ldrbt %0, %1" : "=r" (result) : "Q" (*ptr) );
 614:Drivers/CMSIS/Include/cmsis_gcc.h **** #else
 615:Drivers/CMSIS/Include/cmsis_gcc.h ****     /* Prior to GCC 4.8, "Q" will be expanded to [rx, #0] which is not
 616:Drivers/CMSIS/Include/cmsis_gcc.h ****        accepted by assembler. So has to use following less efficient pattern.
 617:Drivers/CMSIS/Include/cmsis_gcc.h ****     */
 618:Drivers/CMSIS/Include/cmsis_gcc.h ****    __ASM volatile ("ldrbt %0, [%1]" : "=r" (result) : "r" (ptr) : "memory" );
 619:Drivers/CMSIS/Include/cmsis_gcc.h **** #endif
 620:Drivers/CMSIS/Include/cmsis_gcc.h ****    return ((uint8_t) result);    /* Add explicit type cast here */
 621:Drivers/CMSIS/Include/cmsis_gcc.h **** }
 622:Drivers/CMSIS/Include/cmsis_gcc.h **** 
 623:Drivers/CMSIS/Include/cmsis_gcc.h **** 
 624:Drivers/CMSIS/Include/cmsis_gcc.h **** /**
 625:Drivers/CMSIS/Include/cmsis_gcc.h ****   \brief   LDRT Unprivileged (16 bit)
 626:Drivers/CMSIS/Include/cmsis_gcc.h ****   \details Executes a Unprivileged LDRT instruction for 16 bit values.
 627:Drivers/CMSIS/Include/cmsis_gcc.h ****   \param [in]    ptr  Pointer to data
 628:Drivers/CMSIS/Include/cmsis_gcc.h ****   \return        value of type uint16_t at (*ptr)
 629:Drivers/CMSIS/Include/cmsis_gcc.h ****  */
 630:Drivers/CMSIS/Include/cmsis_gcc.h **** __STATIC_FORCEINLINE uint16_t __LDRHT(volatile uint16_t *ptr)
 631:Drivers/CMSIS/Include/cmsis_gcc.h **** {
 632:Drivers/CMSIS/Include/cmsis_gcc.h ****     uint32_t result;
 633:Drivers/CMSIS/Include/cmsis_gcc.h **** 
 634:Drivers/CMSIS/Include/cmsis_gcc.h **** #if (__GNUC__ > 4) || (__GNUC__ == 4 && __GNUC_MINOR__ >= 8)
 635:Drivers/CMSIS/Include/cmsis_gcc.h ****    __ASM volatile ("ldrht %0, %1" : "=r" (result) : "Q" (*ptr) );
 636:Drivers/CMSIS/Include/cmsis_gcc.h **** #else
 637:Drivers/CMSIS/Include/cmsis_gcc.h ****     /* Prior to GCC 4.8, "Q" will be expanded to [rx, #0] which is not
 638:Drivers/CMSIS/Include/cmsis_gcc.h ****        accepted by assembler. So has to use following less efficient pattern.
 639:Drivers/CMSIS/Include/cmsis_gcc.h ****     */
 640:Drivers/CMSIS/Include/cmsis_gcc.h ****    __ASM volatile ("ldrht %0, [%1]" : "=r" (result) : "r" (ptr) : "memory" );
 641:Drivers/CMSIS/Include/cmsis_gcc.h **** #endif
 642:Drivers/CMSIS/Include/cmsis_gcc.h ****    return ((uint16_t) result);    /* Add explicit type cast here */
 643:Drivers/CMSIS/Include/cmsis_gcc.h **** }
 644:Drivers/CMSIS/Include/cmsis_gcc.h **** 
ARM GAS  C:\Users\alireza\AppData\Local\Temp\ccyFCZ0W.s 			page 21


 645:Drivers/CMSIS/Include/cmsis_gcc.h **** 
 646:Drivers/CMSIS/Include/cmsis_gcc.h **** /**
 647:Drivers/CMSIS/Include/cmsis_gcc.h ****   \brief   LDRT Unprivileged (32 bit)
 648:Drivers/CMSIS/Include/cmsis_gcc.h ****   \details Executes a Unprivileged LDRT instruction for 32 bit values.
 649:Drivers/CMSIS/Include/cmsis_gcc.h ****   \param [in]    ptr  Pointer to data
 650:Drivers/CMSIS/Include/cmsis_gcc.h ****   \return        value of type uint32_t at (*ptr)
 651:Drivers/CMSIS/Include/cmsis_gcc.h ****  */
 652:Drivers/CMSIS/Include/cmsis_gcc.h **** __STATIC_FORCEINLINE uint32_t __LDRT(volatile uint32_t *ptr)
 653:Drivers/CMSIS/Include/cmsis_gcc.h **** {
 654:Drivers/CMSIS/Include/cmsis_gcc.h ****     uint32_t result;
 655:Drivers/CMSIS/Include/cmsis_gcc.h **** 
 656:Drivers/CMSIS/Include/cmsis_gcc.h ****    __ASM volatile ("ldrt %0, %1" : "=r" (result) : "Q" (*ptr) );
 657:Drivers/CMSIS/Include/cmsis_gcc.h ****    return(result);
 658:Drivers/CMSIS/Include/cmsis_gcc.h **** }
 659:Drivers/CMSIS/Include/cmsis_gcc.h **** 
 660:Drivers/CMSIS/Include/cmsis_gcc.h **** 
 661:Drivers/CMSIS/Include/cmsis_gcc.h **** /**
 662:Drivers/CMSIS/Include/cmsis_gcc.h ****   \brief   STRT Unprivileged (8 bit)
 663:Drivers/CMSIS/Include/cmsis_gcc.h ****   \details Executes a Unprivileged STRT instruction for 8 bit values.
 664:Drivers/CMSIS/Include/cmsis_gcc.h ****   \param [in]  value  Value to store
 665:Drivers/CMSIS/Include/cmsis_gcc.h ****   \param [in]    ptr  Pointer to location
 666:Drivers/CMSIS/Include/cmsis_gcc.h ****  */
 667:Drivers/CMSIS/Include/cmsis_gcc.h **** __STATIC_FORCEINLINE void __STRBT(uint8_t value, volatile uint8_t *ptr)
 668:Drivers/CMSIS/Include/cmsis_gcc.h **** {
 669:Drivers/CMSIS/Include/cmsis_gcc.h ****    __ASM volatile ("strbt %1, %0" : "=Q" (*ptr) : "r" ((uint32_t)value) );
 670:Drivers/CMSIS/Include/cmsis_gcc.h **** }
 671:Drivers/CMSIS/Include/cmsis_gcc.h **** 
 672:Drivers/CMSIS/Include/cmsis_gcc.h **** 
 673:Drivers/CMSIS/Include/cmsis_gcc.h **** /**
 674:Drivers/CMSIS/Include/cmsis_gcc.h ****   \brief   STRT Unprivileged (16 bit)
 675:Drivers/CMSIS/Include/cmsis_gcc.h ****   \details Executes a Unprivileged STRT instruction for 16 bit values.
 676:Drivers/CMSIS/Include/cmsis_gcc.h ****   \param [in]  value  Value to store
 677:Drivers/CMSIS/Include/cmsis_gcc.h ****   \param [in]    ptr  Pointer to location
 678:Drivers/CMSIS/Include/cmsis_gcc.h ****  */
 679:Drivers/CMSIS/Include/cmsis_gcc.h **** __STATIC_FORCEINLINE void __STRHT(uint16_t value, volatile uint16_t *ptr)
 680:Drivers/CMSIS/Include/cmsis_gcc.h **** {
 681:Drivers/CMSIS/Include/cmsis_gcc.h ****    __ASM volatile ("strht %1, %0" : "=Q" (*ptr) : "r" ((uint32_t)value) );
 682:Drivers/CMSIS/Include/cmsis_gcc.h **** }
 683:Drivers/CMSIS/Include/cmsis_gcc.h **** 
 684:Drivers/CMSIS/Include/cmsis_gcc.h **** 
 685:Drivers/CMSIS/Include/cmsis_gcc.h **** /**
 686:Drivers/CMSIS/Include/cmsis_gcc.h ****   \brief   STRT Unprivileged (32 bit)
 687:Drivers/CMSIS/Include/cmsis_gcc.h ****   \details Executes a Unprivileged STRT instruction for 32 bit values.
 688:Drivers/CMSIS/Include/cmsis_gcc.h ****   \param [in]  value  Value to store
 689:Drivers/CMSIS/Include/cmsis_gcc.h ****   \param [in]    ptr  Pointer to location
 690:Drivers/CMSIS/Include/cmsis_gcc.h ****  */
 691:Drivers/CMSIS/Include/cmsis_gcc.h **** __STATIC_FORCEINLINE void __STRT(uint32_t value, volatile uint32_t *ptr)
 692:Drivers/CMSIS/Include/cmsis_gcc.h **** {
 693:Drivers/CMSIS/Include/cmsis_gcc.h ****    __ASM volatile ("strt %1, %0" : "=Q" (*ptr) : "r" (value) );
 694:Drivers/CMSIS/Include/cmsis_gcc.h **** }
 695:Drivers/CMSIS/Include/cmsis_gcc.h **** 
 696:Drivers/CMSIS/Include/cmsis_gcc.h **** #else  /* ((defined (__ARM_ARCH_7M__      ) && (__ARM_ARCH_7M__      == 1)) || \
 697:Drivers/CMSIS/Include/cmsis_gcc.h ****            (defined (__ARM_ARCH_7EM__     ) && (__ARM_ARCH_7EM__     == 1)) || \
 698:Drivers/CMSIS/Include/cmsis_gcc.h ****            (defined (__ARM_ARCH_8M_MAIN__ ) && (__ARM_ARCH_8M_MAIN__ == 1))    ) */
 699:Drivers/CMSIS/Include/cmsis_gcc.h **** 
 700:Drivers/CMSIS/Include/cmsis_gcc.h **** /**
 701:Drivers/CMSIS/Include/cmsis_gcc.h ****   \brief   Signed Saturate
ARM GAS  C:\Users\alireza\AppData\Local\Temp\ccyFCZ0W.s 			page 22


 702:Drivers/CMSIS/Include/cmsis_gcc.h ****   \details Saturates a signed value.
 703:Drivers/CMSIS/Include/cmsis_gcc.h ****   \param [in]  value  Value to be saturated
 704:Drivers/CMSIS/Include/cmsis_gcc.h ****   \param [in]    sat  Bit position to saturate to (1..32)
 705:Drivers/CMSIS/Include/cmsis_gcc.h ****   \return             Saturated value
 706:Drivers/CMSIS/Include/cmsis_gcc.h ****  */
 707:Drivers/CMSIS/Include/cmsis_gcc.h **** __STATIC_FORCEINLINE int32_t __SSAT(int32_t val, uint32_t sat)
 708:Drivers/CMSIS/Include/cmsis_gcc.h **** {
 709:Drivers/CMSIS/Include/cmsis_gcc.h ****   if ((sat >= 1U) && (sat <= 32U))
 710:Drivers/CMSIS/Include/cmsis_gcc.h ****   {
 711:Drivers/CMSIS/Include/cmsis_gcc.h ****     const int32_t max = (int32_t)((1U << (sat - 1U)) - 1U);
 712:Drivers/CMSIS/Include/cmsis_gcc.h ****     const int32_t min = -1 - max ;
 713:Drivers/CMSIS/Include/cmsis_gcc.h ****     if (val > max)
 714:Drivers/CMSIS/Include/cmsis_gcc.h ****     {
 715:Drivers/CMSIS/Include/cmsis_gcc.h ****       return max;
 716:Drivers/CMSIS/Include/cmsis_gcc.h ****     }
 717:Drivers/CMSIS/Include/cmsis_gcc.h ****     else if (val < min)
 718:Drivers/CMSIS/Include/cmsis_gcc.h ****     {
 719:Drivers/CMSIS/Include/cmsis_gcc.h ****       return min;
 720:Drivers/CMSIS/Include/cmsis_gcc.h ****     }
 721:Drivers/CMSIS/Include/cmsis_gcc.h ****   }
 722:Drivers/CMSIS/Include/cmsis_gcc.h ****   return val;
 723:Drivers/CMSIS/Include/cmsis_gcc.h **** }
 724:Drivers/CMSIS/Include/cmsis_gcc.h **** 
 725:Drivers/CMSIS/Include/cmsis_gcc.h **** /**
 726:Drivers/CMSIS/Include/cmsis_gcc.h ****   \brief   Unsigned Saturate
 727:Drivers/CMSIS/Include/cmsis_gcc.h ****   \details Saturates an unsigned value.
 728:Drivers/CMSIS/Include/cmsis_gcc.h ****   \param [in]  value  Value to be saturated
 729:Drivers/CMSIS/Include/cmsis_gcc.h ****   \param [in]    sat  Bit position to saturate to (0..31)
 730:Drivers/CMSIS/Include/cmsis_gcc.h ****   \return             Saturated value
 731:Drivers/CMSIS/Include/cmsis_gcc.h ****  */
 732:Drivers/CMSIS/Include/cmsis_gcc.h **** __STATIC_FORCEINLINE uint32_t __USAT(int32_t val, uint32_t sat)
 733:Drivers/CMSIS/Include/cmsis_gcc.h **** {
 734:Drivers/CMSIS/Include/cmsis_gcc.h ****   if (sat <= 31U)
 735:Drivers/CMSIS/Include/cmsis_gcc.h ****   {
 736:Drivers/CMSIS/Include/cmsis_gcc.h ****     const uint32_t max = ((1U << sat) - 1U);
 737:Drivers/CMSIS/Include/cmsis_gcc.h ****     if (val > (int32_t)max)
 738:Drivers/CMSIS/Include/cmsis_gcc.h ****     {
 739:Drivers/CMSIS/Include/cmsis_gcc.h ****       return max;
 740:Drivers/CMSIS/Include/cmsis_gcc.h ****     }
 741:Drivers/CMSIS/Include/cmsis_gcc.h ****     else if (val < 0)
 742:Drivers/CMSIS/Include/cmsis_gcc.h ****     {
 743:Drivers/CMSIS/Include/cmsis_gcc.h ****       return 0U;
 744:Drivers/CMSIS/Include/cmsis_gcc.h ****     }
 745:Drivers/CMSIS/Include/cmsis_gcc.h ****   }
 746:Drivers/CMSIS/Include/cmsis_gcc.h ****   return (uint32_t)val;
 747:Drivers/CMSIS/Include/cmsis_gcc.h **** }
 748:Drivers/CMSIS/Include/cmsis_gcc.h **** 
 749:Drivers/CMSIS/Include/cmsis_gcc.h **** #endif /* ((defined (__ARM_ARCH_7M__      ) && (__ARM_ARCH_7M__      == 1)) || \
 750:Drivers/CMSIS/Include/cmsis_gcc.h ****            (defined (__ARM_ARCH_7EM__     ) && (__ARM_ARCH_7EM__     == 1)) || \
 751:Drivers/CMSIS/Include/cmsis_gcc.h ****            (defined (__ARM_ARCH_8M_MAIN__ ) && (__ARM_ARCH_8M_MAIN__ == 1))    ) */
 752:Drivers/CMSIS/Include/cmsis_gcc.h **** 
 753:Drivers/CMSIS/Include/cmsis_gcc.h **** 
 754:Drivers/CMSIS/Include/cmsis_gcc.h **** #if ((defined (__ARM_ARCH_8M_MAIN__ ) && (__ARM_ARCH_8M_MAIN__ == 1)) || \
 755:Drivers/CMSIS/Include/cmsis_gcc.h ****      (defined (__ARM_ARCH_8M_BASE__ ) && (__ARM_ARCH_8M_BASE__ == 1))    )
 756:Drivers/CMSIS/Include/cmsis_gcc.h **** /**
 757:Drivers/CMSIS/Include/cmsis_gcc.h ****   \brief   Load-Acquire (8 bit)
 758:Drivers/CMSIS/Include/cmsis_gcc.h ****   \details Executes a LDAB instruction for 8 bit value.
ARM GAS  C:\Users\alireza\AppData\Local\Temp\ccyFCZ0W.s 			page 23


 759:Drivers/CMSIS/Include/cmsis_gcc.h ****   \param [in]    ptr  Pointer to data
 760:Drivers/CMSIS/Include/cmsis_gcc.h ****   \return             value of type uint8_t at (*ptr)
 761:Drivers/CMSIS/Include/cmsis_gcc.h ****  */
 762:Drivers/CMSIS/Include/cmsis_gcc.h **** __STATIC_FORCEINLINE uint8_t __LDAB(volatile uint8_t *ptr)
 763:Drivers/CMSIS/Include/cmsis_gcc.h **** {
 764:Drivers/CMSIS/Include/cmsis_gcc.h ****     uint32_t result;
 765:Drivers/CMSIS/Include/cmsis_gcc.h **** 
 766:Drivers/CMSIS/Include/cmsis_gcc.h ****    __ASM volatile ("ldab %0, %1" : "=r" (result) : "Q" (*ptr) : "memory" );
 767:Drivers/CMSIS/Include/cmsis_gcc.h ****    return ((uint8_t) result);
 768:Drivers/CMSIS/Include/cmsis_gcc.h **** }
 769:Drivers/CMSIS/Include/cmsis_gcc.h **** 
 770:Drivers/CMSIS/Include/cmsis_gcc.h **** 
 771:Drivers/CMSIS/Include/cmsis_gcc.h **** /**
 772:Drivers/CMSIS/Include/cmsis_gcc.h ****   \brief   Load-Acquire (16 bit)
 773:Drivers/CMSIS/Include/cmsis_gcc.h ****   \details Executes a LDAH instruction for 16 bit values.
 774:Drivers/CMSIS/Include/cmsis_gcc.h ****   \param [in]    ptr  Pointer to data
 775:Drivers/CMSIS/Include/cmsis_gcc.h ****   \return        value of type uint16_t at (*ptr)
 776:Drivers/CMSIS/Include/cmsis_gcc.h ****  */
 777:Drivers/CMSIS/Include/cmsis_gcc.h **** __STATIC_FORCEINLINE uint16_t __LDAH(volatile uint16_t *ptr)
 778:Drivers/CMSIS/Include/cmsis_gcc.h **** {
 779:Drivers/CMSIS/Include/cmsis_gcc.h ****     uint32_t result;
 780:Drivers/CMSIS/Include/cmsis_gcc.h **** 
 781:Drivers/CMSIS/Include/cmsis_gcc.h ****    __ASM volatile ("ldah %0, %1" : "=r" (result) : "Q" (*ptr) : "memory" );
 782:Drivers/CMSIS/Include/cmsis_gcc.h ****    return ((uint16_t) result);
 783:Drivers/CMSIS/Include/cmsis_gcc.h **** }
 784:Drivers/CMSIS/Include/cmsis_gcc.h **** 
 785:Drivers/CMSIS/Include/cmsis_gcc.h **** 
 786:Drivers/CMSIS/Include/cmsis_gcc.h **** /**
 787:Drivers/CMSIS/Include/cmsis_gcc.h ****   \brief   Load-Acquire (32 bit)
 788:Drivers/CMSIS/Include/cmsis_gcc.h ****   \details Executes a LDA instruction for 32 bit values.
 789:Drivers/CMSIS/Include/cmsis_gcc.h ****   \param [in]    ptr  Pointer to data
 790:Drivers/CMSIS/Include/cmsis_gcc.h ****   \return        value of type uint32_t at (*ptr)
 791:Drivers/CMSIS/Include/cmsis_gcc.h ****  */
 792:Drivers/CMSIS/Include/cmsis_gcc.h **** __STATIC_FORCEINLINE uint32_t __LDA(volatile uint32_t *ptr)
 793:Drivers/CMSIS/Include/cmsis_gcc.h **** {
 794:Drivers/CMSIS/Include/cmsis_gcc.h ****     uint32_t result;
 795:Drivers/CMSIS/Include/cmsis_gcc.h **** 
 796:Drivers/CMSIS/Include/cmsis_gcc.h ****    __ASM volatile ("lda %0, %1" : "=r" (result) : "Q" (*ptr) : "memory" );
 797:Drivers/CMSIS/Include/cmsis_gcc.h ****    return(result);
 798:Drivers/CMSIS/Include/cmsis_gcc.h **** }
 799:Drivers/CMSIS/Include/cmsis_gcc.h **** 
 800:Drivers/CMSIS/Include/cmsis_gcc.h **** 
 801:Drivers/CMSIS/Include/cmsis_gcc.h **** /**
 802:Drivers/CMSIS/Include/cmsis_gcc.h ****   \brief   Store-Release (8 bit)
 803:Drivers/CMSIS/Include/cmsis_gcc.h ****   \details Executes a STLB instruction for 8 bit values.
 804:Drivers/CMSIS/Include/cmsis_gcc.h ****   \param [in]  value  Value to store
 805:Drivers/CMSIS/Include/cmsis_gcc.h ****   \param [in]    ptr  Pointer to location
 806:Drivers/CMSIS/Include/cmsis_gcc.h ****  */
 807:Drivers/CMSIS/Include/cmsis_gcc.h **** __STATIC_FORCEINLINE void __STLB(uint8_t value, volatile uint8_t *ptr)
 808:Drivers/CMSIS/Include/cmsis_gcc.h **** {
 809:Drivers/CMSIS/Include/cmsis_gcc.h ****    __ASM volatile ("stlb %1, %0" : "=Q" (*ptr) : "r" ((uint32_t)value) : "memory" );
 810:Drivers/CMSIS/Include/cmsis_gcc.h **** }
 811:Drivers/CMSIS/Include/cmsis_gcc.h **** 
 812:Drivers/CMSIS/Include/cmsis_gcc.h **** 
 813:Drivers/CMSIS/Include/cmsis_gcc.h **** /**
 814:Drivers/CMSIS/Include/cmsis_gcc.h ****   \brief   Store-Release (16 bit)
 815:Drivers/CMSIS/Include/cmsis_gcc.h ****   \details Executes a STLH instruction for 16 bit values.
ARM GAS  C:\Users\alireza\AppData\Local\Temp\ccyFCZ0W.s 			page 24


 816:Drivers/CMSIS/Include/cmsis_gcc.h ****   \param [in]  value  Value to store
 817:Drivers/CMSIS/Include/cmsis_gcc.h ****   \param [in]    ptr  Pointer to location
 818:Drivers/CMSIS/Include/cmsis_gcc.h ****  */
 819:Drivers/CMSIS/Include/cmsis_gcc.h **** __STATIC_FORCEINLINE void __STLH(uint16_t value, volatile uint16_t *ptr)
 820:Drivers/CMSIS/Include/cmsis_gcc.h **** {
 821:Drivers/CMSIS/Include/cmsis_gcc.h ****    __ASM volatile ("stlh %1, %0" : "=Q" (*ptr) : "r" ((uint32_t)value) : "memory" );
 822:Drivers/CMSIS/Include/cmsis_gcc.h **** }
 823:Drivers/CMSIS/Include/cmsis_gcc.h **** 
 824:Drivers/CMSIS/Include/cmsis_gcc.h **** 
 825:Drivers/CMSIS/Include/cmsis_gcc.h **** /**
 826:Drivers/CMSIS/Include/cmsis_gcc.h ****   \brief   Store-Release (32 bit)
 827:Drivers/CMSIS/Include/cmsis_gcc.h ****   \details Executes a STL instruction for 32 bit values.
 828:Drivers/CMSIS/Include/cmsis_gcc.h ****   \param [in]  value  Value to store
 829:Drivers/CMSIS/Include/cmsis_gcc.h ****   \param [in]    ptr  Pointer to location
 830:Drivers/CMSIS/Include/cmsis_gcc.h ****  */
 831:Drivers/CMSIS/Include/cmsis_gcc.h **** __STATIC_FORCEINLINE void __STL(uint32_t value, volatile uint32_t *ptr)
 832:Drivers/CMSIS/Include/cmsis_gcc.h **** {
 833:Drivers/CMSIS/Include/cmsis_gcc.h ****    __ASM volatile ("stl %1, %0" : "=Q" (*ptr) : "r" ((uint32_t)value) : "memory" );
 834:Drivers/CMSIS/Include/cmsis_gcc.h **** }
 835:Drivers/CMSIS/Include/cmsis_gcc.h **** 
 836:Drivers/CMSIS/Include/cmsis_gcc.h **** 
 837:Drivers/CMSIS/Include/cmsis_gcc.h **** /**
 838:Drivers/CMSIS/Include/cmsis_gcc.h ****   \brief   Load-Acquire Exclusive (8 bit)
 839:Drivers/CMSIS/Include/cmsis_gcc.h ****   \details Executes a LDAB exclusive instruction for 8 bit value.
 840:Drivers/CMSIS/Include/cmsis_gcc.h ****   \param [in]    ptr  Pointer to data
 841:Drivers/CMSIS/Include/cmsis_gcc.h ****   \return             value of type uint8_t at (*ptr)
 842:Drivers/CMSIS/Include/cmsis_gcc.h ****  */
 843:Drivers/CMSIS/Include/cmsis_gcc.h **** __STATIC_FORCEINLINE uint8_t __LDAEXB(volatile uint8_t *ptr)
 844:Drivers/CMSIS/Include/cmsis_gcc.h **** {
 845:Drivers/CMSIS/Include/cmsis_gcc.h ****     uint32_t result;
 846:Drivers/CMSIS/Include/cmsis_gcc.h **** 
 847:Drivers/CMSIS/Include/cmsis_gcc.h ****    __ASM volatile ("ldaexb %0, %1" : "=r" (result) : "Q" (*ptr) : "memory" );
 848:Drivers/CMSIS/Include/cmsis_gcc.h ****    return ((uint8_t) result);
 849:Drivers/CMSIS/Include/cmsis_gcc.h **** }
 850:Drivers/CMSIS/Include/cmsis_gcc.h **** 
 851:Drivers/CMSIS/Include/cmsis_gcc.h **** 
 852:Drivers/CMSIS/Include/cmsis_gcc.h **** /**
 853:Drivers/CMSIS/Include/cmsis_gcc.h ****   \brief   Load-Acquire Exclusive (16 bit)
 854:Drivers/CMSIS/Include/cmsis_gcc.h ****   \details Executes a LDAH exclusive instruction for 16 bit values.
 855:Drivers/CMSIS/Include/cmsis_gcc.h ****   \param [in]    ptr  Pointer to data
 856:Drivers/CMSIS/Include/cmsis_gcc.h ****   \return        value of type uint16_t at (*ptr)
 857:Drivers/CMSIS/Include/cmsis_gcc.h ****  */
 858:Drivers/CMSIS/Include/cmsis_gcc.h **** __STATIC_FORCEINLINE uint16_t __LDAEXH(volatile uint16_t *ptr)
 859:Drivers/CMSIS/Include/cmsis_gcc.h **** {
 860:Drivers/CMSIS/Include/cmsis_gcc.h ****     uint32_t result;
 861:Drivers/CMSIS/Include/cmsis_gcc.h **** 
 862:Drivers/CMSIS/Include/cmsis_gcc.h ****    __ASM volatile ("ldaexh %0, %1" : "=r" (result) : "Q" (*ptr) : "memory" );
 863:Drivers/CMSIS/Include/cmsis_gcc.h ****    return ((uint16_t) result);
 864:Drivers/CMSIS/Include/cmsis_gcc.h **** }
 865:Drivers/CMSIS/Include/cmsis_gcc.h **** 
 866:Drivers/CMSIS/Include/cmsis_gcc.h **** 
 867:Drivers/CMSIS/Include/cmsis_gcc.h **** /**
 868:Drivers/CMSIS/Include/cmsis_gcc.h ****   \brief   Load-Acquire Exclusive (32 bit)
 869:Drivers/CMSIS/Include/cmsis_gcc.h ****   \details Executes a LDA exclusive instruction for 32 bit values.
 870:Drivers/CMSIS/Include/cmsis_gcc.h ****   \param [in]    ptr  Pointer to data
 871:Drivers/CMSIS/Include/cmsis_gcc.h ****   \return        value of type uint32_t at (*ptr)
 872:Drivers/CMSIS/Include/cmsis_gcc.h ****  */
ARM GAS  C:\Users\alireza\AppData\Local\Temp\ccyFCZ0W.s 			page 25


 873:Drivers/CMSIS/Include/cmsis_gcc.h **** __STATIC_FORCEINLINE uint32_t __LDAEX(volatile uint32_t *ptr)
 874:Drivers/CMSIS/Include/cmsis_gcc.h **** {
 875:Drivers/CMSIS/Include/cmsis_gcc.h ****     uint32_t result;
 876:Drivers/CMSIS/Include/cmsis_gcc.h **** 
 877:Drivers/CMSIS/Include/cmsis_gcc.h ****    __ASM volatile ("ldaex %0, %1" : "=r" (result) : "Q" (*ptr) : "memory" );
 878:Drivers/CMSIS/Include/cmsis_gcc.h ****    return(result);
 879:Drivers/CMSIS/Include/cmsis_gcc.h **** }
 880:Drivers/CMSIS/Include/cmsis_gcc.h **** 
 881:Drivers/CMSIS/Include/cmsis_gcc.h **** 
 882:Drivers/CMSIS/Include/cmsis_gcc.h **** /**
 883:Drivers/CMSIS/Include/cmsis_gcc.h ****   \brief   Store-Release Exclusive (8 bit)
 884:Drivers/CMSIS/Include/cmsis_gcc.h ****   \details Executes a STLB exclusive instruction for 8 bit values.
 885:Drivers/CMSIS/Include/cmsis_gcc.h ****   \param [in]  value  Value to store
 886:Drivers/CMSIS/Include/cmsis_gcc.h ****   \param [in]    ptr  Pointer to location
 887:Drivers/CMSIS/Include/cmsis_gcc.h ****   \return          0  Function succeeded
 888:Drivers/CMSIS/Include/cmsis_gcc.h ****   \return          1  Function failed
 889:Drivers/CMSIS/Include/cmsis_gcc.h ****  */
 890:Drivers/CMSIS/Include/cmsis_gcc.h **** __STATIC_FORCEINLINE uint32_t __STLEXB(uint8_t value, volatile uint8_t *ptr)
 891:Drivers/CMSIS/Include/cmsis_gcc.h **** {
 892:Drivers/CMSIS/Include/cmsis_gcc.h ****    uint32_t result;
 893:Drivers/CMSIS/Include/cmsis_gcc.h **** 
 894:Drivers/CMSIS/Include/cmsis_gcc.h ****    __ASM volatile ("stlexb %0, %2, %1" : "=&r" (result), "=Q" (*ptr) : "r" ((uint32_t)value) : "mem
 895:Drivers/CMSIS/Include/cmsis_gcc.h ****    return(result);
 896:Drivers/CMSIS/Include/cmsis_gcc.h **** }
 897:Drivers/CMSIS/Include/cmsis_gcc.h **** 
 898:Drivers/CMSIS/Include/cmsis_gcc.h **** 
 899:Drivers/CMSIS/Include/cmsis_gcc.h **** /**
 900:Drivers/CMSIS/Include/cmsis_gcc.h ****   \brief   Store-Release Exclusive (16 bit)
 901:Drivers/CMSIS/Include/cmsis_gcc.h ****   \details Executes a STLH exclusive instruction for 16 bit values.
 902:Drivers/CMSIS/Include/cmsis_gcc.h ****   \param [in]  value  Value to store
 903:Drivers/CMSIS/Include/cmsis_gcc.h ****   \param [in]    ptr  Pointer to location
 904:Drivers/CMSIS/Include/cmsis_gcc.h ****   \return          0  Function succeeded
 905:Drivers/CMSIS/Include/cmsis_gcc.h ****   \return          1  Function failed
 906:Drivers/CMSIS/Include/cmsis_gcc.h ****  */
 907:Drivers/CMSIS/Include/cmsis_gcc.h **** __STATIC_FORCEINLINE uint32_t __STLEXH(uint16_t value, volatile uint16_t *ptr)
 908:Drivers/CMSIS/Include/cmsis_gcc.h **** {
 909:Drivers/CMSIS/Include/cmsis_gcc.h ****    uint32_t result;
 910:Drivers/CMSIS/Include/cmsis_gcc.h **** 
 911:Drivers/CMSIS/Include/cmsis_gcc.h ****    __ASM volatile ("stlexh %0, %2, %1" : "=&r" (result), "=Q" (*ptr) : "r" ((uint32_t)value) : "mem
 912:Drivers/CMSIS/Include/cmsis_gcc.h ****    return(result);
 913:Drivers/CMSIS/Include/cmsis_gcc.h **** }
 914:Drivers/CMSIS/Include/cmsis_gcc.h **** 
 915:Drivers/CMSIS/Include/cmsis_gcc.h **** 
 916:Drivers/CMSIS/Include/cmsis_gcc.h **** /**
 917:Drivers/CMSIS/Include/cmsis_gcc.h ****   \brief   Store-Release Exclusive (32 bit)
 918:Drivers/CMSIS/Include/cmsis_gcc.h ****   \details Executes a STL exclusive instruction for 32 bit values.
 919:Drivers/CMSIS/Include/cmsis_gcc.h ****   \param [in]  value  Value to store
 920:Drivers/CMSIS/Include/cmsis_gcc.h ****   \param [in]    ptr  Pointer to location
 921:Drivers/CMSIS/Include/cmsis_gcc.h ****   \return          0  Function succeeded
 922:Drivers/CMSIS/Include/cmsis_gcc.h ****   \return          1  Function failed
 923:Drivers/CMSIS/Include/cmsis_gcc.h ****  */
 924:Drivers/CMSIS/Include/cmsis_gcc.h **** __STATIC_FORCEINLINE uint32_t __STLEX(uint32_t value, volatile uint32_t *ptr)
 925:Drivers/CMSIS/Include/cmsis_gcc.h **** {
 926:Drivers/CMSIS/Include/cmsis_gcc.h ****    uint32_t result;
 927:Drivers/CMSIS/Include/cmsis_gcc.h **** 
 928:Drivers/CMSIS/Include/cmsis_gcc.h ****    __ASM volatile ("stlex %0, %2, %1" : "=&r" (result), "=Q" (*ptr) : "r" ((uint32_t)value) : "memo
 929:Drivers/CMSIS/Include/cmsis_gcc.h ****    return(result);
ARM GAS  C:\Users\alireza\AppData\Local\Temp\ccyFCZ0W.s 			page 26


 930:Drivers/CMSIS/Include/cmsis_gcc.h **** }
 931:Drivers/CMSIS/Include/cmsis_gcc.h **** 
 932:Drivers/CMSIS/Include/cmsis_gcc.h **** #endif /* ((defined (__ARM_ARCH_8M_MAIN__ ) && (__ARM_ARCH_8M_MAIN__ == 1)) || \
 933:Drivers/CMSIS/Include/cmsis_gcc.h ****            (defined (__ARM_ARCH_8M_BASE__ ) && (__ARM_ARCH_8M_BASE__ == 1))    ) */
 934:Drivers/CMSIS/Include/cmsis_gcc.h **** 
 935:Drivers/CMSIS/Include/cmsis_gcc.h **** /*@}*/ /* end of group CMSIS_Core_InstructionInterface */
 936:Drivers/CMSIS/Include/cmsis_gcc.h **** 
 937:Drivers/CMSIS/Include/cmsis_gcc.h **** 
 938:Drivers/CMSIS/Include/cmsis_gcc.h **** /* ###########################  Core Function Access  ########################### */
 939:Drivers/CMSIS/Include/cmsis_gcc.h **** /** \ingroup  CMSIS_Core_FunctionInterface
 940:Drivers/CMSIS/Include/cmsis_gcc.h ****     \defgroup CMSIS_Core_RegAccFunctions CMSIS Core Register Access Functions
 941:Drivers/CMSIS/Include/cmsis_gcc.h ****   @{
 942:Drivers/CMSIS/Include/cmsis_gcc.h ****  */
 943:Drivers/CMSIS/Include/cmsis_gcc.h **** 
 944:Drivers/CMSIS/Include/cmsis_gcc.h **** /**
 945:Drivers/CMSIS/Include/cmsis_gcc.h ****   \brief   Enable IRQ Interrupts
 946:Drivers/CMSIS/Include/cmsis_gcc.h ****   \details Enables IRQ interrupts by clearing special-purpose register PRIMASK.
 947:Drivers/CMSIS/Include/cmsis_gcc.h ****            Can only be executed in Privileged modes.
 948:Drivers/CMSIS/Include/cmsis_gcc.h ****  */
 949:Drivers/CMSIS/Include/cmsis_gcc.h **** __STATIC_FORCEINLINE void __enable_irq(void)
 950:Drivers/CMSIS/Include/cmsis_gcc.h **** {
 951:Drivers/CMSIS/Include/cmsis_gcc.h ****   __ASM volatile ("cpsie i" : : : "memory");
 952:Drivers/CMSIS/Include/cmsis_gcc.h **** }
 953:Drivers/CMSIS/Include/cmsis_gcc.h **** 
 954:Drivers/CMSIS/Include/cmsis_gcc.h **** 
 955:Drivers/CMSIS/Include/cmsis_gcc.h **** /**
 956:Drivers/CMSIS/Include/cmsis_gcc.h ****   \brief   Disable IRQ Interrupts
 957:Drivers/CMSIS/Include/cmsis_gcc.h ****   \details Disables IRQ interrupts by setting special-purpose register PRIMASK.
 958:Drivers/CMSIS/Include/cmsis_gcc.h ****            Can only be executed in Privileged modes.
 959:Drivers/CMSIS/Include/cmsis_gcc.h ****  */
 960:Drivers/CMSIS/Include/cmsis_gcc.h **** __STATIC_FORCEINLINE void __disable_irq(void)
 961:Drivers/CMSIS/Include/cmsis_gcc.h **** {
 962:Drivers/CMSIS/Include/cmsis_gcc.h ****   __ASM volatile ("cpsid i" : : : "memory");
 963:Drivers/CMSIS/Include/cmsis_gcc.h **** }
 964:Drivers/CMSIS/Include/cmsis_gcc.h **** 
 965:Drivers/CMSIS/Include/cmsis_gcc.h **** 
 966:Drivers/CMSIS/Include/cmsis_gcc.h **** /**
 967:Drivers/CMSIS/Include/cmsis_gcc.h ****   \brief   Get Control Register
 968:Drivers/CMSIS/Include/cmsis_gcc.h ****   \details Returns the content of the Control Register.
 969:Drivers/CMSIS/Include/cmsis_gcc.h ****   \return               Control Register value
 970:Drivers/CMSIS/Include/cmsis_gcc.h ****  */
 971:Drivers/CMSIS/Include/cmsis_gcc.h **** __STATIC_FORCEINLINE uint32_t __get_CONTROL(void)
 972:Drivers/CMSIS/Include/cmsis_gcc.h **** {
 973:Drivers/CMSIS/Include/cmsis_gcc.h ****   uint32_t result;
 974:Drivers/CMSIS/Include/cmsis_gcc.h **** 
 975:Drivers/CMSIS/Include/cmsis_gcc.h ****   __ASM volatile ("MRS %0, control" : "=r" (result) );
 976:Drivers/CMSIS/Include/cmsis_gcc.h ****   return(result);
 977:Drivers/CMSIS/Include/cmsis_gcc.h **** }
 978:Drivers/CMSIS/Include/cmsis_gcc.h **** 
 979:Drivers/CMSIS/Include/cmsis_gcc.h **** 
 980:Drivers/CMSIS/Include/cmsis_gcc.h **** #if (defined (__ARM_FEATURE_CMSE ) && (__ARM_FEATURE_CMSE == 3))
 981:Drivers/CMSIS/Include/cmsis_gcc.h **** /**
 982:Drivers/CMSIS/Include/cmsis_gcc.h ****   \brief   Get Control Register (non-secure)
 983:Drivers/CMSIS/Include/cmsis_gcc.h ****   \details Returns the content of the non-secure Control Register when in secure mode.
 984:Drivers/CMSIS/Include/cmsis_gcc.h ****   \return               non-secure Control Register value
 985:Drivers/CMSIS/Include/cmsis_gcc.h ****  */
 986:Drivers/CMSIS/Include/cmsis_gcc.h **** __STATIC_FORCEINLINE uint32_t __TZ_get_CONTROL_NS(void)
ARM GAS  C:\Users\alireza\AppData\Local\Temp\ccyFCZ0W.s 			page 27


 987:Drivers/CMSIS/Include/cmsis_gcc.h **** {
 988:Drivers/CMSIS/Include/cmsis_gcc.h ****   uint32_t result;
 989:Drivers/CMSIS/Include/cmsis_gcc.h **** 
 990:Drivers/CMSIS/Include/cmsis_gcc.h ****   __ASM volatile ("MRS %0, control_ns" : "=r" (result) );
 991:Drivers/CMSIS/Include/cmsis_gcc.h ****   return(result);
 992:Drivers/CMSIS/Include/cmsis_gcc.h **** }
 993:Drivers/CMSIS/Include/cmsis_gcc.h **** #endif
 994:Drivers/CMSIS/Include/cmsis_gcc.h **** 
 995:Drivers/CMSIS/Include/cmsis_gcc.h **** 
 996:Drivers/CMSIS/Include/cmsis_gcc.h **** /**
 997:Drivers/CMSIS/Include/cmsis_gcc.h ****   \brief   Set Control Register
 998:Drivers/CMSIS/Include/cmsis_gcc.h ****   \details Writes the given value to the Control Register.
 999:Drivers/CMSIS/Include/cmsis_gcc.h ****   \param [in]    control  Control Register value to set
1000:Drivers/CMSIS/Include/cmsis_gcc.h ****  */
1001:Drivers/CMSIS/Include/cmsis_gcc.h **** __STATIC_FORCEINLINE void __set_CONTROL(uint32_t control)
1002:Drivers/CMSIS/Include/cmsis_gcc.h **** {
1003:Drivers/CMSIS/Include/cmsis_gcc.h ****   __ASM volatile ("MSR control, %0" : : "r" (control) : "memory");
1004:Drivers/CMSIS/Include/cmsis_gcc.h ****   __ISB();
1005:Drivers/CMSIS/Include/cmsis_gcc.h **** }
1006:Drivers/CMSIS/Include/cmsis_gcc.h **** 
1007:Drivers/CMSIS/Include/cmsis_gcc.h **** 
1008:Drivers/CMSIS/Include/cmsis_gcc.h **** #if (defined (__ARM_FEATURE_CMSE ) && (__ARM_FEATURE_CMSE == 3))
1009:Drivers/CMSIS/Include/cmsis_gcc.h **** /**
1010:Drivers/CMSIS/Include/cmsis_gcc.h ****   \brief   Set Control Register (non-secure)
1011:Drivers/CMSIS/Include/cmsis_gcc.h ****   \details Writes the given value to the non-secure Control Register when in secure state.
1012:Drivers/CMSIS/Include/cmsis_gcc.h ****   \param [in]    control  Control Register value to set
1013:Drivers/CMSIS/Include/cmsis_gcc.h ****  */
1014:Drivers/CMSIS/Include/cmsis_gcc.h **** __STATIC_FORCEINLINE void __TZ_set_CONTROL_NS(uint32_t control)
1015:Drivers/CMSIS/Include/cmsis_gcc.h **** {
1016:Drivers/CMSIS/Include/cmsis_gcc.h ****   __ASM volatile ("MSR control_ns, %0" : : "r" (control) : "memory");
1017:Drivers/CMSIS/Include/cmsis_gcc.h ****   __ISB();
1018:Drivers/CMSIS/Include/cmsis_gcc.h **** }
1019:Drivers/CMSIS/Include/cmsis_gcc.h **** #endif
1020:Drivers/CMSIS/Include/cmsis_gcc.h **** 
1021:Drivers/CMSIS/Include/cmsis_gcc.h **** 
1022:Drivers/CMSIS/Include/cmsis_gcc.h **** /**
1023:Drivers/CMSIS/Include/cmsis_gcc.h ****   \brief   Get IPSR Register
1024:Drivers/CMSIS/Include/cmsis_gcc.h ****   \details Returns the content of the IPSR Register.
1025:Drivers/CMSIS/Include/cmsis_gcc.h ****   \return               IPSR Register value
1026:Drivers/CMSIS/Include/cmsis_gcc.h ****  */
1027:Drivers/CMSIS/Include/cmsis_gcc.h **** __STATIC_FORCEINLINE uint32_t __get_IPSR(void)
1028:Drivers/CMSIS/Include/cmsis_gcc.h **** {
1029:Drivers/CMSIS/Include/cmsis_gcc.h ****   uint32_t result;
1030:Drivers/CMSIS/Include/cmsis_gcc.h **** 
1031:Drivers/CMSIS/Include/cmsis_gcc.h ****   __ASM volatile ("MRS %0, ipsr" : "=r" (result) );
1032:Drivers/CMSIS/Include/cmsis_gcc.h ****   return(result);
1033:Drivers/CMSIS/Include/cmsis_gcc.h **** }
1034:Drivers/CMSIS/Include/cmsis_gcc.h **** 
1035:Drivers/CMSIS/Include/cmsis_gcc.h **** 
1036:Drivers/CMSIS/Include/cmsis_gcc.h **** /**
1037:Drivers/CMSIS/Include/cmsis_gcc.h ****   \brief   Get APSR Register
1038:Drivers/CMSIS/Include/cmsis_gcc.h ****   \details Returns the content of the APSR Register.
1039:Drivers/CMSIS/Include/cmsis_gcc.h ****   \return               APSR Register value
1040:Drivers/CMSIS/Include/cmsis_gcc.h ****  */
1041:Drivers/CMSIS/Include/cmsis_gcc.h **** __STATIC_FORCEINLINE uint32_t __get_APSR(void)
1042:Drivers/CMSIS/Include/cmsis_gcc.h **** {
1043:Drivers/CMSIS/Include/cmsis_gcc.h ****   uint32_t result;
ARM GAS  C:\Users\alireza\AppData\Local\Temp\ccyFCZ0W.s 			page 28


1044:Drivers/CMSIS/Include/cmsis_gcc.h **** 
1045:Drivers/CMSIS/Include/cmsis_gcc.h ****   __ASM volatile ("MRS %0, apsr" : "=r" (result) );
1046:Drivers/CMSIS/Include/cmsis_gcc.h ****   return(result);
1047:Drivers/CMSIS/Include/cmsis_gcc.h **** }
1048:Drivers/CMSIS/Include/cmsis_gcc.h **** 
1049:Drivers/CMSIS/Include/cmsis_gcc.h **** 
1050:Drivers/CMSIS/Include/cmsis_gcc.h **** /**
1051:Drivers/CMSIS/Include/cmsis_gcc.h ****   \brief   Get xPSR Register
1052:Drivers/CMSIS/Include/cmsis_gcc.h ****   \details Returns the content of the xPSR Register.
1053:Drivers/CMSIS/Include/cmsis_gcc.h ****   \return               xPSR Register value
1054:Drivers/CMSIS/Include/cmsis_gcc.h ****  */
1055:Drivers/CMSIS/Include/cmsis_gcc.h **** __STATIC_FORCEINLINE uint32_t __get_xPSR(void)
1056:Drivers/CMSIS/Include/cmsis_gcc.h **** {
1057:Drivers/CMSIS/Include/cmsis_gcc.h ****   uint32_t result;
1058:Drivers/CMSIS/Include/cmsis_gcc.h **** 
1059:Drivers/CMSIS/Include/cmsis_gcc.h ****   __ASM volatile ("MRS %0, xpsr" : "=r" (result) );
1060:Drivers/CMSIS/Include/cmsis_gcc.h ****   return(result);
1061:Drivers/CMSIS/Include/cmsis_gcc.h **** }
1062:Drivers/CMSIS/Include/cmsis_gcc.h **** 
1063:Drivers/CMSIS/Include/cmsis_gcc.h **** 
1064:Drivers/CMSIS/Include/cmsis_gcc.h **** /**
1065:Drivers/CMSIS/Include/cmsis_gcc.h ****   \brief   Get Process Stack Pointer
1066:Drivers/CMSIS/Include/cmsis_gcc.h ****   \details Returns the current value of the Process Stack Pointer (PSP).
1067:Drivers/CMSIS/Include/cmsis_gcc.h ****   \return               PSP Register value
1068:Drivers/CMSIS/Include/cmsis_gcc.h ****  */
1069:Drivers/CMSIS/Include/cmsis_gcc.h **** __STATIC_FORCEINLINE uint32_t __get_PSP(void)
1070:Drivers/CMSIS/Include/cmsis_gcc.h **** {
1071:Drivers/CMSIS/Include/cmsis_gcc.h ****   uint32_t result;
1072:Drivers/CMSIS/Include/cmsis_gcc.h **** 
1073:Drivers/CMSIS/Include/cmsis_gcc.h ****   __ASM volatile ("MRS %0, psp"  : "=r" (result) );
1074:Drivers/CMSIS/Include/cmsis_gcc.h ****   return(result);
1075:Drivers/CMSIS/Include/cmsis_gcc.h **** }
1076:Drivers/CMSIS/Include/cmsis_gcc.h **** 
1077:Drivers/CMSIS/Include/cmsis_gcc.h **** 
1078:Drivers/CMSIS/Include/cmsis_gcc.h **** #if (defined (__ARM_FEATURE_CMSE ) && (__ARM_FEATURE_CMSE == 3))
1079:Drivers/CMSIS/Include/cmsis_gcc.h **** /**
1080:Drivers/CMSIS/Include/cmsis_gcc.h ****   \brief   Get Process Stack Pointer (non-secure)
1081:Drivers/CMSIS/Include/cmsis_gcc.h ****   \details Returns the current value of the non-secure Process Stack Pointer (PSP) when in secure s
1082:Drivers/CMSIS/Include/cmsis_gcc.h ****   \return               PSP Register value
1083:Drivers/CMSIS/Include/cmsis_gcc.h ****  */
1084:Drivers/CMSIS/Include/cmsis_gcc.h **** __STATIC_FORCEINLINE uint32_t __TZ_get_PSP_NS(void)
1085:Drivers/CMSIS/Include/cmsis_gcc.h **** {
1086:Drivers/CMSIS/Include/cmsis_gcc.h ****   uint32_t result;
1087:Drivers/CMSIS/Include/cmsis_gcc.h **** 
1088:Drivers/CMSIS/Include/cmsis_gcc.h ****   __ASM volatile ("MRS %0, psp_ns"  : "=r" (result) );
1089:Drivers/CMSIS/Include/cmsis_gcc.h ****   return(result);
1090:Drivers/CMSIS/Include/cmsis_gcc.h **** }
1091:Drivers/CMSIS/Include/cmsis_gcc.h **** #endif
1092:Drivers/CMSIS/Include/cmsis_gcc.h **** 
1093:Drivers/CMSIS/Include/cmsis_gcc.h **** 
1094:Drivers/CMSIS/Include/cmsis_gcc.h **** /**
1095:Drivers/CMSIS/Include/cmsis_gcc.h ****   \brief   Set Process Stack Pointer
1096:Drivers/CMSIS/Include/cmsis_gcc.h ****   \details Assigns the given value to the Process Stack Pointer (PSP).
1097:Drivers/CMSIS/Include/cmsis_gcc.h ****   \param [in]    topOfProcStack  Process Stack Pointer value to set
1098:Drivers/CMSIS/Include/cmsis_gcc.h ****  */
1099:Drivers/CMSIS/Include/cmsis_gcc.h **** __STATIC_FORCEINLINE void __set_PSP(uint32_t topOfProcStack)
1100:Drivers/CMSIS/Include/cmsis_gcc.h **** {
ARM GAS  C:\Users\alireza\AppData\Local\Temp\ccyFCZ0W.s 			page 29


1101:Drivers/CMSIS/Include/cmsis_gcc.h ****   __ASM volatile ("MSR psp, %0" : : "r" (topOfProcStack) : );
1102:Drivers/CMSIS/Include/cmsis_gcc.h **** }
1103:Drivers/CMSIS/Include/cmsis_gcc.h **** 
1104:Drivers/CMSIS/Include/cmsis_gcc.h **** 
1105:Drivers/CMSIS/Include/cmsis_gcc.h **** #if (defined (__ARM_FEATURE_CMSE ) && (__ARM_FEATURE_CMSE == 3))
1106:Drivers/CMSIS/Include/cmsis_gcc.h **** /**
1107:Drivers/CMSIS/Include/cmsis_gcc.h ****   \brief   Set Process Stack Pointer (non-secure)
1108:Drivers/CMSIS/Include/cmsis_gcc.h ****   \details Assigns the given value to the non-secure Process Stack Pointer (PSP) when in secure sta
1109:Drivers/CMSIS/Include/cmsis_gcc.h ****   \param [in]    topOfProcStack  Process Stack Pointer value to set
1110:Drivers/CMSIS/Include/cmsis_gcc.h ****  */
1111:Drivers/CMSIS/Include/cmsis_gcc.h **** __STATIC_FORCEINLINE void __TZ_set_PSP_NS(uint32_t topOfProcStack)
1112:Drivers/CMSIS/Include/cmsis_gcc.h **** {
1113:Drivers/CMSIS/Include/cmsis_gcc.h ****   __ASM volatile ("MSR psp_ns, %0" : : "r" (topOfProcStack) : );
1114:Drivers/CMSIS/Include/cmsis_gcc.h **** }
1115:Drivers/CMSIS/Include/cmsis_gcc.h **** #endif
1116:Drivers/CMSIS/Include/cmsis_gcc.h **** 
1117:Drivers/CMSIS/Include/cmsis_gcc.h **** 
1118:Drivers/CMSIS/Include/cmsis_gcc.h **** /**
1119:Drivers/CMSIS/Include/cmsis_gcc.h ****   \brief   Get Main Stack Pointer
1120:Drivers/CMSIS/Include/cmsis_gcc.h ****   \details Returns the current value of the Main Stack Pointer (MSP).
1121:Drivers/CMSIS/Include/cmsis_gcc.h ****   \return               MSP Register value
1122:Drivers/CMSIS/Include/cmsis_gcc.h ****  */
1123:Drivers/CMSIS/Include/cmsis_gcc.h **** __STATIC_FORCEINLINE uint32_t __get_MSP(void)
1124:Drivers/CMSIS/Include/cmsis_gcc.h **** {
1125:Drivers/CMSIS/Include/cmsis_gcc.h ****   uint32_t result;
1126:Drivers/CMSIS/Include/cmsis_gcc.h **** 
1127:Drivers/CMSIS/Include/cmsis_gcc.h ****   __ASM volatile ("MRS %0, msp" : "=r" (result) );
1128:Drivers/CMSIS/Include/cmsis_gcc.h ****   return(result);
1129:Drivers/CMSIS/Include/cmsis_gcc.h **** }
1130:Drivers/CMSIS/Include/cmsis_gcc.h **** 
1131:Drivers/CMSIS/Include/cmsis_gcc.h **** 
1132:Drivers/CMSIS/Include/cmsis_gcc.h **** #if (defined (__ARM_FEATURE_CMSE ) && (__ARM_FEATURE_CMSE == 3))
1133:Drivers/CMSIS/Include/cmsis_gcc.h **** /**
1134:Drivers/CMSIS/Include/cmsis_gcc.h ****   \brief   Get Main Stack Pointer (non-secure)
1135:Drivers/CMSIS/Include/cmsis_gcc.h ****   \details Returns the current value of the non-secure Main Stack Pointer (MSP) when in secure stat
1136:Drivers/CMSIS/Include/cmsis_gcc.h ****   \return               MSP Register value
1137:Drivers/CMSIS/Include/cmsis_gcc.h ****  */
1138:Drivers/CMSIS/Include/cmsis_gcc.h **** __STATIC_FORCEINLINE uint32_t __TZ_get_MSP_NS(void)
1139:Drivers/CMSIS/Include/cmsis_gcc.h **** {
1140:Drivers/CMSIS/Include/cmsis_gcc.h ****   uint32_t result;
1141:Drivers/CMSIS/Include/cmsis_gcc.h **** 
1142:Drivers/CMSIS/Include/cmsis_gcc.h ****   __ASM volatile ("MRS %0, msp_ns" : "=r" (result) );
1143:Drivers/CMSIS/Include/cmsis_gcc.h ****   return(result);
1144:Drivers/CMSIS/Include/cmsis_gcc.h **** }
1145:Drivers/CMSIS/Include/cmsis_gcc.h **** #endif
1146:Drivers/CMSIS/Include/cmsis_gcc.h **** 
1147:Drivers/CMSIS/Include/cmsis_gcc.h **** 
1148:Drivers/CMSIS/Include/cmsis_gcc.h **** /**
1149:Drivers/CMSIS/Include/cmsis_gcc.h ****   \brief   Set Main Stack Pointer
1150:Drivers/CMSIS/Include/cmsis_gcc.h ****   \details Assigns the given value to the Main Stack Pointer (MSP).
1151:Drivers/CMSIS/Include/cmsis_gcc.h ****   \param [in]    topOfMainStack  Main Stack Pointer value to set
1152:Drivers/CMSIS/Include/cmsis_gcc.h ****  */
1153:Drivers/CMSIS/Include/cmsis_gcc.h **** __STATIC_FORCEINLINE void __set_MSP(uint32_t topOfMainStack)
1154:Drivers/CMSIS/Include/cmsis_gcc.h **** {
1155:Drivers/CMSIS/Include/cmsis_gcc.h ****   __ASM volatile ("MSR msp, %0" : : "r" (topOfMainStack) : );
1156:Drivers/CMSIS/Include/cmsis_gcc.h **** }
1157:Drivers/CMSIS/Include/cmsis_gcc.h **** 
ARM GAS  C:\Users\alireza\AppData\Local\Temp\ccyFCZ0W.s 			page 30


1158:Drivers/CMSIS/Include/cmsis_gcc.h **** 
1159:Drivers/CMSIS/Include/cmsis_gcc.h **** #if (defined (__ARM_FEATURE_CMSE ) && (__ARM_FEATURE_CMSE == 3))
1160:Drivers/CMSIS/Include/cmsis_gcc.h **** /**
1161:Drivers/CMSIS/Include/cmsis_gcc.h ****   \brief   Set Main Stack Pointer (non-secure)
1162:Drivers/CMSIS/Include/cmsis_gcc.h ****   \details Assigns the given value to the non-secure Main Stack Pointer (MSP) when in secure state.
1163:Drivers/CMSIS/Include/cmsis_gcc.h ****   \param [in]    topOfMainStack  Main Stack Pointer value to set
1164:Drivers/CMSIS/Include/cmsis_gcc.h ****  */
1165:Drivers/CMSIS/Include/cmsis_gcc.h **** __STATIC_FORCEINLINE void __TZ_set_MSP_NS(uint32_t topOfMainStack)
1166:Drivers/CMSIS/Include/cmsis_gcc.h **** {
1167:Drivers/CMSIS/Include/cmsis_gcc.h ****   __ASM volatile ("MSR msp_ns, %0" : : "r" (topOfMainStack) : );
1168:Drivers/CMSIS/Include/cmsis_gcc.h **** }
1169:Drivers/CMSIS/Include/cmsis_gcc.h **** #endif
1170:Drivers/CMSIS/Include/cmsis_gcc.h **** 
1171:Drivers/CMSIS/Include/cmsis_gcc.h **** 
1172:Drivers/CMSIS/Include/cmsis_gcc.h **** #if (defined (__ARM_FEATURE_CMSE ) && (__ARM_FEATURE_CMSE == 3))
1173:Drivers/CMSIS/Include/cmsis_gcc.h **** /**
1174:Drivers/CMSIS/Include/cmsis_gcc.h ****   \brief   Get Stack Pointer (non-secure)
1175:Drivers/CMSIS/Include/cmsis_gcc.h ****   \details Returns the current value of the non-secure Stack Pointer (SP) when in secure state.
1176:Drivers/CMSIS/Include/cmsis_gcc.h ****   \return               SP Register value
1177:Drivers/CMSIS/Include/cmsis_gcc.h ****  */
1178:Drivers/CMSIS/Include/cmsis_gcc.h **** __STATIC_FORCEINLINE uint32_t __TZ_get_SP_NS(void)
1179:Drivers/CMSIS/Include/cmsis_gcc.h **** {
1180:Drivers/CMSIS/Include/cmsis_gcc.h ****   uint32_t result;
1181:Drivers/CMSIS/Include/cmsis_gcc.h **** 
1182:Drivers/CMSIS/Include/cmsis_gcc.h ****   __ASM volatile ("MRS %0, sp_ns" : "=r" (result) );
1183:Drivers/CMSIS/Include/cmsis_gcc.h ****   return(result);
1184:Drivers/CMSIS/Include/cmsis_gcc.h **** }
1185:Drivers/CMSIS/Include/cmsis_gcc.h **** 
1186:Drivers/CMSIS/Include/cmsis_gcc.h **** 
1187:Drivers/CMSIS/Include/cmsis_gcc.h **** /**
1188:Drivers/CMSIS/Include/cmsis_gcc.h ****   \brief   Set Stack Pointer (non-secure)
1189:Drivers/CMSIS/Include/cmsis_gcc.h ****   \details Assigns the given value to the non-secure Stack Pointer (SP) when in secure state.
1190:Drivers/CMSIS/Include/cmsis_gcc.h ****   \param [in]    topOfStack  Stack Pointer value to set
1191:Drivers/CMSIS/Include/cmsis_gcc.h ****  */
1192:Drivers/CMSIS/Include/cmsis_gcc.h **** __STATIC_FORCEINLINE void __TZ_set_SP_NS(uint32_t topOfStack)
1193:Drivers/CMSIS/Include/cmsis_gcc.h **** {
1194:Drivers/CMSIS/Include/cmsis_gcc.h ****   __ASM volatile ("MSR sp_ns, %0" : : "r" (topOfStack) : );
1195:Drivers/CMSIS/Include/cmsis_gcc.h **** }
1196:Drivers/CMSIS/Include/cmsis_gcc.h **** #endif
1197:Drivers/CMSIS/Include/cmsis_gcc.h **** 
1198:Drivers/CMSIS/Include/cmsis_gcc.h **** 
1199:Drivers/CMSIS/Include/cmsis_gcc.h **** /**
1200:Drivers/CMSIS/Include/cmsis_gcc.h ****   \brief   Get Priority Mask
1201:Drivers/CMSIS/Include/cmsis_gcc.h ****   \details Returns the current state of the priority mask bit from the Priority Mask Register.
1202:Drivers/CMSIS/Include/cmsis_gcc.h ****   \return               Priority Mask value
1203:Drivers/CMSIS/Include/cmsis_gcc.h ****  */
1204:Drivers/CMSIS/Include/cmsis_gcc.h **** __STATIC_FORCEINLINE uint32_t __get_PRIMASK(void)
 333              		.loc 2 1204 31 view .LVU99
 334              	.LBB108:
1205:Drivers/CMSIS/Include/cmsis_gcc.h **** {
1206:Drivers/CMSIS/Include/cmsis_gcc.h ****   uint32_t result;
 335              		.loc 2 1206 3 view .LVU100
1207:Drivers/CMSIS/Include/cmsis_gcc.h **** 
1208:Drivers/CMSIS/Include/cmsis_gcc.h ****   __ASM volatile ("MRS %0, primask" : "=r" (result) );
 336              		.loc 2 1208 3 view .LVU101
 337              		.syntax unified
 338              	@ 1208 "Drivers/CMSIS/Include/cmsis_gcc.h" 1
ARM GAS  C:\Users\alireza\AppData\Local\Temp\ccyFCZ0W.s 			page 31


 339 0002 EFF31084 		MRS r4, primask
 340              	@ 0 "" 2
 341              	.LVL25:
1209:Drivers/CMSIS/Include/cmsis_gcc.h ****   return(result);
 342              		.loc 2 1209 3 view .LVU102
 343              		.loc 2 1209 3 is_stmt 0 view .LVU103
 344              		.thumb
 345              		.syntax unified
 346              	.LBE108:
 347              	.LBE107:
  46:controller/utils/timing.c ****     return prim;
 348              		.loc 1 46 5 is_stmt 1 view .LVU104
 349              	.LBB109:
 350              	.LBI109:
 960:Drivers/CMSIS/Include/cmsis_gcc.h **** {
 351              		.loc 2 960 27 view .LVU105
 352              	.LBB110:
 962:Drivers/CMSIS/Include/cmsis_gcc.h **** }
 353              		.loc 2 962 3 view .LVU106
 354              		.syntax unified
 355              	@ 962 "Drivers/CMSIS/Include/cmsis_gcc.h" 1
 356 0006 72B6     		cpsid i
 357              	@ 0 "" 2
 358              		.thumb
 359              		.syntax unified
 360              	.LBE110:
 361              	.LBE109:
  47:controller/utils/timing.c **** }
 362              		.loc 1 47 5 view .LVU107
 363              	.LVL26:
  47:controller/utils/timing.c **** }
 364              		.loc 1 47 5 is_stmt 0 view .LVU108
 365              	.LBE106:
 366              	.LBE105:
 144:controller/utils/timing.c ****     update_next_event_locked();
 367              		.loc 1 144 5 is_stmt 1 view .LVU109
 368 0008 FFF7FEFF 		bl	update_next_event_locked
 369              	.LVL27:
 145:controller/utils/timing.c ****     exit_critical(saved);
 370              		.loc 1 145 5 view .LVU110
 371              	.LBB111:
 372              	.LBI111:
  50:controller/utils/timing.c **** {
 373              		.loc 1 50 20 view .LVU111
 374              	.LBB112:
  52:controller/utils/timing.c ****         __enable_irq();
 375              		.loc 1 52 5 view .LVU112
  52:controller/utils/timing.c ****         __enable_irq();
 376              		.loc 1 52 8 is_stmt 0 view .LVU113
 377 000c 14F0010F 		tst	r4, #1
 378 0010 00D1     		bne	.L25
  53:controller/utils/timing.c ****     }
 379              		.loc 1 53 9 is_stmt 1 view .LVU114
 380              	.LBB113:
 381              	.LBI113:
 949:Drivers/CMSIS/Include/cmsis_gcc.h **** {
 382              		.loc 2 949 27 view .LVU115
ARM GAS  C:\Users\alireza\AppData\Local\Temp\ccyFCZ0W.s 			page 32


 383              	.LBB114:
 951:Drivers/CMSIS/Include/cmsis_gcc.h **** }
 384              		.loc 2 951 3 view .LVU116
 385              		.syntax unified
 386              	@ 951 "Drivers/CMSIS/Include/cmsis_gcc.h" 1
 387 0012 62B6     		cpsie i
 388              	@ 0 "" 2
 389              	.LVL28:
 390              		.thumb
 391              		.syntax unified
 392              	.L25:
 951:Drivers/CMSIS/Include/cmsis_gcc.h **** }
 393              		.loc 2 951 3 is_stmt 0 view .LVU117
 394              	.LBE114:
 395              	.LBE113:
 396              	.LBE112:
 397              	.LBE111:
 146:controller/utils/timing.c **** }
 398              		.loc 1 146 1 view .LVU118
 399 0014 10BD     		pop	{r4, pc}
 400              		.loc 1 146 1 view .LVU119
 401              		.cfi_endproc
 402              	.LFE226:
 404              		.section	.text.controller_timing_start,"ax",%progbits
 405              		.align	1
 406              		.global	controller_timing_start
 407              		.syntax unified
 408              		.thumb
 409              		.thumb_func
 411              	controller_timing_start:
 412              	.LVL29:
 413              	.LFB227:
 147:controller/utils/timing.c **** 
 148:controller/utils/timing.c **** /* ---------- Initialization ---------- */
 149:controller/utils/timing.c **** void controller_timing_start(TIM_HandleTypeDef *htim)
 150:controller/utils/timing.c **** {
 414              		.loc 1 150 1 is_stmt 1 view -0
 415              		.cfi_startproc
 416              		@ args = 0, pretend = 0, frame = 0
 417              		@ frame_needed = 0, uses_anonymous_args = 0
 151:controller/utils/timing.c ****     if (htim == NULL) return;
 418              		.loc 1 151 5 view .LVU121
 419              		.loc 1 151 8 is_stmt 0 view .LVU122
 420 0000 0028     		cmp	r0, #0
 421 0002 37D0     		beq	.L34
 150:controller/utils/timing.c ****     if (htim == NULL) return;
 422              		.loc 1 150 1 view .LVU123
 423 0004 38B5     		push	{r3, r4, r5, lr}
 424              		.cfi_def_cfa_offset 16
 425              		.cfi_offset 3, -16
 426              		.cfi_offset 4, -12
 427              		.cfi_offset 5, -8
 428              		.cfi_offset 14, -4
 152:controller/utils/timing.c **** 
 153:controller/utils/timing.c ****     s_timer = htim;
 429              		.loc 1 153 5 is_stmt 1 view .LVU124
 430              		.loc 1 153 13 is_stmt 0 view .LVU125
ARM GAS  C:\Users\alireza\AppData\Local\Temp\ccyFCZ0W.s 			page 33


 431 0006 1C4C     		ldr	r4, .L37
 432 0008 2060     		str	r0, [r4]
 154:controller/utils/timing.c **** 
 155:controller/utils/timing.c ****     /* Configure PSC for ~1us ticks. This assumes timer input clock equals HCLK.
 156:controller/utils/timing.c ****      * If your timer uses APB1/APB2 with multiplier, adjust accordingly.
 157:controller/utils/timing.c ****      */
 158:controller/utils/timing.c ****     s_timer->Instance->PSC = (HAL_RCC_GetHCLKFreq() / 1000000UL) - 1U;
 433              		.loc 1 158 5 is_stmt 1 view .LVU126
 434              		.loc 1 158 31 is_stmt 0 view .LVU127
 435 000a FFF7FEFF 		bl	HAL_RCC_GetHCLKFreq
 436              	.LVL30:
 437              		.loc 1 158 53 discriminator 1 view .LVU128
 438 000e 1B4B     		ldr	r3, .L37+4
 439 0010 A3FB0023 		umull	r2, r3, r3, r0
 440 0014 9B0C     		lsrs	r3, r3, #18
 441              		.loc 1 158 12 discriminator 1 view .LVU129
 442 0016 2268     		ldr	r2, [r4]
 443 0018 1168     		ldr	r1, [r2]
 444              		.loc 1 158 66 discriminator 1 view .LVU130
 445 001a 013B     		subs	r3, r3, #1
 446              		.loc 1 158 28 discriminator 1 view .LVU131
 447 001c 8B62     		str	r3, [r1, #40]
 159:controller/utils/timing.c ****     s_timer->Instance->EGR |= TIM_EGR_UG;  /* reload PSC */
 448              		.loc 1 159 5 is_stmt 1 view .LVU132
 449              		.loc 1 159 12 is_stmt 0 view .LVU133
 450 001e 1168     		ldr	r1, [r2]
 451              		.loc 1 159 22 view .LVU134
 452 0020 4B69     		ldr	r3, [r1, #20]
 453              		.loc 1 159 28 view .LVU135
 454 0022 43F00103 		orr	r3, r3, #1
 455 0026 4B61     		str	r3, [r1, #20]
 160:controller/utils/timing.c ****     s_timer->Instance->CNT = 0;
 456              		.loc 1 160 5 is_stmt 1 view .LVU136
 457              		.loc 1 160 12 is_stmt 0 view .LVU137
 458 0028 1368     		ldr	r3, [r2]
 459              		.loc 1 160 28 view .LVU138
 460 002a 0024     		movs	r4, #0
 461 002c 5C62     		str	r4, [r3, #36]
 161:controller/utils/timing.c **** 
 162:controller/utils/timing.c ****     uint32_t saved = enter_critical();
 462              		.loc 1 162 5 is_stmt 1 view .LVU139
 463              	.LBB115:
 464              	.LBI115:
  43:controller/utils/timing.c **** {
 465              		.loc 1 43 24 view .LVU140
 466              	.LBB116:
  45:controller/utils/timing.c ****     __disable_irq();
 467              		.loc 1 45 5 view .LVU141
 468              	.LBB117:
 469              	.LBI117:
1204:Drivers/CMSIS/Include/cmsis_gcc.h **** {
 470              		.loc 2 1204 31 view .LVU142
 471              	.LBB118:
1206:Drivers/CMSIS/Include/cmsis_gcc.h **** 
 472              		.loc 2 1206 3 view .LVU143
1208:Drivers/CMSIS/Include/cmsis_gcc.h ****   return(result);
 473              		.loc 2 1208 3 view .LVU144
ARM GAS  C:\Users\alireza\AppData\Local\Temp\ccyFCZ0W.s 			page 34


 474              		.syntax unified
 475              	@ 1208 "Drivers/CMSIS/Include/cmsis_gcc.h" 1
 476 002e EFF31085 		MRS r5, primask
 477              	@ 0 "" 2
 478              	.LVL31:
 479              		.loc 2 1209 3 view .LVU145
 480              		.loc 2 1209 3 is_stmt 0 view .LVU146
 481              		.thumb
 482              		.syntax unified
 483              	.LBE118:
 484              	.LBE117:
  46:controller/utils/timing.c ****     return prim;
 485              		.loc 1 46 5 is_stmt 1 view .LVU147
 486              	.LBB119:
 487              	.LBI119:
 960:Drivers/CMSIS/Include/cmsis_gcc.h **** {
 488              		.loc 2 960 27 view .LVU148
 489              	.LBB120:
 962:Drivers/CMSIS/Include/cmsis_gcc.h **** }
 490              		.loc 2 962 3 view .LVU149
 491              		.syntax unified
 492              	@ 962 "Drivers/CMSIS/Include/cmsis_gcc.h" 1
 493 0032 72B6     		cpsid i
 494              	@ 0 "" 2
 495              		.thumb
 496              		.syntax unified
 497              	.LBE120:
 498              	.LBE119:
  47:controller/utils/timing.c **** }
 499              		.loc 1 47 5 view .LVU150
 500              	.LVL32:
  47:controller/utils/timing.c **** }
 501              		.loc 1 47 5 is_stmt 0 view .LVU151
 502              	.LBE116:
 503              	.LBE115:
 163:controller/utils/timing.c ****     memset(s_slots, 0, sizeof(s_slots));
 504              		.loc 1 163 5 is_stmt 1 view .LVU152
 505 0034 4FF4FA62 		mov	r2, #2000
 506 0038 2146     		mov	r1, r4
 507 003a 1148     		ldr	r0, .L37+8
 508 003c FFF7FEFF 		bl	memset
 509              	.LVL33:
 164:controller/utils/timing.c ****     for (int i = 0; i < SCHEDULER_MAX_EVENTS; ++i) {
 510              		.loc 1 164 5 view .LVU153
 511              	.LBB121:
 512              		.loc 1 164 10 view .LVU154
 513              		.loc 1 164 14 is_stmt 0 view .LVU155
 514 0040 2146     		mov	r1, r4
 515              		.loc 1 164 5 view .LVU156
 516 0042 08E0     		b	.L30
 517              	.LVL34:
 518              	.L31:
 165:controller/utils/timing.c ****         s_slots[i].state = EVENT_STATE_INACTIVE;
 519              		.loc 1 165 9 is_stmt 1 view .LVU157
 520              		.loc 1 165 26 is_stmt 0 view .LVU158
 521 0044 01EB8102 		add	r2, r1, r1, lsl #2
 522 0048 0D4B     		ldr	r3, .L37+8
ARM GAS  C:\Users\alireza\AppData\Local\Temp\ccyFCZ0W.s 			page 35


 523 004a 03EB8203 		add	r3, r3, r2, lsl #2
 524 004e 0022     		movs	r2, #0
 525 0050 5A74     		strb	r2, [r3, #17]
 166:controller/utils/timing.c ****         s_slots[i].generation = 0;
 526              		.loc 1 166 9 is_stmt 1 view .LVU159
 527              		.loc 1 166 31 is_stmt 0 view .LVU160
 528 0052 5A82     		strh	r2, [r3, #18]	@ movhi
 164:controller/utils/timing.c ****     for (int i = 0; i < SCHEDULER_MAX_EVENTS; ++i) {
 529              		.loc 1 164 47 is_stmt 1 discriminator 3 view .LVU161
 530 0054 0131     		adds	r1, r1, #1
 531              	.LVL35:
 532              	.L30:
 164:controller/utils/timing.c ****     for (int i = 0; i < SCHEDULER_MAX_EVENTS; ++i) {
 533              		.loc 1 164 23 discriminator 1 view .LVU162
 534 0056 6329     		cmp	r1, #99
 535 0058 F4DD     		ble	.L31
 536              	.LBE121:
 167:controller/utils/timing.c ****     }
 168:controller/utils/timing.c ****     /* Enable interrupts/OC — user should ensure HAL_TIM_Base_Start_IT and HAL_TIM_OC_Start_IT ar
 169:controller/utils/timing.c ****      * from their initialization code (or we can call them here). To match prior behaviour we start
 170:controller/utils/timing.c ****     exit_critical(saved);
 537              		.loc 1 170 5 view .LVU163
 538              	.LVL36:
 539              	.LBB122:
 540              	.LBI122:
  50:controller/utils/timing.c **** {
 541              		.loc 1 50 20 view .LVU164
 542              	.LBB123:
  52:controller/utils/timing.c ****         __enable_irq();
 543              		.loc 1 52 5 view .LVU165
  52:controller/utils/timing.c ****         __enable_irq();
 544              		.loc 1 52 8 is_stmt 0 view .LVU166
 545 005a 15F0010F 		tst	r5, #1
 546 005e 00D1     		bne	.L32
  53:controller/utils/timing.c ****     }
 547              		.loc 1 53 9 is_stmt 1 view .LVU167
 548              	.LBB124:
 549              	.LBI124:
 949:Drivers/CMSIS/Include/cmsis_gcc.h **** {
 550              		.loc 2 949 27 view .LVU168
 551              	.LBB125:
 951:Drivers/CMSIS/Include/cmsis_gcc.h **** }
 552              		.loc 2 951 3 view .LVU169
 553              		.syntax unified
 554              	@ 951 "Drivers/CMSIS/Include/cmsis_gcc.h" 1
 555 0060 62B6     		cpsie i
 556              	@ 0 "" 2
 557              		.thumb
 558              		.syntax unified
 559              	.L32:
 560              	.LVL37:
 951:Drivers/CMSIS/Include/cmsis_gcc.h **** }
 561              		.loc 2 951 3 is_stmt 0 view .LVU170
 562              	.LBE125:
 563              	.LBE124:
 564              	.LBE123:
 565              	.LBE122:
ARM GAS  C:\Users\alireza\AppData\Local\Temp\ccyFCZ0W.s 			page 36


 171:controller/utils/timing.c **** 
 172:controller/utils/timing.c ****     HAL_TIM_Base_Start_IT(s_timer);
 566              		.loc 1 172 5 is_stmt 1 view .LVU171
 567 0062 054C     		ldr	r4, .L37
 568 0064 2068     		ldr	r0, [r4]
 569 0066 FFF7FEFF 		bl	HAL_TIM_Base_Start_IT
 570              	.LVL38:
 173:controller/utils/timing.c ****     HAL_TIM_OC_Start_IT(s_timer, TIM_CHANNEL_1);
 571              		.loc 1 173 5 view .LVU172
 572 006a 0021     		movs	r1, #0
 573 006c 2068     		ldr	r0, [r4]
 574 006e FFF7FEFF 		bl	HAL_TIM_OC_Start_IT
 575              	.LVL39:
 174:controller/utils/timing.c **** }
 576              		.loc 1 174 1 is_stmt 0 view .LVU173
 577 0072 38BD     		pop	{r3, r4, r5, pc}
 578              	.LVL40:
 579              	.L34:
 580              		.cfi_def_cfa_offset 0
 581              		.cfi_restore 3
 582              		.cfi_restore 4
 583              		.cfi_restore 5
 584              		.cfi_restore 14
 585              		.loc 1 174 1 view .LVU174
 586 0074 7047     		bx	lr
 587              	.L38:
 588 0076 00BF     		.align	2
 589              	.L37:
 590 0078 00000000 		.word	s_timer
 591 007c 83DE1B43 		.word	1125899907
 592 0080 00000000 		.word	s_slots
 593              		.cfi_endproc
 594              	.LFE227:
 596              		.section	.text.get_time_us,"ax",%progbits
 597              		.align	1
 598              		.global	get_time_us
 599              		.syntax unified
 600              		.thumb
 601              		.thumb_func
 603              	get_time_us:
 604              	.LFB228:
 175:controller/utils/timing.c **** 
 176:controller/utils/timing.c **** /* ---------- Time getters ---------- */
 177:controller/utils/timing.c **** 
 178:controller/utils/timing.c **** time_us_t get_time_us(void)
 179:controller/utils/timing.c **** {
 605              		.loc 1 179 1 is_stmt 1 view -0
 606              		.cfi_startproc
 607              		@ args = 0, pretend = 0, frame = 0
 608              		@ frame_needed = 0, uses_anonymous_args = 0
 609              		@ link register save eliminated.
 180:controller/utils/timing.c ****     if (!s_timer) return 0;
 610              		.loc 1 180 5 view .LVU176
 611              		.loc 1 180 9 is_stmt 0 view .LVU177
 612 0000 034B     		ldr	r3, .L42
 613 0002 1B68     		ldr	r3, [r3]
 614              		.loc 1 180 8 view .LVU178
ARM GAS  C:\Users\alireza\AppData\Local\Temp\ccyFCZ0W.s 			page 37


 615 0004 13B1     		cbz	r3, .L41
 181:controller/utils/timing.c ****     return (time_us_t)s_timer->Instance->CNT;
 616              		.loc 1 181 5 is_stmt 1 view .LVU179
 617              		.loc 1 181 30 is_stmt 0 view .LVU180
 618 0006 1B68     		ldr	r3, [r3]
 619              		.loc 1 181 12 view .LVU181
 620 0008 586A     		ldr	r0, [r3, #36]
 621 000a 7047     		bx	lr
 622              	.L41:
 180:controller/utils/timing.c ****     if (!s_timer) return 0;
 623              		.loc 1 180 26 discriminator 1 view .LVU182
 624 000c 0020     		movs	r0, #0
 182:controller/utils/timing.c **** }
 625              		.loc 1 182 1 view .LVU183
 626 000e 7047     		bx	lr
 627              	.L43:
 628              		.align	2
 629              	.L42:
 630 0010 00000000 		.word	s_timer
 631              		.cfi_endproc
 632              	.LFE228:
 634              		.section	.text.get_time_ms,"ax",%progbits
 635              		.align	1
 636              		.global	get_time_ms
 637              		.syntax unified
 638              		.thumb
 639              		.thumb_func
 641              	get_time_ms:
 642              	.LFB229:
 183:controller/utils/timing.c **** 
 184:controller/utils/timing.c **** time_ms_t get_time_ms(void)
 185:controller/utils/timing.c **** {
 643              		.loc 1 185 1 is_stmt 1 view -0
 644              		.cfi_startproc
 645              		@ args = 0, pretend = 0, frame = 0
 646              		@ frame_needed = 0, uses_anonymous_args = 0
 647 0000 08B5     		push	{r3, lr}
 648              		.cfi_def_cfa_offset 8
 649              		.cfi_offset 3, -8
 650              		.cfi_offset 14, -4
 186:controller/utils/timing.c ****     return (time_ms_t)(get_time_us() / 1000U);
 651              		.loc 1 186 5 view .LVU185
 652              		.loc 1 186 24 is_stmt 0 view .LVU186
 653 0002 FFF7FEFF 		bl	get_time_us
 654              	.LVL41:
 655              		.loc 1 186 12 discriminator 1 view .LVU187
 656 0006 024B     		ldr	r3, .L46
 657 0008 A3FB0030 		umull	r3, r0, r3, r0
 187:controller/utils/timing.c **** }
 658              		.loc 1 187 1 view .LVU188
 659 000c 8009     		lsrs	r0, r0, #6
 660 000e 08BD     		pop	{r3, pc}
 661              	.L47:
 662              		.align	2
 663              	.L46:
 664 0010 D34D6210 		.word	274877907
 665              		.cfi_endproc
ARM GAS  C:\Users\alireza\AppData\Local\Temp\ccyFCZ0W.s 			page 38


 666              	.LFE229:
 668              		.section	.text.scheduler_schedule_event_with_arg_handle,"ax",%progbits
 669              		.align	1
 670              		.global	scheduler_schedule_event_with_arg_handle
 671              		.syntax unified
 672              		.thumb
 673              		.thumb_func
 675              	scheduler_schedule_event_with_arg_handle:
 676              	.LVL42:
 677              	.LFB230:
 188:controller/utils/timing.c **** 
 189:controller/utils/timing.c **** /* ---------- Schedule / Cancel APIs ---------- */
 190:controller/utils/timing.c **** 
 191:controller/utils/timing.c **** scheduler_handle_t scheduler_schedule_event_with_arg_handle(time_us_t timestamp_us, void (*callback
 192:controller/utils/timing.c **** {
 678              		.loc 1 192 1 is_stmt 1 view -0
 679              		.cfi_startproc
 680              		@ args = 0, pretend = 0, frame = 0
 681              		@ frame_needed = 0, uses_anonymous_args = 0
 682              		.loc 1 192 1 is_stmt 0 view .LVU190
 683 0000 2DE9F041 		push	{r4, r5, r6, r7, r8, lr}
 684              		.cfi_def_cfa_offset 24
 685              		.cfi_offset 4, -24
 686              		.cfi_offset 5, -20
 687              		.cfi_offset 6, -16
 688              		.cfi_offset 7, -12
 689              		.cfi_offset 8, -8
 690              		.cfi_offset 14, -4
 193:controller/utils/timing.c ****     if (callback == NULL || s_timer == NULL) return SCHEDULER_HANDLE_INVALID;
 691              		.loc 1 193 5 is_stmt 1 view .LVU191
 692              		.loc 1 193 8 is_stmt 0 view .LVU192
 693 0004 71B3     		cbz	r1, .L53
 694 0006 0746     		mov	r7, r0
 695 0008 1546     		mov	r5, r2
 696 000a 8846     		mov	r8, r1
 697              		.loc 1 193 37 discriminator 2 view .LVU193
 698 000c 184B     		ldr	r3, .L58
 699 000e 1B68     		ldr	r3, [r3]
 700              		.loc 1 193 26 discriminator 2 view .LVU194
 701 0010 53B3     		cbz	r3, .L54
 194:controller/utils/timing.c **** 
 195:controller/utils/timing.c ****     uint32_t saved = enter_critical();
 702              		.loc 1 195 5 is_stmt 1 view .LVU195
 703              	.LBB126:
 704              	.LBI126:
  43:controller/utils/timing.c **** {
 705              		.loc 1 43 24 view .LVU196
 706              	.LBB127:
  45:controller/utils/timing.c ****     __disable_irq();
 707              		.loc 1 45 5 view .LVU197
 708              	.LBB128:
 709              	.LBI128:
1204:Drivers/CMSIS/Include/cmsis_gcc.h **** {
 710              		.loc 2 1204 31 view .LVU198
 711              	.LBB129:
1206:Drivers/CMSIS/Include/cmsis_gcc.h **** 
 712              		.loc 2 1206 3 view .LVU199
ARM GAS  C:\Users\alireza\AppData\Local\Temp\ccyFCZ0W.s 			page 39


1208:Drivers/CMSIS/Include/cmsis_gcc.h ****   return(result);
 713              		.loc 2 1208 3 view .LVU200
 714              		.syntax unified
 715              	@ 1208 "Drivers/CMSIS/Include/cmsis_gcc.h" 1
 716 0012 EFF31086 		MRS r6, primask
 717              	@ 0 "" 2
 718              	.LVL43:
 719              		.loc 2 1209 3 view .LVU201
 720              		.loc 2 1209 3 is_stmt 0 view .LVU202
 721              		.thumb
 722              		.syntax unified
 723              	.LBE129:
 724              	.LBE128:
  46:controller/utils/timing.c ****     return prim;
 725              		.loc 1 46 5 is_stmt 1 view .LVU203
 726              	.LBB130:
 727              	.LBI130:
 960:Drivers/CMSIS/Include/cmsis_gcc.h **** {
 728              		.loc 2 960 27 view .LVU204
 729              	.LBB131:
 962:Drivers/CMSIS/Include/cmsis_gcc.h **** }
 730              		.loc 2 962 3 view .LVU205
 731              		.syntax unified
 732              	@ 962 "Drivers/CMSIS/Include/cmsis_gcc.h" 1
 733 0016 72B6     		cpsid i
 734              	@ 0 "" 2
 735              		.thumb
 736              		.syntax unified
 737              	.LBE131:
 738              	.LBE130:
  47:controller/utils/timing.c **** }
 739              		.loc 1 47 5 view .LVU206
 740              	.LVL44:
  47:controller/utils/timing.c **** }
 741              		.loc 1 47 5 is_stmt 0 view .LVU207
 742              	.LBE127:
 743              	.LBE126:
 196:controller/utils/timing.c ****     int idx = allocate_slot_locked();
 744              		.loc 1 196 5 is_stmt 1 view .LVU208
 745              		.loc 1 196 15 is_stmt 0 view .LVU209
 746 0018 FFF7FEFF 		bl	allocate_slot_locked
 747              	.LVL45:
 197:controller/utils/timing.c ****     if (idx < 0) {
 748              		.loc 1 197 5 is_stmt 1 view .LVU210
 749              		.loc 1 197 8 is_stmt 0 view .LVU211
 750 001c 041E     		subs	r4, r0, #0
 751 001e 1BDB     		blt	.L57
 198:controller/utils/timing.c ****         exit_critical(saved);
 199:controller/utils/timing.c ****         return SCHEDULER_HANDLE_INVALID;
 200:controller/utils/timing.c ****     }
 201:controller/utils/timing.c **** 
 202:controller/utils/timing.c ****     s_slots[idx].timestamp_us = timestamp_us;
 752              		.loc 1 202 5 is_stmt 1 view .LVU212
 753              		.loc 1 202 31 is_stmt 0 view .LVU213
 754 0020 144A     		ldr	r2, .L58+4
 755 0022 04EB8403 		add	r3, r4, r4, lsl #2
 756 0026 9900     		lsls	r1, r3, #2
ARM GAS  C:\Users\alireza\AppData\Local\Temp\ccyFCZ0W.s 			page 40


 757 0028 02EB8303 		add	r3, r2, r3, lsl #2
 758 002c 5750     		str	r7, [r2, r1]
 203:controller/utils/timing.c ****     s_slots[idx].callback_arg = callback;
 759              		.loc 1 203 5 is_stmt 1 view .LVU214
 760              		.loc 1 203 31 is_stmt 0 view .LVU215
 761 002e C3F80880 		str	r8, [r3, #8]
 204:controller/utils/timing.c ****     s_slots[idx].callback_noarg = NULL;
 762              		.loc 1 204 5 is_stmt 1 view .LVU216
 763              		.loc 1 204 33 is_stmt 0 view .LVU217
 764 0032 0022     		movs	r2, #0
 765 0034 5A60     		str	r2, [r3, #4]
 205:controller/utils/timing.c ****     s_slots[idx].arg = arg;
 766              		.loc 1 205 5 is_stmt 1 view .LVU218
 767              		.loc 1 205 22 is_stmt 0 view .LVU219
 768 0036 DD60     		str	r5, [r3, #12]
 206:controller/utils/timing.c ****     s_slots[idx].uses_arg = 1U;
 769              		.loc 1 206 5 is_stmt 1 view .LVU220
 770              		.loc 1 206 27 is_stmt 0 view .LVU221
 771 0038 0122     		movs	r2, #1
 772 003a 1A74     		strb	r2, [r3, #16]
 207:controller/utils/timing.c ****     /* state already set to PENDING by allocate_slot_locked */
 208:controller/utils/timing.c **** 
 209:controller/utils/timing.c ****     scheduler_handle_t h = make_handle(s_slots[idx].generation, (uint16_t)idx);
 773              		.loc 1 209 5 is_stmt 1 view .LVU222
 774              		.loc 1 209 52 is_stmt 0 view .LVU223
 775 003c 5B8A     		ldrh	r3, [r3, #18]
 776 003e 9BB2     		uxth	r3, r3
 777              	.LVL46:
 778              	.LBB132:
 779              	.LBI132:
  58:controller/utils/timing.c **** {
 780              		.loc 1 58 34 is_stmt 1 view .LVU224
 781              	.LBB133:
  60:controller/utils/timing.c ****     return (((uint32_t)generation << 16) | (uint32_t)index);
 782              		.loc 1 60 5 view .LVU225
  60:controller/utils/timing.c ****     return (((uint32_t)generation << 16) | (uint32_t)index);
 783              		.loc 1 60 8 is_stmt 0 view .LVU226
 784 0040 03B9     		cbnz	r3, .L52
  60:controller/utils/timing.c ****     return (((uint32_t)generation << 16) | (uint32_t)index);
 785              		.loc 1 60 38 discriminator 1 view .LVU227
 786 0042 1346     		mov	r3, r2
 787              	.LVL47:
 788              	.L52:
  61:controller/utils/timing.c **** }
 789              		.loc 1 61 5 is_stmt 1 view .LVU228
  61:controller/utils/timing.c **** }
 790              		.loc 1 61 44 is_stmt 0 view .LVU229
 791 0044 A4B2     		uxth	r4, r4
  61:controller/utils/timing.c **** }
 792              		.loc 1 61 42 view .LVU230
 793 0046 44EA0344 		orr	r4, r4, r3, lsl #16
 794              	.LVL48:
  61:controller/utils/timing.c **** }
 795              		.loc 1 61 42 view .LVU231
 796              	.LBE133:
 797              	.LBE132:
 210:controller/utils/timing.c **** 
ARM GAS  C:\Users\alireza\AppData\Local\Temp\ccyFCZ0W.s 			page 41


 211:controller/utils/timing.c ****     update_next_event_locked();
 798              		.loc 1 211 5 is_stmt 1 view .LVU232
 799 004a FFF7FEFF 		bl	update_next_event_locked
 800              	.LVL49:
 212:controller/utils/timing.c ****     exit_critical(saved);
 801              		.loc 1 212 5 view .LVU233
 802              	.LBB134:
 803              	.LBI134:
  50:controller/utils/timing.c **** {
 804              		.loc 1 50 20 view .LVU234
 805              	.LBB135:
  52:controller/utils/timing.c ****         __enable_irq();
 806              		.loc 1 52 5 view .LVU235
  52:controller/utils/timing.c ****         __enable_irq();
 807              		.loc 1 52 8 is_stmt 0 view .LVU236
 808 004e 16F0010F 		tst	r6, #1
 809 0052 0AD1     		bne	.L48
  53:controller/utils/timing.c ****     }
 810              		.loc 1 53 9 is_stmt 1 view .LVU237
 811              	.LBB136:
 812              	.LBI136:
 949:Drivers/CMSIS/Include/cmsis_gcc.h **** {
 813              		.loc 2 949 27 view .LVU238
 814              	.LBB137:
 951:Drivers/CMSIS/Include/cmsis_gcc.h **** }
 815              		.loc 2 951 3 view .LVU239
 816              		.syntax unified
 817              	@ 951 "Drivers/CMSIS/Include/cmsis_gcc.h" 1
 818 0054 62B6     		cpsie i
 819              	@ 0 "" 2
 952:Drivers/CMSIS/Include/cmsis_gcc.h **** 
 820              		.loc 2 952 1 is_stmt 0 view .LVU240
 821              		.thumb
 822              		.syntax unified
 823 0056 08E0     		b	.L48
 824              	.LVL50:
 825              	.L57:
 952:Drivers/CMSIS/Include/cmsis_gcc.h **** 
 826              		.loc 2 952 1 view .LVU241
 827              	.LBE137:
 828              	.LBE136:
 829              	.LBE135:
 830              	.LBE134:
 198:controller/utils/timing.c ****         return SCHEDULER_HANDLE_INVALID;
 831              		.loc 1 198 9 is_stmt 1 view .LVU242
 832              	.LBB138:
 833              	.LBI138:
  50:controller/utils/timing.c **** {
 834              		.loc 1 50 20 view .LVU243
 835              	.LBB139:
  52:controller/utils/timing.c ****         __enable_irq();
 836              		.loc 1 52 5 view .LVU244
  52:controller/utils/timing.c ****         __enable_irq();
 837              		.loc 1 52 8 is_stmt 0 view .LVU245
 838 0058 16F0010F 		tst	r6, #1
 839 005c 00D1     		bne	.L51
  53:controller/utils/timing.c ****     }
ARM GAS  C:\Users\alireza\AppData\Local\Temp\ccyFCZ0W.s 			page 42


 840              		.loc 1 53 9 is_stmt 1 view .LVU246
 841              	.LBB140:
 842              	.LBI140:
 949:Drivers/CMSIS/Include/cmsis_gcc.h **** {
 843              		.loc 2 949 27 view .LVU247
 844              	.LBB141:
 951:Drivers/CMSIS/Include/cmsis_gcc.h **** }
 845              		.loc 2 951 3 view .LVU248
 846              		.syntax unified
 847              	@ 951 "Drivers/CMSIS/Include/cmsis_gcc.h" 1
 848 005e 62B6     		cpsie i
 849              	@ 0 "" 2
 850              		.thumb
 851              		.syntax unified
 852              	.L51:
 853              	.LVL51:
 951:Drivers/CMSIS/Include/cmsis_gcc.h **** }
 854              		.loc 2 951 3 is_stmt 0 view .LVU249
 855              	.LBE141:
 856              	.LBE140:
 857              	.LBE139:
 858              	.LBE138:
 199:controller/utils/timing.c ****     }
 859              		.loc 1 199 9 is_stmt 1 view .LVU250
 199:controller/utils/timing.c ****     }
 860              		.loc 1 199 16 is_stmt 0 view .LVU251
 861 0060 0024     		movs	r4, #0
 862 0062 02E0     		b	.L48
 863              	.LVL52:
 864              	.L53:
 193:controller/utils/timing.c **** 
 865              		.loc 1 193 53 discriminator 3 view .LVU252
 866 0064 0024     		movs	r4, #0
 867 0066 00E0     		b	.L48
 868              	.L54:
 193:controller/utils/timing.c **** 
 869              		.loc 1 193 53 discriminator 3 view .LVU253
 870 0068 0024     		movs	r4, #0
 871              	.LVL53:
 872              	.L48:
 213:controller/utils/timing.c ****     return h;
 214:controller/utils/timing.c **** }
 873              		.loc 1 214 1 view .LVU254
 874 006a 2046     		mov	r0, r4
 875 006c BDE8F081 		pop	{r4, r5, r6, r7, r8, pc}
 876              	.L59:
 877              		.align	2
 878              	.L58:
 879 0070 00000000 		.word	s_timer
 880 0074 00000000 		.word	s_slots
 881              		.cfi_endproc
 882              	.LFE230:
 884              		.section	.text.scheduler_schedule_event_handle,"ax",%progbits
 885              		.align	1
 886              		.global	scheduler_schedule_event_handle
 887              		.syntax unified
 888              		.thumb
ARM GAS  C:\Users\alireza\AppData\Local\Temp\ccyFCZ0W.s 			page 43


 889              		.thumb_func
 891              	scheduler_schedule_event_handle:
 892              	.LVL54:
 893              	.LFB231:
 215:controller/utils/timing.c **** 
 216:controller/utils/timing.c **** scheduler_handle_t scheduler_schedule_event_handle(time_us_t timestamp_us, void (*callback)(void))
 217:controller/utils/timing.c **** {
 894              		.loc 1 217 1 is_stmt 1 view -0
 895              		.cfi_startproc
 896              		@ args = 0, pretend = 0, frame = 0
 897              		@ frame_needed = 0, uses_anonymous_args = 0
 898              		.loc 1 217 1 is_stmt 0 view .LVU256
 899 0000 F8B5     		push	{r3, r4, r5, r6, r7, lr}
 900              		.cfi_def_cfa_offset 24
 901              		.cfi_offset 3, -24
 902              		.cfi_offset 4, -20
 903              		.cfi_offset 5, -16
 904              		.cfi_offset 6, -12
 905              		.cfi_offset 7, -8
 906              		.cfi_offset 14, -4
 218:controller/utils/timing.c ****     if (callback == NULL || s_timer == NULL) return SCHEDULER_HANDLE_INVALID;
 907              		.loc 1 218 5 is_stmt 1 view .LVU257
 908              		.loc 1 218 8 is_stmt 0 view .LVU258
 909 0002 59B3     		cbz	r1, .L65
 910 0004 0646     		mov	r6, r0
 911 0006 0F46     		mov	r7, r1
 912              		.loc 1 218 37 discriminator 2 view .LVU259
 913 0008 174B     		ldr	r3, .L70
 914 000a 1B68     		ldr	r3, [r3]
 915              		.loc 1 218 26 discriminator 2 view .LVU260
 916 000c 43B3     		cbz	r3, .L66
 219:controller/utils/timing.c **** 
 220:controller/utils/timing.c ****     uint32_t saved = enter_critical();
 917              		.loc 1 220 5 is_stmt 1 view .LVU261
 918              	.LBB142:
 919              	.LBI142:
  43:controller/utils/timing.c **** {
 920              		.loc 1 43 24 view .LVU262
 921              	.LBB143:
  45:controller/utils/timing.c ****     __disable_irq();
 922              		.loc 1 45 5 view .LVU263
 923              	.LBB144:
 924              	.LBI144:
1204:Drivers/CMSIS/Include/cmsis_gcc.h **** {
 925              		.loc 2 1204 31 view .LVU264
 926              	.LBB145:
1206:Drivers/CMSIS/Include/cmsis_gcc.h **** 
 927              		.loc 2 1206 3 view .LVU265
1208:Drivers/CMSIS/Include/cmsis_gcc.h ****   return(result);
 928              		.loc 2 1208 3 view .LVU266
 929              		.syntax unified
 930              	@ 1208 "Drivers/CMSIS/Include/cmsis_gcc.h" 1
 931 000e EFF31085 		MRS r5, primask
 932              	@ 0 "" 2
 933              	.LVL55:
 934              		.loc 2 1209 3 view .LVU267
 935              		.loc 2 1209 3 is_stmt 0 view .LVU268
ARM GAS  C:\Users\alireza\AppData\Local\Temp\ccyFCZ0W.s 			page 44


 936              		.thumb
 937              		.syntax unified
 938              	.LBE145:
 939              	.LBE144:
  46:controller/utils/timing.c ****     return prim;
 940              		.loc 1 46 5 is_stmt 1 view .LVU269
 941              	.LBB146:
 942              	.LBI146:
 960:Drivers/CMSIS/Include/cmsis_gcc.h **** {
 943              		.loc 2 960 27 view .LVU270
 944              	.LBB147:
 962:Drivers/CMSIS/Include/cmsis_gcc.h **** }
 945              		.loc 2 962 3 view .LVU271
 946              		.syntax unified
 947              	@ 962 "Drivers/CMSIS/Include/cmsis_gcc.h" 1
 948 0012 72B6     		cpsid i
 949              	@ 0 "" 2
 950              		.thumb
 951              		.syntax unified
 952              	.LBE147:
 953              	.LBE146:
  47:controller/utils/timing.c **** }
 954              		.loc 1 47 5 view .LVU272
 955              	.LVL56:
  47:controller/utils/timing.c **** }
 956              		.loc 1 47 5 is_stmt 0 view .LVU273
 957              	.LBE143:
 958              	.LBE142:
 221:controller/utils/timing.c ****     int idx = allocate_slot_locked();
 959              		.loc 1 221 5 is_stmt 1 view .LVU274
 960              		.loc 1 221 15 is_stmt 0 view .LVU275
 961 0014 FFF7FEFF 		bl	allocate_slot_locked
 962              	.LVL57:
 222:controller/utils/timing.c ****     if (idx < 0) {
 963              		.loc 1 222 5 is_stmt 1 view .LVU276
 964              		.loc 1 222 8 is_stmt 0 view .LVU277
 965 0018 041E     		subs	r4, r0, #0
 966 001a 19DB     		blt	.L69
 223:controller/utils/timing.c ****         exit_critical(saved);
 224:controller/utils/timing.c ****         return SCHEDULER_HANDLE_INVALID;
 225:controller/utils/timing.c ****     }
 226:controller/utils/timing.c **** 
 227:controller/utils/timing.c ****     s_slots[idx].timestamp_us = timestamp_us;
 967              		.loc 1 227 5 is_stmt 1 view .LVU278
 968              		.loc 1 227 31 is_stmt 0 view .LVU279
 969 001c 134A     		ldr	r2, .L70+4
 970 001e 04EB8403 		add	r3, r4, r4, lsl #2
 971 0022 9900     		lsls	r1, r3, #2
 972 0024 02EB8303 		add	r3, r2, r3, lsl #2
 973 0028 5650     		str	r6, [r2, r1]
 228:controller/utils/timing.c ****     s_slots[idx].callback_noarg = callback;
 974              		.loc 1 228 5 is_stmt 1 view .LVU280
 975              		.loc 1 228 33 is_stmt 0 view .LVU281
 976 002a 5F60     		str	r7, [r3, #4]
 229:controller/utils/timing.c ****     s_slots[idx].callback_arg = NULL;
 977              		.loc 1 229 5 is_stmt 1 view .LVU282
 978              		.loc 1 229 31 is_stmt 0 view .LVU283
ARM GAS  C:\Users\alireza\AppData\Local\Temp\ccyFCZ0W.s 			page 45


 979 002c 0022     		movs	r2, #0
 980 002e 9A60     		str	r2, [r3, #8]
 230:controller/utils/timing.c ****     s_slots[idx].arg = NULL;
 981              		.loc 1 230 5 is_stmt 1 view .LVU284
 982              		.loc 1 230 22 is_stmt 0 view .LVU285
 983 0030 DA60     		str	r2, [r3, #12]
 231:controller/utils/timing.c ****     s_slots[idx].uses_arg = 0U;
 984              		.loc 1 231 5 is_stmt 1 view .LVU286
 985              		.loc 1 231 27 is_stmt 0 view .LVU287
 986 0032 1A74     		strb	r2, [r3, #16]
 232:controller/utils/timing.c **** 
 233:controller/utils/timing.c ****     scheduler_handle_t h = make_handle(s_slots[idx].generation, (uint16_t)idx);
 987              		.loc 1 233 5 is_stmt 1 view .LVU288
 988              		.loc 1 233 52 is_stmt 0 view .LVU289
 989 0034 5B8A     		ldrh	r3, [r3, #18]
 990 0036 9BB2     		uxth	r3, r3
 991              	.LVL58:
 992              	.LBB148:
 993              	.LBI148:
  58:controller/utils/timing.c **** {
 994              		.loc 1 58 34 is_stmt 1 view .LVU290
 995              	.LBB149:
  60:controller/utils/timing.c ****     return (((uint32_t)generation << 16) | (uint32_t)index);
 996              		.loc 1 60 5 view .LVU291
  60:controller/utils/timing.c ****     return (((uint32_t)generation << 16) | (uint32_t)index);
 997              		.loc 1 60 8 is_stmt 0 view .LVU292
 998 0038 03B9     		cbnz	r3, .L64
  60:controller/utils/timing.c ****     return (((uint32_t)generation << 16) | (uint32_t)index);
 999              		.loc 1 60 38 discriminator 1 view .LVU293
 1000 003a 0123     		movs	r3, #1
 1001              	.LVL59:
 1002              	.L64:
  61:controller/utils/timing.c **** }
 1003              		.loc 1 61 5 is_stmt 1 view .LVU294
  61:controller/utils/timing.c **** }
 1004              		.loc 1 61 44 is_stmt 0 view .LVU295
 1005 003c A4B2     		uxth	r4, r4
  61:controller/utils/timing.c **** }
 1006              		.loc 1 61 42 view .LVU296
 1007 003e 44EA0344 		orr	r4, r4, r3, lsl #16
 1008              	.LVL60:
  61:controller/utils/timing.c **** }
 1009              		.loc 1 61 42 view .LVU297
 1010              	.LBE149:
 1011              	.LBE148:
 234:controller/utils/timing.c **** 
 235:controller/utils/timing.c ****     update_next_event_locked();
 1012              		.loc 1 235 5 is_stmt 1 view .LVU298
 1013 0042 FFF7FEFF 		bl	update_next_event_locked
 1014              	.LVL61:
 236:controller/utils/timing.c ****     exit_critical(saved);
 1015              		.loc 1 236 5 view .LVU299
 1016              	.LBB150:
 1017              	.LBI150:
  50:controller/utils/timing.c **** {
 1018              		.loc 1 50 20 view .LVU300
 1019              	.LBB151:
ARM GAS  C:\Users\alireza\AppData\Local\Temp\ccyFCZ0W.s 			page 46


  52:controller/utils/timing.c ****         __enable_irq();
 1020              		.loc 1 52 5 view .LVU301
  52:controller/utils/timing.c ****         __enable_irq();
 1021              		.loc 1 52 8 is_stmt 0 view .LVU302
 1022 0046 15F0010F 		tst	r5, #1
 1023 004a 0AD1     		bne	.L60
  53:controller/utils/timing.c ****     }
 1024              		.loc 1 53 9 is_stmt 1 view .LVU303
 1025              	.LBB152:
 1026              	.LBI152:
 949:Drivers/CMSIS/Include/cmsis_gcc.h **** {
 1027              		.loc 2 949 27 view .LVU304
 1028              	.LBB153:
 951:Drivers/CMSIS/Include/cmsis_gcc.h **** }
 1029              		.loc 2 951 3 view .LVU305
 1030              		.syntax unified
 1031              	@ 951 "Drivers/CMSIS/Include/cmsis_gcc.h" 1
 1032 004c 62B6     		cpsie i
 1033              	@ 0 "" 2
 952:Drivers/CMSIS/Include/cmsis_gcc.h **** 
 1034              		.loc 2 952 1 is_stmt 0 view .LVU306
 1035              		.thumb
 1036              		.syntax unified
 1037 004e 08E0     		b	.L60
 1038              	.LVL62:
 1039              	.L69:
 952:Drivers/CMSIS/Include/cmsis_gcc.h **** 
 1040              		.loc 2 952 1 view .LVU307
 1041              	.LBE153:
 1042              	.LBE152:
 1043              	.LBE151:
 1044              	.LBE150:
 223:controller/utils/timing.c ****         return SCHEDULER_HANDLE_INVALID;
 1045              		.loc 1 223 9 is_stmt 1 view .LVU308
 1046              	.LBB154:
 1047              	.LBI154:
  50:controller/utils/timing.c **** {
 1048              		.loc 1 50 20 view .LVU309
 1049              	.LBB155:
  52:controller/utils/timing.c ****         __enable_irq();
 1050              		.loc 1 52 5 view .LVU310
  52:controller/utils/timing.c ****         __enable_irq();
 1051              		.loc 1 52 8 is_stmt 0 view .LVU311
 1052 0050 15F0010F 		tst	r5, #1
 1053 0054 00D1     		bne	.L63
  53:controller/utils/timing.c ****     }
 1054              		.loc 1 53 9 is_stmt 1 view .LVU312
 1055              	.LBB156:
 1056              	.LBI156:
 949:Drivers/CMSIS/Include/cmsis_gcc.h **** {
 1057              		.loc 2 949 27 view .LVU313
 1058              	.LBB157:
 951:Drivers/CMSIS/Include/cmsis_gcc.h **** }
 1059              		.loc 2 951 3 view .LVU314
 1060              		.syntax unified
 1061              	@ 951 "Drivers/CMSIS/Include/cmsis_gcc.h" 1
 1062 0056 62B6     		cpsie i
ARM GAS  C:\Users\alireza\AppData\Local\Temp\ccyFCZ0W.s 			page 47


 1063              	@ 0 "" 2
 1064              		.thumb
 1065              		.syntax unified
 1066              	.L63:
 1067              	.LVL63:
 951:Drivers/CMSIS/Include/cmsis_gcc.h **** }
 1068              		.loc 2 951 3 is_stmt 0 view .LVU315
 1069              	.LBE157:
 1070              	.LBE156:
 1071              	.LBE155:
 1072              	.LBE154:
 224:controller/utils/timing.c ****     }
 1073              		.loc 1 224 9 is_stmt 1 view .LVU316
 224:controller/utils/timing.c ****     }
 1074              		.loc 1 224 16 is_stmt 0 view .LVU317
 1075 0058 0024     		movs	r4, #0
 1076 005a 02E0     		b	.L60
 1077              	.LVL64:
 1078              	.L65:
 218:controller/utils/timing.c **** 
 1079              		.loc 1 218 53 discriminator 3 view .LVU318
 1080 005c 0024     		movs	r4, #0
 1081 005e 00E0     		b	.L60
 1082              	.L66:
 218:controller/utils/timing.c **** 
 1083              		.loc 1 218 53 discriminator 3 view .LVU319
 1084 0060 0024     		movs	r4, #0
 1085              	.LVL65:
 1086              	.L60:
 237:controller/utils/timing.c ****     return h;
 238:controller/utils/timing.c **** }
 1087              		.loc 1 238 1 view .LVU320
 1088 0062 2046     		mov	r0, r4
 1089 0064 F8BD     		pop	{r3, r4, r5, r6, r7, pc}
 1090              	.L71:
 1091 0066 00BF     		.align	2
 1092              	.L70:
 1093 0068 00000000 		.word	s_timer
 1094 006c 00000000 		.word	s_slots
 1095              		.cfi_endproc
 1096              	.LFE231:
 1098              		.section	.text.scheduler_schedule_event,"ax",%progbits
 1099              		.align	1
 1100              		.global	scheduler_schedule_event
 1101              		.syntax unified
 1102              		.thumb
 1103              		.thumb_func
 1105              	scheduler_schedule_event:
 1106              	.LVL66:
 1107              	.LFB232:
 239:controller/utils/timing.c **** 
 240:controller/utils/timing.c **** /* Legacy bool wrappers (match existing header API) */
 241:controller/utils/timing.c **** bool scheduler_schedule_event(time_us_t timestamp_us, void (*callback)(void))
 242:controller/utils/timing.c **** {
 1108              		.loc 1 242 1 is_stmt 1 view -0
 1109              		.cfi_startproc
 1110              		@ args = 0, pretend = 0, frame = 0
ARM GAS  C:\Users\alireza\AppData\Local\Temp\ccyFCZ0W.s 			page 48


 1111              		@ frame_needed = 0, uses_anonymous_args = 0
 1112              		.loc 1 242 1 is_stmt 0 view .LVU322
 1113 0000 08B5     		push	{r3, lr}
 1114              		.cfi_def_cfa_offset 8
 1115              		.cfi_offset 3, -8
 1116              		.cfi_offset 14, -4
 243:controller/utils/timing.c ****     return (scheduler_schedule_event_handle(timestamp_us, callback) != SCHEDULER_HANDLE_INVALID);
 1117              		.loc 1 243 5 is_stmt 1 view .LVU323
 1118              		.loc 1 243 13 is_stmt 0 view .LVU324
 1119 0002 FFF7FEFF 		bl	scheduler_schedule_event_handle
 1120              	.LVL67:
 244:controller/utils/timing.c **** }
 1121              		.loc 1 244 1 view .LVU325
 1122 0006 0038     		subs	r0, r0, #0
 1123 0008 18BF     		it	ne
 1124 000a 0120     		movne	r0, #1
 1125 000c 08BD     		pop	{r3, pc}
 1126              		.cfi_endproc
 1127              	.LFE232:
 1129              		.section	.text.scheduler_schedule_event_with_arg,"ax",%progbits
 1130              		.align	1
 1131              		.global	scheduler_schedule_event_with_arg
 1132              		.syntax unified
 1133              		.thumb
 1134              		.thumb_func
 1136              	scheduler_schedule_event_with_arg:
 1137              	.LVL68:
 1138              	.LFB233:
 245:controller/utils/timing.c **** 
 246:controller/utils/timing.c **** bool scheduler_schedule_event_with_arg(time_us_t timestamp_us, void (*callback)(void *), void *arg)
 247:controller/utils/timing.c **** {
 1139              		.loc 1 247 1 is_stmt 1 view -0
 1140              		.cfi_startproc
 1141              		@ args = 0, pretend = 0, frame = 0
 1142              		@ frame_needed = 0, uses_anonymous_args = 0
 1143              		.loc 1 247 1 is_stmt 0 view .LVU327
 1144 0000 08B5     		push	{r3, lr}
 1145              		.cfi_def_cfa_offset 8
 1146              		.cfi_offset 3, -8
 1147              		.cfi_offset 14, -4
 248:controller/utils/timing.c ****     return (scheduler_schedule_event_with_arg_handle(timestamp_us, callback, arg) != SCHEDULER_HAND
 1148              		.loc 1 248 5 is_stmt 1 view .LVU328
 1149              		.loc 1 248 13 is_stmt 0 view .LVU329
 1150 0002 FFF7FEFF 		bl	scheduler_schedule_event_with_arg_handle
 1151              	.LVL69:
 249:controller/utils/timing.c **** }
 1152              		.loc 1 249 1 view .LVU330
 1153 0006 0038     		subs	r0, r0, #0
 1154 0008 18BF     		it	ne
 1155 000a 0120     		movne	r0, #1
 1156 000c 08BD     		pop	{r3, pc}
 1157              		.cfi_endproc
 1158              	.LFE233:
 1160              		.section	.text.scheduler_cancel,"ax",%progbits
 1161              		.align	1
 1162              		.global	scheduler_cancel
 1163              		.syntax unified
ARM GAS  C:\Users\alireza\AppData\Local\Temp\ccyFCZ0W.s 			page 49


 1164              		.thumb
 1165              		.thumb_func
 1167              	scheduler_cancel:
 1168              	.LVL70:
 1169              	.LFB234:
 250:controller/utils/timing.c **** 
 251:controller/utils/timing.c **** bool scheduler_cancel(scheduler_handle_t handle)
 252:controller/utils/timing.c **** {
 1170              		.loc 1 252 1 is_stmt 1 view -0
 1171              		.cfi_startproc
 1172              		@ args = 0, pretend = 0, frame = 0
 1173              		@ frame_needed = 0, uses_anonymous_args = 0
 253:controller/utils/timing.c ****     if (handle == SCHEDULER_HANDLE_INVALID) return false;
 1174              		.loc 1 253 5 view .LVU332
 1175              		.loc 1 253 8 is_stmt 0 view .LVU333
 1176 0000 0028     		cmp	r0, #0
 1177 0002 35D0     		beq	.L81
 254:controller/utils/timing.c **** 
 255:controller/utils/timing.c ****     uint16_t idx, gen;
 1178              		.loc 1 255 5 is_stmt 1 view .LVU334
 256:controller/utils/timing.c ****     decode_handle(handle, &idx, &gen);
 1179              		.loc 1 256 5 view .LVU335
 1180              	.LVL71:
 1181              	.LBB158:
 1182              	.LBI158:
  64:controller/utils/timing.c **** {
 1183              		.loc 1 64 20 view .LVU336
 1184              	.LBB159:
  66:controller/utils/timing.c ****         *out_idx = UINT16_MAX;
 1185              		.loc 1 66 5 view .LVU337
  71:controller/utils/timing.c ****     *out_gen = (uint16_t)((h >> 16) & 0xFFFFU);
 1186              		.loc 1 71 5 view .LVU338
  71:controller/utils/timing.c ****     *out_gen = (uint16_t)((h >> 16) & 0xFFFFU);
 1187              		.loc 1 71 16 is_stmt 0 view .LVU339
 1188 0004 82B2     		uxth	r2, r0
 1189              	.LVL72:
  72:controller/utils/timing.c **** }
 1190              		.loc 1 72 5 is_stmt 1 view .LVU340
  72:controller/utils/timing.c **** }
 1191              		.loc 1 72 16 is_stmt 0 view .LVU341
 1192 0006 030C     		lsrs	r3, r0, #16
 1193              	.LVL73:
  72:controller/utils/timing.c **** }
 1194              		.loc 1 72 16 view .LVU342
 1195              	.LBE159:
 1196              	.LBE158:
 257:controller/utils/timing.c ****     if (idx >= SCHEDULER_MAX_EVENTS) return false;
 1197              		.loc 1 257 5 is_stmt 1 view .LVU343
 1198              		.loc 1 257 8 is_stmt 0 view .LVU344
 1199 0008 632A     		cmp	r2, #99
 1200 000a 33D8     		bhi	.L82
 252:controller/utils/timing.c ****     if (handle == SCHEDULER_HANDLE_INVALID) return false;
 1201              		.loc 1 252 1 view .LVU345
 1202 000c 10B5     		push	{r4, lr}
 1203              		.cfi_def_cfa_offset 8
 1204              		.cfi_offset 4, -8
 1205              		.cfi_offset 14, -4
ARM GAS  C:\Users\alireza\AppData\Local\Temp\ccyFCZ0W.s 			page 50


 258:controller/utils/timing.c **** 
 259:controller/utils/timing.c ****     uint32_t saved = enter_critical();
 1206              		.loc 1 259 5 is_stmt 1 view .LVU346
 1207              	.LBB160:
 1208              	.LBI160:
  43:controller/utils/timing.c **** {
 1209              		.loc 1 43 24 view .LVU347
 1210              	.LBB161:
  45:controller/utils/timing.c ****     __disable_irq();
 1211              		.loc 1 45 5 view .LVU348
 1212              	.LBB162:
 1213              	.LBI162:
1204:Drivers/CMSIS/Include/cmsis_gcc.h **** {
 1214              		.loc 2 1204 31 view .LVU349
 1215              	.LBB163:
1206:Drivers/CMSIS/Include/cmsis_gcc.h **** 
 1216              		.loc 2 1206 3 view .LVU350
1208:Drivers/CMSIS/Include/cmsis_gcc.h ****   return(result);
 1217              		.loc 2 1208 3 view .LVU351
 1218              		.syntax unified
 1219              	@ 1208 "Drivers/CMSIS/Include/cmsis_gcc.h" 1
 1220 000e EFF31084 		MRS r4, primask
 1221              	@ 0 "" 2
 1222              	.LVL74:
 1223              		.loc 2 1209 3 view .LVU352
 1224              		.loc 2 1209 3 is_stmt 0 view .LVU353
 1225              		.thumb
 1226              		.syntax unified
 1227              	.LBE163:
 1228              	.LBE162:
  46:controller/utils/timing.c ****     return prim;
 1229              		.loc 1 46 5 is_stmt 1 view .LVU354
 1230              	.LBB164:
 1231              	.LBI164:
 960:Drivers/CMSIS/Include/cmsis_gcc.h **** {
 1232              		.loc 2 960 27 view .LVU355
 1233              	.LBB165:
 962:Drivers/CMSIS/Include/cmsis_gcc.h **** }
 1234              		.loc 2 962 3 view .LVU356
 1235              		.syntax unified
 1236              	@ 962 "Drivers/CMSIS/Include/cmsis_gcc.h" 1
 1237 0012 72B6     		cpsid i
 1238              	@ 0 "" 2
 1239              		.thumb
 1240              		.syntax unified
 1241              	.LBE165:
 1242              	.LBE164:
  47:controller/utils/timing.c **** }
 1243              		.loc 1 47 5 view .LVU357
 1244              	.LVL75:
  47:controller/utils/timing.c **** }
 1245              		.loc 1 47 5 is_stmt 0 view .LVU358
 1246              	.LBE161:
 1247              	.LBE160:
 260:controller/utils/timing.c ****     if (s_slots[idx].generation == gen &&
 1248              		.loc 1 260 5 is_stmt 1 view .LVU359
 1249              		.loc 1 260 21 is_stmt 0 view .LVU360
ARM GAS  C:\Users\alireza\AppData\Local\Temp\ccyFCZ0W.s 			page 51


 1250 0014 02EB8200 		add	r0, r2, r2, lsl #2
 1251              	.LVL76:
 1252              		.loc 1 260 21 view .LVU361
 1253 0018 1849     		ldr	r1, .L89
 1254 001a 01EB8001 		add	r1, r1, r0, lsl #2
 1255 001e 498A     		ldrh	r1, [r1, #18]
 1256 0020 89B2     		uxth	r1, r1
 1257              		.loc 1 260 8 view .LVU362
 1258 0022 9942     		cmp	r1, r3
 1259 0024 05D0     		beq	.L88
 1260              	.LVL77:
 1261              	.L78:
 261:controller/utils/timing.c ****         (s_slots[idx].state == EVENT_STATE_PENDING || s_slots[idx].state == EVENT_STATE_ACTIVE)) {
 262:controller/utils/timing.c ****         s_slots[idx].state = EVENT_STATE_INACTIVE;
 263:controller/utils/timing.c ****         s_slots[idx].arg = NULL;
 264:controller/utils/timing.c ****         s_slots[idx].callback_noarg = NULL;
 265:controller/utils/timing.c ****         s_slots[idx].callback_arg = NULL;
 266:controller/utils/timing.c ****         s_slots[idx].uses_arg = 0U;
 267:controller/utils/timing.c ****         /* Do not change generation — allocate_slot_locked will bump on next allocate */
 268:controller/utils/timing.c ****         update_next_event_locked();
 269:controller/utils/timing.c ****         exit_critical(saved);
 270:controller/utils/timing.c ****         return true;
 271:controller/utils/timing.c ****     }
 272:controller/utils/timing.c ****     exit_critical(saved);
 1262              		.loc 1 272 5 is_stmt 1 view .LVU363
 1263              	.LBB166:
 1264              	.LBI166:
  50:controller/utils/timing.c **** {
 1265              		.loc 1 50 20 view .LVU364
 1266              	.LBB167:
  52:controller/utils/timing.c ****         __enable_irq();
 1267              		.loc 1 52 5 view .LVU365
  52:controller/utils/timing.c ****         __enable_irq();
 1268              		.loc 1 52 8 is_stmt 0 view .LVU366
 1269 0026 14F0010F 		tst	r4, #1
 1270 002a 25D1     		bne	.L83
  53:controller/utils/timing.c ****     }
 1271              		.loc 1 53 9 is_stmt 1 view .LVU367
 1272              	.LBB168:
 1273              	.LBI168:
 949:Drivers/CMSIS/Include/cmsis_gcc.h **** {
 1274              		.loc 2 949 27 view .LVU368
 1275              	.LBB169:
 951:Drivers/CMSIS/Include/cmsis_gcc.h **** }
 1276              		.loc 2 951 3 view .LVU369
 1277              		.syntax unified
 1278              	@ 951 "Drivers/CMSIS/Include/cmsis_gcc.h" 1
 1279 002c 62B6     		cpsie i
 1280              	@ 0 "" 2
 1281              		.thumb
 1282              		.syntax unified
 1283              	.LBE169:
 1284              	.LBE168:
 1285              	.LBE167:
 1286              	.LBE166:
 273:controller/utils/timing.c ****     return false;
 1287              		.loc 1 273 12 is_stmt 0 view .LVU370
ARM GAS  C:\Users\alireza\AppData\Local\Temp\ccyFCZ0W.s 			page 52


 1288 002e 0020     		movs	r0, #0
 1289              	.LBB173:
 1290              	.LBB172:
 1291              	.LBB171:
 1292              	.LBB170:
 952:Drivers/CMSIS/Include/cmsis_gcc.h **** 
 1293              		.loc 2 952 1 view .LVU371
 1294 0030 23E0     		b	.L77
 1295              	.LVL78:
 1296              	.L88:
 952:Drivers/CMSIS/Include/cmsis_gcc.h **** 
 1297              		.loc 2 952 1 view .LVU372
 1298              	.LBE170:
 1299              	.LBE171:
 1300              	.LBE172:
 1301              	.LBE173:
 261:controller/utils/timing.c ****         s_slots[idx].state = EVENT_STATE_INACTIVE;
 1302              		.loc 1 261 22 view .LVU373
 1303 0032 124B     		ldr	r3, .L89
 1304              	.LVL79:
 261:controller/utils/timing.c ****         s_slots[idx].state = EVENT_STATE_INACTIVE;
 1305              		.loc 1 261 22 view .LVU374
 1306 0034 03EB8003 		add	r3, r3, r0, lsl #2
 1307 0038 5B7C     		ldrb	r3, [r3, #17]	@ zero_extendqisi2
 260:controller/utils/timing.c ****         (s_slots[idx].state == EVENT_STATE_PENDING || s_slots[idx].state == EVENT_STATE_ACTIVE)) {
 1308              		.loc 1 260 40 discriminator 1 view .LVU375
 1309 003a 012B     		cmp	r3, #1
 1310 003c 05D0     		beq	.L79
 261:controller/utils/timing.c ****         s_slots[idx].state = EVENT_STATE_INACTIVE;
 1311              		.loc 1 261 67 view .LVU376
 1312 003e 0F4B     		ldr	r3, .L89
 1313 0040 03EB8003 		add	r3, r3, r0, lsl #2
 1314 0044 5B7C     		ldrb	r3, [r3, #17]	@ zero_extendqisi2
 261:controller/utils/timing.c ****         s_slots[idx].state = EVENT_STATE_INACTIVE;
 1315              		.loc 1 261 52 view .LVU377
 1316 0046 022B     		cmp	r3, #2
 1317 0048 EDD1     		bne	.L78
 1318              	.L79:
 262:controller/utils/timing.c ****         s_slots[idx].arg = NULL;
 1319              		.loc 1 262 9 is_stmt 1 view .LVU378
 262:controller/utils/timing.c ****         s_slots[idx].arg = NULL;
 1320              		.loc 1 262 28 is_stmt 0 view .LVU379
 1321 004a 0C48     		ldr	r0, .L89
 1322 004c 02EB8203 		add	r3, r2, r2, lsl #2
 1323 0050 00EB8303 		add	r3, r0, r3, lsl #2
 1324 0054 0021     		movs	r1, #0
 1325 0056 5974     		strb	r1, [r3, #17]
 263:controller/utils/timing.c ****         s_slots[idx].callback_noarg = NULL;
 1326              		.loc 1 263 9 is_stmt 1 view .LVU380
 263:controller/utils/timing.c ****         s_slots[idx].callback_noarg = NULL;
 1327              		.loc 1 263 26 is_stmt 0 view .LVU381
 1328 0058 D960     		str	r1, [r3, #12]
 264:controller/utils/timing.c ****         s_slots[idx].callback_arg = NULL;
 1329              		.loc 1 264 9 is_stmt 1 view .LVU382
 264:controller/utils/timing.c ****         s_slots[idx].callback_arg = NULL;
 1330              		.loc 1 264 37 is_stmt 0 view .LVU383
 1331 005a 5960     		str	r1, [r3, #4]
ARM GAS  C:\Users\alireza\AppData\Local\Temp\ccyFCZ0W.s 			page 53


 265:controller/utils/timing.c ****         s_slots[idx].uses_arg = 0U;
 1332              		.loc 1 265 9 is_stmt 1 view .LVU384
 265:controller/utils/timing.c ****         s_slots[idx].uses_arg = 0U;
 1333              		.loc 1 265 35 is_stmt 0 view .LVU385
 1334 005c 9960     		str	r1, [r3, #8]
 266:controller/utils/timing.c ****         /* Do not change generation — allocate_slot_locked will bump on next allocate */
 1335              		.loc 1 266 9 is_stmt 1 view .LVU386
 266:controller/utils/timing.c ****         /* Do not change generation — allocate_slot_locked will bump on next allocate */
 1336              		.loc 1 266 31 is_stmt 0 view .LVU387
 1337 005e 1974     		strb	r1, [r3, #16]
 268:controller/utils/timing.c ****         exit_critical(saved);
 1338              		.loc 1 268 9 is_stmt 1 view .LVU388
 1339 0060 FFF7FEFF 		bl	update_next_event_locked
 1340              	.LVL80:
 269:controller/utils/timing.c ****         return true;
 1341              		.loc 1 269 9 view .LVU389
 1342              	.LBB174:
 1343              	.LBI174:
  50:controller/utils/timing.c **** {
 1344              		.loc 1 50 20 view .LVU390
 1345              	.LBB175:
  52:controller/utils/timing.c ****         __enable_irq();
 1346              		.loc 1 52 5 view .LVU391
  52:controller/utils/timing.c ****         __enable_irq();
 1347              		.loc 1 52 8 is_stmt 0 view .LVU392
 1348 0064 14F0010F 		tst	r4, #1
 1349 0068 00D1     		bne	.L80
  53:controller/utils/timing.c ****     }
 1350              		.loc 1 53 9 is_stmt 1 view .LVU393
 1351              	.LBB176:
 1352              	.LBI176:
 949:Drivers/CMSIS/Include/cmsis_gcc.h **** {
 1353              		.loc 2 949 27 view .LVU394
 1354              	.LBB177:
 951:Drivers/CMSIS/Include/cmsis_gcc.h **** }
 1355              		.loc 2 951 3 view .LVU395
 1356              		.syntax unified
 1357              	@ 951 "Drivers/CMSIS/Include/cmsis_gcc.h" 1
 1358 006a 62B6     		cpsie i
 1359              	@ 0 "" 2
 1360              		.thumb
 1361              		.syntax unified
 1362              	.L80:
 1363              	.LVL81:
 951:Drivers/CMSIS/Include/cmsis_gcc.h **** }
 1364              		.loc 2 951 3 is_stmt 0 view .LVU396
 1365              	.LBE177:
 1366              	.LBE176:
 1367              	.LBE175:
 1368              	.LBE174:
 270:controller/utils/timing.c ****     }
 1369              		.loc 1 270 9 is_stmt 1 view .LVU397
 270:controller/utils/timing.c ****     }
 1370              		.loc 1 270 16 is_stmt 0 view .LVU398
 1371 006c 0120     		movs	r0, #1
 1372 006e 04E0     		b	.L77
 1373              	.LVL82:
ARM GAS  C:\Users\alireza\AppData\Local\Temp\ccyFCZ0W.s 			page 54


 1374              	.L81:
 1375              		.cfi_def_cfa_offset 0
 1376              		.cfi_restore 4
 1377              		.cfi_restore 14
 253:controller/utils/timing.c **** 
 1378              		.loc 1 253 52 discriminator 1 view .LVU399
 1379 0070 0020     		movs	r0, #0
 1380              	.LVL83:
 253:controller/utils/timing.c **** 
 1381              		.loc 1 253 52 discriminator 1 view .LVU400
 1382 0072 7047     		bx	lr
 1383              	.LVL84:
 1384              	.L82:
 257:controller/utils/timing.c **** 
 1385              		.loc 1 257 45 discriminator 1 view .LVU401
 1386 0074 0020     		movs	r0, #0
 1387              	.LVL85:
 274:controller/utils/timing.c **** }
 1388              		.loc 1 274 1 view .LVU402
 1389 0076 7047     		bx	lr
 1390              	.LVL86:
 1391              	.L83:
 1392              		.cfi_def_cfa_offset 8
 1393              		.cfi_offset 4, -8
 1394              		.cfi_offset 14, -4
 273:controller/utils/timing.c **** }
 1395              		.loc 1 273 12 view .LVU403
 1396 0078 0020     		movs	r0, #0
 1397              	.LVL87:
 1398              	.L77:
 1399              		.loc 1 274 1 view .LVU404
 1400 007a 10BD     		pop	{r4, pc}
 1401              	.LVL88:
 1402              	.L90:
 1403              		.loc 1 274 1 view .LVU405
 1404              		.align	2
 1405              	.L89:
 1406 007c 00000000 		.word	s_slots
 1407              		.cfi_endproc
 1408              	.LFE234:
 1410              		.section	.text.scheduler_timer_callback,"ax",%progbits
 1411              		.align	1
 1412              		.global	scheduler_timer_callback
 1413              		.syntax unified
 1414              		.thumb
 1415              		.thumb_func
 1417              	scheduler_timer_callback:
 1418              	.LFB235:
 275:controller/utils/timing.c **** 
 276:controller/utils/timing.c **** /* ---------- Timer ISR callback ---------- */
 277:controller/utils/timing.c **** void scheduler_timer_callback(void)
 278:controller/utils/timing.c **** {
 1419              		.loc 1 278 1 is_stmt 1 view -0
 1420              		.cfi_startproc
 1421              		@ args = 0, pretend = 0, frame = 0
 1422              		@ frame_needed = 0, uses_anonymous_args = 0
 279:controller/utils/timing.c ****     if (!s_timer) return;
ARM GAS  C:\Users\alireza\AppData\Local\Temp\ccyFCZ0W.s 			page 55


 1423              		.loc 1 279 5 view .LVU407
 1424              		.loc 1 279 9 is_stmt 0 view .LVU408
 1425 0000 2B4B     		ldr	r3, .L104
 1426 0002 1B68     		ldr	r3, [r3]
 1427              		.loc 1 279 8 view .LVU409
 1428 0004 002B     		cmp	r3, #0
 1429 0006 52D0     		beq	.L100
 280:controller/utils/timing.c **** 
 281:controller/utils/timing.c ****     /* Exit early if this wasn't a CCR1 match */
 282:controller/utils/timing.c ****     if (!(s_timer->Instance->SR & TIM_SR_CC1IF)) return;
 1430              		.loc 1 282 5 is_stmt 1 view .LVU410
 1431              		.loc 1 282 18 is_stmt 0 view .LVU411
 1432 0008 1B68     		ldr	r3, [r3]
 1433              		.loc 1 282 28 view .LVU412
 1434 000a 1A69     		ldr	r2, [r3, #16]
 1435              		.loc 1 282 8 view .LVU413
 1436 000c 12F0020F 		tst	r2, #2
 1437 0010 4DD0     		beq	.L100
 278:controller/utils/timing.c ****     if (!s_timer) return;
 1438              		.loc 1 278 1 view .LVU414
 1439 0012 70B5     		push	{r4, r5, r6, lr}
 1440              		.cfi_def_cfa_offset 16
 1441              		.cfi_offset 4, -16
 1442              		.cfi_offset 5, -12
 1443              		.cfi_offset 6, -8
 1444              		.cfi_offset 14, -4
 283:controller/utils/timing.c **** 
 284:controller/utils/timing.c ****     /* Clear the flag first */
 285:controller/utils/timing.c ****     s_timer->Instance->SR &= ~TIM_SR_CC1IF;
 1445              		.loc 1 285 5 is_stmt 1 view .LVU415
 1446              		.loc 1 285 22 is_stmt 0 view .LVU416
 1447 0014 1A69     		ldr	r2, [r3, #16]
 1448              		.loc 1 285 27 view .LVU417
 1449 0016 22F00202 		bic	r2, r2, #2
 1450 001a 1A61     		str	r2, [r3, #16]
 286:controller/utils/timing.c **** 
 287:controller/utils/timing.c ****     /* take a lock while we discover due events; we will release it while running callbacks
 288:controller/utils/timing.c ****      * to avoid holding interrupts disabled for too long. (Callbacks are still executed in ISR.)
 289:controller/utils/timing.c ****      */
 290:controller/utils/timing.c ****     uint32_t saved = enter_critical();
 1451              		.loc 1 290 5 is_stmt 1 view .LVU418
 1452              	.LBB178:
 1453              	.LBI178:
  43:controller/utils/timing.c **** {
 1454              		.loc 1 43 24 view .LVU419
 1455              	.LBB179:
  45:controller/utils/timing.c ****     __disable_irq();
 1456              		.loc 1 45 5 view .LVU420
 1457              	.LBB180:
 1458              	.LBI180:
1204:Drivers/CMSIS/Include/cmsis_gcc.h **** {
 1459              		.loc 2 1204 31 view .LVU421
 1460              	.LBB181:
1206:Drivers/CMSIS/Include/cmsis_gcc.h **** 
 1461              		.loc 2 1206 3 view .LVU422
1208:Drivers/CMSIS/Include/cmsis_gcc.h ****   return(result);
 1462              		.loc 2 1208 3 view .LVU423
ARM GAS  C:\Users\alireza\AppData\Local\Temp\ccyFCZ0W.s 			page 56


 1463              		.syntax unified
 1464              	@ 1208 "Drivers/CMSIS/Include/cmsis_gcc.h" 1
 1465 001c EFF31085 		MRS r5, primask
 1466              	@ 0 "" 2
 1467              	.LVL89:
 1468              		.loc 2 1209 3 view .LVU424
 1469              		.loc 2 1209 3 is_stmt 0 view .LVU425
 1470              		.thumb
 1471              		.syntax unified
 1472              	.LBE181:
 1473              	.LBE180:
  46:controller/utils/timing.c ****     return prim;
 1474              		.loc 1 46 5 is_stmt 1 view .LVU426
 1475              	.LBB182:
 1476              	.LBI182:
 960:Drivers/CMSIS/Include/cmsis_gcc.h **** {
 1477              		.loc 2 960 27 view .LVU427
 1478              	.LBB183:
 962:Drivers/CMSIS/Include/cmsis_gcc.h **** }
 1479              		.loc 2 962 3 view .LVU428
 1480              		.syntax unified
 1481              	@ 962 "Drivers/CMSIS/Include/cmsis_gcc.h" 1
 1482 0020 72B6     		cpsid i
 1483              	@ 0 "" 2
 1484              		.thumb
 1485              		.syntax unified
 1486              	.LBE183:
 1487              	.LBE182:
  47:controller/utils/timing.c **** }
 1488              		.loc 1 47 5 view .LVU429
 1489              	.LVL90:
  47:controller/utils/timing.c **** }
 1490              		.loc 1 47 5 is_stmt 0 view .LVU430
 1491              	.LBE179:
 1492              	.LBE178:
 291:controller/utils/timing.c ****     time_us_t now = (time_us_t)s_timer->Instance->CNT;
 1493              		.loc 1 291 5 is_stmt 1 view .LVU431
 1494              		.loc 1 291 39 is_stmt 0 view .LVU432
 1495 0022 234B     		ldr	r3, .L104
 1496 0024 1B68     		ldr	r3, [r3]
 1497 0026 1B68     		ldr	r3, [r3]
 1498              		.loc 1 291 15 view .LVU433
 1499 0028 5E6A     		ldr	r6, [r3, #36]
 1500              	.LVL91:
 292:controller/utils/timing.c **** 
 293:controller/utils/timing.c ****     for (int i = 0; i < SCHEDULER_MAX_EVENTS; ++i) {
 1501              		.loc 1 293 5 is_stmt 1 view .LVU434
 1502              	.LBB184:
 1503              		.loc 1 293 10 view .LVU435
 1504              		.loc 1 293 14 is_stmt 0 view .LVU436
 1505 002a 0024     		movs	r4, #0
 1506              		.loc 1 293 5 view .LVU437
 1507 002c 10E0     		b	.L93
 1508              	.LVL92:
 1509              	.L96:
 1510              	.LBB185:
 294:controller/utils/timing.c ****         if (s_slots[i].state != EVENT_STATE_PENDING) continue;
ARM GAS  C:\Users\alireza\AppData\Local\Temp\ccyFCZ0W.s 			page 57


 295:controller/utils/timing.c **** 
 296:controller/utils/timing.c ****         if ((int32_t)(now - s_slots[i].timestamp_us) < 0) continue; /* not due yet */
 297:controller/utils/timing.c **** 
 298:controller/utils/timing.c ****         /* Mark active so the slot won't be reused while we execute */
 299:controller/utils/timing.c ****         s_slots[i].state = EVENT_STATE_ACTIVE;
 300:controller/utils/timing.c **** 
 301:controller/utils/timing.c ****         /* Snapshot callback info under lock */
 302:controller/utils/timing.c ****         void (*cb_noarg)(void) = s_slots[i].callback_noarg;
 303:controller/utils/timing.c ****         void (*cb_arg)(void *) = s_slots[i].callback_arg;
 304:controller/utils/timing.c ****         void *arg = (void *)s_slots[i].arg;
 305:controller/utils/timing.c ****         uint8_t uses_arg = s_slots[i].uses_arg;
 306:controller/utils/timing.c **** 
 307:controller/utils/timing.c ****         /* Release lock while executing callback (still inside ISR) */
 308:controller/utils/timing.c ****         exit_critical(saved);
 309:controller/utils/timing.c **** 
 310:controller/utils/timing.c ****         /* Execute callback (ISR context). Keep these short. */
 311:controller/utils/timing.c ****         if (uses_arg) {
 312:controller/utils/timing.c ****             if (cb_arg) cb_arg(arg);
 313:controller/utils/timing.c ****         } else {
 314:controller/utils/timing.c ****             if (cb_noarg) cb_noarg();
 1511              		.loc 1 314 13 is_stmt 1 view .LVU438
 1512              		.loc 1 314 16 is_stmt 0 view .LVU439
 1513 002e 02B1     		cbz	r2, .L97
 1514              		.loc 1 314 27 is_stmt 1 discriminator 1 view .LVU440
 1515 0030 9047     		blx	r2
 1516              	.LVL93:
 1517              	.L97:
 315:controller/utils/timing.c ****         }
 316:controller/utils/timing.c **** 
 317:controller/utils/timing.c ****         /* Reacquire lock and mark slot inactive */
 318:controller/utils/timing.c ****         saved = enter_critical();
 1518              		.loc 1 318 9 view .LVU441
 1519              	.LBB186:
 1520              	.LBI186:
  43:controller/utils/timing.c **** {
 1521              		.loc 1 43 24 view .LVU442
 1522              	.LBB187:
  45:controller/utils/timing.c ****     __disable_irq();
 1523              		.loc 1 45 5 view .LVU443
 1524              	.LBB188:
 1525              	.LBI188:
1204:Drivers/CMSIS/Include/cmsis_gcc.h **** {
 1526              		.loc 2 1204 31 view .LVU444
 1527              	.LBB189:
1206:Drivers/CMSIS/Include/cmsis_gcc.h **** 
 1528              		.loc 2 1206 3 view .LVU445
1208:Drivers/CMSIS/Include/cmsis_gcc.h ****   return(result);
 1529              		.loc 2 1208 3 view .LVU446
 1530              		.syntax unified
 1531              	@ 1208 "Drivers/CMSIS/Include/cmsis_gcc.h" 1
 1532 0032 EFF31085 		MRS r5, primask
 1533              	@ 0 "" 2
 1534              	.LVL94:
 1535              		.loc 2 1209 3 view .LVU447
 1536              		.loc 2 1209 3 is_stmt 0 view .LVU448
 1537              		.thumb
 1538              		.syntax unified
ARM GAS  C:\Users\alireza\AppData\Local\Temp\ccyFCZ0W.s 			page 58


 1539              	.LBE189:
 1540              	.LBE188:
  46:controller/utils/timing.c ****     return prim;
 1541              		.loc 1 46 5 is_stmt 1 view .LVU449
 1542              	.LBB190:
 1543              	.LBI190:
 960:Drivers/CMSIS/Include/cmsis_gcc.h **** {
 1544              		.loc 2 960 27 view .LVU450
 1545              	.LBB191:
 962:Drivers/CMSIS/Include/cmsis_gcc.h **** }
 1546              		.loc 2 962 3 view .LVU451
 1547              		.syntax unified
 1548              	@ 962 "Drivers/CMSIS/Include/cmsis_gcc.h" 1
 1549 0036 72B6     		cpsid i
 1550              	@ 0 "" 2
 1551              		.thumb
 1552              		.syntax unified
 1553              	.LBE191:
 1554              	.LBE190:
  47:controller/utils/timing.c **** }
 1555              		.loc 1 47 5 view .LVU452
 1556              	.LVL95:
  47:controller/utils/timing.c **** }
 1557              		.loc 1 47 5 is_stmt 0 view .LVU453
 1558              	.LBE187:
 1559              	.LBE186:
 319:controller/utils/timing.c ****         s_slots[i].state = EVENT_STATE_INACTIVE;
 1560              		.loc 1 319 9 is_stmt 1 view .LVU454
 1561              		.loc 1 319 26 is_stmt 0 view .LVU455
 1562 0038 04EB8403 		add	r3, r4, r4, lsl #2
 1563 003c 9A00     		lsls	r2, r3, #2
 1564 003e 1D4B     		ldr	r3, .L104+4
 1565 0040 1344     		add	r3, r3, r2
 1566 0042 0022     		movs	r2, #0
 1567 0044 5A74     		strb	r2, [r3, #17]
 320:controller/utils/timing.c ****         s_slots[i].arg = NULL;
 1568              		.loc 1 320 9 is_stmt 1 view .LVU456
 1569              		.loc 1 320 24 is_stmt 0 view .LVU457
 1570 0046 DA60     		str	r2, [r3, #12]
 321:controller/utils/timing.c ****         s_slots[i].callback_noarg = NULL;
 1571              		.loc 1 321 9 is_stmt 1 view .LVU458
 1572              		.loc 1 321 35 is_stmt 0 view .LVU459
 1573 0048 5A60     		str	r2, [r3, #4]
 322:controller/utils/timing.c ****         s_slots[i].callback_arg = NULL;
 1574              		.loc 1 322 9 is_stmt 1 view .LVU460
 1575              		.loc 1 322 33 is_stmt 0 view .LVU461
 1576 004a 9A60     		str	r2, [r3, #8]
 323:controller/utils/timing.c ****         s_slots[i].uses_arg = 0U;
 1577              		.loc 1 323 9 is_stmt 1 view .LVU462
 1578              		.loc 1 323 29 is_stmt 0 view .LVU463
 1579 004c 1A74     		strb	r2, [r3, #16]
 1580              	.LVL96:
 1581              	.L94:
 1582              		.loc 1 323 29 view .LVU464
 1583              	.LBE185:
 293:controller/utils/timing.c ****         if (s_slots[i].state != EVENT_STATE_PENDING) continue;
 1584              		.loc 1 293 47 is_stmt 1 discriminator 2 view .LVU465
ARM GAS  C:\Users\alireza\AppData\Local\Temp\ccyFCZ0W.s 			page 59


 1585 004e 0134     		adds	r4, r4, #1
 1586              	.LVL97:
 1587              	.L93:
 293:controller/utils/timing.c ****         if (s_slots[i].state != EVENT_STATE_PENDING) continue;
 1588              		.loc 1 293 23 discriminator 1 view .LVU466
 1589 0050 632C     		cmp	r4, #99
 1590 0052 25DC     		bgt	.L103
 1591              	.LBB196:
 294:controller/utils/timing.c **** 
 1592              		.loc 1 294 9 view .LVU467
 294:controller/utils/timing.c **** 
 1593              		.loc 1 294 23 is_stmt 0 view .LVU468
 1594 0054 04EB8403 		add	r3, r4, r4, lsl #2
 1595 0058 9A00     		lsls	r2, r3, #2
 1596 005a 164B     		ldr	r3, .L104+4
 1597 005c 1344     		add	r3, r3, r2
 1598 005e 5B7C     		ldrb	r3, [r3, #17]	@ zero_extendqisi2
 294:controller/utils/timing.c **** 
 1599              		.loc 1 294 12 view .LVU469
 1600 0060 012B     		cmp	r3, #1
 1601 0062 F4D1     		bne	.L94
 296:controller/utils/timing.c **** 
 1602              		.loc 1 296 9 is_stmt 1 view .LVU470
 296:controller/utils/timing.c **** 
 1603              		.loc 1 296 39 is_stmt 0 view .LVU471
 1604 0064 04EB8402 		add	r2, r4, r4, lsl #2
 1605 0068 9300     		lsls	r3, r2, #2
 1606 006a 124A     		ldr	r2, .L104+4
 1607 006c D358     		ldr	r3, [r2, r3]
 296:controller/utils/timing.c **** 
 1608              		.loc 1 296 27 view .LVU472
 1609 006e F31A     		subs	r3, r6, r3
 296:controller/utils/timing.c **** 
 1610              		.loc 1 296 12 view .LVU473
 1611 0070 002B     		cmp	r3, #0
 1612 0072 ECDB     		blt	.L94
 299:controller/utils/timing.c **** 
 1613              		.loc 1 299 9 is_stmt 1 view .LVU474
 299:controller/utils/timing.c **** 
 1614              		.loc 1 299 26 is_stmt 0 view .LVU475
 1615 0074 04EB8403 		add	r3, r4, r4, lsl #2
 1616 0078 9A00     		lsls	r2, r3, #2
 1617 007a 0E4B     		ldr	r3, .L104+4
 1618 007c 1344     		add	r3, r3, r2
 1619 007e 0222     		movs	r2, #2
 1620 0080 5A74     		strb	r2, [r3, #17]
 302:controller/utils/timing.c ****         void (*cb_arg)(void *) = s_slots[i].callback_arg;
 1621              		.loc 1 302 9 is_stmt 1 view .LVU476
 302:controller/utils/timing.c ****         void (*cb_arg)(void *) = s_slots[i].callback_arg;
 1622              		.loc 1 302 16 is_stmt 0 view .LVU477
 1623 0082 5A68     		ldr	r2, [r3, #4]
 1624              	.LVL98:
 303:controller/utils/timing.c ****         void *arg = (void *)s_slots[i].arg;
 1625              		.loc 1 303 9 is_stmt 1 view .LVU478
 303:controller/utils/timing.c ****         void *arg = (void *)s_slots[i].arg;
 1626              		.loc 1 303 16 is_stmt 0 view .LVU479
 1627 0084 9968     		ldr	r1, [r3, #8]
ARM GAS  C:\Users\alireza\AppData\Local\Temp\ccyFCZ0W.s 			page 60


 1628              	.LVL99:
 304:controller/utils/timing.c ****         uint8_t uses_arg = s_slots[i].uses_arg;
 1629              		.loc 1 304 9 is_stmt 1 view .LVU480
 304:controller/utils/timing.c ****         uint8_t uses_arg = s_slots[i].uses_arg;
 1630              		.loc 1 304 15 is_stmt 0 view .LVU481
 1631 0086 D868     		ldr	r0, [r3, #12]
 1632              	.LVL100:
 305:controller/utils/timing.c **** 
 1633              		.loc 1 305 9 is_stmt 1 view .LVU482
 305:controller/utils/timing.c **** 
 1634              		.loc 1 305 17 is_stmt 0 view .LVU483
 1635 0088 1B7C     		ldrb	r3, [r3, #16]	@ zero_extendqisi2
 1636 008a DBB2     		uxtb	r3, r3
 1637              	.LVL101:
 308:controller/utils/timing.c **** 
 1638              		.loc 1 308 9 is_stmt 1 view .LVU484
 1639              	.LBB192:
 1640              	.LBI192:
  50:controller/utils/timing.c **** {
 1641              		.loc 1 50 20 view .LVU485
 1642              	.LBB193:
  52:controller/utils/timing.c ****         __enable_irq();
 1643              		.loc 1 52 5 view .LVU486
  52:controller/utils/timing.c ****         __enable_irq();
 1644              		.loc 1 52 8 is_stmt 0 view .LVU487
 1645 008c 15F0010F 		tst	r5, #1
 1646 0090 00D1     		bne	.L95
  53:controller/utils/timing.c ****     }
 1647              		.loc 1 53 9 is_stmt 1 view .LVU488
 1648              	.LBB194:
 1649              	.LBI194:
 949:Drivers/CMSIS/Include/cmsis_gcc.h **** {
 1650              		.loc 2 949 27 view .LVU489
 1651              	.LBB195:
 951:Drivers/CMSIS/Include/cmsis_gcc.h **** }
 1652              		.loc 2 951 3 view .LVU490
 1653              		.syntax unified
 1654              	@ 951 "Drivers/CMSIS/Include/cmsis_gcc.h" 1
 1655 0092 62B6     		cpsie i
 1656              	@ 0 "" 2
 1657              		.thumb
 1658              		.syntax unified
 1659              	.L95:
 1660              	.LVL102:
 951:Drivers/CMSIS/Include/cmsis_gcc.h **** }
 1661              		.loc 2 951 3 is_stmt 0 view .LVU491
 1662              	.LBE195:
 1663              	.LBE194:
 1664              	.LBE193:
 1665              	.LBE192:
 311:controller/utils/timing.c ****             if (cb_arg) cb_arg(arg);
 1666              		.loc 1 311 9 is_stmt 1 view .LVU492
 311:controller/utils/timing.c ****             if (cb_arg) cb_arg(arg);
 1667              		.loc 1 311 12 is_stmt 0 view .LVU493
 1668 0094 002B     		cmp	r3, #0
 1669 0096 CAD0     		beq	.L96
 312:controller/utils/timing.c ****         } else {
ARM GAS  C:\Users\alireza\AppData\Local\Temp\ccyFCZ0W.s 			page 61


 1670              		.loc 1 312 13 is_stmt 1 view .LVU494
 312:controller/utils/timing.c ****         } else {
 1671              		.loc 1 312 16 is_stmt 0 view .LVU495
 1672 0098 0029     		cmp	r1, #0
 1673 009a CAD0     		beq	.L97
 312:controller/utils/timing.c ****         } else {
 1674              		.loc 1 312 25 is_stmt 1 discriminator 1 view .LVU496
 1675 009c 8847     		blx	r1
 1676              	.LVL103:
 312:controller/utils/timing.c ****         } else {
 1677              		.loc 1 312 25 is_stmt 0 discriminator 1 view .LVU497
 1678 009e C8E7     		b	.L97
 1679              	.LVL104:
 1680              	.L103:
 312:controller/utils/timing.c ****         } else {
 1681              		.loc 1 312 25 discriminator 1 view .LVU498
 1682              	.LBE196:
 1683              	.LBE184:
 324:controller/utils/timing.c ****         /* continue scanning */
 325:controller/utils/timing.c ****     }
 326:controller/utils/timing.c **** 
 327:controller/utils/timing.c ****     /* Re-arm next event and release lock */
 328:controller/utils/timing.c ****     update_next_event_locked();
 1684              		.loc 1 328 5 is_stmt 1 view .LVU499
 1685 00a0 FFF7FEFF 		bl	update_next_event_locked
 1686              	.LVL105:
 329:controller/utils/timing.c ****     exit_critical(saved);
 1687              		.loc 1 329 5 view .LVU500
 1688              	.LBB197:
 1689              	.LBI197:
  50:controller/utils/timing.c **** {
 1690              		.loc 1 50 20 view .LVU501
 1691              	.LBB198:
  52:controller/utils/timing.c ****         __enable_irq();
 1692              		.loc 1 52 5 view .LVU502
  52:controller/utils/timing.c ****         __enable_irq();
 1693              		.loc 1 52 8 is_stmt 0 view .LVU503
 1694 00a4 15F0010F 		tst	r5, #1
 1695 00a8 00D1     		bne	.L91
  53:controller/utils/timing.c ****     }
 1696              		.loc 1 53 9 is_stmt 1 view .LVU504
 1697              	.LBB199:
 1698              	.LBI199:
 949:Drivers/CMSIS/Include/cmsis_gcc.h **** {
 1699              		.loc 2 949 27 view .LVU505
 1700              	.LBB200:
 951:Drivers/CMSIS/Include/cmsis_gcc.h **** }
 1701              		.loc 2 951 3 view .LVU506
 1702              		.syntax unified
 1703              	@ 951 "Drivers/CMSIS/Include/cmsis_gcc.h" 1
 1704 00aa 62B6     		cpsie i
 1705              	@ 0 "" 2
 1706              	.LVL106:
 1707              		.thumb
 1708              		.syntax unified
 1709              	.L91:
 951:Drivers/CMSIS/Include/cmsis_gcc.h **** }
ARM GAS  C:\Users\alireza\AppData\Local\Temp\ccyFCZ0W.s 			page 62


 1710              		.loc 2 951 3 is_stmt 0 view .LVU507
 1711              	.LBE200:
 1712              	.LBE199:
 1713              	.LBE198:
 1714              	.LBE197:
 330:controller/utils/timing.c **** }
 1715              		.loc 1 330 1 view .LVU508
 1716 00ac 70BD     		pop	{r4, r5, r6, pc}
 1717              	.LVL107:
 1718              	.L100:
 1719              		.cfi_def_cfa_offset 0
 1720              		.cfi_restore 4
 1721              		.cfi_restore 5
 1722              		.cfi_restore 6
 1723              		.cfi_restore 14
 1724              		.loc 1 330 1 view .LVU509
 1725 00ae 7047     		bx	lr
 1726              	.L105:
 1727              		.align	2
 1728              	.L104:
 1729 00b0 00000000 		.word	s_timer
 1730 00b4 00000000 		.word	s_slots
 1731              		.cfi_endproc
 1732              	.LFE235:
 1734              		.section	.bss.s_slots,"aw",%nobits
 1735              		.align	2
 1738              	s_slots:
 1739 0000 00000000 		.space	2000
 1739      00000000 
 1739      00000000 
 1739      00000000 
 1739      00000000 
 1740              		.section	.bss.s_timer,"aw",%nobits
 1741              		.align	2
 1744              	s_timer:
 1745 0000 00000000 		.space	4
 1746              		.text
 1747              	.Letext0:
 1748              		.file 3 "C:/Users/alireza/AppData/Roaming/Code/User/globalStorage/bmd.stm32-for-vscode/@xpack-dev-
 1749              		.file 4 "C:/Users/alireza/AppData/Roaming/Code/User/globalStorage/bmd.stm32-for-vscode/@xpack-dev-
 1750              		.file 5 "Drivers/CMSIS/Device/ST/STM32F4xx/Include/stm32f401xc.h"
 1751              		.file 6 "Drivers/STM32F4xx_HAL_Driver/Inc/stm32f4xx_hal_def.h"
 1752              		.file 7 "Drivers/STM32F4xx_HAL_Driver/Inc/stm32f4xx_hal_dma.h"
 1753              		.file 8 "Drivers/STM32F4xx_HAL_Driver/Inc/stm32f4xx_hal_tim.h"
 1754              		.file 9 "controller/types.h"
 1755              		.file 10 "controller/utils/timing.h"
 1756              		.file 11 "C:/Users/alireza/AppData/Roaming/Code/User/globalStorage/bmd.stm32-for-vscode/@xpack-dev
 1757              		.file 12 "Drivers/STM32F4xx_HAL_Driver/Inc/stm32f4xx_hal_rcc.h"
 1758              		.file 13 "<built-in>"
ARM GAS  C:\Users\alireza\AppData\Local\Temp\ccyFCZ0W.s 			page 63


DEFINED SYMBOLS
                            *ABS*:00000000 timing.c
C:\Users\alireza\AppData\Local\Temp\ccyFCZ0W.s:21     .text.allocate_slot_locked:00000000 $t
C:\Users\alireza\AppData\Local\Temp\ccyFCZ0W.s:26     .text.allocate_slot_locked:00000000 allocate_slot_locked
C:\Users\alireza\AppData\Local\Temp\ccyFCZ0W.s:108    .text.allocate_slot_locked:00000040 $d
C:\Users\alireza\AppData\Local\Temp\ccyFCZ0W.s:1738   .bss.s_slots:00000000 s_slots
C:\Users\alireza\AppData\Local\Temp\ccyFCZ0W.s:113    .text.update_next_event_locked:00000000 $t
C:\Users\alireza\AppData\Local\Temp\ccyFCZ0W.s:118    .text.update_next_event_locked:00000000 update_next_event_locked
C:\Users\alireza\AppData\Local\Temp\ccyFCZ0W.s:302    .text.update_next_event_locked:00000090 $d
C:\Users\alireza\AppData\Local\Temp\ccyFCZ0W.s:1744   .bss.s_timer:00000000 s_timer
C:\Users\alireza\AppData\Local\Temp\ccyFCZ0W.s:308    .text.update_next_event:00000000 $t
C:\Users\alireza\AppData\Local\Temp\ccyFCZ0W.s:314    .text.update_next_event:00000000 update_next_event
C:\Users\alireza\AppData\Local\Temp\ccyFCZ0W.s:405    .text.controller_timing_start:00000000 $t
C:\Users\alireza\AppData\Local\Temp\ccyFCZ0W.s:411    .text.controller_timing_start:00000000 controller_timing_start
C:\Users\alireza\AppData\Local\Temp\ccyFCZ0W.s:590    .text.controller_timing_start:00000078 $d
C:\Users\alireza\AppData\Local\Temp\ccyFCZ0W.s:597    .text.get_time_us:00000000 $t
C:\Users\alireza\AppData\Local\Temp\ccyFCZ0W.s:603    .text.get_time_us:00000000 get_time_us
C:\Users\alireza\AppData\Local\Temp\ccyFCZ0W.s:630    .text.get_time_us:00000010 $d
C:\Users\alireza\AppData\Local\Temp\ccyFCZ0W.s:635    .text.get_time_ms:00000000 $t
C:\Users\alireza\AppData\Local\Temp\ccyFCZ0W.s:641    .text.get_time_ms:00000000 get_time_ms
C:\Users\alireza\AppData\Local\Temp\ccyFCZ0W.s:664    .text.get_time_ms:00000010 $d
C:\Users\alireza\AppData\Local\Temp\ccyFCZ0W.s:669    .text.scheduler_schedule_event_with_arg_handle:00000000 $t
C:\Users\alireza\AppData\Local\Temp\ccyFCZ0W.s:675    .text.scheduler_schedule_event_with_arg_handle:00000000 scheduler_schedule_event_with_arg_handle
C:\Users\alireza\AppData\Local\Temp\ccyFCZ0W.s:879    .text.scheduler_schedule_event_with_arg_handle:00000070 $d
C:\Users\alireza\AppData\Local\Temp\ccyFCZ0W.s:885    .text.scheduler_schedule_event_handle:00000000 $t
C:\Users\alireza\AppData\Local\Temp\ccyFCZ0W.s:891    .text.scheduler_schedule_event_handle:00000000 scheduler_schedule_event_handle
C:\Users\alireza\AppData\Local\Temp\ccyFCZ0W.s:1093   .text.scheduler_schedule_event_handle:00000068 $d
C:\Users\alireza\AppData\Local\Temp\ccyFCZ0W.s:1099   .text.scheduler_schedule_event:00000000 $t
C:\Users\alireza\AppData\Local\Temp\ccyFCZ0W.s:1105   .text.scheduler_schedule_event:00000000 scheduler_schedule_event
C:\Users\alireza\AppData\Local\Temp\ccyFCZ0W.s:1130   .text.scheduler_schedule_event_with_arg:00000000 $t
C:\Users\alireza\AppData\Local\Temp\ccyFCZ0W.s:1136   .text.scheduler_schedule_event_with_arg:00000000 scheduler_schedule_event_with_arg
C:\Users\alireza\AppData\Local\Temp\ccyFCZ0W.s:1161   .text.scheduler_cancel:00000000 $t
C:\Users\alireza\AppData\Local\Temp\ccyFCZ0W.s:1167   .text.scheduler_cancel:00000000 scheduler_cancel
C:\Users\alireza\AppData\Local\Temp\ccyFCZ0W.s:1406   .text.scheduler_cancel:0000007c $d
C:\Users\alireza\AppData\Local\Temp\ccyFCZ0W.s:1411   .text.scheduler_timer_callback:00000000 $t
C:\Users\alireza\AppData\Local\Temp\ccyFCZ0W.s:1417   .text.scheduler_timer_callback:00000000 scheduler_timer_callback
C:\Users\alireza\AppData\Local\Temp\ccyFCZ0W.s:1729   .text.scheduler_timer_callback:000000b0 $d
C:\Users\alireza\AppData\Local\Temp\ccyFCZ0W.s:1735   .bss.s_slots:00000000 $d
C:\Users\alireza\AppData\Local\Temp\ccyFCZ0W.s:1741   .bss.s_timer:00000000 $d

UNDEFINED SYMBOLS
HAL_RCC_GetHCLKFreq
memset
HAL_TIM_Base_Start_IT
HAL_TIM_OC_Start_IT
