ARM GAS  C:\Users\alireza\AppData\Local\Temp\ccyptdzk.s 			page 1


   1              		.cpu cortex-m4
   2              		.arch armv7e-m
   3              		.fpu fpv4-sp-d16
   4              		.eabi_attribute 27, 1
   5              		.eabi_attribute 28, 1
   6              		.eabi_attribute 20, 1
   7              		.eabi_attribute 21, 1
   8              		.eabi_attribute 23, 3
   9              		.eabi_attribute 24, 1
  10              		.eabi_attribute 25, 1
  11              		.eabi_attribute 26, 1
  12              		.eabi_attribute 30, 1
  13              		.eabi_attribute 34, 1
  14              		.eabi_attribute 18, 4
  15              		.file	"trigger.c"
  16              		.text
  17              	.Ltext0:
  18              		.cfi_sections	.debug_frame
  19              		.file 1 "controller/engine_cycle/trigger.c"
  20              		.section	.text.crank_timeout_callback,"ax",%progbits
  21              		.align	1
  22              		.syntax unified
  23              		.thumb
  24              		.thumb_func
  26              	crank_timeout_callback:
  27              	.LVL0:
  28              	.LFB242:
   1:controller/engine_cycle/trigger.c **** #include "trigger.h"
   2:controller/engine_cycle/trigger.c **** #include "controller.h"
   3:controller/engine_cycle/trigger.c **** 
   4:controller/engine_cycle/trigger.c **** static void crank_timeout_callback(void *argument);
   5:controller/engine_cycle/trigger.c **** 
   6:controller/engine_cycle/trigger.c **** static angle_t next_tooth_angle = 0;
   7:controller/engine_cycle/trigger.c **** 
   8:controller/engine_cycle/trigger.c **** static trigger_crankshaft_t crank_trigger = {0};
   9:controller/engine_cycle/trigger.c **** static trigger_camshaft_t cam_trigger = {0};
  10:controller/engine_cycle/trigger.c **** 
  11:controller/engine_cycle/trigger.c **** static time_us_t tooth_logger_buffer[FRIMWARE_TOOTH_LOGGER_BUFFER_ENTRIES] = {0};
  12:controller/engine_cycle/trigger.c **** volatile bool tooth_logger_enabled = false;
  13:controller/engine_cycle/trigger.c **** volatile size_t tooth_logger_buffer_index = 0;
  14:controller/engine_cycle/trigger.c **** 
  15:controller/engine_cycle/trigger.c **** static osTimerId_t crank_timeout_timer = NULL;
  16:controller/engine_cycle/trigger.c **** 
  17:controller/engine_cycle/trigger.c **** static void crank_timeout_callback(void *argument)
  18:controller/engine_cycle/trigger.c **** {
  29              		.loc 1 18 1 view -0
  30              		.cfi_startproc
  31              		@ args = 0, pretend = 0, frame = 0
  32              		@ frame_needed = 0, uses_anonymous_args = 0
  33              		@ link register save eliminated.
  19:controller/engine_cycle/trigger.c ****     (void)argument;
  34              		.loc 1 19 5 view .LVU1
  20:controller/engine_cycle/trigger.c **** 
  21:controller/engine_cycle/trigger.c ****     // No tooth arrived in time → signal lost
  22:controller/engine_cycle/trigger.c ****     runtime.rpm = 0;
  35              		.loc 1 22 5 view .LVU2
  36              		.loc 1 22 17 is_stmt 0 view .LVU3
ARM GAS  C:\Users\alireza\AppData\Local\Temp\ccyptdzk.s 			page 2


  37 0000 0C4B     		ldr	r3, .L2
  38 0002 0022     		movs	r2, #0
  39 0004 9A61     		str	r2, [r3, #24]	@ float
  23:controller/engine_cycle/trigger.c ****     runtime.crankshaft_angle = 0;
  40              		.loc 1 23 5 is_stmt 1 view .LVU4
  41              		.loc 1 23 30 is_stmt 0 view .LVU5
  42 0006 1A61     		str	r2, [r3, #16]	@ float
  24:controller/engine_cycle/trigger.c ****     next_tooth_angle = 0;
  43              		.loc 1 24 5 is_stmt 1 view .LVU6
  44              		.loc 1 24 22 is_stmt 0 view .LVU7
  45 0008 0B49     		ldr	r1, .L2+4
  46 000a 0A60     		str	r2, [r1]	@ float
  25:controller/engine_cycle/trigger.c **** 
  26:controller/engine_cycle/trigger.c ****     crank_trigger.counted_teeth = 0;
  47              		.loc 1 26 5 is_stmt 1 view .LVU8
  48              		.loc 1 26 33 is_stmt 0 view .LVU9
  49 000c 0021     		movs	r1, #0
  50 000e 0B4A     		ldr	r2, .L2+8
  51 0010 9182     		strh	r1, [r2, #20]	@ movhi
  27:controller/engine_cycle/trigger.c **** 
  28:controller/engine_cycle/trigger.c ****     change_bit(&runtime.status, STATUS_TRIGGER_CRANKSHAFT_SYNCED, false);
  52              		.loc 1 28 5 is_stmt 1 view .LVU10
  53              	.LVL1:
  54              	.LBB40:
  55              	.LBI40:
  56              		.file 2 "controller/utils/utils.h"
   1:controller/utils/utils.h **** /**
   2:controller/utils/utils.h ****  * @file utils.h
   3:controller/utils/utils.h ****  * @brief Header file containing utility functions and definitions for the smart generator controll
   4:controller/utils/utils.h ****  *
   5:controller/utils/utils.h ****  * This file provides declarations for utility functions and macros that are
   6:controller/utils/utils.h ****  * used throughout the firmware to support various functionalities.
   7:controller/utils/utils.h ****  *
   8:controller/utils/utils.h ****  * @note Ensure that this file is included wherever utility functions are required.
   9:controller/utils/utils.h ****  */
  10:controller/utils/utils.h **** #ifndef UTILS_H
  11:controller/utils/utils.h **** #define UTILS_H
  12:controller/utils/utils.h **** 
  13:controller/utils/utils.h **** #include "types.h"
  14:controller/utils/utils.h **** #include "math.h"
  15:controller/utils/utils.h **** 
  16:controller/utils/utils.h **** #define PI 3.14159265358979323846f
  17:controller/utils/utils.h **** #define IS_IN_RANGE(value, min, max) ((value) >= (min) && (value) <= (max))
  18:controller/utils/utils.h **** #define ABS(value) ((value) < 0 ? -(value) : (value))
  19:controller/utils/utils.h **** #define CLAMP(value, min, max) ((value) < (min) ? (min) : ((value) > (max) ? (max) : (value)))
  20:controller/utils/utils.h **** 
  21:controller/utils/utils.h **** #define SIZE_OF_ARRAY(arr) (sizeof(arr) / sizeof(arr[0]))
  22:controller/utils/utils.h **** 
  23:controller/utils/utils.h **** bool is_phase_in_range(float test, float current, float next);
  24:controller/utils/utils.h **** 
  25:controller/utils/utils.h **** size_t nearest_index_float(const float *arr, size_t size, float target);
  26:controller/utils/utils.h **** size_t nearest_index_u8(const uint8_t *arr, size_t size, uint8_t target);
  27:controller/utils/utils.h **** size_t nearest_index_u16(const uint16_t *arr, size_t size, uint16_t target);
  28:controller/utils/utils.h **** size_t nearest_index_u32(const uint32_t *arr, size_t size, uint32_t target);
  29:controller/utils/utils.h **** 
  30:controller/utils/utils.h **** static inline void change_bit(uint32_t *var, uint8_t bit, bool state)
  57              		.loc 2 30 20 view .LVU11
ARM GAS  C:\Users\alireza\AppData\Local\Temp\ccyptdzk.s 			page 3


  58              	.LBB41:
  31:controller/utils/utils.h **** {
  32:controller/utils/utils.h ****     if (bit > 31)
  59              		.loc 2 32 5 view .LVU12
  33:controller/utils/utils.h ****     {
  34:controller/utils/utils.h ****         return;
  35:controller/utils/utils.h ****     }
  36:controller/utils/utils.h ****     if (state)
  60              		.loc 2 36 5 view .LVU13
  37:controller/utils/utils.h ****     {
  38:controller/utils/utils.h ****         *var |= (1u << bit);
  39:controller/utils/utils.h ****     }
  40:controller/utils/utils.h ****     else
  41:controller/utils/utils.h ****     {
  42:controller/utils/utils.h ****         *var &= ~(1u << bit);
  61              		.loc 2 42 9 view .LVU14
  62 0012 1A68     		ldr	r2, [r3]
  63              		.loc 2 42 14 is_stmt 0 view .LVU15
  64 0014 22F00800 		bic	r0, r2, #8
  65              	.LVL2:
  66              		.loc 2 42 14 view .LVU16
  67 0018 1860     		str	r0, [r3]
  68              	.LVL3:
  69              		.loc 2 42 14 view .LVU17
  70              	.LBE41:
  71              	.LBE40:
  29:controller/engine_cycle/trigger.c **** 
  30:controller/engine_cycle/trigger.c ****     runtime.spinning_state = SS_STOPPED;
  72              		.loc 1 30 5 is_stmt 1 view .LVU18
  73              		.loc 1 30 28 is_stmt 0 view .LVU19
  74 001a 83F87810 		strb	r1, [r3, #120]
  31:controller/engine_cycle/trigger.c ****     change_bit(&runtime.status, STATUS_CRANKING, false);
  75              		.loc 1 31 5 is_stmt 1 view .LVU20
  76              	.LVL4:
  77              	.LBB42:
  78              	.LBI42:
  30:controller/utils/utils.h **** {
  79              		.loc 2 30 20 view .LVU21
  80              	.LBB43:
  32:controller/utils/utils.h ****     {
  81              		.loc 2 32 5 view .LVU22
  36:controller/utils/utils.h ****     {
  82              		.loc 2 36 5 view .LVU23
  83              		.loc 2 42 9 view .LVU24
  84              		.loc 2 42 14 is_stmt 0 view .LVU25
  85 001e 22F08061 		bic	r1, r2, #67108864
  86 0022 21F00801 		bic	r1, r1, #8
  87 0026 1960     		str	r1, [r3]
  88              	.LVL5:
  89              		.loc 2 42 14 view .LVU26
  90              	.LBE43:
  91              	.LBE42:
  32:controller/engine_cycle/trigger.c ****     change_bit(&runtime.status, STATUS_RUNNING, false);
  92              		.loc 1 32 5 is_stmt 1 view .LVU27
  93              	.LBB44:
  94              	.LBI44:
  30:controller/utils/utils.h **** {
ARM GAS  C:\Users\alireza\AppData\Local\Temp\ccyptdzk.s 			page 4


  95              		.loc 2 30 20 view .LVU28
  96              	.LBB45:
  32:controller/utils/utils.h ****     {
  97              		.loc 2 32 5 view .LVU29
  36:controller/utils/utils.h ****     {
  98              		.loc 2 36 5 view .LVU30
  99              		.loc 2 42 9 view .LVU31
 100              		.loc 2 42 14 is_stmt 0 view .LVU32
 101 0028 22F04062 		bic	r2, r2, #201326592
 102 002c 22F00802 		bic	r2, r2, #8
 103 0030 1A60     		str	r2, [r3]
 104              	.LVL6:
 105              		.loc 2 42 14 view .LVU33
 106              	.LBE45:
 107              	.LBE44:
  33:controller/engine_cycle/trigger.c **** 
  34:controller/engine_cycle/trigger.c **** 
  35:controller/engine_cycle/trigger.c **** }
 108              		.loc 1 35 1 view .LVU34
 109 0032 7047     		bx	lr
 110              	.L3:
 111              		.align	2
 112              	.L2:
 113 0034 00000000 		.word	runtime
 114 0038 00000000 		.word	next_tooth_angle
 115 003c 00000000 		.word	crank_trigger
 116              		.cfi_endproc
 117              	.LFE242:
 119              		.section	.rodata.trigger_crankshaft_init.str1.4,"aMS",%progbits,1
 120              		.align	2
 121              	.LC0:
 122 0000 54726967 		.ascii	"Trigger initialization failed. Wheel type not recog"
 122      67657220 
 122      696E6974 
 122      69616C69 
 122      7A617469 
 123 0033 6E697A65 		.ascii	"nized. Defaulting to 58-2.\000"
 123      642E2044 
 123      65666175 
 123      6C74696E 
 123      6720746F 
 124 004e 0000     		.align	2
 125              	.LC1:
 126 0050 4661696C 		.ascii	"Failed to create crank timeout timer\000"
 126      65642074 
 126      6F206372 
 126      65617465 
 126      20637261 
 127              		.section	.text.trigger_crankshaft_init,"ax",%progbits
 128              		.align	1
 129              		.global	trigger_crankshaft_init
 130              		.syntax unified
 131              		.thumb
 132              		.thumb_func
 134              	trigger_crankshaft_init:
 135              	.LVL7:
 136              	.LFB243:
ARM GAS  C:\Users\alireza\AppData\Local\Temp\ccyptdzk.s 			page 5


  36:controller/engine_cycle/trigger.c **** 
  37:controller/engine_cycle/trigger.c **** void trigger_crankshaft_init(trigger_wheel_type_crankshaft_t wheel_type)
  38:controller/engine_cycle/trigger.c **** {
 137              		.loc 1 38 1 is_stmt 1 view -0
 138              		.cfi_startproc
 139              		@ args = 0, pretend = 0, frame = 0
 140              		@ frame_needed = 0, uses_anonymous_args = 0
 141              		.loc 1 38 1 is_stmt 0 view .LVU36
 142 0000 08B5     		push	{r3, lr}
 143              		.cfi_def_cfa_offset 8
 144              		.cfi_offset 3, -8
 145              		.cfi_offset 14, -4
  39:controller/engine_cycle/trigger.c ****   crank_trigger.initialized = false;
 146              		.loc 1 39 3 is_stmt 1 view .LVU37
 147              		.loc 1 39 29 is_stmt 0 view .LVU38
 148 0002 1D4B     		ldr	r3, .L14
 149 0004 0022     		movs	r2, #0
 150 0006 1A70     		strb	r2, [r3]
  40:controller/engine_cycle/trigger.c ****   switch (wheel_type)
 151              		.loc 1 40 3 is_stmt 1 view .LVU39
 152 0008 58B1     		cbz	r0, .L5
 153 000a 0128     		cmp	r0, #1
 154 000c 2AD0     		beq	.L6
  41:controller/engine_cycle/trigger.c ****   {
  42:controller/engine_cycle/trigger.c ****   case TRIGGER_WHEEL_TYPE_CRANK_58_TOOTH_2_MISSING:
  43:controller/engine_cycle/trigger.c ****     crank_trigger.missing_teeth = 2;
  44:controller/engine_cycle/trigger.c ****     crank_trigger.full_teeth = 60;
  45:controller/engine_cycle/trigger.c ****     break;
  46:controller/engine_cycle/trigger.c **** 
  47:controller/engine_cycle/trigger.c ****   case TRIGGER_WHEEL_TYPE_CRANK_29_TOOTH_1_MISSING:
  48:controller/engine_cycle/trigger.c ****     crank_trigger.missing_teeth = 1;
  49:controller/engine_cycle/trigger.c ****     crank_trigger.full_teeth = 29;
  50:controller/engine_cycle/trigger.c ****     break;
  51:controller/engine_cycle/trigger.c **** 
  52:controller/engine_cycle/trigger.c ****   default:
  53:controller/engine_cycle/trigger.c **** 
  54:controller/engine_cycle/trigger.c ****     log_error("Trigger initialization failed. Wheel type not recognized. Defaulting to 58-2.");
 155              		.loc 1 54 5 view .LVU40
 156 000e 1B48     		ldr	r0, .L14+4
 157              	.LVL8:
 158              		.loc 1 54 5 is_stmt 0 view .LVU41
 159 0010 FFF7FEFF 		bl	log_error
 160              	.LVL9:
  55:controller/engine_cycle/trigger.c ****     // Default to 58-2
  56:controller/engine_cycle/trigger.c ****     config.trigger_crank_type = TRIGGER_WHEEL_TYPE_CRANK_58_TOOTH_2_MISSING;
 161              		.loc 1 56 5 is_stmt 1 view .LVU42
 162              		.loc 1 56 31 is_stmt 0 view .LVU43
 163 0014 0020     		movs	r0, #0
 164 0016 1A4B     		ldr	r3, .L14+8
 165 0018 83F8D00A 		strb	r0, [r3, #2768]
  57:controller/engine_cycle/trigger.c ****     trigger_crankshaft_init(config.trigger_crank_type);
 166              		.loc 1 57 5 is_stmt 1 view .LVU44
 167 001c FFF7FEFF 		bl	trigger_crankshaft_init
 168              	.LVL10:
  58:controller/engine_cycle/trigger.c ****     return;
 169              		.loc 1 58 5 view .LVU45
 170 0020 1FE0     		b	.L4
ARM GAS  C:\Users\alireza\AppData\Local\Temp\ccyptdzk.s 			page 6


 171              	.LVL11:
 172              	.L5:
  43:controller/engine_cycle/trigger.c ****     crank_trigger.full_teeth = 60;
 173              		.loc 1 43 5 view .LVU46
  43:controller/engine_cycle/trigger.c ****     crank_trigger.full_teeth = 60;
 174              		.loc 1 43 33 is_stmt 0 view .LVU47
 175 0022 154B     		ldr	r3, .L14
 176 0024 0222     		movs	r2, #2
 177 0026 1A76     		strb	r2, [r3, #24]
  44:controller/engine_cycle/trigger.c ****     break;
 178              		.loc 1 44 5 is_stmt 1 view .LVU48
  44:controller/engine_cycle/trigger.c ****     break;
 179              		.loc 1 44 30 is_stmt 0 view .LVU49
 180 0028 3C22     		movs	r2, #60
 181 002a DA75     		strb	r2, [r3, #23]
  45:controller/engine_cycle/trigger.c **** 
 182              		.loc 1 45 5 is_stmt 1 view .LVU50
 183              	.L8:
  59:controller/engine_cycle/trigger.c ****     break;
 184              		.loc 1 59 5 view .LVU51
  60:controller/engine_cycle/trigger.c ****   }
  61:controller/engine_cycle/trigger.c ****   crank_trigger.trigger_actual_teeth = crank_trigger.full_teeth - crank_trigger.missing_teeth;
 185              		.loc 1 61 3 view .LVU52
 186              		.loc 1 61 53 is_stmt 0 view .LVU53
 187 002c 124B     		ldr	r3, .L14
 188 002e DA7D     		ldrb	r2, [r3, #23]	@ zero_extendqisi2
 189              		.loc 1 61 80 view .LVU54
 190 0030 197E     		ldrb	r1, [r3, #24]	@ zero_extendqisi2
 191              		.loc 1 61 65 view .LVU55
 192 0032 521A     		subs	r2, r2, r1
 193              		.loc 1 61 38 view .LVU56
 194 0034 9A75     		strb	r2, [r3, #22]
  62:controller/engine_cycle/trigger.c ****   crank_trigger.filter_time = 100;
 195              		.loc 1 62 3 is_stmt 1 view .LVU57
 196              		.loc 1 62 29 is_stmt 0 view .LVU58
 197 0036 6422     		movs	r2, #100
 198 0038 1A61     		str	r2, [r3, #16]
  63:controller/engine_cycle/trigger.c ****   change_bit(&runtime.status, STATUS_TRIGGER_CRANKSHAFT_SYNCED, false);
 199              		.loc 1 63 3 is_stmt 1 view .LVU59
 200              	.LVL12:
 201              	.LBB46:
 202              	.LBI46:
  30:controller/utils/utils.h **** {
 203              		.loc 2 30 20 view .LVU60
 204              	.LBB47:
  32:controller/utils/utils.h ****     {
 205              		.loc 2 32 5 view .LVU61
  36:controller/utils/utils.h ****     {
 206              		.loc 2 36 5 view .LVU62
 207              		.loc 2 42 9 view .LVU63
 208 003a 124A     		ldr	r2, .L14+12
 209 003c 1368     		ldr	r3, [r2]
 210              		.loc 2 42 14 is_stmt 0 view .LVU64
 211 003e 23F00801 		bic	r1, r3, #8
 212 0042 1160     		str	r1, [r2]
 213              	.LVL13:
 214              		.loc 2 42 14 view .LVU65
ARM GAS  C:\Users\alireza\AppData\Local\Temp\ccyptdzk.s 			page 7


 215              	.LBE47:
 216              	.LBE46:
  64:controller/engine_cycle/trigger.c ****   change_bit(&runtime.status, STATUS_TRIGGER_ERROR, false);
 217              		.loc 1 64 3 is_stmt 1 view .LVU66
 218              	.LBB48:
 219              	.LBI48:
  30:controller/utils/utils.h **** {
 220              		.loc 2 30 20 view .LVU67
 221              	.LBB49:
  32:controller/utils/utils.h ****     {
 222              		.loc 2 32 5 view .LVU68
  36:controller/utils/utils.h ****     {
 223              		.loc 2 36 5 view .LVU69
 224              		.loc 2 42 9 view .LVU70
 225              		.loc 2 42 14 is_stmt 0 view .LVU71
 226 0044 23F02803 		bic	r3, r3, #40
 227 0048 1360     		str	r3, [r2]
 228              	.LVL14:
 229              		.loc 2 42 14 view .LVU72
 230              	.LBE49:
 231              	.LBE48:
  65:controller/engine_cycle/trigger.c **** 
  66:controller/engine_cycle/trigger.c ****     crank_timeout_timer = osTimerNew(crank_timeout_callback,
 232              		.loc 1 66 5 is_stmt 1 view .LVU73
 233              		.loc 1 66 27 is_stmt 0 view .LVU74
 234 004a 0023     		movs	r3, #0
 235 004c 1A46     		mov	r2, r3
 236 004e 1946     		mov	r1, r3
 237 0050 0D48     		ldr	r0, .L14+16
 238              	.LVL15:
 239              		.loc 1 66 27 view .LVU75
 240 0052 FFF7FEFF 		bl	osTimerNew
 241              	.LVL16:
 242              		.loc 1 66 25 discriminator 1 view .LVU76
 243 0056 0D4B     		ldr	r3, .L14+20
 244 0058 1860     		str	r0, [r3]
  67:controller/engine_cycle/trigger.c ****                                      osTimerOnce,
  68:controller/engine_cycle/trigger.c ****                                      NULL,
  69:controller/engine_cycle/trigger.c ****                                      NULL);
  70:controller/engine_cycle/trigger.c **** 
  71:controller/engine_cycle/trigger.c ****     if (crank_timeout_timer == NULL)
 245              		.loc 1 71 5 is_stmt 1 view .LVU77
 246              		.loc 1 71 8 is_stmt 0 view .LVU78
 247 005a 48B1     		cbz	r0, .L13
 248              	.L10:
  72:controller/engine_cycle/trigger.c ****     {
  73:controller/engine_cycle/trigger.c ****         log_error("Failed to create crank timeout timer");
  74:controller/engine_cycle/trigger.c ****     }
  75:controller/engine_cycle/trigger.c ****   crank_trigger.initialized = true;
 249              		.loc 1 75 3 is_stmt 1 view .LVU79
 250              		.loc 1 75 29 is_stmt 0 view .LVU80
 251 005c 064B     		ldr	r3, .L14
 252 005e 0122     		movs	r2, #1
 253 0060 1A70     		strb	r2, [r3]
 254              	.L4:
  76:controller/engine_cycle/trigger.c **** }
 255              		.loc 1 76 1 view .LVU81
ARM GAS  C:\Users\alireza\AppData\Local\Temp\ccyptdzk.s 			page 8


 256 0062 08BD     		pop	{r3, pc}
 257              	.LVL17:
 258              	.L6:
  48:controller/engine_cycle/trigger.c ****     crank_trigger.full_teeth = 29;
 259              		.loc 1 48 5 is_stmt 1 view .LVU82
  48:controller/engine_cycle/trigger.c ****     crank_trigger.full_teeth = 29;
 260              		.loc 1 48 33 is_stmt 0 view .LVU83
 261 0064 044B     		ldr	r3, .L14
 262 0066 0122     		movs	r2, #1
 263 0068 1A76     		strb	r2, [r3, #24]
  49:controller/engine_cycle/trigger.c ****     break;
 264              		.loc 1 49 5 is_stmt 1 view .LVU84
  49:controller/engine_cycle/trigger.c ****     break;
 265              		.loc 1 49 30 is_stmt 0 view .LVU85
 266 006a 1D22     		movs	r2, #29
 267 006c DA75     		strb	r2, [r3, #23]
  50:controller/engine_cycle/trigger.c **** 
 268              		.loc 1 50 5 is_stmt 1 view .LVU86
 269 006e DDE7     		b	.L8
 270              	.LVL18:
 271              	.L13:
  73:controller/engine_cycle/trigger.c ****     }
 272              		.loc 1 73 9 view .LVU87
 273 0070 0748     		ldr	r0, .L14+24
 274 0072 FFF7FEFF 		bl	log_error
 275              	.LVL19:
 276 0076 F1E7     		b	.L10
 277              	.L15:
 278              		.align	2
 279              	.L14:
 280 0078 00000000 		.word	crank_trigger
 281 007c 00000000 		.word	.LC0
 282 0080 00100000 		.word	config+4096
 283 0084 00000000 		.word	runtime
 284 0088 00000000 		.word	crank_timeout_callback
 285 008c 00000000 		.word	crank_timeout_timer
 286 0090 50000000 		.word	.LC1
 287              		.cfi_endproc
 288              	.LFE243:
 290              		.section	.text.trigger_camshaft_init,"ax",%progbits
 291              		.align	1
 292              		.global	trigger_camshaft_init
 293              		.syntax unified
 294              		.thumb
 295              		.thumb_func
 297              	trigger_camshaft_init:
 298              	.LVL20:
 299              	.LFB244:
  77:controller/engine_cycle/trigger.c **** 
  78:controller/engine_cycle/trigger.c **** void trigger_camshaft_init(trigger_wheel_type_camshaft_t wheel_type, uint8_t *filtering)
  79:controller/engine_cycle/trigger.c **** {
 300              		.loc 1 79 1 view -0
 301              		.cfi_startproc
 302              		@ args = 0, pretend = 0, frame = 0
 303              		@ frame_needed = 0, uses_anonymous_args = 0
 304              		@ link register save eliminated.
  80:controller/engine_cycle/trigger.c ****   cam_trigger.initialized = false;
ARM GAS  C:\Users\alireza\AppData\Local\Temp\ccyptdzk.s 			page 9


 305              		.loc 1 80 3 view .LVU89
 306              		.loc 1 80 27 is_stmt 0 view .LVU90
 307 0000 0A4B     		ldr	r3, .L20
 308 0002 0022     		movs	r2, #0
 309 0004 1A70     		strb	r2, [r3]
  81:controller/engine_cycle/trigger.c **** 
  82:controller/engine_cycle/trigger.c ****   if (filtering == NULL)
 310              		.loc 1 82 3 is_stmt 1 view .LVU91
 311              		.loc 1 82 6 is_stmt 0 view .LVU92
 312 0006 0A46     		mov	r2, r1
 313 0008 21B1     		cbz	r1, .L19
  83:controller/engine_cycle/trigger.c ****   {
  84:controller/engine_cycle/trigger.c ****     change_bit(&runtime.status, STATUS_TRIGGER_ERROR, true);
  85:controller/engine_cycle/trigger.c ****     change_bit(&runtime.status, STATUS_TRIGGER_CAMSHAFT_SYNCED, false);
  86:controller/engine_cycle/trigger.c ****     return;
  87:controller/engine_cycle/trigger.c ****   }
  88:controller/engine_cycle/trigger.c ****   
  89:controller/engine_cycle/trigger.c ****   switch (wheel_type)
 314              		.loc 1 89 3 is_stmt 1 view .LVU93
  90:controller/engine_cycle/trigger.c ****   {
  91:controller/engine_cycle/trigger.c ****   case TRIGGER_WHEEL_TYPE_CAM_HALF_CIRCLE:
  92:controller/engine_cycle/trigger.c **** 
  93:controller/engine_cycle/trigger.c ****     break;
  94:controller/engine_cycle/trigger.c **** 
  95:controller/engine_cycle/trigger.c ****   default:
  96:controller/engine_cycle/trigger.c ****     break;
 315              		.loc 1 96 5 view .LVU94
  97:controller/engine_cycle/trigger.c ****   }
  98:controller/engine_cycle/trigger.c **** 
  99:controller/engine_cycle/trigger.c ****   
 100:controller/engine_cycle/trigger.c **** 
 101:controller/engine_cycle/trigger.c ****   cam_trigger.initialized = true;
 316              		.loc 1 101 3 view .LVU95
 317              		.loc 1 101 27 is_stmt 0 view .LVU96
 318 000a 084B     		ldr	r3, .L20
 319 000c 0121     		movs	r1, #1
 320              	.LVL21:
 321              		.loc 1 101 27 view .LVU97
 322 000e 1970     		strb	r1, [r3]
 102:controller/engine_cycle/trigger.c ****   cam_trigger.filtering = filtering;
 323              		.loc 1 102 3 is_stmt 1 view .LVU98
 324              		.loc 1 102 25 is_stmt 0 view .LVU99
 325 0010 5A60     		str	r2, [r3, #4]
 103:controller/engine_cycle/trigger.c **** }
 326              		.loc 1 103 1 view .LVU100
 327 0012 7047     		bx	lr
 328              	.LVL22:
 329              	.L19:
  84:controller/engine_cycle/trigger.c ****     change_bit(&runtime.status, STATUS_TRIGGER_CAMSHAFT_SYNCED, false);
 330              		.loc 1 84 5 is_stmt 1 view .LVU101
 331              	.LBB50:
 332              	.LBI50:
  30:controller/utils/utils.h **** {
 333              		.loc 2 30 20 view .LVU102
 334              	.LBB51:
  32:controller/utils/utils.h ****     {
 335              		.loc 2 32 5 view .LVU103
ARM GAS  C:\Users\alireza\AppData\Local\Temp\ccyptdzk.s 			page 10


  36:controller/utils/utils.h ****     {
 336              		.loc 2 36 5 view .LVU104
  38:controller/utils/utils.h ****     }
 337              		.loc 2 38 9 view .LVU105
 338 0014 064A     		ldr	r2, .L20+4
 339 0016 1368     		ldr	r3, [r2]
  38:controller/utils/utils.h ****     }
 340              		.loc 2 38 14 is_stmt 0 view .LVU106
 341 0018 43F02001 		orr	r1, r3, #32
 342              	.LVL23:
  38:controller/utils/utils.h ****     }
 343              		.loc 2 38 14 view .LVU107
 344 001c 1160     		str	r1, [r2]
 345              	.LVL24:
  38:controller/utils/utils.h ****     }
 346              		.loc 2 38 14 view .LVU108
 347              	.LBE51:
 348              	.LBE50:
  85:controller/engine_cycle/trigger.c ****     return;
 349              		.loc 1 85 5 is_stmt 1 view .LVU109
 350              	.LBB52:
 351              	.LBI52:
  30:controller/utils/utils.h **** {
 352              		.loc 2 30 20 view .LVU110
 353              	.LBB53:
  32:controller/utils/utils.h ****     {
 354              		.loc 2 32 5 view .LVU111
  36:controller/utils/utils.h ****     {
 355              		.loc 2 36 5 view .LVU112
 356              		.loc 2 42 9 view .LVU113
 357              		.loc 2 42 14 is_stmt 0 view .LVU114
 358 001e 23F01003 		bic	r3, r3, #16
 359 0022 43F02003 		orr	r3, r3, #32
 360 0026 1360     		str	r3, [r2]
 361              	.LVL25:
 362              		.loc 2 42 14 view .LVU115
 363              	.LBE53:
 364              	.LBE52:
  86:controller/engine_cycle/trigger.c ****   }
 365              		.loc 1 86 5 is_stmt 1 view .LVU116
 366 0028 7047     		bx	lr
 367              	.L21:
 368 002a 00BF     		.align	2
 369              	.L20:
 370 002c 00000000 		.word	cam_trigger
 371 0030 00000000 		.word	runtime
 372              		.cfi_endproc
 373              	.LFE244:
 375              		.section	.text.trigger_camshaft_signal_handle,"ax",%progbits
 376              		.align	1
 377              		.global	trigger_camshaft_signal_handle
 378              		.syntax unified
 379              		.thumb
 380              		.thumb_func
 382              	trigger_camshaft_signal_handle:
 383              	.LVL26:
 384              	.LFB246:
ARM GAS  C:\Users\alireza\AppData\Local\Temp\ccyptdzk.s 			page 11


 104:controller/engine_cycle/trigger.c **** 
 105:controller/engine_cycle/trigger.c **** void trigger_crankshaft_signal_handle()
 106:controller/engine_cycle/trigger.c **** {
 107:controller/engine_cycle/trigger.c **** 
 108:controller/engine_cycle/trigger.c ****   if (!crank_trigger.initialized)
 109:controller/engine_cycle/trigger.c ****   {
 110:controller/engine_cycle/trigger.c ****     log_error("Crank trigger is not initialized.");
 111:controller/engine_cycle/trigger.c ****     change_bit(&runtime.status, STATUS_CRITICAL_ERROR, true);
 112:controller/engine_cycle/trigger.c ****     change_bit(&runtime.status, STATUS_TRIGGER_ERROR, true);
 113:controller/engine_cycle/trigger.c ****     return;
 114:controller/engine_cycle/trigger.c ****   }
 115:controller/engine_cycle/trigger.c **** 
 116:controller/engine_cycle/trigger.c ****   time_us_t current_tooth_time = get_time_us();
 117:controller/engine_cycle/trigger.c **** 
 118:controller/engine_cycle/trigger.c ****   /* Debounce: ignore too-close pulses */
 119:controller/engine_cycle/trigger.c ****   if (crank_trigger.tooth_time_history[0] != 0 &&
 120:controller/engine_cycle/trigger.c ****       (current_tooth_time - crank_trigger.tooth_time_history[0]) < crank_trigger.filter_time)
 121:controller/engine_cycle/trigger.c ****   {
 122:controller/engine_cycle/trigger.c ****     return; // noise
 123:controller/engine_cycle/trigger.c ****   }
 124:controller/engine_cycle/trigger.c **** 
 125:controller/engine_cycle/trigger.c ****   /* --- FIRST EVENT: initialize the history so prev_tooth_gap is valid next time --- */
 126:controller/engine_cycle/trigger.c ****   if (crank_trigger.tooth_time_history[0] == 0)
 127:controller/engine_cycle/trigger.c ****   {
 128:controller/engine_cycle/trigger.c ****     crank_trigger.tooth_time_history[0] = current_tooth_time;
 129:controller/engine_cycle/trigger.c ****     crank_trigger.tooth_time_history[1] = current_tooth_time;
 130:controller/engine_cycle/trigger.c ****     return;
 131:controller/engine_cycle/trigger.c ****   }
 132:controller/engine_cycle/trigger.c **** 
 133:controller/engine_cycle/trigger.c ****   time_us_t current_tooth_gap = current_tooth_time - crank_trigger.tooth_time_history[0];
 134:controller/engine_cycle/trigger.c ****   time_us_t prev_tooth_gap = crank_trigger.tooth_time_history[0] - crank_trigger.tooth_time_history
 135:controller/engine_cycle/trigger.c **** 
 136:controller/engine_cycle/trigger.c ****   crank_trigger.tooth_time_history[1] = crank_trigger.tooth_time_history[0];
 137:controller/engine_cycle/trigger.c ****   crank_trigger.tooth_time_history[0] = current_tooth_time;
 138:controller/engine_cycle/trigger.c **** 
 139:controller/engine_cycle/trigger.c ****   if (prev_tooth_gap <= 0)
 140:controller/engine_cycle/trigger.c ****   {
 141:controller/engine_cycle/trigger.c ****     return; // Don't devide by 0 okay? :)
 142:controller/engine_cycle/trigger.c ****   }
 143:controller/engine_cycle/trigger.c **** 
 144:controller/engine_cycle/trigger.c ****   bool is_sync_event = false;
 145:controller/engine_cycle/trigger.c **** 
 146:controller/engine_cycle/trigger.c ****   if (IS_IN_RANGE((float)current_tooth_gap / (float)prev_tooth_gap, (float)TRIGGER_TOOTH_GAP_SYNC_R
 147:controller/engine_cycle/trigger.c ****   {
 148:controller/engine_cycle/trigger.c ****     is_sync_event = true;
 149:controller/engine_cycle/trigger.c ****   }
 150:controller/engine_cycle/trigger.c **** 
 151:controller/engine_cycle/trigger.c ****   static bool is_trigger_sync_achieved = false;
 152:controller/engine_cycle/trigger.c **** 
 153:controller/engine_cycle/trigger.c ****   if (is_sync_event)
 154:controller/engine_cycle/trigger.c ****   {
 155:controller/engine_cycle/trigger.c ****     if ((crank_trigger.counted_teeth) + 1 == crank_trigger.trigger_actual_teeth)
 156:controller/engine_cycle/trigger.c ****     {
 157:controller/engine_cycle/trigger.c ****       /**
 158:controller/engine_cycle/trigger.c ****        * If wer are at a sync event and we have counted the currect number of teeth so far,
 159:controller/engine_cycle/trigger.c ****        * we have correctly determined the angle of and rpm at each trigger event in the last
 160:controller/engine_cycle/trigger.c ****        * rotation.
ARM GAS  C:\Users\alireza\AppData\Local\Temp\ccyptdzk.s 			page 12


 161:controller/engine_cycle/trigger.c ****        */
 162:controller/engine_cycle/trigger.c ****       is_trigger_sync_achieved = true;
 163:controller/engine_cycle/trigger.c ****       crank_trigger.counted_teeth = 0;
 164:controller/engine_cycle/trigger.c ****       runtime.total_revolutions++;
 165:controller/engine_cycle/trigger.c ****     }
 166:controller/engine_cycle/trigger.c ****     else
 167:controller/engine_cycle/trigger.c ****     {
 168:controller/engine_cycle/trigger.c ****       /**
 169:controller/engine_cycle/trigger.c ****        * A sync loss has occored because we counted the wrong number of teeth before the wheel
 170:controller/engine_cycle/trigger.c ****        * rotated once!
 171:controller/engine_cycle/trigger.c ****        */
 172:controller/engine_cycle/trigger.c ****       runtime.sync_loss_counter++;
 173:controller/engine_cycle/trigger.c ****       is_trigger_sync_achieved = false;
 174:controller/engine_cycle/trigger.c ****       // We will reset the teeth we have counted so far to hopefully achieve sync on the next rotat
 175:controller/engine_cycle/trigger.c ****       crank_trigger.counted_teeth = 0;
 176:controller/engine_cycle/trigger.c ****       runtime.total_revolutions = 0;
 177:controller/engine_cycle/trigger.c ****     }
 178:controller/engine_cycle/trigger.c ****   }
 179:controller/engine_cycle/trigger.c ****   else
 180:controller/engine_cycle/trigger.c ****   {
 181:controller/engine_cycle/trigger.c ****     crank_trigger.counted_teeth++;
 182:controller/engine_cycle/trigger.c ****   }
 183:controller/engine_cycle/trigger.c **** 
 184:controller/engine_cycle/trigger.c ****   change_bit(&runtime.status, STATUS_TRIGGER_CRANKSHAFT_SYNCED, is_trigger_sync_achieved);
 185:controller/engine_cycle/trigger.c **** 
 186:controller/engine_cycle/trigger.c ****   runtime.crankshaft_angle = wrap_angle_360(360.0f / (angle_t)crank_trigger.full_teeth * (angle_t)c
 187:controller/engine_cycle/trigger.c ****   
 188:controller/engine_cycle/trigger.c ****   if (!is_sync_event)
 189:controller/engine_cycle/trigger.c ****   {
 190:controller/engine_cycle/trigger.c ****     runtime.rpm = (rpm_t)((float)CONVERSION_FACTOR_SECONDS_TO_MICROSECONDS * (float)CONVERSION_FACT
 191:controller/engine_cycle/trigger.c ****   }
 192:controller/engine_cycle/trigger.c ****   
 193:controller/engine_cycle/trigger.c ****   
 194:controller/engine_cycle/trigger.c ****   if (crank_trigger.counted_teeth >= crank_trigger.trigger_actual_teeth - 1)
 195:controller/engine_cycle/trigger.c ****   {
 196:controller/engine_cycle/trigger.c ****     next_tooth_angle = (angle_t)wrap_angle_360(config.trigger_offset_deg);
 197:controller/engine_cycle/trigger.c ****   }
 198:controller/engine_cycle/trigger.c ****   else
 199:controller/engine_cycle/trigger.c ****   {
 200:controller/engine_cycle/trigger.c ****     next_tooth_angle = wrap_angle_360(runtime.crankshaft_angle + 360.0f / (angle_t)crank_trigger.fu
 201:controller/engine_cycle/trigger.c ****   }
 202:controller/engine_cycle/trigger.c **** 
 203:controller/engine_cycle/trigger.c ****   switch (runtime.spinning_state)
 204:controller/engine_cycle/trigger.c ****   {
 205:controller/engine_cycle/trigger.c ****   case SS_STOPPED:
 206:controller/engine_cycle/trigger.c ****     if (!is_trigger_sync_achieved && runtime.rpm != (rpm_t)0)
 207:controller/engine_cycle/trigger.c ****     {
 208:controller/engine_cycle/trigger.c ****       runtime.spinning_state = SS_SPINNING_UP;
 209:controller/engine_cycle/trigger.c ****     }
 210:controller/engine_cycle/trigger.c **** 
 211:controller/engine_cycle/trigger.c ****     break;
 212:controller/engine_cycle/trigger.c **** 
 213:controller/engine_cycle/trigger.c ****   case SS_SPINNING_UP:
 214:controller/engine_cycle/trigger.c ****     if (!is_trigger_sync_achieved && runtime.rpm == (rpm_t)0)
 215:controller/engine_cycle/trigger.c ****     {
 216:controller/engine_cycle/trigger.c ****       runtime.spinning_state = SS_STOPPED;
 217:controller/engine_cycle/trigger.c ****     }
ARM GAS  C:\Users\alireza\AppData\Local\Temp\ccyptdzk.s 			page 13


 218:controller/engine_cycle/trigger.c ****     else if (is_trigger_sync_achieved && runtime.rpm != (rpm_t)0)
 219:controller/engine_cycle/trigger.c ****     {
 220:controller/engine_cycle/trigger.c ****       runtime.spinning_state = SS_CRANKING;
 221:controller/engine_cycle/trigger.c ****     }
 222:controller/engine_cycle/trigger.c **** 
 223:controller/engine_cycle/trigger.c ****     break;
 224:controller/engine_cycle/trigger.c **** 
 225:controller/engine_cycle/trigger.c ****   case SS_CRANKING:
 226:controller/engine_cycle/trigger.c ****     if (!is_trigger_sync_achieved && runtime.rpm < (config.cranking_rpm_threshold - TRIGGER_SPINNIN
 227:controller/engine_cycle/trigger.c ****     {
 228:controller/engine_cycle/trigger.c ****       runtime.spinning_state = SS_SPINNING_UP;
 229:controller/engine_cycle/trigger.c ****     }
 230:controller/engine_cycle/trigger.c ****     if (is_trigger_sync_achieved && runtime.rpm > (config.cranking_rpm_threshold + TRIGGER_SPINNING
 231:controller/engine_cycle/trigger.c ****     {
 232:controller/engine_cycle/trigger.c ****       runtime.spinning_state = SS_RUNNING;
 233:controller/engine_cycle/trigger.c ****     }
 234:controller/engine_cycle/trigger.c **** 
 235:controller/engine_cycle/trigger.c ****     break;
 236:controller/engine_cycle/trigger.c **** 
 237:controller/engine_cycle/trigger.c ****   case SS_RUNNING:
 238:controller/engine_cycle/trigger.c ****     if (runtime.rpm < (config.cranking_rpm_threshold - TRIGGER_SPINNING_STATE_RPM_HYSTEERSIS) && is
 239:controller/engine_cycle/trigger.c ****     {
 240:controller/engine_cycle/trigger.c ****       runtime.spinning_state = SS_CRANKING;
 241:controller/engine_cycle/trigger.c ****     }
 242:controller/engine_cycle/trigger.c **** 
 243:controller/engine_cycle/trigger.c ****     break;
 244:controller/engine_cycle/trigger.c **** 
 245:controller/engine_cycle/trigger.c ****   default:
 246:controller/engine_cycle/trigger.c ****     runtime.spinning_state = SS_STOPPED;
 247:controller/engine_cycle/trigger.c ****     break;
 248:controller/engine_cycle/trigger.c ****   }
 249:controller/engine_cycle/trigger.c **** 
 250:controller/engine_cycle/trigger.c ****   change_bit(&runtime.status, STATUS_CRANKING, runtime.spinning_state == SS_CRANKING);
 251:controller/engine_cycle/trigger.c ****   change_bit(&runtime.status, STATUS_RUNNING, runtime.spinning_state == SS_RUNNING);
 252:controller/engine_cycle/trigger.c **** 
 253:controller/engine_cycle/trigger.c ****   if (tooth_logger_enabled)
 254:controller/engine_cycle/trigger.c ****   {
 255:controller/engine_cycle/trigger.c ****     if (tooth_logger_buffer_index >= FRIMWARE_TOOTH_LOGGER_BUFFER_ENTRIES)
 256:controller/engine_cycle/trigger.c ****     {
 257:controller/engine_cycle/trigger.c ****       change_bit(&runtime.status, STATUS_TOOTH_LOG_READY, true);
 258:controller/engine_cycle/trigger.c ****     }
 259:controller/engine_cycle/trigger.c ****     else
 260:controller/engine_cycle/trigger.c ****     {
 261:controller/engine_cycle/trigger.c ****       tooth_logger_buffer[tooth_logger_buffer_index] = current_tooth_time;
 262:controller/engine_cycle/trigger.c ****       tooth_logger_buffer_index++;
 263:controller/engine_cycle/trigger.c ****     }
 264:controller/engine_cycle/trigger.c ****   }
 265:controller/engine_cycle/trigger.c ****   
 266:controller/engine_cycle/trigger.c ****   osTimerStart(crank_timeout_timer, 25);
 267:controller/engine_cycle/trigger.c ****   /* call trigger driven events such as ignition etc... */
 268:controller/engine_cycle/trigger.c ****   if (!is_trigger_sync_achieved)
 269:controller/engine_cycle/trigger.c ****   {
 270:controller/engine_cycle/trigger.c ****     return;
 271:controller/engine_cycle/trigger.c ****   }
 272:controller/engine_cycle/trigger.c ****   trigger_driven_events_callback();
 273:controller/engine_cycle/trigger.c **** 
 274:controller/engine_cycle/trigger.c **** }
ARM GAS  C:\Users\alireza\AppData\Local\Temp\ccyptdzk.s 			page 14


 275:controller/engine_cycle/trigger.c **** 
 276:controller/engine_cycle/trigger.c **** void trigger_camshaft_signal_handle(bool is_rising_edge)
 277:controller/engine_cycle/trigger.c **** {
 385              		.loc 1 277 1 view -0
 386              		.cfi_startproc
 387              		@ args = 0, pretend = 0, frame = 0
 388              		@ frame_needed = 0, uses_anonymous_args = 0
 389              		.loc 1 277 1 is_stmt 0 view .LVU118
 390 0000 38B5     		push	{r3, r4, r5, lr}
 391              		.cfi_def_cfa_offset 16
 392              		.cfi_offset 3, -16
 393              		.cfi_offset 4, -12
 394              		.cfi_offset 5, -8
 395              		.cfi_offset 14, -4
 396 0002 2DED028B 		vpush.64	{d8}
 397              		.cfi_def_cfa_offset 24
 398              		.cfi_offset 80, -24
 399              		.cfi_offset 81, -20
 278:controller/engine_cycle/trigger.c ****   if (!cam_trigger.initialized)
 400              		.loc 1 278 3 is_stmt 1 view .LVU119
 401              		.loc 1 278 19 is_stmt 0 view .LVU120
 402 0006 394B     		ldr	r3, .L40
 403 0008 1B78     		ldrb	r3, [r3]	@ zero_extendqisi2
 404              		.loc 1 278 6 view .LVU121
 405 000a 002B     		cmp	r3, #0
 406 000c 5BD0     		beq	.L22
 407 000e 0446     		mov	r4, r0
 279:controller/engine_cycle/trigger.c ****   {
 280:controller/engine_cycle/trigger.c ****     return;
 281:controller/engine_cycle/trigger.c ****   }
 282:controller/engine_cycle/trigger.c ****   if (!config.trigger_cam_enabled)
 408              		.loc 1 282 3 is_stmt 1 view .LVU122
 409              		.loc 1 282 14 is_stmt 0 view .LVU123
 410 0010 374B     		ldr	r3, .L40+4
 411 0012 93F8D43A 		ldrb	r3, [r3, #2772]	@ zero_extendqisi2
 412              		.loc 1 282 6 view .LVU124
 413 0016 002B     		cmp	r3, #0
 414 0018 55D0     		beq	.L22
 283:controller/engine_cycle/trigger.c ****   {
 284:controller/engine_cycle/trigger.c ****     return;
 285:controller/engine_cycle/trigger.c ****   }
 286:controller/engine_cycle/trigger.c ****   
 287:controller/engine_cycle/trigger.c ****   time_us_t filter_time = 0;
 415              		.loc 1 287 3 is_stmt 1 view .LVU125
 416              	.LVL27:
 288:controller/engine_cycle/trigger.c ****   float on_to_off_ratio_allowed_jitter = 0;
 417              		.loc 1 288 3 view .LVU126
 289:controller/engine_cycle/trigger.c ****   switch (*cam_trigger.filtering)
 418              		.loc 1 289 3 view .LVU127
 419              		.loc 1 289 23 is_stmt 0 view .LVU128
 420 001a 344B     		ldr	r3, .L40
 421 001c 5A68     		ldr	r2, [r3, #4]
 422              		.loc 1 289 11 view .LVU129
 423 001e 1378     		ldrb	r3, [r2]	@ zero_extendqisi2
 424              		.loc 1 289 3 view .LVU130
 425 0020 032B     		cmp	r3, #3
 426 0022 10D8     		bhi	.L24
ARM GAS  C:\Users\alireza\AppData\Local\Temp\ccyptdzk.s 			page 15


 427 0024 DFE803F0 		tbb	[pc, r3]
 428              	.L26:
 429 0028 02       		.byte	(.L29-.L26)/2
 430 0029 14       		.byte	(.L36-.L26)/2
 431 002a 06       		.byte	(.L27-.L26)/2
 432 002b 0A       		.byte	(.L25-.L26)/2
 433              		.p2align 1
 434              	.L29:
 435 002c 9FED318A 		vldr.32	s16, .L40+8
 436 0030 0025     		movs	r5, #0
 437 0032 10E0     		b	.L28
 438              	.L27:
 290:controller/engine_cycle/trigger.c ****   {
 291:controller/engine_cycle/trigger.c ****   case TRIGGER_FILTERING_NONE:
 292:controller/engine_cycle/trigger.c ****     filter_time = 0;
 293:controller/engine_cycle/trigger.c ****     on_to_off_ratio_allowed_jitter = 0;
 294:controller/engine_cycle/trigger.c ****     break;
 295:controller/engine_cycle/trigger.c ****   case TRIGGER_FILTERING_LITE:
 296:controller/engine_cycle/trigger.c ****     on_to_off_ratio_allowed_jitter = (float)0.25;
 297:controller/engine_cycle/trigger.c ****     filter_time = 100;
 298:controller/engine_cycle/trigger.c ****     break;
 299:controller/engine_cycle/trigger.c ****   case TRIGGER_FILTERING_MEDIUM:
 300:controller/engine_cycle/trigger.c ****     on_to_off_ratio_allowed_jitter = (float)0.125;
 439              		.loc 1 300 5 is_stmt 1 view .LVU131
 440              	.LVL28:
 301:controller/engine_cycle/trigger.c ****     filter_time = 250;
 441              		.loc 1 301 5 view .LVU132
 302:controller/engine_cycle/trigger.c ****     break;
 442              		.loc 1 302 5 view .LVU133
 300:controller/engine_cycle/trigger.c ****     filter_time = 250;
 443              		.loc 1 300 36 is_stmt 0 view .LVU134
 444 0034 B4EE008A 		vmov.f32	s16, #1.25e-1
 301:controller/engine_cycle/trigger.c ****     filter_time = 250;
 445              		.loc 1 301 17 view .LVU135
 446 0038 FA25     		movs	r5, #250
 447              		.loc 1 302 5 view .LVU136
 448 003a 0CE0     		b	.L28
 449              	.LVL29:
 450              	.L25:
 303:controller/engine_cycle/trigger.c ****   case TRIGGER_FILTERING_AGGRESSIVE:
 304:controller/engine_cycle/trigger.c ****     on_to_off_ratio_allowed_jitter = (float)0.0625;
 451              		.loc 1 304 5 is_stmt 1 view .LVU137
 305:controller/engine_cycle/trigger.c ****     filter_time = 500;
 452              		.loc 1 305 5 view .LVU138
 306:controller/engine_cycle/trigger.c ****     break;
 453              		.loc 1 306 5 view .LVU139
 304:controller/engine_cycle/trigger.c ****     filter_time = 500;
 454              		.loc 1 304 36 is_stmt 0 view .LVU140
 455 003c 9FED2E8A 		vldr.32	s16, .L40+12
 305:controller/engine_cycle/trigger.c ****     filter_time = 500;
 456              		.loc 1 305 17 view .LVU141
 457 0040 4FF4FA75 		mov	r5, #500
 458              		.loc 1 306 5 view .LVU142
 459 0044 07E0     		b	.L28
 460              	.LVL30:
 461              	.L24:
 307:controller/engine_cycle/trigger.c **** 
ARM GAS  C:\Users\alireza\AppData\Local\Temp\ccyptdzk.s 			page 16


 308:controller/engine_cycle/trigger.c ****   default:
 309:controller/engine_cycle/trigger.c ****     *cam_trigger.filtering = TRIGGER_FILTERING_NONE;
 462              		.loc 1 309 5 is_stmt 1 view .LVU143
 463              		.loc 1 309 28 is_stmt 0 view .LVU144
 464 0046 0025     		movs	r5, #0
 465 0048 1570     		strb	r5, [r2]
 310:controller/engine_cycle/trigger.c ****     on_to_off_ratio_allowed_jitter = (float)0;
 466              		.loc 1 310 5 is_stmt 1 view .LVU145
 311:controller/engine_cycle/trigger.c ****     break;
 467              		.loc 1 311 5 view .LVU146
 310:controller/engine_cycle/trigger.c ****     on_to_off_ratio_allowed_jitter = (float)0;
 468              		.loc 1 310 36 is_stmt 0 view .LVU147
 469 004a 9FED2A8A 		vldr.32	s16, .L40+8
 470              		.loc 1 311 5 view .LVU148
 471 004e 02E0     		b	.L28
 472              	.L36:
 296:controller/engine_cycle/trigger.c ****     filter_time = 100;
 473              		.loc 1 296 36 view .LVU149
 474 0050 B5EE008A 		vmov.f32	s16, #2.5e-1
 297:controller/engine_cycle/trigger.c ****     break;
 475              		.loc 1 297 17 view .LVU150
 476 0054 6425     		movs	r5, #100
 477              	.LVL31:
 478              	.L28:
 312:controller/engine_cycle/trigger.c ****   }
 313:controller/engine_cycle/trigger.c **** 
 314:controller/engine_cycle/trigger.c ****   time_us_t current_time = get_time_us();
 479              		.loc 1 314 3 is_stmt 1 view .LVU151
 480              		.loc 1 314 28 is_stmt 0 view .LVU152
 481 0056 FFF7FEFF 		bl	get_time_us
 482              	.LVL32:
 483              		.loc 1 314 28 view .LVU153
 484 005a 0246     		mov	r2, r0
 485              	.LVL33:
 315:controller/engine_cycle/trigger.c **** 
 316:controller/engine_cycle/trigger.c ****   /* Debounce: ignore too-close pulses */
 317:controller/engine_cycle/trigger.c ****   if (cam_trigger.last_edge_time != 0 &&
 486              		.loc 1 317 3 is_stmt 1 view .LVU154
 487              		.loc 1 317 18 is_stmt 0 view .LVU155
 488 005c 234B     		ldr	r3, .L40
 489 005e DB68     		ldr	r3, [r3, #12]
 490              		.loc 1 317 6 view .LVU156
 491 0060 13B1     		cbz	r3, .L30
 318:controller/engine_cycle/trigger.c ****       (current_time - cam_trigger.last_edge_time) < filter_time)
 492              		.loc 1 318 21 view .LVU157
 493 0062 C11A     		subs	r1, r0, r3
 317:controller/engine_cycle/trigger.c ****       (current_time - cam_trigger.last_edge_time) < filter_time)
 494              		.loc 1 317 39 discriminator 1 view .LVU158
 495 0064 A942     		cmp	r1, r5
 496 0066 31D3     		bcc	.L39
 497              	.L30:
 319:controller/engine_cycle/trigger.c ****   {
 320:controller/engine_cycle/trigger.c ****     change_bit(&runtime.status, STATUS_TRIGGER_CAMSHAFT_SYNCED, false);
 321:controller/engine_cycle/trigger.c ****     return; // noise
 322:controller/engine_cycle/trigger.c ****   }
 323:controller/engine_cycle/trigger.c **** 
 324:controller/engine_cycle/trigger.c ****   time_us_t current_edge_gap = current_time - cam_trigger.last_edge_time;
ARM GAS  C:\Users\alireza\AppData\Local\Temp\ccyptdzk.s 			page 17


 498              		.loc 1 324 3 is_stmt 1 view .LVU159
 499              		.loc 1 324 13 is_stmt 0 view .LVU160
 500 0068 D31A     		subs	r3, r2, r3
 501              	.LVL34:
 325:controller/engine_cycle/trigger.c **** 
 326:controller/engine_cycle/trigger.c ****   float on_off_ratio = (float)current_edge_gap / (float)cam_trigger.last_edge_gap;
 502              		.loc 1 326 3 is_stmt 1 view .LVU161
 503              		.loc 1 326 24 is_stmt 0 view .LVU162
 504 006a 07EE903A 		vmov	s15, r3	@ int
 505 006e B8EE677A 		vcvt.f32.u32	s14, s15
 506              		.loc 1 326 68 view .LVU163
 507 0072 1E49     		ldr	r1, .L40
 508 0074 D1ED047A 		vldr.32	s15, [r1, #16]	@ int
 509              		.loc 1 326 50 view .LVU164
 510 0078 F8EE677A 		vcvt.f32.u32	s15, s15
 511              		.loc 1 326 9 view .LVU165
 512 007c C7EE276A 		vdiv.f32	s13, s14, s15
 513              	.LVL35:
 327:controller/engine_cycle/trigger.c **** 
 328:controller/engine_cycle/trigger.c ****   if (on_to_off_ratio_allowed_jitter != 0 && !IS_IN_RANGE(on_off_ratio, (float)1 - on_to_off_ratio_
 514              		.loc 1 328 3 is_stmt 1 view .LVU166
 515              		.loc 1 328 6 is_stmt 0 view .LVU167
 516 0080 B5EE408A 		vcmp.f32	s16, #0
 517 0084 F1EE10FA 		vmrs	APSR_nzcv, FPSCR
 518 0088 11D0     		beq	.L31
 519              		.loc 1 328 47 discriminator 1 view .LVU168
 520 008a F7EE007A 		vmov.f32	s15, #1.0e+0
 521 008e 77EEC87A 		vsub.f32	s15, s15, s16
 522              		.loc 1 328 43 discriminator 1 view .LVU169
 523 0092 F4EEE67A 		vcmpe.f32	s15, s13
 524 0096 F1EE10FA 		vmrs	APSR_nzcv, FPSCR
 525 009a 1DD8     		bhi	.L32
 526              		.loc 1 328 47 discriminator 2 view .LVU170
 527 009c F7EE007A 		vmov.f32	s15, #1.0e+0
 528 00a0 38EE278A 		vadd.f32	s16, s16, s15
 529              	.LVL36:
 530              		.loc 1 328 46 discriminator 2 view .LVU171
 531 00a4 B4EEE68A 		vcmpe.f32	s16, s13
 532 00a8 F1EE10FA 		vmrs	APSR_nzcv, FPSCR
 533 00ac 14DB     		blt	.L32
 534              	.L31:
 329:controller/engine_cycle/trigger.c ****   {
 330:controller/engine_cycle/trigger.c ****     change_bit(&runtime.status, STATUS_TRIGGER_CAMSHAFT_SYNCED, false);
 331:controller/engine_cycle/trigger.c ****     return;
 332:controller/engine_cycle/trigger.c ****   }
 333:controller/engine_cycle/trigger.c ****   
 334:controller/engine_cycle/trigger.c ****   change_bit(&runtime.status, STATUS_TRIGGER_CAMSHAFT_SYNCED, true);
 535              		.loc 1 334 3 is_stmt 1 view .LVU172
 536              	.LVL37:
 537              	.LBB54:
 538              	.LBI54:
  30:controller/utils/utils.h **** {
 539              		.loc 2 30 20 view .LVU173
 540              	.LBB55:
  32:controller/utils/utils.h ****     {
 541              		.loc 2 32 5 view .LVU174
  36:controller/utils/utils.h ****     {
ARM GAS  C:\Users\alireza\AppData\Local\Temp\ccyptdzk.s 			page 18


 542              		.loc 2 36 5 view .LVU175
  38:controller/utils/utils.h ****     }
 543              		.loc 2 38 9 view .LVU176
 544 00ae 1348     		ldr	r0, .L40+16
 545              	.LVL38:
  38:controller/utils/utils.h ****     }
 546              		.loc 2 38 9 is_stmt 0 view .LVU177
 547 00b0 0168     		ldr	r1, [r0]
  38:controller/utils/utils.h ****     }
 548              		.loc 2 38 14 view .LVU178
 549 00b2 41F01001 		orr	r1, r1, #16
 550 00b6 0160     		str	r1, [r0]
 551              	.LVL39:
  38:controller/utils/utils.h ****     }
 552              		.loc 2 38 14 view .LVU179
 553              	.LBE55:
 554              	.LBE54:
 335:controller/engine_cycle/trigger.c **** 
 336:controller/engine_cycle/trigger.c ****   if (is_rising_edge)
 555              		.loc 1 336 3 is_stmt 1 view .LVU180
 556              		.loc 1 336 6 is_stmt 0 view .LVU181
 557 00b8 A4B1     		cbz	r4, .L34
 337:controller/engine_cycle/trigger.c ****   {
 338:controller/engine_cycle/trigger.c ****     /* Rising edge */
 339:controller/engine_cycle/trigger.c ****     cam_trigger.phase = true;
 558              		.loc 1 339 5 is_stmt 1 view .LVU182
 559              		.loc 1 339 23 is_stmt 0 view .LVU183
 560 00ba 0C49     		ldr	r1, .L40
 561 00bc 0120     		movs	r0, #1
 562 00be 0872     		strb	r0, [r1, #8]
 563              	.L35:
 340:controller/engine_cycle/trigger.c ****   }
 341:controller/engine_cycle/trigger.c ****   else
 342:controller/engine_cycle/trigger.c ****   {
 343:controller/engine_cycle/trigger.c ****     /* Falling edge */
 344:controller/engine_cycle/trigger.c ****     cam_trigger.phase = false;
 345:controller/engine_cycle/trigger.c ****   }
 346:controller/engine_cycle/trigger.c **** 
 347:controller/engine_cycle/trigger.c ****   cam_trigger.last_edge_gap = current_edge_gap;
 564              		.loc 1 347 3 is_stmt 1 view .LVU184
 565              		.loc 1 347 29 is_stmt 0 view .LVU185
 566 00c0 0A49     		ldr	r1, .L40
 567 00c2 0B61     		str	r3, [r1, #16]
 348:controller/engine_cycle/trigger.c ****   cam_trigger.last_edge_time = current_time;
 568              		.loc 1 348 3 is_stmt 1 view .LVU186
 569              		.loc 1 348 30 is_stmt 0 view .LVU187
 570 00c4 CA60     		str	r2, [r1, #12]
 571              	.LVL40:
 572              	.L22:
 349:controller/engine_cycle/trigger.c **** }
 573              		.loc 1 349 1 view .LVU188
 574 00c6 BDEC028B 		vldm	sp!, {d8}
 575              		.cfi_remember_state
 576              		.cfi_restore 80
 577              		.cfi_restore 81
 578              		.cfi_def_cfa_offset 16
 579 00ca 38BD     		pop	{r3, r4, r5, pc}
ARM GAS  C:\Users\alireza\AppData\Local\Temp\ccyptdzk.s 			page 19


 580              	.LVL41:
 581              	.L39:
 582              		.cfi_restore_state
 320:controller/engine_cycle/trigger.c ****     return; // noise
 583              		.loc 1 320 5 is_stmt 1 view .LVU189
 584              	.LBB56:
 585              	.LBI56:
  30:controller/utils/utils.h **** {
 586              		.loc 2 30 20 view .LVU190
 587              	.LBB57:
  32:controller/utils/utils.h ****     {
 588              		.loc 2 32 5 view .LVU191
  36:controller/utils/utils.h ****     {
 589              		.loc 2 36 5 view .LVU192
 590              		.loc 2 42 9 view .LVU193
 591 00cc 0B4A     		ldr	r2, .L40+16
 592 00ce 1368     		ldr	r3, [r2]
 593              		.loc 2 42 14 is_stmt 0 view .LVU194
 594 00d0 23F01003 		bic	r3, r3, #16
 595 00d4 1360     		str	r3, [r2]
 596              	.LVL42:
 597              		.loc 2 42 14 view .LVU195
 598              	.LBE57:
 599              	.LBE56:
 321:controller/engine_cycle/trigger.c ****   }
 600              		.loc 1 321 5 is_stmt 1 view .LVU196
 601 00d6 F6E7     		b	.L22
 602              	.LVL43:
 603              	.L32:
 330:controller/engine_cycle/trigger.c ****     return;
 604              		.loc 1 330 5 view .LVU197
 605              	.LBB58:
 606              	.LBI58:
  30:controller/utils/utils.h **** {
 607              		.loc 2 30 20 view .LVU198
 608              	.LBB59:
  32:controller/utils/utils.h ****     {
 609              		.loc 2 32 5 view .LVU199
  36:controller/utils/utils.h ****     {
 610              		.loc 2 36 5 view .LVU200
 611              		.loc 2 42 9 view .LVU201
 612 00d8 084A     		ldr	r2, .L40+16
 613 00da 1368     		ldr	r3, [r2]
 614              	.LVL44:
 615              		.loc 2 42 14 is_stmt 0 view .LVU202
 616 00dc 23F01003 		bic	r3, r3, #16
 617 00e0 1360     		str	r3, [r2]
 618              	.LVL45:
 619              		.loc 2 42 14 view .LVU203
 620              	.LBE59:
 621              	.LBE58:
 331:controller/engine_cycle/trigger.c ****   }
 622              		.loc 1 331 5 is_stmt 1 view .LVU204
 623 00e2 F0E7     		b	.L22
 624              	.LVL46:
 625              	.L34:
 344:controller/engine_cycle/trigger.c ****   }
ARM GAS  C:\Users\alireza\AppData\Local\Temp\ccyptdzk.s 			page 20


 626              		.loc 1 344 5 view .LVU205
 344:controller/engine_cycle/trigger.c ****   }
 627              		.loc 1 344 23 is_stmt 0 view .LVU206
 628 00e4 0149     		ldr	r1, .L40
 629 00e6 0020     		movs	r0, #0
 630 00e8 0872     		strb	r0, [r1, #8]
 631 00ea E9E7     		b	.L35
 632              	.L41:
 633              		.align	2
 634              	.L40:
 635 00ec 00000000 		.word	cam_trigger
 636 00f0 00100000 		.word	config+4096
 637 00f4 00000000 		.word	0
 638 00f8 0000803D 		.word	1031798784
 639 00fc 00000000 		.word	runtime
 640              		.cfi_endproc
 641              	.LFE246:
 643              		.section	.text.camshaft_get_phase,"ax",%progbits
 644              		.align	1
 645              		.global	camshaft_get_phase
 646              		.syntax unified
 647              		.thumb
 648              		.thumb_func
 650              	camshaft_get_phase:
 651              	.LFB247:
 350:controller/engine_cycle/trigger.c **** 
 351:controller/engine_cycle/trigger.c **** bool camshaft_get_phase()
 352:controller/engine_cycle/trigger.c **** {
 652              		.loc 1 352 1 is_stmt 1 view -0
 653              		.cfi_startproc
 654              		@ args = 0, pretend = 0, frame = 0
 655              		@ frame_needed = 0, uses_anonymous_args = 0
 656              		@ link register save eliminated.
 353:controller/engine_cycle/trigger.c ****   return cam_trigger.phase;
 657              		.loc 1 353 3 view .LVU208
 354:controller/engine_cycle/trigger.c **** }
 658              		.loc 1 354 1 is_stmt 0 view .LVU209
 659 0000 014B     		ldr	r3, .L43
 660 0002 187A     		ldrb	r0, [r3, #8]	@ zero_extendqisi2
 661 0004 7047     		bx	lr
 662              	.L44:
 663 0006 00BF     		.align	2
 664              	.L43:
 665 0008 00000000 		.word	cam_trigger
 666              		.cfi_endproc
 667              	.LFE247:
 669              		.section	.text.crankshaft_get_rpm,"ax",%progbits
 670              		.align	1
 671              		.global	crankshaft_get_rpm
 672              		.syntax unified
 673              		.thumb
 674              		.thumb_func
 676              	crankshaft_get_rpm:
 677              	.LFB248:
 355:controller/engine_cycle/trigger.c **** rpm_t crankshaft_get_rpm()
 356:controller/engine_cycle/trigger.c **** {
 678              		.loc 1 356 1 is_stmt 1 view -0
ARM GAS  C:\Users\alireza\AppData\Local\Temp\ccyptdzk.s 			page 21


 679              		.cfi_startproc
 680              		@ args = 0, pretend = 0, frame = 0
 681              		@ frame_needed = 0, uses_anonymous_args = 0
 682              		@ link register save eliminated.
 357:controller/engine_cycle/trigger.c ****   return runtime.rpm;
 683              		.loc 1 357 3 view .LVU211
 358:controller/engine_cycle/trigger.c **** }
 684              		.loc 1 358 1 is_stmt 0 view .LVU212
 685 0000 014B     		ldr	r3, .L46
 686 0002 93ED060A 		vldr.32	s0, [r3, #24]
 687 0006 7047     		bx	lr
 688              	.L47:
 689              		.align	2
 690              	.L46:
 691 0008 00000000 		.word	runtime
 692              		.cfi_endproc
 693              	.LFE248:
 695              		.section	.text.crankshaft_get_angle,"ax",%progbits
 696              		.align	1
 697              		.global	crankshaft_get_angle
 698              		.syntax unified
 699              		.thumb
 700              		.thumb_func
 702              	crankshaft_get_angle:
 703              	.LFB249:
 359:controller/engine_cycle/trigger.c **** 
 360:controller/engine_cycle/trigger.c **** /**
 361:controller/engine_cycle/trigger.c ****  * @brief returns the instant angle of the crankshaft
 362:controller/engine_cycle/trigger.c ****  * @note angle is updated on every trigger event!
 363:controller/engine_cycle/trigger.c ****  */
 364:controller/engine_cycle/trigger.c **** angle_t crankshaft_get_angle()
 365:controller/engine_cycle/trigger.c **** {
 704              		.loc 1 365 1 is_stmt 1 view -0
 705              		.cfi_startproc
 706              		@ args = 0, pretend = 0, frame = 0
 707              		@ frame_needed = 0, uses_anonymous_args = 0
 708              		@ link register save eliminated.
 366:controller/engine_cycle/trigger.c ****   return runtime.crankshaft_angle;
 709              		.loc 1 366 3 view .LVU214
 367:controller/engine_cycle/trigger.c **** }
 710              		.loc 1 367 1 is_stmt 0 view .LVU215
 711 0000 014B     		ldr	r3, .L49
 712 0002 93ED040A 		vldr.32	s0, [r3, #16]
 713 0006 7047     		bx	lr
 714              	.L50:
 715              		.align	2
 716              	.L49:
 717 0008 00000000 		.word	runtime
 718              		.cfi_endproc
 719              	.LFE249:
 721              		.section	.text.crankshaft_get_next_trigger_angle,"ax",%progbits
 722              		.align	1
 723              		.global	crankshaft_get_next_trigger_angle
 724              		.syntax unified
 725              		.thumb
 726              		.thumb_func
 728              	crankshaft_get_next_trigger_angle:
ARM GAS  C:\Users\alireza\AppData\Local\Temp\ccyptdzk.s 			page 22


 729              	.LFB250:
 368:controller/engine_cycle/trigger.c **** 
 369:controller/engine_cycle/trigger.c **** angle_t crankshaft_get_next_trigger_angle()
 370:controller/engine_cycle/trigger.c **** {
 730              		.loc 1 370 1 is_stmt 1 view -0
 731              		.cfi_startproc
 732              		@ args = 0, pretend = 0, frame = 0
 733              		@ frame_needed = 0, uses_anonymous_args = 0
 734              		@ link register save eliminated.
 371:controller/engine_cycle/trigger.c ****   return next_tooth_angle;
 735              		.loc 1 371 3 view .LVU217
 372:controller/engine_cycle/trigger.c **** }
 736              		.loc 1 372 1 is_stmt 0 view .LVU218
 737 0000 014B     		ldr	r3, .L52
 738 0002 93ED000A 		vldr.32	s0, [r3]
 739 0006 7047     		bx	lr
 740              	.L53:
 741              		.align	2
 742              	.L52:
 743 0008 00000000 		.word	next_tooth_angle
 744              		.cfi_endproc
 745              	.LFE250:
 747              		.section	.text.trigger_driven_events_callback,"ax",%progbits
 748              		.align	1
 749              		.weak	trigger_driven_events_callback
 750              		.syntax unified
 751              		.thumb
 752              		.thumb_func
 754              	trigger_driven_events_callback:
 755              	.LFB251:
 373:controller/engine_cycle/trigger.c **** 
 374:controller/engine_cycle/trigger.c **** __weak void trigger_driven_events_callback()
 375:controller/engine_cycle/trigger.c **** {
 756              		.loc 1 375 1 is_stmt 1 view -0
 757              		.cfi_startproc
 758              		@ args = 0, pretend = 0, frame = 0
 759              		@ frame_needed = 0, uses_anonymous_args = 0
 760              		@ link register save eliminated.
 376:controller/engine_cycle/trigger.c ****   /* This is a weak function. User can override it in their code */
 377:controller/engine_cycle/trigger.c **** }
 761              		.loc 1 377 1 view .LVU220
 762 0000 7047     		bx	lr
 763              		.cfi_endproc
 764              	.LFE251:
 766              		.section	.rodata.trigger_crankshaft_signal_handle.str1.4,"aMS",%progbits,1
 767              		.align	2
 768              	.LC2:
 769 0000 4372616E 		.ascii	"Crank trigger is not initialized.\000"
 769      6B207472 
 769      69676765 
 769      72206973 
 769      206E6F74 
 770              		.section	.text.trigger_crankshaft_signal_handle,"ax",%progbits
 771              		.align	1
 772              		.global	trigger_crankshaft_signal_handle
 773              		.syntax unified
 774              		.thumb
ARM GAS  C:\Users\alireza\AppData\Local\Temp\ccyptdzk.s 			page 23


 775              		.thumb_func
 777              	trigger_crankshaft_signal_handle:
 778              	.LFB245:
 106:controller/engine_cycle/trigger.c **** 
 779              		.loc 1 106 1 view -0
 780              		.cfi_startproc
 781              		@ args = 0, pretend = 0, frame = 0
 782              		@ frame_needed = 0, uses_anonymous_args = 0
 783 0000 38B5     		push	{r3, r4, r5, lr}
 784              		.cfi_def_cfa_offset 16
 785              		.cfi_offset 3, -16
 786              		.cfi_offset 4, -12
 787              		.cfi_offset 5, -8
 788              		.cfi_offset 14, -4
 108:controller/engine_cycle/trigger.c ****   {
 789              		.loc 1 108 3 view .LVU222
 108:controller/engine_cycle/trigger.c ****   {
 790              		.loc 1 108 21 is_stmt 0 view .LVU223
 791 0002 9E4B     		ldr	r3, .L110
 792 0004 1C78     		ldrb	r4, [r3]	@ zero_extendqisi2
 108:controller/engine_cycle/trigger.c ****   {
 793              		.loc 1 108 6 view .LVU224
 794 0006 002C     		cmp	r4, #0
 795 0008 3AD0     		beq	.L107
 116:controller/engine_cycle/trigger.c **** 
 796              		.loc 1 116 3 is_stmt 1 view .LVU225
 116:controller/engine_cycle/trigger.c **** 
 797              		.loc 1 116 34 is_stmt 0 view .LVU226
 798 000a FFF7FEFF 		bl	get_time_us
 799              	.LVL47:
 119:controller/engine_cycle/trigger.c ****       (current_tooth_time - crank_trigger.tooth_time_history[0]) < crank_trigger.filter_time)
 800              		.loc 1 119 3 is_stmt 1 view .LVU227
 119:controller/engine_cycle/trigger.c ****       (current_tooth_time - crank_trigger.tooth_time_history[0]) < crank_trigger.filter_time)
 801              		.loc 1 119 39 is_stmt 0 view .LVU228
 802 000e 9B4B     		ldr	r3, .L110
 803 0010 9B68     		ldr	r3, [r3, #8]
 119:controller/engine_cycle/trigger.c ****       (current_tooth_time - crank_trigger.tooth_time_history[0]) < crank_trigger.filter_time)
 804              		.loc 1 119 6 view .LVU229
 805 0012 23B1     		cbz	r3, .L58
 120:controller/engine_cycle/trigger.c ****   {
 806              		.loc 1 120 27 view .LVU230
 807 0014 C21A     		subs	r2, r0, r3
 120:controller/engine_cycle/trigger.c ****   {
 808              		.loc 1 120 81 view .LVU231
 809 0016 9949     		ldr	r1, .L110
 810 0018 0969     		ldr	r1, [r1, #16]
 119:controller/engine_cycle/trigger.c ****       (current_tooth_time - crank_trigger.tooth_time_history[0]) < crank_trigger.filter_time)
 811              		.loc 1 119 48 discriminator 1 view .LVU232
 812 001a 8A42     		cmp	r2, r1
 813 001c 3BD3     		bcc	.L55
 814              	.L58:
 126:controller/engine_cycle/trigger.c ****   {
 815              		.loc 1 126 3 is_stmt 1 view .LVU233
 126:controller/engine_cycle/trigger.c ****   {
 816              		.loc 1 126 6 is_stmt 0 view .LVU234
 817 001e 002B     		cmp	r3, #0
 818 0020 3AD0     		beq	.L108
ARM GAS  C:\Users\alireza\AppData\Local\Temp\ccyptdzk.s 			page 24


 133:controller/engine_cycle/trigger.c ****   time_us_t prev_tooth_gap = crank_trigger.tooth_time_history[0] - crank_trigger.tooth_time_history
 819              		.loc 1 133 3 is_stmt 1 view .LVU235
 133:controller/engine_cycle/trigger.c ****   time_us_t prev_tooth_gap = crank_trigger.tooth_time_history[0] - crank_trigger.tooth_time_history
 820              		.loc 1 133 13 is_stmt 0 view .LVU236
 821 0022 C11A     		subs	r1, r0, r3
 822              	.LVL48:
 134:controller/engine_cycle/trigger.c **** 
 823              		.loc 1 134 3 is_stmt 1 view .LVU237
 134:controller/engine_cycle/trigger.c **** 
 824              		.loc 1 134 100 is_stmt 0 view .LVU238
 825 0024 954A     		ldr	r2, .L110
 826 0026 D568     		ldr	r5, [r2, #12]
 827              	.LVL49:
 136:controller/engine_cycle/trigger.c ****   crank_trigger.tooth_time_history[0] = current_tooth_time;
 828              		.loc 1 136 3 is_stmt 1 view .LVU239
 136:controller/engine_cycle/trigger.c ****   crank_trigger.tooth_time_history[0] = current_tooth_time;
 829              		.loc 1 136 39 is_stmt 0 view .LVU240
 830 0028 D360     		str	r3, [r2, #12]
 137:controller/engine_cycle/trigger.c **** 
 831              		.loc 1 137 3 is_stmt 1 view .LVU241
 137:controller/engine_cycle/trigger.c **** 
 832              		.loc 1 137 39 is_stmt 0 view .LVU242
 833 002a 9060     		str	r0, [r2, #8]
 139:controller/engine_cycle/trigger.c ****   {
 834              		.loc 1 139 3 is_stmt 1 view .LVU243
 139:controller/engine_cycle/trigger.c ****   {
 835              		.loc 1 139 6 is_stmt 0 view .LVU244
 836 002c 5B1B     		subs	r3, r3, r5
 837              	.LVL50:
 139:controller/engine_cycle/trigger.c ****   {
 838              		.loc 1 139 6 view .LVU245
 839 002e 32D0     		beq	.L55
 144:controller/engine_cycle/trigger.c **** 
 840              		.loc 1 144 3 is_stmt 1 view .LVU246
 841              	.LVL51:
 146:controller/engine_cycle/trigger.c ****   {
 842              		.loc 1 146 3 view .LVU247
 146:controller/engine_cycle/trigger.c ****   {
 843              		.loc 1 146 7 is_stmt 0 view .LVU248
 844 0030 07EE901A 		vmov	s15, r1	@ int
 845 0034 F8EE675A 		vcvt.f32.u32	s11, s15
 846 0038 07EE903A 		vmov	s15, r3	@ int
 847 003c F8EE677A 		vcvt.f32.u32	s15, s15
 848 0040 85EEA77A 		vdiv.f32	s14, s11, s15
 146:controller/engine_cycle/trigger.c ****   {
 849              		.loc 1 146 6 view .LVU249
 850 0044 F7EE087A 		vmov.f32	s15, #1.5e+0
 851 0048 B4EEE77A 		vcmpe.f32	s14, s15
 852 004c F1EE10FA 		vmrs	APSR_nzcv, FPSCR
 853 0050 31DB     		blt	.L60
 146:controller/engine_cycle/trigger.c ****   {
 854              		.loc 1 146 7 discriminator 1 view .LVU250
 855 0052 F0EE087A 		vmov.f32	s15, #3.0e+0
 856 0056 B4EEE77A 		vcmpe.f32	s14, s15
 857 005a F1EE10FA 		vmrs	APSR_nzcv, FPSCR
 858 005e 2AD8     		bhi	.L60
 148:controller/engine_cycle/trigger.c ****   }
ARM GAS  C:\Users\alireza\AppData\Local\Temp\ccyptdzk.s 			page 25


 859              		.loc 1 148 5 is_stmt 1 view .LVU251
 860              	.LVL52:
 151:controller/engine_cycle/trigger.c **** 
 861              		.loc 1 151 3 view .LVU252
 153:controller/engine_cycle/trigger.c ****   {
 862              		.loc 1 153 3 view .LVU253
 155:controller/engine_cycle/trigger.c ****     {
 863              		.loc 1 155 5 view .LVU254
 155:controller/engine_cycle/trigger.c ****     {
 864              		.loc 1 155 23 is_stmt 0 view .LVU255
 865 0060 938A     		ldrh	r3, [r2, #20]
 866              	.LVL53:
 155:controller/engine_cycle/trigger.c ****     {
 867              		.loc 1 155 39 view .LVU256
 868 0062 0133     		adds	r3, r3, #1
 155:controller/engine_cycle/trigger.c ****     {
 869              		.loc 1 155 59 view .LVU257
 870 0064 927D     		ldrb	r2, [r2, #22]	@ zero_extendqisi2
 871              	.LVL54:
 155:controller/engine_cycle/trigger.c ****     {
 872              		.loc 1 155 8 view .LVU258
 873 0066 9342     		cmp	r3, r2
 874 0068 1AD0     		beq	.L109
 172:controller/engine_cycle/trigger.c ****       is_trigger_sync_achieved = false;
 875              		.loc 1 172 7 is_stmt 1 view .LVU259
 172:controller/engine_cycle/trigger.c ****       is_trigger_sync_achieved = false;
 876              		.loc 1 172 14 is_stmt 0 view .LVU260
 877 006a 854B     		ldr	r3, .L110+4
 878 006c 5A68     		ldr	r2, [r3, #4]
 172:controller/engine_cycle/trigger.c ****       is_trigger_sync_achieved = false;
 879              		.loc 1 172 32 view .LVU261
 880 006e 0132     		adds	r2, r2, #1
 881 0070 5A60     		str	r2, [r3, #4]
 173:controller/engine_cycle/trigger.c ****       // We will reset the teeth we have counted so far to hopefully achieve sync on the next rotat
 882              		.loc 1 173 7 is_stmt 1 view .LVU262
 173:controller/engine_cycle/trigger.c ****       // We will reset the teeth we have counted so far to hopefully achieve sync on the next rotat
 883              		.loc 1 173 32 is_stmt 0 view .LVU263
 884 0072 0022     		movs	r2, #0
 885 0074 8349     		ldr	r1, .L110+8
 886              	.LVL55:
 173:controller/engine_cycle/trigger.c ****       // We will reset the teeth we have counted so far to hopefully achieve sync on the next rotat
 887              		.loc 1 173 32 view .LVU264
 888 0076 0A70     		strb	r2, [r1]
 175:controller/engine_cycle/trigger.c ****       runtime.total_revolutions = 0;
 889              		.loc 1 175 7 is_stmt 1 view .LVU265
 175:controller/engine_cycle/trigger.c ****       runtime.total_revolutions = 0;
 890              		.loc 1 175 35 is_stmt 0 view .LVU266
 891 0078 8049     		ldr	r1, .L110
 892              	.LVL56:
 175:controller/engine_cycle/trigger.c ****       runtime.total_revolutions = 0;
 893              		.loc 1 175 35 view .LVU267
 894 007a 8A82     		strh	r2, [r1, #20]	@ movhi
 176:controller/engine_cycle/trigger.c ****     }
 895              		.loc 1 176 7 is_stmt 1 view .LVU268
 176:controller/engine_cycle/trigger.c ****     }
 896              		.loc 1 176 33 is_stmt 0 view .LVU269
 897 007c 9A60     		str	r2, [r3, #8]
ARM GAS  C:\Users\alireza\AppData\Local\Temp\ccyptdzk.s 			page 26


 898 007e 1FE0     		b	.L64
 899              	.LVL57:
 900              	.L107:
 110:controller/engine_cycle/trigger.c ****     change_bit(&runtime.status, STATUS_CRITICAL_ERROR, true);
 901              		.loc 1 110 5 is_stmt 1 view .LVU270
 902 0080 8148     		ldr	r0, .L110+12
 903 0082 FFF7FEFF 		bl	log_error
 904              	.LVL58:
 111:controller/engine_cycle/trigger.c ****     change_bit(&runtime.status, STATUS_TRIGGER_ERROR, true);
 905              		.loc 1 111 5 view .LVU271
 906              	.LBB60:
 907              	.LBI60:
  30:controller/utils/utils.h **** {
 908              		.loc 2 30 20 view .LVU272
 909              	.LBB61:
  32:controller/utils/utils.h ****     {
 910              		.loc 2 32 5 view .LVU273
  36:controller/utils/utils.h ****     {
 911              		.loc 2 36 5 view .LVU274
  38:controller/utils/utils.h ****     }
 912              		.loc 2 38 9 view .LVU275
 913 0086 7E4A     		ldr	r2, .L110+4
 914 0088 1368     		ldr	r3, [r2]
  38:controller/utils/utils.h ****     }
 915              		.loc 2 38 14 is_stmt 0 view .LVU276
 916 008a 43F00101 		orr	r1, r3, #1
 917 008e 1160     		str	r1, [r2]
 918              	.LVL59:
  38:controller/utils/utils.h ****     }
 919              		.loc 2 38 14 view .LVU277
 920              	.LBE61:
 921              	.LBE60:
 112:controller/engine_cycle/trigger.c ****     return;
 922              		.loc 1 112 5 is_stmt 1 view .LVU278
 923              	.LBB62:
 924              	.LBI62:
  30:controller/utils/utils.h **** {
 925              		.loc 2 30 20 view .LVU279
 926              	.LBB63:
  32:controller/utils/utils.h ****     {
 927              		.loc 2 32 5 view .LVU280
  36:controller/utils/utils.h ****     {
 928              		.loc 2 36 5 view .LVU281
  38:controller/utils/utils.h ****     }
 929              		.loc 2 38 9 view .LVU282
  38:controller/utils/utils.h ****     }
 930              		.loc 2 38 14 is_stmt 0 view .LVU283
 931 0090 43F02103 		orr	r3, r3, #33
 932 0094 1360     		str	r3, [r2]
 933              	.LVL60:
  38:controller/utils/utils.h ****     }
 934              		.loc 2 38 14 view .LVU284
 935              	.LBE63:
 936              	.LBE62:
 113:controller/engine_cycle/trigger.c ****   }
 937              		.loc 1 113 5 is_stmt 1 view .LVU285
 938              	.L55:
ARM GAS  C:\Users\alireza\AppData\Local\Temp\ccyptdzk.s 			page 27


 274:controller/engine_cycle/trigger.c **** 
 939              		.loc 1 274 1 is_stmt 0 view .LVU286
 940 0096 38BD     		pop	{r3, r4, r5, pc}
 941              	.LVL61:
 942              	.L108:
 128:controller/engine_cycle/trigger.c ****     crank_trigger.tooth_time_history[1] = current_tooth_time;
 943              		.loc 1 128 5 is_stmt 1 view .LVU287
 128:controller/engine_cycle/trigger.c ****     crank_trigger.tooth_time_history[1] = current_tooth_time;
 944              		.loc 1 128 41 is_stmt 0 view .LVU288
 945 0098 784B     		ldr	r3, .L110
 946 009a 9860     		str	r0, [r3, #8]
 129:controller/engine_cycle/trigger.c ****     return;
 947              		.loc 1 129 5 is_stmt 1 view .LVU289
 129:controller/engine_cycle/trigger.c ****     return;
 948              		.loc 1 129 41 is_stmt 0 view .LVU290
 949 009c D860     		str	r0, [r3, #12]
 130:controller/engine_cycle/trigger.c ****   }
 950              		.loc 1 130 5 is_stmt 1 view .LVU291
 951 009e FAE7     		b	.L55
 952              	.LVL62:
 953              	.L109:
 162:controller/engine_cycle/trigger.c ****       crank_trigger.counted_teeth = 0;
 954              		.loc 1 162 7 view .LVU292
 162:controller/engine_cycle/trigger.c ****       crank_trigger.counted_teeth = 0;
 955              		.loc 1 162 32 is_stmt 0 view .LVU293
 956 00a0 784B     		ldr	r3, .L110+8
 957 00a2 0122     		movs	r2, #1
 958 00a4 1A70     		strb	r2, [r3]
 163:controller/engine_cycle/trigger.c ****       runtime.total_revolutions++;
 959              		.loc 1 163 7 is_stmt 1 view .LVU294
 163:controller/engine_cycle/trigger.c ****       runtime.total_revolutions++;
 960              		.loc 1 163 35 is_stmt 0 view .LVU295
 961 00a6 754B     		ldr	r3, .L110
 962              	.LVL63:
 163:controller/engine_cycle/trigger.c ****       runtime.total_revolutions++;
 963              		.loc 1 163 35 view .LVU296
 964 00a8 0022     		movs	r2, #0
 965 00aa 9A82     		strh	r2, [r3, #20]	@ movhi
 164:controller/engine_cycle/trigger.c ****     }
 966              		.loc 1 164 7 is_stmt 1 view .LVU297
 164:controller/engine_cycle/trigger.c ****     }
 967              		.loc 1 164 14 is_stmt 0 view .LVU298
 968 00ac 744A     		ldr	r2, .L110+4
 969 00ae 9368     		ldr	r3, [r2, #8]
 970              	.LVL64:
 164:controller/engine_cycle/trigger.c ****     }
 971              		.loc 1 164 32 view .LVU299
 972 00b0 0133     		adds	r3, r3, #1
 973 00b2 9360     		str	r3, [r2, #8]
 974 00b4 04E0     		b	.L64
 975              	.LVL65:
 976              	.L60:
 181:controller/engine_cycle/trigger.c ****   }
 977              		.loc 1 181 5 is_stmt 1 view .LVU300
 181:controller/engine_cycle/trigger.c ****   }
 978              		.loc 1 181 18 is_stmt 0 view .LVU301
 979 00b6 714A     		ldr	r2, .L110
ARM GAS  C:\Users\alireza\AppData\Local\Temp\ccyptdzk.s 			page 28


 980 00b8 938A     		ldrh	r3, [r2, #20]
 981              	.LVL66:
 181:controller/engine_cycle/trigger.c ****   }
 982              		.loc 1 181 32 view .LVU302
 983 00ba 0133     		adds	r3, r3, #1
 984 00bc 9382     		strh	r3, [r2, #20]	@ movhi
 985 00be 0024     		movs	r4, #0
 986              	.LVL67:
 987              	.L64:
 184:controller/engine_cycle/trigger.c **** 
 988              		.loc 1 184 3 is_stmt 1 view .LVU303
 989 00c0 704B     		ldr	r3, .L110+8
 990 00c2 1A78     		ldrb	r2, [r3]	@ zero_extendqisi2
 991              	.LVL68:
 992              	.LBB64:
 993              	.LBI64:
  30:controller/utils/utils.h **** {
 994              		.loc 2 30 20 view .LVU304
 995              	.LBB65:
  32:controller/utils/utils.h ****     {
 996              		.loc 2 32 5 view .LVU305
  36:controller/utils/utils.h ****     {
 997              		.loc 2 36 5 view .LVU306
  36:controller/utils/utils.h ****     {
 998              		.loc 2 36 8 is_stmt 0 view .LVU307
 999 00c4 EAB1     		cbz	r2, .L65
  38:controller/utils/utils.h ****     }
 1000              		.loc 2 38 9 is_stmt 1 view .LVU308
 1001 00c6 6E49     		ldr	r1, .L110+4
 1002 00c8 0B68     		ldr	r3, [r1]
  38:controller/utils/utils.h ****     }
 1003              		.loc 2 38 14 is_stmt 0 view .LVU309
 1004 00ca 43F00803 		orr	r3, r3, #8
 1005 00ce 0B60     		str	r3, [r1]
 1006              	.L66:
 1007              	.LVL69:
  38:controller/utils/utils.h ****     }
 1008              		.loc 2 38 14 view .LVU310
 1009              	.LBE65:
 1010              	.LBE64:
 186:controller/engine_cycle/trigger.c ****   
 1011              		.loc 1 186 3 is_stmt 1 view .LVU311
 186:controller/engine_cycle/trigger.c ****   
 1012              		.loc 1 186 76 is_stmt 0 view .LVU312
 1013 00d0 6A4B     		ldr	r3, .L110
 1014              	.LVL70:
 186:controller/engine_cycle/trigger.c ****   
 1015              		.loc 1 186 76 view .LVU313
 1016 00d2 D97D     		ldrb	r1, [r3, #23]	@ zero_extendqisi2
 1017 00d4 05EE101A 		vmov	s10, r1	@ int
 186:controller/engine_cycle/trigger.c ****   
 1018              		.loc 1 186 54 view .LVU314
 1019 00d8 B8EE455A 		vcvt.f32.u32	s10, s10
 186:controller/engine_cycle/trigger.c ****   
 1020              		.loc 1 186 52 view .LVU315
 1021 00dc DFED6B7A 		vldr.32	s15, .L110+16
 1022 00e0 87EE857A 		vdiv.f32	s14, s15, s10
ARM GAS  C:\Users\alireza\AppData\Local\Temp\ccyptdzk.s 			page 29


 186:controller/engine_cycle/trigger.c ****   
 1023              		.loc 1 186 112 view .LVU316
 1024 00e4 998A     		ldrh	r1, [r3, #20]
 186:controller/engine_cycle/trigger.c ****   
 1025              		.loc 1 186 90 view .LVU317
 1026 00e6 07EE901A 		vmov	s15, r1	@ int
 1027 00ea F8EE677A 		vcvt.f32.u32	s15, s15
 186:controller/engine_cycle/trigger.c ****   
 1028              		.loc 1 186 88 view .LVU318
 1029 00ee 67EE277A 		vmul.f32	s15, s14, s15
 186:controller/engine_cycle/trigger.c ****   
 1030              		.loc 1 186 144 view .LVU319
 1031 00f2 674B     		ldr	r3, .L110+20
 1032              	.LVL71:
 186:controller/engine_cycle/trigger.c ****   
 1033              		.loc 1 186 144 view .LVU320
 1034 00f4 D3F88C36 		ldr	r3, [r3, #1676]	@ unaligned
 1035 00f8 06EE903A 		vmov	s13, r3	@ int
 186:controller/engine_cycle/trigger.c ****   
 1036              		.loc 1 186 30 view .LVU321
 1037 00fc 77EEA67A 		vadd.f32	s15, s15, s13
 1038              	.LVL72:
 1039              	.LBB67:
 1040              	.LBI67:
  43:controller/utils/utils.h ****     }
  44:controller/utils/utils.h **** }
  45:controller/utils/utils.h **** 
  46:controller/utils/utils.h **** static inline bool get_bit(uint32_t flags, uint8_t bit)
  47:controller/utils/utils.h **** {
  48:controller/utils/utils.h ****     if (bit < 32)
  49:controller/utils/utils.h ****     {
  50:controller/utils/utils.h ****         return (flags >> bit) & 1u;
  51:controller/utils/utils.h ****     }
  52:controller/utils/utils.h ****     return false;
  53:controller/utils/utils.h **** }
  54:controller/utils/utils.h **** 
  55:controller/utils/utils.h **** /**
  56:controller/utils/utils.h ****  * @brief Maps a value from one range to another.
  57:controller/utils/utils.h ****  *
  58:controller/utils/utils.h ****  * @param x The value to map.
  59:controller/utils/utils.h ****  * @param in_min The lower bound of the input range.
  60:controller/utils/utils.h ****  * @param in_max The upper bound of the input range.
  61:controller/utils/utils.h ****  * @param out_min The lower bound of the output range.
  62:controller/utils/utils.h ****  * @param out_max The upper bound of the output range.
  63:controller/utils/utils.h ****  * @return The mapped value in the output range.
  64:controller/utils/utils.h ****  */
  65:controller/utils/utils.h **** #define MAP(x, in_min, in_max, out_min, out_max) \
  66:controller/utils/utils.h ****     (((x) - (in_min)) * ((out_max) - (out_min)) / ((in_max) - (in_min)) + (out_min))
  67:controller/utils/utils.h **** 
  68:controller/utils/utils.h **** /**
  69:controller/utils/utils.h ****  * @brief Maps a uint16_t value from one range to another.
  70:controller/utils/utils.h ****  *
  71:controller/utils/utils.h ****  * @param x The value to map.
  72:controller/utils/utils.h ****  * @param in_min The lower bound of the input range.
  73:controller/utils/utils.h ****  * @param in_max The upper bound of the input range.
  74:controller/utils/utils.h ****  * @param out_min The lower bound of the output range.
  75:controller/utils/utils.h ****  * @param out_max The upper bound of the output range.
ARM GAS  C:\Users\alireza\AppData\Local\Temp\ccyptdzk.s 			page 30


  76:controller/utils/utils.h ****  * @return The mapped value in the output range.
  77:controller/utils/utils.h ****  */
  78:controller/utils/utils.h **** static inline uint16_t map_uint16(uint16_t x, uint16_t in_min, uint16_t in_max, uint16_t out_min, u
  79:controller/utils/utils.h **** {
  80:controller/utils/utils.h ****     if (in_max == in_min)
  81:controller/utils/utils.h ****     {
  82:controller/utils/utils.h ****         return 0; // Avoid division by zero
  83:controller/utils/utils.h ****     }
  84:controller/utils/utils.h ****     return (uint16_t)((x - in_min) * (out_max - out_min) / (in_max - in_min) + out_min);
  85:controller/utils/utils.h **** }
  86:controller/utils/utils.h **** 
  87:controller/utils/utils.h **** static inline float mapf(float x, float in_min, float in_max, float out_min, float out_max)
  88:controller/utils/utils.h **** {
  89:controller/utils/utils.h ****     if (in_max == in_min)
  90:controller/utils/utils.h ****     {
  91:controller/utils/utils.h ****         return 0.0f; // Avoid division by zero
  92:controller/utils/utils.h ****     }
  93:controller/utils/utils.h ****     return (x - in_min) * (out_max - out_min) / (in_max - in_min) + out_min;
  94:controller/utils/utils.h **** }
  95:controller/utils/utils.h **** 
  96:controller/utils/utils.h **** // http://en.wikipedia.org/wiki/Endianness
  97:controller/utils/utils.h **** inline uint16_t swap_endian_uint16(uint16_t x)
  98:controller/utils/utils.h **** {
  99:controller/utils/utils.h ****     return ((x << 8) | (x >> 8));
 100:controller/utils/utils.h **** }
 101:controller/utils/utils.h **** inline uint32_t swap_endian_uint32(uint32_t x)
 102:controller/utils/utils.h **** {
 103:controller/utils/utils.h ****     return (((x >> 24) & 0x000000ff) | ((x << 8) & 0x00ff0000) |
 104:controller/utils/utils.h ****             ((x >> 8) & 0x0000ff00) | ((x << 24) & 0xff000000));
 105:controller/utils/utils.h **** }
 106:controller/utils/utils.h **** 
 107:controller/utils/utils.h **** void swap_endian_copy_uint8(uint8_t *dst, const uint8_t *src, size_t size);
 108:controller/utils/utils.h **** 
 109:controller/utils/utils.h **** #define CELSIUS_TO_KELVIN(celsius) ((celsius) + 273.15f)
 110:controller/utils/utils.h **** #define KELVIN_TO_CELSIUS(kelvin) ((kelvin) - 273.15f)
 111:controller/utils/utils.h **** 
 112:controller/utils/utils.h **** /**
 113:controller/utils/utils.h ****  * @brief Function to calculate the microseconds it takes for the engine to turn one degree.
 114:controller/utils/utils.h ****  * @note Returns 0 if rpm is 0.
 115:controller/utils/utils.h ****  */
 116:controller/utils/utils.h **** static inline time_us_t microseconds_per_degree(rpm_t rpm)
 117:controller/utils/utils.h **** {
 118:controller/utils/utils.h ****     if (rpm == 0)
 119:controller/utils/utils.h ****     {
 120:controller/utils/utils.h ****         return 0;
 121:controller/utils/utils.h ****     }
 122:controller/utils/utils.h ****     return (time_us_t)60.0f * 1e6f / (rpm * 360.0f);
 123:controller/utils/utils.h **** }
 124:controller/utils/utils.h **** 
 125:controller/utils/utils.h **** /**
 126:controller/utils/utils.h ****  * @brief Convert a rotation angle in degrees to time in microseconds at a given RPM.
 127:controller/utils/utils.h ****  *
 128:controller/utils/utils.h ****  * @param degrees Rotation angle in degrees (> 0)
 129:controller/utils/utils.h ****  * @param rpm     Rotational speed in RPM (> 0)
 130:controller/utils/utils.h ****  * @return Time in microseconds to rotate the given angle, or 0 if input is invalid
 131:controller/utils/utils.h ****  */
 132:controller/utils/utils.h **** static inline time_us_t degree_to_microseconds(angle_t degrees, rpm_t rpm)
ARM GAS  C:\Users\alireza\AppData\Local\Temp\ccyptdzk.s 			page 31


 133:controller/utils/utils.h **** {
 134:controller/utils/utils.h ****     if (rpm <= 0 || degrees <= 0)
 135:controller/utils/utils.h ****     {
 136:controller/utils/utils.h ****         return 0;
 137:controller/utils/utils.h ****     }
 138:controller/utils/utils.h ****     return (time_us_t) (60.0f * 1e6f / (rpm * 360.0f) * degrees); 
 139:controller/utils/utils.h **** }
 140:controller/utils/utils.h **** 
 141:controller/utils/utils.h **** /**
 142:controller/utils/utils.h ****  * @brief Function to calculate the degrees the engine turns in one microsecond.
 143:controller/utils/utils.h ****  * @note Returns 0 if rpm is 0.
 144:controller/utils/utils.h ****  */
 145:controller/utils/utils.h **** static inline angle_t degrees_per_microsecond(rpm_t rpm)
 146:controller/utils/utils.h **** {
 147:controller/utils/utils.h ****     if (rpm == 0)
 148:controller/utils/utils.h ****     {
 149:controller/utils/utils.h ****         return 0.0f;
 150:controller/utils/utils.h ****     }
 151:controller/utils/utils.h ****     return (angle_t)(rpm * 360.0f) / (60.0f * 1e6f);
 152:controller/utils/utils.h **** }
 153:controller/utils/utils.h **** 
 154:controller/utils/utils.h **** static inline angle_t degrees_per_millisecond(rpm_t rpm)
 155:controller/utils/utils.h **** {
 156:controller/utils/utils.h ****     if (rpm == 0)
 157:controller/utils/utils.h ****     {
 158:controller/utils/utils.h ****         return 0.0f;
 159:controller/utils/utils.h ****     }
 160:controller/utils/utils.h ****     return (angle_t)(rpm * 360.0f) / (60.0f * 1e3f);
 161:controller/utils/utils.h **** }
 162:controller/utils/utils.h **** 
 163:controller/utils/utils.h **** float rate_of_change_per_sec(float current_value, float prev_value, time_us_t current_time, time_us
 164:controller/utils/utils.h **** 
 165:controller/utils/utils.h **** 
 166:controller/utils/utils.h **** /**
 167:controller/utils/utils.h ****  * @brief Convert milliseconds to microseconds, preserving the type of the input.
 168:controller/utils/utils.h ****  *
 169:controller/utils/utils.h ****  * Usage:
 170:controller/utils/utils.h ****  *   time_us_t t = MILLISECONDS_TO_MICROSECONDS(5.5f);   // float -> float microseconds
 171:controller/utils/utils.h ****  *   uint32_t t_int = MILLISECONDS_TO_MICROSECONDS(5U);  // uint32_t -> uint32_t microseconds
 172:controller/utils/utils.h ****  */
 173:controller/utils/utils.h **** #define MILLISECONDS_TO_MICROSECONDS(x) ((typeof(x))((x) * (typeof(x))1000))
 174:controller/utils/utils.h **** 
 175:controller/utils/utils.h **** float interpolate_2d(float x0, float y0, float x1, float y1, float x);
 176:controller/utils/utils.h **** 
 177:controller/utils/utils.h **** /*----------------------------------------------------------------------------*\
 178:controller/utils/utils.h ****  *  NAME:
 179:controller/utils/utils.h ****  *     Crc32_ComputeBuf() - computes the CRC-32 value of a memory buffer
 180:controller/utils/utils.h ****  *  DESCRIPTION:
 181:controller/utils/utils.h ****  *     Computes or accumulates the CRC-32 value for a memory buffer.
 182:controller/utils/utils.h ****  *     The 'inCrc32' gives a previously accumulated CRC-32 value to allow
 183:controller/utils/utils.h ****  *     a CRC to be generated for multiple sequential buffer-fuls of data.
 184:controller/utils/utils.h ****  *     The 'inCrc32' for the first buffer must be zero.
 185:controller/utils/utils.h ****  *  ARGUMENTS:
 186:controller/utils/utils.h ****  *     inCrc32 - accumulated CRC-32 value, must be 0 on first call
 187:controller/utils/utils.h ****  *     buf     - buffer to compute CRC-32 value for
 188:controller/utils/utils.h ****  *     bufLen  - number of bytes in buffer
 189:controller/utils/utils.h ****  *  RETURNS:
ARM GAS  C:\Users\alireza\AppData\Local\Temp\ccyptdzk.s 			page 32


 190:controller/utils/utils.h ****  *     crc32 - computed CRC-32 value
 191:controller/utils/utils.h ****  *  ERRORS:
 192:controller/utils/utils.h ****  *     (no errors are possible)
 193:controller/utils/utils.h **** \*----------------------------------------------------------------------------*/
 194:controller/utils/utils.h **** uint32_t crc32_inc(uint32_t in_crc32, const void *buf, size_t size);
 195:controller/utils/utils.h **** 
 196:controller/utils/utils.h **** /**
 197:controller/utils/utils.h ****  * @brief Wraps an angle in degrees to the range [0, 360).
 198:controller/utils/utils.h ****  *
 199:controller/utils/utils.h ****  * This function ensures that the input angle is normalized to the range [0, 360).
 200:controller/utils/utils.h ****  * If the input angle is negative, it adds 360 repeatedly until the angle is non-negative.
 201:controller/utils/utils.h ****  * If the input angle is greater than or equal to 360, it subtracts 360 repeatedly
 202:controller/utils/utils.h ****  * until the angle is less than 360.
 203:controller/utils/utils.h ****  *
 204:controller/utils/utils.h ****  * @param angle The input angle in degrees to be wrapped.
 205:controller/utils/utils.h ****  * @return The wrapped angle in the range [0, 360).
 206:controller/utils/utils.h ****  */
 207:controller/utils/utils.h **** static inline angle_t wrap_angle_360(angle_t angle)
 1041              		.loc 2 207 23 is_stmt 1 view .LVU322
 1042              	.LBB68:
 208:controller/utils/utils.h **** {
 209:controller/utils/utils.h ****     while (angle < 0.0f)
 1043              		.loc 2 209 5 view .LVU323
 1044 0100 09E0     		b	.L67
 1045              	.LVL73:
 1046              	.L65:
 1047              		.loc 2 209 5 is_stmt 0 view .LVU324
 1048              	.LBE68:
 1049              	.LBE67:
 1050              	.LBB70:
 1051              	.LBB66:
  42:controller/utils/utils.h ****     }
 1052              		.loc 2 42 9 is_stmt 1 view .LVU325
 1053 0102 5F49     		ldr	r1, .L110+4
 1054 0104 0B68     		ldr	r3, [r1]
  42:controller/utils/utils.h ****     }
 1055              		.loc 2 42 14 is_stmt 0 view .LVU326
 1056 0106 23F00803 		bic	r3, r3, #8
 1057 010a 0B60     		str	r3, [r1]
 1058 010c E0E7     		b	.L66
 1059              	.LVL74:
 1060              	.L68:
  42:controller/utils/utils.h ****     }
 1061              		.loc 2 42 14 view .LVU327
 1062              	.LBE66:
 1063              	.LBE70:
 1064              	.LBB71:
 1065              	.LBB69:
 210:controller/utils/utils.h ****     {
 211:controller/utils/utils.h ****         angle += 360.0f;
 1066              		.loc 2 211 9 is_stmt 1 view .LVU328
 1067              		.loc 2 211 15 is_stmt 0 view .LVU329
 1068 010e 9FED5F6A 		vldr.32	s12, .L110+16
 1069 0112 77EE867A 		vadd.f32	s15, s15, s12
 1070              	.LVL75:
 1071              	.L67:
 209:controller/utils/utils.h ****     {
ARM GAS  C:\Users\alireza\AppData\Local\Temp\ccyptdzk.s 			page 33


 1072              		.loc 2 209 18 is_stmt 1 view .LVU330
 1073 0116 F5EEC07A 		vcmpe.f32	s15, #0
 1074 011a F1EE10FA 		vmrs	APSR_nzcv, FPSCR
 1075 011e F6D4     		bmi	.L68
 1076 0120 03E0     		b	.L69
 1077              	.L70:
 212:controller/utils/utils.h ****     }
 213:controller/utils/utils.h ****     while (angle >= 360.0f)
 214:controller/utils/utils.h ****     {
 215:controller/utils/utils.h ****         angle -= 360.0f;
 1078              		.loc 2 215 9 view .LVU331
 1079              		.loc 2 215 15 is_stmt 0 view .LVU332
 1080 0122 9FED5A6A 		vldr.32	s12, .L110+16
 1081 0126 77EEC67A 		vsub.f32	s15, s15, s12
 1082              	.LVL76:
 1083              	.L69:
 213:controller/utils/utils.h ****     {
 1084              		.loc 2 213 18 is_stmt 1 view .LVU333
 1085 012a 9FED586A 		vldr.32	s12, .L110+16
 1086 012e F4EEC67A 		vcmpe.f32	s15, s12
 1087 0132 F1EE10FA 		vmrs	APSR_nzcv, FPSCR
 1088 0136 F4DA     		bge	.L70
 216:controller/utils/utils.h ****     }
 217:controller/utils/utils.h ****     return angle;
 1089              		.loc 2 217 5 view .LVU334
 1090              	.LVL77:
 1091              		.loc 2 217 5 is_stmt 0 view .LVU335
 1092              	.LBE69:
 1093              	.LBE71:
 186:controller/engine_cycle/trigger.c ****   
 1094              		.loc 1 186 28 discriminator 1 view .LVU336
 1095 0138 514B     		ldr	r3, .L110+4
 1096 013a C3ED047A 		vstr.32	s15, [r3, #16]
 188:controller/engine_cycle/trigger.c ****   {
 1097              		.loc 1 188 3 is_stmt 1 view .LVU337
 188:controller/engine_cycle/trigger.c ****   {
 1098              		.loc 1 188 6 is_stmt 0 view .LVU338
 1099 013e 3CB9     		cbnz	r4, .L71
 190:controller/engine_cycle/trigger.c ****   }
 1100              		.loc 1 190 5 is_stmt 1 view .LVU339
 190:controller/engine_cycle/trigger.c ****   }
 1101              		.loc 1 190 122 is_stmt 0 view .LVU340
 1102 0140 9FED546A 		vldr.32	s12, .L110+24
 1103 0144 C6EE254A 		vdiv.f32	s9, s12, s11
 190:controller/engine_cycle/trigger.c ****   }
 1104              		.loc 1 190 19 view .LVU341
 1105 0148 84EE856A 		vdiv.f32	s12, s9, s10
 190:controller/engine_cycle/trigger.c ****   }
 1106              		.loc 1 190 17 view .LVU342
 1107 014c 83ED066A 		vstr.32	s12, [r3, #24]
 1108              	.L71:
 194:controller/engine_cycle/trigger.c ****   {
 1109              		.loc 1 194 3 is_stmt 1 view .LVU343
 194:controller/engine_cycle/trigger.c ****   {
 1110              		.loc 1 194 51 is_stmt 0 view .LVU344
 1111 0150 4A4B     		ldr	r3, .L110
 1112              	.LVL78:
ARM GAS  C:\Users\alireza\AppData\Local\Temp\ccyptdzk.s 			page 34


 194:controller/engine_cycle/trigger.c ****   {
 1113              		.loc 1 194 51 view .LVU345
 1114 0152 9B7D     		ldrb	r3, [r3, #22]	@ zero_extendqisi2
 1115              	.LVL79:
 194:controller/engine_cycle/trigger.c ****   {
 1116              		.loc 1 194 73 view .LVU346
 1117 0154 013B     		subs	r3, r3, #1
 194:controller/engine_cycle/trigger.c ****   {
 1118              		.loc 1 194 6 view .LVU347
 1119 0156 9942     		cmp	r1, r3
 1120 0158 06DA     		bge	.L72
 200:controller/engine_cycle/trigger.c ****   }
 1121              		.loc 1 200 5 is_stmt 1 view .LVU348
 200:controller/engine_cycle/trigger.c ****   }
 1122              		.loc 1 200 24 is_stmt 0 view .LVU349
 1123 015a 77EE277A 		vadd.f32	s15, s14, s15
 1124              	.LVL80:
 1125              	.LBB72:
 1126              	.LBI72:
 207:controller/utils/utils.h **** {
 1127              		.loc 2 207 23 is_stmt 1 view .LVU350
 1128              	.LBB73:
 209:controller/utils/utils.h ****     {
 1129              		.loc 2 209 5 view .LVU351
 209:controller/utils/utils.h ****     {
 1130              		.loc 2 209 11 is_stmt 0 view .LVU352
 1131 015e 25E0     		b	.L78
 1132              	.LVL81:
 1133              	.L74:
 209:controller/utils/utils.h ****     {
 1134              		.loc 2 209 11 view .LVU353
 1135              	.LBE73:
 1136              	.LBE72:
 1137              	.LBB75:
 1138              	.LBB76:
 211:controller/utils/utils.h ****     }
 1139              		.loc 2 211 9 is_stmt 1 view .LVU354
 211:controller/utils/utils.h ****     }
 1140              		.loc 2 211 15 is_stmt 0 view .LVU355
 1141 0160 DFED4A7A 		vldr.32	s15, .L110+16
 1142 0164 76EEA76A 		vadd.f32	s13, s13, s15
 1143              	.LVL82:
 1144              	.L72:
 209:controller/utils/utils.h ****     {
 1145              		.loc 2 209 18 is_stmt 1 view .LVU356
 1146 0168 F5EEC06A 		vcmpe.f32	s13, #0
 1147 016c F1EE10FA 		vmrs	APSR_nzcv, FPSCR
 1148 0170 F6D4     		bmi	.L74
 1149 0172 03E0     		b	.L75
 1150              	.L76:
 215:controller/utils/utils.h ****     }
 1151              		.loc 2 215 9 view .LVU357
 215:controller/utils/utils.h ****     }
 1152              		.loc 2 215 15 is_stmt 0 view .LVU358
 1153 0174 DFED457A 		vldr.32	s15, .L110+16
 1154 0178 76EEE76A 		vsub.f32	s13, s13, s15
 1155              	.LVL83:
ARM GAS  C:\Users\alireza\AppData\Local\Temp\ccyptdzk.s 			page 35


 1156              	.L75:
 213:controller/utils/utils.h ****     {
 1157              		.loc 2 213 18 is_stmt 1 view .LVU359
 1158 017c DFED437A 		vldr.32	s15, .L110+16
 1159 0180 F4EEE76A 		vcmpe.f32	s13, s15
 1160 0184 F1EE10FA 		vmrs	APSR_nzcv, FPSCR
 1161 0188 F4DA     		bge	.L76
 1162              		.loc 2 217 5 view .LVU360
 1163              	.LVL84:
 1164              		.loc 2 217 5 is_stmt 0 view .LVU361
 1165              	.LBE76:
 1166              	.LBE75:
 196:controller/engine_cycle/trigger.c ****   }
 1167              		.loc 1 196 22 discriminator 1 view .LVU362
 1168 018a 434B     		ldr	r3, .L110+28
 1169 018c C3ED006A 		vstr.32	s13, [r3]
 1170              	.L77:
 203:controller/engine_cycle/trigger.c ****   {
 1171              		.loc 1 203 3 is_stmt 1 view .LVU363
 203:controller/engine_cycle/trigger.c ****   {
 1172              		.loc 1 203 18 is_stmt 0 view .LVU364
 1173 0190 3B4B     		ldr	r3, .L110+4
 1174 0192 93F87830 		ldrb	r3, [r3, #120]	@ zero_extendqisi2
 203:controller/engine_cycle/trigger.c ****   {
 1175              		.loc 1 203 3 view .LVU365
 1176 0196 032B     		cmp	r3, #3
 1177 0198 00F2CF80 		bhi	.L82
 1178 019c DFE803F0 		tbb	[pc, r3]
 1179              	.L84:
 1180 01a0 1B       		.byte	(.L87-.L84)/2
 1181 01a1 54       		.byte	(.L86-.L84)/2
 1182 01a2 84       		.byte	(.L85-.L84)/2
 1183 01a3 B3       		.byte	(.L83-.L84)/2
 1184              	.LVL85:
 1185              		.p2align 1
 1186              	.L79:
 1187              	.LBB77:
 1188              	.LBB74:
 211:controller/utils/utils.h ****     }
 1189              		.loc 2 211 9 is_stmt 1 view .LVU366
 211:controller/utils/utils.h ****     }
 1190              		.loc 2 211 15 is_stmt 0 view .LVU367
 1191 01a4 9FED397A 		vldr.32	s14, .L110+16
 1192 01a8 77EE877A 		vadd.f32	s15, s15, s14
 1193              	.LVL86:
 1194              	.L78:
 209:controller/utils/utils.h ****     {
 1195              		.loc 2 209 18 is_stmt 1 view .LVU368
 1196 01ac F5EEC07A 		vcmpe.f32	s15, #0
 1197 01b0 F1EE10FA 		vmrs	APSR_nzcv, FPSCR
 1198 01b4 F6D4     		bmi	.L79
 1199 01b6 03E0     		b	.L80
 1200              	.L81:
 215:controller/utils/utils.h ****     }
 1201              		.loc 2 215 9 view .LVU369
 215:controller/utils/utils.h ****     }
 1202              		.loc 2 215 15 is_stmt 0 view .LVU370
ARM GAS  C:\Users\alireza\AppData\Local\Temp\ccyptdzk.s 			page 36


 1203 01b8 9FED347A 		vldr.32	s14, .L110+16
 1204 01bc 77EEC77A 		vsub.f32	s15, s15, s14
 1205              	.LVL87:
 1206              	.L80:
 213:controller/utils/utils.h ****     {
 1207              		.loc 2 213 18 is_stmt 1 view .LVU371
 1208 01c0 9FED327A 		vldr.32	s14, .L110+16
 1209 01c4 F4EEC77A 		vcmpe.f32	s15, s14
 1210 01c8 F1EE10FA 		vmrs	APSR_nzcv, FPSCR
 1211 01cc F4DA     		bge	.L81
 1212              		.loc 2 217 5 view .LVU372
 1213              	.LVL88:
 1214              		.loc 2 217 5 is_stmt 0 view .LVU373
 1215              	.LBE74:
 1216              	.LBE77:
 200:controller/engine_cycle/trigger.c ****   }
 1217              		.loc 1 200 22 discriminator 1 view .LVU374
 1218 01ce 324B     		ldr	r3, .L110+28
 1219 01d0 C3ED007A 		vstr.32	s15, [r3]
 1220 01d4 DCE7     		b	.L77
 1221              	.L87:
 206:controller/engine_cycle/trigger.c ****     {
 1222              		.loc 1 206 5 is_stmt 1 view .LVU375
 206:controller/engine_cycle/trigger.c ****     {
 1223              		.loc 1 206 8 is_stmt 0 view .LVU376
 1224 01d6 52B9     		cbnz	r2, .L88
 206:controller/engine_cycle/trigger.c ****     {
 1225              		.loc 1 206 45 discriminator 1 view .LVU377
 1226 01d8 294B     		ldr	r3, .L110+4
 1227 01da D3ED067A 		vldr.32	s15, [r3, #24]
 206:controller/engine_cycle/trigger.c ****     {
 1228              		.loc 1 206 35 discriminator 1 view .LVU378
 1229 01de F5EE407A 		vcmp.f32	s15, #0
 1230 01e2 F1EE10FA 		vmrs	APSR_nzcv, FPSCR
 1231 01e6 02D0     		beq	.L88
 208:controller/engine_cycle/trigger.c ****     }
 1232              		.loc 1 208 7 is_stmt 1 view .LVU379
 208:controller/engine_cycle/trigger.c ****     }
 1233              		.loc 1 208 30 is_stmt 0 view .LVU380
 1234 01e8 0122     		movs	r2, #1
 1235 01ea 83F87820 		strb	r2, [r3, #120]
 1236              	.L88:
 250:controller/engine_cycle/trigger.c ****   change_bit(&runtime.status, STATUS_RUNNING, runtime.spinning_state == SS_RUNNING);
 1237              		.loc 1 250 3 is_stmt 1 view .LVU381
 250:controller/engine_cycle/trigger.c ****   change_bit(&runtime.status, STATUS_RUNNING, runtime.spinning_state == SS_RUNNING);
 1238              		.loc 1 250 55 is_stmt 0 view .LVU382
 1239 01ee 244B     		ldr	r3, .L110+4
 1240 01f0 93F87830 		ldrb	r3, [r3, #120]	@ zero_extendqisi2
 1241              	.LVL89:
 1242              	.LBB78:
 1243              	.LBI78:
  30:controller/utils/utils.h **** {
 1244              		.loc 2 30 20 is_stmt 1 view .LVU383
 1245              	.LBB79:
  32:controller/utils/utils.h ****     {
 1246              		.loc 2 32 5 view .LVU384
  36:controller/utils/utils.h ****     {
ARM GAS  C:\Users\alireza\AppData\Local\Temp\ccyptdzk.s 			page 37


 1247              		.loc 2 36 5 view .LVU385
  36:controller/utils/utils.h ****     {
 1248              		.loc 2 36 8 is_stmt 0 view .LVU386
 1249 01f4 022B     		cmp	r3, #2
 1250 01f6 40F0A580 		bne	.L94
  38:controller/utils/utils.h ****     }
 1251              		.loc 2 38 9 is_stmt 1 view .LVU387
 1252 01fa 2149     		ldr	r1, .L110+4
 1253 01fc 0A68     		ldr	r2, [r1]
  38:controller/utils/utils.h ****     }
 1254              		.loc 2 38 14 is_stmt 0 view .LVU388
 1255 01fe 42F08062 		orr	r2, r2, #67108864
 1256 0202 0A60     		str	r2, [r1]
 1257              	.L95:
 1258              	.LVL90:
  38:controller/utils/utils.h ****     }
 1259              		.loc 2 38 14 view .LVU389
 1260              	.LBE79:
 1261              	.LBE78:
 251:controller/engine_cycle/trigger.c **** 
 1262              		.loc 1 251 3 is_stmt 1 view .LVU390
 1263              	.LBB81:
 1264              	.LBI81:
  30:controller/utils/utils.h **** {
 1265              		.loc 2 30 20 view .LVU391
 1266              	.LBB82:
  32:controller/utils/utils.h ****     {
 1267              		.loc 2 32 5 view .LVU392
  36:controller/utils/utils.h ****     {
 1268              		.loc 2 36 5 view .LVU393
  36:controller/utils/utils.h ****     {
 1269              		.loc 2 36 8 is_stmt 0 view .LVU394
 1270 0204 032B     		cmp	r3, #3
 1271 0206 40F0A380 		bne	.L96
  38:controller/utils/utils.h ****     }
 1272              		.loc 2 38 9 is_stmt 1 view .LVU395
 1273 020a 1D4A     		ldr	r2, .L110+4
 1274 020c 1368     		ldr	r3, [r2]
 1275              	.LVL91:
  38:controller/utils/utils.h ****     }
 1276              		.loc 2 38 14 is_stmt 0 view .LVU396
 1277 020e 43F00063 		orr	r3, r3, #134217728
 1278 0212 1360     		str	r3, [r2]
 1279              	.L97:
 1280              	.LVL92:
  38:controller/utils/utils.h ****     }
 1281              		.loc 2 38 14 view .LVU397
 1282              	.LBE82:
 1283              	.LBE81:
 253:controller/engine_cycle/trigger.c ****   {
 1284              		.loc 1 253 3 is_stmt 1 view .LVU398
 253:controller/engine_cycle/trigger.c ****   {
 1285              		.loc 1 253 7 is_stmt 0 view .LVU399
 1286 0214 214B     		ldr	r3, .L110+32
 1287 0216 1B78     		ldrb	r3, [r3]	@ zero_extendqisi2
 253:controller/engine_cycle/trigger.c ****   {
 1288              		.loc 1 253 6 view .LVU400
ARM GAS  C:\Users\alireza\AppData\Local\Temp\ccyptdzk.s 			page 38


 1289 0218 4BB1     		cbz	r3, .L98
 255:controller/engine_cycle/trigger.c ****     {
 1290              		.loc 1 255 5 is_stmt 1 view .LVU401
 255:controller/engine_cycle/trigger.c ****     {
 1291              		.loc 1 255 35 is_stmt 0 view .LVU402
 1292 021a 214B     		ldr	r3, .L110+36
 1293 021c 1B68     		ldr	r3, [r3]
 255:controller/engine_cycle/trigger.c ****     {
 1294              		.loc 1 255 8 view .LVU403
 1295 021e 7E2B     		cmp	r3, #126
 1296 0220 40F29C80 		bls	.L99
 257:controller/engine_cycle/trigger.c ****     }
 1297              		.loc 1 257 7 is_stmt 1 view .LVU404
 1298              	.LVL93:
 1299              	.LBB84:
 1300              	.LBI84:
  30:controller/utils/utils.h **** {
 1301              		.loc 2 30 20 view .LVU405
 1302              	.LBB85:
  32:controller/utils/utils.h ****     {
 1303              		.loc 2 32 5 view .LVU406
  36:controller/utils/utils.h ****     {
 1304              		.loc 2 36 5 view .LVU407
  38:controller/utils/utils.h ****     }
 1305              		.loc 2 38 9 view .LVU408
 1306 0224 164A     		ldr	r2, .L110+4
 1307 0226 1368     		ldr	r3, [r2]
  38:controller/utils/utils.h ****     }
 1308              		.loc 2 38 14 is_stmt 0 view .LVU409
 1309 0228 43F00053 		orr	r3, r3, #536870912
 1310 022c 1360     		str	r3, [r2]
 1311              	.LVL94:
 1312              	.L98:
  38:controller/utils/utils.h ****     }
 1313              		.loc 2 38 14 view .LVU410
 1314              	.LBE85:
 1315              	.LBE84:
 266:controller/engine_cycle/trigger.c ****   /* call trigger driven events such as ignition etc... */
 1316              		.loc 1 266 3 is_stmt 1 view .LVU411
 1317 022e 1921     		movs	r1, #25
 1318 0230 1C4B     		ldr	r3, .L110+40
 1319 0232 1868     		ldr	r0, [r3]
 1320              	.LVL95:
 266:controller/engine_cycle/trigger.c ****   /* call trigger driven events such as ignition etc... */
 1321              		.loc 1 266 3 is_stmt 0 view .LVU412
 1322 0234 FFF7FEFF 		bl	osTimerStart
 1323              	.LVL96:
 268:controller/engine_cycle/trigger.c ****   {
 1324              		.loc 1 268 3 is_stmt 1 view .LVU413
 268:controller/engine_cycle/trigger.c ****   {
 1325              		.loc 1 268 7 is_stmt 0 view .LVU414
 1326 0238 124B     		ldr	r3, .L110+8
 1327 023a 1B78     		ldrb	r3, [r3]	@ zero_extendqisi2
 268:controller/engine_cycle/trigger.c ****   {
 1328              		.loc 1 268 6 view .LVU415
 1329 023c 002B     		cmp	r3, #0
 1330 023e 3FF42AAF 		beq	.L55
ARM GAS  C:\Users\alireza\AppData\Local\Temp\ccyptdzk.s 			page 39


 272:controller/engine_cycle/trigger.c **** 
 1331              		.loc 1 272 3 is_stmt 1 view .LVU416
 1332 0242 FFF7FEFF 		bl	trigger_driven_events_callback
 1333              	.LVL97:
 1334 0246 26E7     		b	.L55
 1335              	.LVL98:
 1336              	.L86:
 214:controller/engine_cycle/trigger.c ****     {
 1337              		.loc 1 214 5 view .LVU417
 214:controller/engine_cycle/trigger.c ****     {
 1338              		.loc 1 214 8 is_stmt 0 view .LVU418
 1339 0248 52B9     		cbnz	r2, .L89
 214:controller/engine_cycle/trigger.c ****     {
 1340              		.loc 1 214 45 discriminator 1 view .LVU419
 1341 024a 0D4B     		ldr	r3, .L110+4
 1342 024c D3ED067A 		vldr.32	s15, [r3, #24]
 214:controller/engine_cycle/trigger.c ****     {
 1343              		.loc 1 214 35 discriminator 1 view .LVU420
 1344 0250 F5EE407A 		vcmp.f32	s15, #0
 1345 0254 F1EE10FA 		vmrs	APSR_nzcv, FPSCR
 1346 0258 02D1     		bne	.L89
 216:controller/engine_cycle/trigger.c ****     }
 1347              		.loc 1 216 7 is_stmt 1 view .LVU421
 216:controller/engine_cycle/trigger.c ****     }
 1348              		.loc 1 216 30 is_stmt 0 view .LVU422
 1349 025a 83F87820 		strb	r2, [r3, #120]
 1350 025e C6E7     		b	.L88
 1351              	.L89:
 218:controller/engine_cycle/trigger.c ****     {
 1352              		.loc 1 218 10 is_stmt 1 view .LVU423
 218:controller/engine_cycle/trigger.c ****     {
 1353              		.loc 1 218 13 is_stmt 0 view .LVU424
 1354 0260 002A     		cmp	r2, #0
 1355 0262 C4D0     		beq	.L88
 218:controller/engine_cycle/trigger.c ****     {
 1356              		.loc 1 218 49 discriminator 1 view .LVU425
 1357 0264 064B     		ldr	r3, .L110+4
 1358 0266 D3ED067A 		vldr.32	s15, [r3, #24]
 218:controller/engine_cycle/trigger.c ****     {
 1359              		.loc 1 218 39 discriminator 1 view .LVU426
 1360 026a F5EE407A 		vcmp.f32	s15, #0
 1361 026e F1EE10FA 		vmrs	APSR_nzcv, FPSCR
 1362 0272 BCD0     		beq	.L88
 220:controller/engine_cycle/trigger.c ****     }
 1363              		.loc 1 220 7 is_stmt 1 view .LVU427
 220:controller/engine_cycle/trigger.c ****     }
 1364              		.loc 1 220 30 is_stmt 0 view .LVU428
 1365 0274 0222     		movs	r2, #2
 1366 0276 83F87820 		strb	r2, [r3, #120]
 1367 027a B8E7     		b	.L88
 1368              	.L111:
 1369              		.align	2
 1370              	.L110:
 1371 027c 00000000 		.word	crank_trigger
 1372 0280 00000000 		.word	runtime
 1373 0284 00000000 		.word	is_trigger_sync_achieved.0
 1374 0288 00000000 		.word	.LC2
ARM GAS  C:\Users\alireza\AppData\Local\Temp\ccyptdzk.s 			page 40


 1375 028c 0000B443 		.word	1135869952
 1376 0290 00100000 		.word	config+4096
 1377 0294 C0E1644C 		.word	1281679808
 1378 0298 00000000 		.word	next_tooth_angle
 1379 029c 00000000 		.word	tooth_logger_enabled
 1380 02a0 00000000 		.word	tooth_logger_buffer_index
 1381 02a4 00000000 		.word	crank_timeout_timer
 1382              	.L85:
 226:controller/engine_cycle/trigger.c ****     {
 1383              		.loc 1 226 5 is_stmt 1 view .LVU429
 226:controller/engine_cycle/trigger.c ****     {
 1384              		.loc 1 226 8 is_stmt 0 view .LVU430
 1385 02a8 A2B9     		cbnz	r2, .L90
 226:controller/engine_cycle/trigger.c ****     {
 1386              		.loc 1 226 45 discriminator 1 view .LVU431
 1387 02aa 314B     		ldr	r3, .L112
 1388 02ac 93ED067A 		vldr.32	s14, [r3, #24]
 226:controller/engine_cycle/trigger.c ****     {
 1389              		.loc 1 226 59 discriminator 1 view .LVU432
 1390 02b0 304B     		ldr	r3, .L112+4
 1391 02b2 D3F88036 		ldr	r3, [r3, #1664]	@ unaligned
 1392 02b6 07EE903A 		vmov	s15, r3	@ int
 226:controller/engine_cycle/trigger.c ****     {
 1393              		.loc 1 226 83 discriminator 1 view .LVU433
 1394 02ba DFED2F6A 		vldr.32	s13, .L112+8
 1395 02be 77EEE67A 		vsub.f32	s15, s15, s13
 226:controller/engine_cycle/trigger.c ****     {
 1396              		.loc 1 226 35 discriminator 1 view .LVU434
 1397 02c2 B4EEE77A 		vcmpe.f32	s14, s15
 1398 02c6 F1EE10FA 		vmrs	APSR_nzcv, FPSCR
 1399 02ca 03D5     		bpl	.L90
 228:controller/engine_cycle/trigger.c ****     }
 1400              		.loc 1 228 7 is_stmt 1 view .LVU435
 228:controller/engine_cycle/trigger.c ****     }
 1401              		.loc 1 228 30 is_stmt 0 view .LVU436
 1402 02cc 284B     		ldr	r3, .L112
 1403 02ce 0121     		movs	r1, #1
 1404 02d0 83F87810 		strb	r1, [r3, #120]
 1405              	.L90:
 230:controller/engine_cycle/trigger.c ****     {
 1406              		.loc 1 230 5 is_stmt 1 view .LVU437
 230:controller/engine_cycle/trigger.c ****     {
 1407              		.loc 1 230 8 is_stmt 0 view .LVU438
 1408 02d4 002A     		cmp	r2, #0
 1409 02d6 8AD0     		beq	.L88
 230:controller/engine_cycle/trigger.c ****     {
 1410              		.loc 1 230 44 discriminator 1 view .LVU439
 1411 02d8 254B     		ldr	r3, .L112
 1412 02da 93ED067A 		vldr.32	s14, [r3, #24]
 230:controller/engine_cycle/trigger.c ****     {
 1413              		.loc 1 230 58 discriminator 1 view .LVU440
 1414 02de 254B     		ldr	r3, .L112+4
 1415 02e0 D3F88036 		ldr	r3, [r3, #1664]	@ unaligned
 1416 02e4 07EE903A 		vmov	s15, r3	@ int
 230:controller/engine_cycle/trigger.c ****     {
 1417              		.loc 1 230 82 discriminator 1 view .LVU441
 1418 02e8 DFED236A 		vldr.32	s13, .L112+8
ARM GAS  C:\Users\alireza\AppData\Local\Temp\ccyptdzk.s 			page 41


 1419 02ec 77EEA67A 		vadd.f32	s15, s15, s13
 230:controller/engine_cycle/trigger.c ****     {
 1420              		.loc 1 230 34 discriminator 1 view .LVU442
 1421 02f0 B4EEE77A 		vcmpe.f32	s14, s15
 1422 02f4 F1EE10FA 		vmrs	APSR_nzcv, FPSCR
 1423 02f8 7FF779AF 		ble	.L88
 232:controller/engine_cycle/trigger.c ****     }
 1424              		.loc 1 232 7 is_stmt 1 view .LVU443
 232:controller/engine_cycle/trigger.c ****     }
 1425              		.loc 1 232 30 is_stmt 0 view .LVU444
 1426 02fc 1C4B     		ldr	r3, .L112
 1427 02fe 0322     		movs	r2, #3
 1428 0300 83F87820 		strb	r2, [r3, #120]
 1429 0304 73E7     		b	.L88
 1430              	.L83:
 238:controller/engine_cycle/trigger.c ****     {
 1431              		.loc 1 238 5 is_stmt 1 view .LVU445
 238:controller/engine_cycle/trigger.c ****     {
 1432              		.loc 1 238 16 is_stmt 0 view .LVU446
 1433 0306 1A4B     		ldr	r3, .L112
 1434 0308 93ED067A 		vldr.32	s14, [r3, #24]
 238:controller/engine_cycle/trigger.c ****     {
 1435              		.loc 1 238 30 view .LVU447
 1436 030c 194B     		ldr	r3, .L112+4
 1437 030e D3F88036 		ldr	r3, [r3, #1664]	@ unaligned
 1438 0312 07EE903A 		vmov	s15, r3	@ int
 238:controller/engine_cycle/trigger.c ****     {
 1439              		.loc 1 238 54 view .LVU448
 1440 0316 DFED186A 		vldr.32	s13, .L112+8
 1441 031a 77EEE67A 		vsub.f32	s15, s15, s13
 238:controller/engine_cycle/trigger.c ****     {
 1442              		.loc 1 238 8 view .LVU449
 1443 031e B4EEE77A 		vcmpe.f32	s14, s15
 1444 0322 F1EE10FA 		vmrs	APSR_nzcv, FPSCR
 1445 0326 7FF562AF 		bpl	.L88
 238:controller/engine_cycle/trigger.c ****     {
 1446              		.loc 1 238 95 discriminator 1 view .LVU450
 1447 032a 002A     		cmp	r2, #0
 1448 032c 3FF45FAF 		beq	.L88
 240:controller/engine_cycle/trigger.c ****     }
 1449              		.loc 1 240 7 is_stmt 1 view .LVU451
 240:controller/engine_cycle/trigger.c ****     }
 1450              		.loc 1 240 30 is_stmt 0 view .LVU452
 1451 0330 0F4B     		ldr	r3, .L112
 1452 0332 0222     		movs	r2, #2
 1453 0334 83F87820 		strb	r2, [r3, #120]
 1454 0338 59E7     		b	.L88
 1455              	.L82:
 246:controller/engine_cycle/trigger.c ****     break;
 1456              		.loc 1 246 5 is_stmt 1 view .LVU453
 246:controller/engine_cycle/trigger.c ****     break;
 1457              		.loc 1 246 28 is_stmt 0 view .LVU454
 1458 033a 0D4B     		ldr	r3, .L112
 1459 033c 0022     		movs	r2, #0
 1460 033e 83F87820 		strb	r2, [r3, #120]
 247:controller/engine_cycle/trigger.c ****   }
 1461              		.loc 1 247 5 is_stmt 1 view .LVU455
ARM GAS  C:\Users\alireza\AppData\Local\Temp\ccyptdzk.s 			page 42


 1462 0342 54E7     		b	.L88
 1463              	.LVL99:
 1464              	.L94:
 1465              	.LBB86:
 1466              	.LBB80:
  42:controller/utils/utils.h ****     }
 1467              		.loc 2 42 9 view .LVU456
 1468 0344 0A49     		ldr	r1, .L112
 1469 0346 0A68     		ldr	r2, [r1]
  42:controller/utils/utils.h ****     }
 1470              		.loc 2 42 14 is_stmt 0 view .LVU457
 1471 0348 22F08062 		bic	r2, r2, #67108864
 1472 034c 0A60     		str	r2, [r1]
 1473 034e 59E7     		b	.L95
 1474              	.LVL100:
 1475              	.L96:
  42:controller/utils/utils.h ****     }
 1476              		.loc 2 42 14 view .LVU458
 1477              	.LBE80:
 1478              	.LBE86:
 1479              	.LBB87:
 1480              	.LBB83:
  42:controller/utils/utils.h ****     }
 1481              		.loc 2 42 9 is_stmt 1 view .LVU459
 1482 0350 074A     		ldr	r2, .L112
 1483 0352 1368     		ldr	r3, [r2]
 1484              	.LVL101:
  42:controller/utils/utils.h ****     }
 1485              		.loc 2 42 14 is_stmt 0 view .LVU460
 1486 0354 23F00063 		bic	r3, r3, #134217728
 1487 0358 1360     		str	r3, [r2]
 1488 035a 5BE7     		b	.L97
 1489              	.LVL102:
 1490              	.L99:
  42:controller/utils/utils.h ****     }
 1491              		.loc 2 42 14 view .LVU461
 1492              	.LBE83:
 1493              	.LBE87:
 261:controller/engine_cycle/trigger.c ****       tooth_logger_buffer_index++;
 1494              		.loc 1 261 7 is_stmt 1 view .LVU462
 261:controller/engine_cycle/trigger.c ****       tooth_logger_buffer_index++;
 1495              		.loc 1 261 26 is_stmt 0 view .LVU463
 1496 035c 074B     		ldr	r3, .L112+12
 1497 035e 1968     		ldr	r1, [r3]
 261:controller/engine_cycle/trigger.c ****       tooth_logger_buffer_index++;
 1498              		.loc 1 261 54 view .LVU464
 1499 0360 074A     		ldr	r2, .L112+16
 1500 0362 42F82100 		str	r0, [r2, r1, lsl #2]
 262:controller/engine_cycle/trigger.c ****     }
 1501              		.loc 1 262 7 is_stmt 1 view .LVU465
 262:controller/engine_cycle/trigger.c ****     }
 1502              		.loc 1 262 32 is_stmt 0 view .LVU466
 1503 0366 1A68     		ldr	r2, [r3]
 1504 0368 0132     		adds	r2, r2, #1
 1505 036a 1A60     		str	r2, [r3]
 1506 036c 5FE7     		b	.L98
 1507              	.L113:
ARM GAS  C:\Users\alireza\AppData\Local\Temp\ccyptdzk.s 			page 43


 1508 036e 00BF     		.align	2
 1509              	.L112:
 1510 0370 00000000 		.word	runtime
 1511 0374 00100000 		.word	config+4096
 1512 0378 00004842 		.word	1112014848
 1513 037c 00000000 		.word	tooth_logger_buffer_index
 1514 0380 00000000 		.word	tooth_logger_buffer
 1515              		.cfi_endproc
 1516              	.LFE245:
 1518              		.section	.text.trigger_tooth_logger_start,"ax",%progbits
 1519              		.align	1
 1520              		.global	trigger_tooth_logger_start
 1521              		.syntax unified
 1522              		.thumb
 1523              		.thumb_func
 1525              	trigger_tooth_logger_start:
 1526              	.LFB252:
 378:controller/engine_cycle/trigger.c **** 
 379:controller/engine_cycle/trigger.c **** 
 380:controller/engine_cycle/trigger.c **** void trigger_tooth_logger_start()
 381:controller/engine_cycle/trigger.c **** {
 1527              		.loc 1 381 1 is_stmt 1 view -0
 1528              		.cfi_startproc
 1529              		@ args = 0, pretend = 0, frame = 0
 1530              		@ frame_needed = 0, uses_anonymous_args = 0
 1531              		@ link register save eliminated.
 382:controller/engine_cycle/trigger.c ****   tooth_logger_enabled = true;
 1532              		.loc 1 382 3 view .LVU468
 1533              		.loc 1 382 24 is_stmt 0 view .LVU469
 1534 0000 034B     		ldr	r3, .L115
 1535 0002 0122     		movs	r2, #1
 1536 0004 1A70     		strb	r2, [r3]
 383:controller/engine_cycle/trigger.c ****   tooth_logger_buffer_index = 0;
 1537              		.loc 1 383 3 is_stmt 1 view .LVU470
 1538              		.loc 1 383 29 is_stmt 0 view .LVU471
 1539 0006 034B     		ldr	r3, .L115+4
 1540 0008 0022     		movs	r2, #0
 1541 000a 1A60     		str	r2, [r3]
 384:controller/engine_cycle/trigger.c **** }
 1542              		.loc 1 384 1 view .LVU472
 1543 000c 7047     		bx	lr
 1544              	.L116:
 1545 000e 00BF     		.align	2
 1546              	.L115:
 1547 0010 00000000 		.word	tooth_logger_enabled
 1548 0014 00000000 		.word	tooth_logger_buffer_index
 1549              		.cfi_endproc
 1550              	.LFE252:
 1552              		.section	.text.trigger_tooth_logger_stop,"ax",%progbits
 1553              		.align	1
 1554              		.global	trigger_tooth_logger_stop
 1555              		.syntax unified
 1556              		.thumb
 1557              		.thumb_func
 1559              	trigger_tooth_logger_stop:
 1560              	.LFB253:
 385:controller/engine_cycle/trigger.c **** void trigger_tooth_logger_stop()
ARM GAS  C:\Users\alireza\AppData\Local\Temp\ccyptdzk.s 			page 44


 386:controller/engine_cycle/trigger.c **** {
 1561              		.loc 1 386 1 is_stmt 1 view -0
 1562              		.cfi_startproc
 1563              		@ args = 0, pretend = 0, frame = 0
 1564              		@ frame_needed = 0, uses_anonymous_args = 0
 1565              		@ link register save eliminated.
 387:controller/engine_cycle/trigger.c ****   tooth_logger_enabled = false;
 1566              		.loc 1 387 3 view .LVU474
 1567              		.loc 1 387 24 is_stmt 0 view .LVU475
 1568 0000 0023     		movs	r3, #0
 1569 0002 024A     		ldr	r2, .L118
 1570 0004 1370     		strb	r3, [r2]
 388:controller/engine_cycle/trigger.c ****   tooth_logger_buffer_index = 0;
 1571              		.loc 1 388 3 is_stmt 1 view .LVU476
 1572              		.loc 1 388 29 is_stmt 0 view .LVU477
 1573 0006 024A     		ldr	r2, .L118+4
 1574 0008 1360     		str	r3, [r2]
 389:controller/engine_cycle/trigger.c **** }
 1575              		.loc 1 389 1 view .LVU478
 1576 000a 7047     		bx	lr
 1577              	.L119:
 1578              		.align	2
 1579              	.L118:
 1580 000c 00000000 		.word	tooth_logger_enabled
 1581 0010 00000000 		.word	tooth_logger_buffer_index
 1582              		.cfi_endproc
 1583              	.LFE253:
 1585              		.section	.text.trigger_tooth_logger_get_buffer,"ax",%progbits
 1586              		.align	1
 1587              		.global	trigger_tooth_logger_get_buffer
 1588              		.syntax unified
 1589              		.thumb
 1590              		.thumb_func
 1592              	trigger_tooth_logger_get_buffer:
 1593              	.LFB254:
 390:controller/engine_cycle/trigger.c **** time_us_t *trigger_tooth_logger_get_buffer()
 391:controller/engine_cycle/trigger.c **** {
 1594              		.loc 1 391 1 is_stmt 1 view -0
 1595              		.cfi_startproc
 1596              		@ args = 0, pretend = 0, frame = 0
 1597              		@ frame_needed = 0, uses_anonymous_args = 0
 1598              		@ link register save eliminated.
 392:controller/engine_cycle/trigger.c ****   return tooth_logger_buffer;
 1599              		.loc 1 392 3 view .LVU480
 393:controller/engine_cycle/trigger.c **** }
 1600              		.loc 1 393 1 is_stmt 0 view .LVU481
 1601 0000 0048     		ldr	r0, .L121
 1602 0002 7047     		bx	lr
 1603              	.L122:
 1604              		.align	2
 1605              	.L121:
 1606 0004 00000000 		.word	tooth_logger_buffer
 1607              		.cfi_endproc
 1608              	.LFE254:
 1610              		.section	.text.trigger_spinning_state_get,"ax",%progbits
 1611              		.align	1
 1612              		.global	trigger_spinning_state_get
ARM GAS  C:\Users\alireza\AppData\Local\Temp\ccyptdzk.s 			page 45


 1613              		.syntax unified
 1614              		.thumb
 1615              		.thumb_func
 1617              	trigger_spinning_state_get:
 1618              	.LFB255:
 394:controller/engine_cycle/trigger.c **** 
 395:controller/engine_cycle/trigger.c **** spinning_state_t trigger_spinning_state_get()
 396:controller/engine_cycle/trigger.c **** {
 1619              		.loc 1 396 1 is_stmt 1 view -0
 1620              		.cfi_startproc
 1621              		@ args = 0, pretend = 0, frame = 0
 1622              		@ frame_needed = 0, uses_anonymous_args = 0
 1623              		@ link register save eliminated.
 397:controller/engine_cycle/trigger.c ****   return (spinning_state_t)runtime.spinning_state;
 1624              		.loc 1 397 3 view .LVU483
 398:controller/engine_cycle/trigger.c **** }...
 1625              		.loc 1 398 1 is_stmt 0 view .LVU484
 1626 0000 014B     		ldr	r3, .L124
 1627 0002 93F87800 		ldrb	r0, [r3, #120]	@ zero_extendqisi2
 1628 0006 7047     		bx	lr
 1629              	.L125:
 1630              		.align	2
 1631              	.L124:
 1632 0008 00000000 		.word	runtime
 1633              		.cfi_endproc
 1634              	.LFE255:
 1636              		.section	.bss.is_trigger_sync_achieved.0,"aw",%nobits
 1639              	is_trigger_sync_achieved.0:
 1640 0000 00       		.space	1
 1641              		.section	.bss.crank_timeout_timer,"aw",%nobits
 1642              		.align	2
 1645              	crank_timeout_timer:
 1646 0000 00000000 		.space	4
 1647              		.global	tooth_logger_buffer_index
 1648              		.section	.bss.tooth_logger_buffer_index,"aw",%nobits
 1649              		.align	2
 1652              	tooth_logger_buffer_index:
 1653 0000 00000000 		.space	4
 1654              		.global	tooth_logger_enabled
 1655              		.section	.bss.tooth_logger_enabled,"aw",%nobits
 1658              	tooth_logger_enabled:
 1659 0000 00       		.space	1
 1660              		.section	.bss.tooth_logger_buffer,"aw",%nobits
 1661              		.align	2
 1664              	tooth_logger_buffer:
 1665 0000 00000000 		.space	508
 1665      00000000 
 1665      00000000 
 1665      00000000 
 1665      00000000 
 1666              		.section	.bss.cam_trigger,"aw",%nobits
 1667              		.align	2
 1670              	cam_trigger:
 1671 0000 00000000 		.space	20
 1671      00000000 
 1671      00000000 
 1671      00000000 
ARM GAS  C:\Users\alireza\AppData\Local\Temp\ccyptdzk.s 			page 46


 1671      00000000 
 1672              		.section	.bss.crank_trigger,"aw",%nobits
 1673              		.align	2
 1676              	crank_trigger:
 1677 0000 00000000 		.space	28
 1677      00000000 
 1677      00000000 
 1677      00000000 
 1677      00000000 
 1678              		.section	.bss.next_tooth_angle,"aw",%nobits
 1679              		.align	2
 1682              	next_tooth_angle:
 1683 0000 00000000 		.space	4
 1684              		.text
 1685              	.Letext0:
 1686              		.file 3 "C:/Users/alireza/AppData/Roaming/Code/User/globalStorage/bmd.stm32-for-vscode/@xpack-dev-
 1687              		.file 4 "C:/Users/alireza/AppData/Roaming/Code/User/globalStorage/bmd.stm32-for-vscode/@xpack-dev-
 1688              		.file 5 "C:/Users/alireza/AppData/Roaming/Code/User/globalStorage/bmd.stm32-for-vscode/@xpack-dev-
 1689              		.file 6 "Drivers/CMSIS/Device/ST/STM32F4xx/Include/stm32f401xc.h"
 1690              		.file 7 "Drivers/STM32F4xx_HAL_Driver/Inc/stm32f4xx_hal_def.h"
 1691              		.file 8 "Drivers/STM32F4xx_HAL_Driver/Inc/stm32f4xx_hal_dma.h"
 1692              		.file 9 "Drivers/STM32F4xx_HAL_Driver/Inc/stm32f4xx_hal_tim.h"
 1693              		.file 10 "controller/types.h"
 1694              		.file 11 "Middlewares/Third_Party/FreeRTOS/Source/CMSIS_RTOS_V2/cmsis_os2.h"
 1695              		.file 12 "controller/tables.h"
 1696              		.file 13 "controller/config_and_runtime.h"
 1697              		.file 14 "controller/engine_cycle/trigger.h"
 1698              		.file 15 "controller/actuators/dc_motors.h"
 1699              		.file 16 "controller/IO/analog_inputs.h"
 1700              		.file 17 "controller/IO/resistor.h"
 1701              		.file 18 "controller/IO/thermistor.h"
 1702              		.file 19 "controller/IO/sensors.h"
 1703              		.file 20 "controller/utils/pid.h"
 1704              		.file 21 "controller/actuators/electronic_throttle.h"
 1705              		.file 22 "controller/controller.h"
 1706              		.file 23 "controller/utils/timing.h"
 1707              		.file 24 "controller/utils/error_handling.h"
ARM GAS  C:\Users\alireza\AppData\Local\Temp\ccyptdzk.s 			page 47


DEFINED SYMBOLS
                            *ABS*:00000000 trigger.c
C:\Users\alireza\AppData\Local\Temp\ccyptdzk.s:21     .text.crank_timeout_callback:00000000 $t
C:\Users\alireza\AppData\Local\Temp\ccyptdzk.s:26     .text.crank_timeout_callback:00000000 crank_timeout_callback
C:\Users\alireza\AppData\Local\Temp\ccyptdzk.s:113    .text.crank_timeout_callback:00000034 $d
C:\Users\alireza\AppData\Local\Temp\ccyptdzk.s:1682   .bss.next_tooth_angle:00000000 next_tooth_angle
C:\Users\alireza\AppData\Local\Temp\ccyptdzk.s:1676   .bss.crank_trigger:00000000 crank_trigger
C:\Users\alireza\AppData\Local\Temp\ccyptdzk.s:120    .rodata.trigger_crankshaft_init.str1.4:00000000 $d
C:\Users\alireza\AppData\Local\Temp\ccyptdzk.s:128    .text.trigger_crankshaft_init:00000000 $t
C:\Users\alireza\AppData\Local\Temp\ccyptdzk.s:134    .text.trigger_crankshaft_init:00000000 trigger_crankshaft_init
C:\Users\alireza\AppData\Local\Temp\ccyptdzk.s:280    .text.trigger_crankshaft_init:00000078 $d
C:\Users\alireza\AppData\Local\Temp\ccyptdzk.s:1645   .bss.crank_timeout_timer:00000000 crank_timeout_timer
C:\Users\alireza\AppData\Local\Temp\ccyptdzk.s:291    .text.trigger_camshaft_init:00000000 $t
C:\Users\alireza\AppData\Local\Temp\ccyptdzk.s:297    .text.trigger_camshaft_init:00000000 trigger_camshaft_init
C:\Users\alireza\AppData\Local\Temp\ccyptdzk.s:370    .text.trigger_camshaft_init:0000002c $d
C:\Users\alireza\AppData\Local\Temp\ccyptdzk.s:1670   .bss.cam_trigger:00000000 cam_trigger
C:\Users\alireza\AppData\Local\Temp\ccyptdzk.s:376    .text.trigger_camshaft_signal_handle:00000000 $t
C:\Users\alireza\AppData\Local\Temp\ccyptdzk.s:382    .text.trigger_camshaft_signal_handle:00000000 trigger_camshaft_signal_handle
C:\Users\alireza\AppData\Local\Temp\ccyptdzk.s:429    .text.trigger_camshaft_signal_handle:00000028 $d
C:\Users\alireza\AppData\Local\Temp\ccyptdzk.s:433    .text.trigger_camshaft_signal_handle:0000002c $t
C:\Users\alireza\AppData\Local\Temp\ccyptdzk.s:635    .text.trigger_camshaft_signal_handle:000000ec $d
C:\Users\alireza\AppData\Local\Temp\ccyptdzk.s:644    .text.camshaft_get_phase:00000000 $t
C:\Users\alireza\AppData\Local\Temp\ccyptdzk.s:650    .text.camshaft_get_phase:00000000 camshaft_get_phase
C:\Users\alireza\AppData\Local\Temp\ccyptdzk.s:665    .text.camshaft_get_phase:00000008 $d
C:\Users\alireza\AppData\Local\Temp\ccyptdzk.s:670    .text.crankshaft_get_rpm:00000000 $t
C:\Users\alireza\AppData\Local\Temp\ccyptdzk.s:676    .text.crankshaft_get_rpm:00000000 crankshaft_get_rpm
C:\Users\alireza\AppData\Local\Temp\ccyptdzk.s:691    .text.crankshaft_get_rpm:00000008 $d
C:\Users\alireza\AppData\Local\Temp\ccyptdzk.s:696    .text.crankshaft_get_angle:00000000 $t
C:\Users\alireza\AppData\Local\Temp\ccyptdzk.s:702    .text.crankshaft_get_angle:00000000 crankshaft_get_angle
C:\Users\alireza\AppData\Local\Temp\ccyptdzk.s:717    .text.crankshaft_get_angle:00000008 $d
C:\Users\alireza\AppData\Local\Temp\ccyptdzk.s:722    .text.crankshaft_get_next_trigger_angle:00000000 $t
C:\Users\alireza\AppData\Local\Temp\ccyptdzk.s:728    .text.crankshaft_get_next_trigger_angle:00000000 crankshaft_get_next_trigger_angle
C:\Users\alireza\AppData\Local\Temp\ccyptdzk.s:743    .text.crankshaft_get_next_trigger_angle:00000008 $d
C:\Users\alireza\AppData\Local\Temp\ccyptdzk.s:748    .text.trigger_driven_events_callback:00000000 $t
C:\Users\alireza\AppData\Local\Temp\ccyptdzk.s:754    .text.trigger_driven_events_callback:00000000 trigger_driven_events_callback
C:\Users\alireza\AppData\Local\Temp\ccyptdzk.s:767    .rodata.trigger_crankshaft_signal_handle.str1.4:00000000 $d
C:\Users\alireza\AppData\Local\Temp\ccyptdzk.s:771    .text.trigger_crankshaft_signal_handle:00000000 $t
C:\Users\alireza\AppData\Local\Temp\ccyptdzk.s:777    .text.trigger_crankshaft_signal_handle:00000000 trigger_crankshaft_signal_handle
C:\Users\alireza\AppData\Local\Temp\ccyptdzk.s:1180   .text.trigger_crankshaft_signal_handle:000001a0 $d
C:\Users\alireza\AppData\Local\Temp\ccyptdzk.s:1185   .text.trigger_crankshaft_signal_handle:000001a4 $t
C:\Users\alireza\AppData\Local\Temp\ccyptdzk.s:1371   .text.trigger_crankshaft_signal_handle:0000027c $d
C:\Users\alireza\AppData\Local\Temp\ccyptdzk.s:1639   .bss.is_trigger_sync_achieved.0:00000000 is_trigger_sync_achieved.0
C:\Users\alireza\AppData\Local\Temp\ccyptdzk.s:1658   .bss.tooth_logger_enabled:00000000 tooth_logger_enabled
C:\Users\alireza\AppData\Local\Temp\ccyptdzk.s:1652   .bss.tooth_logger_buffer_index:00000000 tooth_logger_buffer_index
C:\Users\alireza\AppData\Local\Temp\ccyptdzk.s:1385   .text.trigger_crankshaft_signal_handle:000002a8 $t
C:\Users\alireza\AppData\Local\Temp\ccyptdzk.s:1510   .text.trigger_crankshaft_signal_handle:00000370 $d
C:\Users\alireza\AppData\Local\Temp\ccyptdzk.s:1664   .bss.tooth_logger_buffer:00000000 tooth_logger_buffer
C:\Users\alireza\AppData\Local\Temp\ccyptdzk.s:1519   .text.trigger_tooth_logger_start:00000000 $t
C:\Users\alireza\AppData\Local\Temp\ccyptdzk.s:1525   .text.trigger_tooth_logger_start:00000000 trigger_tooth_logger_start
C:\Users\alireza\AppData\Local\Temp\ccyptdzk.s:1547   .text.trigger_tooth_logger_start:00000010 $d
C:\Users\alireza\AppData\Local\Temp\ccyptdzk.s:1553   .text.trigger_tooth_logger_stop:00000000 $t
C:\Users\alireza\AppData\Local\Temp\ccyptdzk.s:1559   .text.trigger_tooth_logger_stop:00000000 trigger_tooth_logger_stop
C:\Users\alireza\AppData\Local\Temp\ccyptdzk.s:1580   .text.trigger_tooth_logger_stop:0000000c $d
C:\Users\alireza\AppData\Local\Temp\ccyptdzk.s:1586   .text.trigger_tooth_logger_get_buffer:00000000 $t
C:\Users\alireza\AppData\Local\Temp\ccyptdzk.s:1592   .text.trigger_tooth_logger_get_buffer:00000000 trigger_tooth_logger_get_buffer
C:\Users\alireza\AppData\Local\Temp\ccyptdzk.s:1606   .text.trigger_tooth_logger_get_buffer:00000004 $d
C:\Users\alireza\AppData\Local\Temp\ccyptdzk.s:1611   .text.trigger_spinning_state_get:00000000 $t
ARM GAS  C:\Users\alireza\AppData\Local\Temp\ccyptdzk.s 			page 48


C:\Users\alireza\AppData\Local\Temp\ccyptdzk.s:1617   .text.trigger_spinning_state_get:00000000 trigger_spinning_state_get
C:\Users\alireza\AppData\Local\Temp\ccyptdzk.s:1632   .text.trigger_spinning_state_get:00000008 $d
C:\Users\alireza\AppData\Local\Temp\ccyptdzk.s:1640   .bss.is_trigger_sync_achieved.0:00000000 $d
C:\Users\alireza\AppData\Local\Temp\ccyptdzk.s:1642   .bss.crank_timeout_timer:00000000 $d
C:\Users\alireza\AppData\Local\Temp\ccyptdzk.s:1649   .bss.tooth_logger_buffer_index:00000000 $d
C:\Users\alireza\AppData\Local\Temp\ccyptdzk.s:1659   .bss.tooth_logger_enabled:00000000 $d
C:\Users\alireza\AppData\Local\Temp\ccyptdzk.s:1661   .bss.tooth_logger_buffer:00000000 $d
C:\Users\alireza\AppData\Local\Temp\ccyptdzk.s:1667   .bss.cam_trigger:00000000 $d
C:\Users\alireza\AppData\Local\Temp\ccyptdzk.s:1673   .bss.crank_trigger:00000000 $d
C:\Users\alireza\AppData\Local\Temp\ccyptdzk.s:1679   .bss.next_tooth_angle:00000000 $d

UNDEFINED SYMBOLS
runtime
log_error
osTimerNew
config
get_time_us
osTimerStart
