:020000040800F2
:100000000000012071E30008C1A00008C5A000089D
:1000100029A100082BA100082DA100080000000064
:10002000000000000000000000000000D15800089F
:100030002FA100080000000071590008CD0E000833
:10004000C1E30008C1E30008C1E30008C1E3000800
:10005000C1E30008C1E30008C1E30008C1E30008F0
:10006000C1E30008C1E30008C1E30008C1E30008E0
:10007000C1E30008C1E30008C1E30008C1E30008D0
:10008000C1E30008C1E30008C1E30008000000006C
:1000900000000000000000000000000031A1000886
:1000A000C1E30008C1E3000845A10008C1E300085E
:1000B00055A10008C1E30008C1E30008C1E300083E
:1000C000C1E30008C1E30008C1E30008C1E3000880
:1000D000C1E30008C1E30008C1E30008000000001C
:1000E000C1E30008C1E30008C1E30008000000000C
:1000F000000000000000000000000000C1E3000854
:1001000000000000C1E30008C1E30008C1E30008EB
:1001100000000000000000000000000000000000DF
:1001200069A10008C1E30008C1E30008C1E30008B9
:10013000C1E3000800000000000000000000000013
:1001400000000000000000000000000079A100088D
:10015000C1E30008C1E30008C1E30008C1E30008EF
:10016000C1E30008C1E30008000000000000000037
:10017000000000000000000000000000000000007F
:1001800000000000C1E300080000000000000000C3
:04019000C1E30008BF
:1001A000034613F8012B002AFBD1181A01387047B7
:1001B00001F0FF01102A2BDB10F0070F08D010F818
:1001C000013B013A8B422DD010F0070F42B3F6D11C
:1001D000F0B441EA012141EA014122F007047FF035
:1001E00000070023F0E80256083C85EA010586EA8C
:1001F000010685FA47F5A3FA87F586FA47F6A5FAC8
:1002000087F68EB9EED1F0BC01F0FF0102F00702D3
:1002100032B110F8013B013A83EA010313B1F8D17E
:100220000020704701387047002D06BF354603385F
:10023000073815F0010F07D1013015F4807F02BF98
:10024000013015F4C03F0130F0BC0138704700BFE9
:1002500081F0004102E000BF83F0004330B54FEA77
:1002600041044FEA430594EA050F08BF90EA020FE4
:100270001FBF54EA000C55EA020C7FEA645C7FEA77
:10028000655C00F0E2804FEA5454D4EB5555B8BF9A
:100290006D420CDD2C4480EA020281EA030382EA0B
:1002A000000083EA010180EA020281EA0303362D9D
:1002B00088BF30BD11F0004F4FEA01314FF4801C70
:1002C0004CEA113102D0404261EB410113F0004F82
:1002D0004FEA03334CEA133302D0524263EB430339
:1002E00094EA050F00F0A780A4F10104D5F1200ED7
:1002F0000DDB02FA0EFC22FA05F2801841F1000132
:1003000003FA0EF2801843FA05F359410EE0A5F105
:1003100020050EF1200E012A03FA0EFC28BF4CF036
:10032000020C43FA05F3C01851EBE37101F00045EC
:1003300007D54FF0000EDCF1000C7EEB00006EEBF9
:100340000101B1F5801F1BD3B1F5001F0CD3490883
:100350005FEA30004FEA3C0C04F101044FEA4452DA
:1003600012F5800F80F09A80BCF1004F08BF5FEA61
:10037000500C50F1000041EB045141EA050130BD41
:100380005FEA4C0C404141EB0101013C28BFB1F553
:10039000801FE9D291F0000F04BF01460020B1FA9E
:1003A00081F308BF2033A3F10B03B3F120020CDA71
:1003B0000C3208DD02F1140CC2F10C0201FA0CF04F
:1003C00021FA02F10CE002F11402D8BFC2F1200CB4
:1003D00001FA02F120FA0CFCDCBF41EA0C0190406A
:1003E000E41AA2BF01EB0451294330BD6FEA0404B3
:1003F0001F3C1CDA0C340EDC04F11404C4F120029E
:1004000020FA04F001FA02F340EA030021FA04F3AF
:1004100045EA030130BDC4F10C04C4F1200220FA06
:1004200002F001FA04F340EA0300294630BD21FA44
:1004300004F0294630BD94F0000F83F4801306BF0A
:1004400081F480110134013D4EE77FEA645C18BFFE
:100450007FEA655C29D094EA050F08BF90EA020F95
:1004600005D054EA000C04BF1946104630BD91EA8D
:10047000030F1EBF0021002030BD5FEA545C05D190
:100480004000494128BF41F0004130BD14F58004CF
:100490003CBF01F5801130BD01F0004545F0FE4143
:1004A00041F470014FF0000030BD7FEA645C1ABF78
:1004B000194610467FEA655C1CBF0B46024650EAAF
:1004C000013406BF52EA033591EA030F41F40021DB
:1004D00030BD00BF90F0000F04BF0021704730B561
:1004E0004FF4806404F132044FF000054FF0000136
:1004F00050E700BF90F0000F04BF0021704730B5F7
:100500004FF4806404F1320410F0004548BF4042CB
:100510004FF000013EE700BF42004FEAE2014FEA20
:1005200031014FEA02701FBF12F07F4393F07F4FFB
:1005300081F06051704732F07F4208BF704793F0FE
:100540007F4F04BF41F40021704730B54FF4607411
:1005500001F0004521F000411CE700BF50EA010214
:1005600008BF704730B54FF000050AE050EA0102BD
:1005700008BF704730B511F0004502D5404261EB2D
:1005800041014FF4806404F132045FEA915C3FF46E
:10059000D8AE4FF003025FEADC0C18BF03325FEA0B
:1005A000DC0C18BF033202EBDC02C2F1200300FABC
:1005B00003FC20FA02F001FA03FE40EA0E0021FAE1
:1005C00002F11444BDE600BF70B54FF0FF0C4CF4CF
:1005D000E06C1CEA11541DBF1CEA135594EA0C0F81
:1005E00095EA0C0F00F0DEF82C4481EA030621EABC
:1005F0004C5123EA4C5350EA013518BF52EA0335F7
:1006000041F4801143F4801338D0A0FB02CE4FF0A8
:100610000005E1FB02E506F00042E0FB03E54FF0D8
:100620000006E1FB03569CF0000F18BF4EF0010ED0
:10063000A4F1FF04B6F5007F64F5407404D25FEACC
:100640004E0E6D4146EB060642EAC62141EA55517F
:100650004FEAC52040EA5E504FEACE2EB4F1FD0CC1
:1006600088BFBCF5E06F1ED8BEF1004F08BF5FEA3F
:10067000500E50F1000041EB045170BD06F00046F1
:1006800046EA010140EA020081EA0301B4EB5C049E
:10069000C2BFD4EB0C0541EA045170BD41F4801196
:1006A0004FF0000E013C00F3AB8014F1360FDEBFBB
:1006B000002001F0004170BDC4F10004203C35DA97
:1006C0000C341BDC04F11404C4F1200500FA05F31A
:1006D00020FA04F001FA05F240EA020001F00042BB
:1006E00021F0004110EBD37021FA04F642EB060131
:1006F0005EEA430E08BF20EAD37070BDC4F10C045B
:10070000C4F1200500FA04F320FA05F001FA04F21E
:1007100040EA020001F0004110EBD37041F100010A
:100720005EEA430E08BF20EAD37070BDC4F1200515
:1007300000FA05F24EEA020E20FA04F301FA05F27D
:1007400043EA020321FA04F001F0004121FA04F225
:1007500020EA020000EBD3705EEA430E08BF20EAF5
:10076000D37070BD94F0000F0FD101F0004640002F
:1007700041EB010111F4801F08BF013CF7D041EAB1
:10078000060195F0000F18BF704703F000465200B5
:1007900043EB030313F4801F08BF013DF7D043EA86
:1007A0000603704794EA0C0F0CEA135518BF95EA3C
:1007B0000C0F0CD050EA410618BF52EA4306D1D1C3
:1007C00081EA030101F000414FF0000070BD50EAE2
:1007D000410606BF1046194652EA430619D094EA6C
:1007E0000C0F02D150EA013613D195EA0C0F05D156
:1007F00052EA03361CBF104619460AD181EA0301AA
:1008000001F0004141F0FE4141F470014FF0000061
:1008100070BD41F0FE4141F4780170BD70B54FF0FC
:10082000FF0C4CF4E06C1CEA11541DBF1CEA13557C
:1008300094EA0C0F95EA0C0F00F0A7F8A4EB05045E
:1008400081EA030E52EA03354FEA013100F0888055
:100850004FEA03334FF0805545EA131343EA12631E
:100860004FEA022245EA111545EA10654FEA0026D3
:100870000EF000419D4208BF964244F1FD0404F58C
:10088000407402D25B084FEA3202B61A65EB0305E8
:100890005B084FEA32024FF480104FF4002CB6EBA5
:1008A000020E75EB030E22BFB61A754640EA0C0025
:1008B0005B084FEA3202B6EB020E75EB030E22BF65
:1008C000B61A754640EA5C005B084FEA3202B6EBA6
:1008D000020E75EB030E22BFB61A754640EA9C0065
:1008E0005B084FEA3202B6EB020E75EB030E22BF35
:1008F000B61A754640EADC0055EA060E18D04FEAF3
:10090000051545EA16754FEA06164FEAC30343EA92
:1009100052734FEAC2025FEA1C1CC0D111F4801F5F
:100920000BD141EA00014FF000004FF0004CB6E758
:1009300011F4801F04BF01430020B4F1FD0C88BFF7
:10094000BCF5E06F3FF6AFAEB5EB030C04BFB6EB02
:10095000020C5FEA500C50F1000041EB045170BDF5
:100960000EF0004E4EEA113114EB5C04C2BFD4EB22
:100970000C0541EA045170BD41F480114FF0000EA6
:10098000013C90E645EA060E8DE60CEA135594EA22
:100990000C0F08BF95EA0C0F3FF43BAF94EA0C0F25
:1009A0000AD150EA01347FF434AF95EA0C0F7FF49A
:1009B00025AF104619462CE795EA0C0F06D152EAEE
:1009C00003353FF4FDAE1046194622E750EA4106D2
:1009D00018BF52EA43067FF4C5AE50EA41047FF4E3
:1009E0000DAF52EA43057FF4EBAE12E74A0011D295
:1009F00012F5001211D20DD56FF47873B3EB625279
:100A00000ED44FEAC12343F0004343EA505323FA84
:100A100002F070474FF00000704750EA013002D1F9
:100A20004FF0FF3070474FF00000704753B94AB99C
:100A3000002908BF00281CBF4FF0FF314FF0FF30E6
:100A400000F00CB8ADF1080C6DE904CE0EF0D6FB49
:100A5000DDF804E0DDE9022304B07047704700BF11
:100A600010B5054C237833B9044B13B10448AFF3E8
:100A700000800123237010BD1C0200200000000034
:100A8000F4F4000808B5034B1BB103490348AFF366
:100A9000008008BD0000000020020020F4F40008DF
:100AA00010B58CB00024089409940A940B94202269
:100AB000214668460DF0BCFC8848894B03604460C1
:100AC000846001230361047680F820404FF0805257
:100AD000C2624FF020628262C4600D22C26180F85F
:100AE0003030446106F0E8F9002840F0C1800A2364
:100AF00008930123099304230A9308A9774806F071
:100B000005FB002840F0B7800B23089302230993CC
:100B100000230A9308A9714806F0F8FA002840F06B
:100B2000AD800C2308930323099308A96B4806F0B2
:100B3000EDFA002840F0A5800D23089304230993C3
:100B400008A9664806F0E2FA002840F09D800023DC
:100B500008930523099308A9604806F0D7FA0028EE
:100B600040F09580012308930623099308A95B4868
:100B700006F0CCFA002840F08D800223089307236A
:100B8000099308A9554806F0C1FA002840F085806D
:100B9000032308930823099308A9504806F0B6FADE
:100BA00000287DD1042308930923099308A94B4801
:100BB00006F0ACFA002876D1052308930A2309939E
:100BC00008A9464806F0A2FA00286FD10623089328
:100BD0000B23099308A9414806F098FA002868D128
:100BE000072308930C23099308A93C4806F08EFAC2
:100BF000002861D10E2308930D23099308A93748D3
:100C000006F084FA00285AD10B23009301220192A6
:100C100004230493002302930793324906918DF82D
:100C200015208DF81430039369462C4806F038FBE4
:100C3000002847D10C2300930223019369462748DB
:100C400006F02EFB002840D10D23009303230193CF
:100C50006946224806F024FBD0BB002300930423FE
:100C6000019369461D4806F01BFBA0BB0CB010BDEC
:100C700004F076FC3BE704F073FC45E704F070FCFD
:100C80004FE704F06DFC57E704F06AFC5FE704F0FF
:100C900067FC67E704F064FC6FE704F061FC77E74A
:100CA00004F05EFC7EE704F05BFC85E704F058FC92
:100CB0008CE704F055FC93E704F052FC9AE704F04B
:100CC0004FFCA1E704F04CFCB4E704F049FCBBE79F
:100CD00004F046FCC1E704F043FCC7E7980200209B
:100CE0000020014001000F00F0B589B000230393FC
:100CF0000493059306930793026803F1804303F579
:100D000090339A4201D009B0F0BD04460025009509
:100D100003F58C335A6C42F480725A645A6C02F4B4
:100D200080720092009A01951A6B42F004021A63D5
:100D30001A6B02F004020192019A02951A6B42F0BA
:100D400001021A631B6B03F001030293029B1F2332
:100D500003930327049703AE3146154806F0FEFFC0
:100D6000FF230393049705953146124806F0F6FFDA
:100D70001148124B036045608560C5604FF4806385
:100D800003614FF4006343614FF4005383614FF4F8
:100D90008073C3614FF400330362456206F074FC54
:100DA00018B9054BA3639C63ADE704F0D9FBF8E7E2
:100DB0000008024000000240380200201064024097
:100DC00008B501F009FA08BD38B598B10C4689B1EB
:100DD000154A106008F00CFB00224FF47A7302FBF6
:100DE0000333B0FBF3F3013BB3F5803F06D301328D
:100DF00092B2F2E70D4802F0D9FB14E021688A6252
:100E00002268D362E360236800255D636822084995
:100E1000054B186806F07CF8204608F0D3FB2946FD
:100E2000204608F035FF38BDB00300206CF50008FF
:100E3000E002002038B50C2805D80546092807D15E
:100E40000023194618E00F4802F0B0FB002017E01D
:100E50000920FFF7EFFF40F206339842F0D8002058
:100E60000EE003EB430203EB82022A44064C34F803
:100E7000122011FA82F10133072BF2D9C1F3CF000E
:100E800038BD00BFA4F50008E002002008B5FFF758
:100E9000D1FF07EE900AF8EE677AB1EE047A67EEBA
:100EA000877A9FED047A87EE870ADFED037A30EECA
:100EB000270A08BD00F07F450000000008B50BF0D0
:100EC00052FA10B102684068904708BD08B54FF06B
:100ED000E0231B690AF026FD012800D108BD04F0BB
:100EE00079FDFBE7EFF305832BB9064B186828B9AA
:100EF00001221A6070476FF0050070474FF0FF3015
:100F0000704700BF6C0A0020EFF3058373B90A4BEA
:100F10001B68012B0DD110B50024084BDC77064B64
:100F200002221A600AF0EAF9204610BD6FF00500AF
:100F300070474FF0FF3070476C0A002000ED00E072
:100F4000F0B587B000240594EFF3058404BBF8B135
:100F5000002A34D0156893692BB11E46013B372B0C
:100F600002D9002015E01826536813F0010F3FD175
:100F7000546984B14FEA940C93682BB1D7685B2F06
:100F800002D9176907B184B943B14FF0FF330BB3EE
:100F9000059807B0F0BD4FF0800CEDE7D368A3B91A
:100FA0001369ABB14FF0FF33F1E70293019700965D
:100FB0000B46624629460AF033F90590E8E71546E4
:100FC000002318264FF0800CE1E74FF0FF33DEE7F7
:100FD0000023DCE705AB019300960B461FFA8CF269
:100FE00029460AF058F90128D2D000230593CFE70B
:100FF0000020CEE708B5EFF3058333B908B9002028
:1010000008BD0AF0DDFA0020FAE76FF00500F7E707
:101010002DE9F04383B0EFF30587002F43D1064657
:10102000894615461C4600283FD0082003F05CF98D
:10103000804600283BD006604560B9F1000F00D023
:10104000012704B32068A36813B1E2682B2A10D8E3
:1010500053B14FF0FF33DBB10024404603F0C6F933
:10106000204603B0BDE8F083E3687BB14FF0FF3367
:10107000F1E701930F4B009343463A4601210AF0F2
:10108000BDFF04460CE020460023E4E70023E2E72E
:10109000084B009343463A4601210AF093FF044669
:1010A000002CDDD1D9E70024DAE70024D8E7044694
:1010B000D6E700BFBD0E0008EFF305836BB90A4603
:1010C00070B100B583B0009304210AF0C1FF01287C
:1010D00009D1002003B05DF804FB6FF005007047F4
:1010E0006FF0030070476FF00200F3E708B5EFF30D
:1010F0000583CBB9A0B1836813B1C2681F2A0BD88E
:101100002BB14FF0FF338BB902F0BEFA08BDC368B4
:1011100043B14FF0FF33F6E7184602F090FAF5E7D7
:101120000023F0E70023EEE70020EFE70020EDE7E3
:10113000F8B110B582B00C46B1F1807F1CD2EFF34C
:1011400005829AB10022019201AA02F0BBFBB8B15C
:10115000019BC3B14FF0E0234FF08052C3F8042D40
:10116000BFF34F8FBFF36F8F204607E002F05EFBA7
:1011700004E06FF0030070476FF0030002B010BD91
:101180006FF00200FAE72046F8E770B5B0B10C4600
:101190000646B1F1807F14D2EFF3058353B102F01C
:1011A00037FB05462146304602F028FB58B96FF060
:1011B000020508E002F0FBFA054604E06FF00305C3
:1011C00001E06FF00305284670BD40B370B582B0F2
:1011D0000C461D468446B1F1807F23D2EFF3058390
:1011E00023BB12F0010610D0012312F0020F0ED023
:1011F000002200952146604602F054FA4EB1844325
:1012000012D0B5B16FF001000EE00023EDE701222E
:10121000EFE7044208D17DB16FF0010004E06FF008
:10122000030070476FF0030002B070BD6FF005005F
:10123000FAE76FF00200F7E76FF00200F4E770B52D
:1012400082B0EFF30583002B3AD1144600283BD03F
:1012500000293BD06AB393684BB1D2684F2A06D9B4
:10126000226922B101FB00F56669AE421BD273B15F
:101270004FF0FF3363BB002204F047FE054605B381
:1012800004B124682146284605F094F819E0E36883
:101290008BB9236913B14FF0FF33EBE763696BB18F
:1012A0004FF0FF33E6E70025009504F0E4FD054626
:1012B000E5E70023DEE74FF0FF33DBE70023D9E764
:1012C0000025284602B070BD0025FAE70025F8E7A2
:1012D0000025F6E710B582B01C46EFF30583C3B1D5
:1012E00018B329B33CBB0023019301AA04F0F5FE17
:1012F000012823D1019850B14FF0E0234FF08052E4
:10130000C3F8042DBFF34F8FBFF36F8F002002B0DF
:1013100010BDB0B1C1B10023224604F01AFE01286D
:1013200015D0B4B16FF00100F1E76FF00300EEE704
:101330006FF00300EBE76FF00300E8E76FF00200E7
:10134000E5E76FF00300E2E76FF00300DFE700205E
:10135000DDE76FF00200DAE710B582B01C46EFF36C
:101360000583C3B110B321B334BB0023019301AA99
:1013700004F0C9FF012822D1019850B14FF0E023B9
:101380004FF08052C3F8042DBFF34F8FBFF36F8F20
:10139000002002B010BDA8B1B9B1224604F004FF8C
:1013A000012815D0B4B16FF00100F2E76FF003002F
:1013B000EFE76FF00300ECE76FF00300E9E76FF091
:1013C0000200E6E76FF00300E3E76FF00300E0E7F9
:1013D0000020DEE76FF00200DBE70000034B036054
:1013E000034B0B6080231360704700BF100A00207E
:1013F00010080020034B0360034B0B604FF4807315
:1014000013607047B4070020B40300202DE9F043B7
:1014100083B00F4615468DF8070096B206F107080F
:101420001FFA88F8013676BA01220DF10701002073
:101430000CF036FF2A4639460CF032FF040204F461
:101440007F0444EA1064030A03F47F431C4344EA24
:101450000064DFF83090A9F800609DF8073089F843
:1014600002302A46394609F103000DF015F803351C
:1014700049F80540414648460BF002FF03B0BDE87D
:10148000F08300BF4C19002038B51446012B07D05B
:101490004AB901224FF40051074806F04AFD38BD11
:1014A000FFF7B4FFF5E7054D28460CF0F5FFA1B2B4
:1014B00028460BF0E5FEECE7000802404C1900203E
:1014C00008B5002208210A20FFF7B9FE084B186072
:1014D000084A00210848FFF733FD0020FFF706FE09
:1014E000064B1860064A00210648FFF729FD08BD93
:1014F0006C1D002090FA00088517000828150020B0
:101500006CFA00086522000808B50378433B102BED
:1015100032D8DFE803F0213131093131293131315D
:10152000313131311931110000230322134918469A
:10153000FFF7AAFF012020E000230F2210491846E0
:10154000FFF7A2FF012018E000230F220C491846E4
:10155000FFF79AFF012010E000230122FF21184627
:10156000FFF792FF012008E000231A4619461846AB
:10157000FFF78AFF012000E0002008BDC4F5000845
:10158000C8F5000801280DD808B5881841F6ED23E4
:10159000984200D908BD0123034801440020FFF709
:1015A00073FFF7E7704700BF303E002030B583B0CF
:1015B00004460D46FFF7A8FF002840F0C380052D24
:1015C00021D8A378423B352B00F2B780DFE803F047
:1015D0009B20B5AD27B5B52EB5B5B5B5B552B5356A
:1015E000B53CB5B5B57BB5B5B5B5B5B5B5B5B5B55E
:1015F000B5B5B5B543B5B5B5B561A4B5B5B5B5B572
:1016000059B5B5B5B58BAA1FA11C0CF049FED8E79A
:1016100001231A46FF210020FFF736FF92E0012345
:10162000032252490020FFF72FFF8BE001231A46C7
:1016300000210846FFF728FF84E001230F224C49D0
:101640000020FFF721FF7DE0012310224849002000
:10165000FFF71AFF76E002238DF800300423ADF87F
:101660000130ADF803300123052269460020FFF761
:101670000BFF67E001237C223E490020FFF704FFB7
:1016800060E0B4F80520B4F803100020FFF77AFFFB
:1016900058E041F6ED22384900200CF001FE0090A0
:1016A000030203F47F0343EA1063020A02F47F4259
:1016B000134343EA00630093012304226946002098
:1016C000FFF7E2FE3EE0B4F80330B4F80520E11D78
:1016D000294818440CF0E0FE012300221146104670
:1016E000FFF7D2FE2EE0B4F80330B4F80520E11D78
:1016F000214818440CF0D0FE012300221146104668
:10170000FFF7C2FE1EE000F063FD01230022114638
:101710000420FFF7B9FE15E0E378022B14D0032B69
:1017200015D0012B01D10BF01DFAB4F8031049BA02
:1017300089B2124B1868FFF7FBFC4FF400511048B8
:1017400006F0FDFB03B030BD0BF01CFAEDE70BF02B
:10175000FFF90BF0F5F905460BF0F6F90246012307
:1017600029460020FFF790FEDFE700BFC4F5000820
:10177000C8F50008B43D0020303E002028150020A8
:101780000008024000B583B04FF0FF3300226946E5
:1017900005480068FFF7E0FD0028F5D1BDF804100A
:1017A0000098FFF703FFEFE76C1D0020BFF34F8F9A
:1017B0000549CA6802F4E062044B1343CB60BFF3EF
:1017C0004F8F00BFFDE700BF00ED00E00400FA0509
:1017D00008B50AF0A9FE094BA3FB00308009084BAD
:1017E000D86002F079F84FF40051064806F0A7FBE4
:1017F0004FF47A70FFF7FEFBEBE700BFD34D6210AA
:10180000B43D00200008024070B515E05B7D07EE96
:10181000903AF8EE677A76E05B7D07EE903AF8EE64
:10182000677A424BC3ED197A0BF052F9404B1870AE
:1018300002F042FC3F4B18703F4C4FF0FF33002248
:1018400003212068FFF7C1FC02212068FFF79DFCFF
:101850000AF060FE0446394D0146284604F0EAFECF
:10186000374E2146304604F0E5FE204604F0C4FF22
:1018700005F0CCF805F088F9204605F0DDF905F013
:101880001BFA284604F0C2FE284C84ED0A0A3046B2
:1018900004F0BCFE84ED0B0A284604F0C1FE84ED82
:1018A0000C0A284805F03CF884ED0E0A4FF07E53F0
:1018B000E36403F017F884ED1C0A05F0A1F984ED48
:1018C000100A05F0DFF884ED110A05F00FF884ED39
:1018D0000D0A05F0EBF984ED120A05F00DFA84ED1E
:1018E000150A03F049F884ED090A174B5A69A265F5
:1018F0005B681A7D002A89D05B7D07EE903AF8EE8E
:10190000677AF1EE677A094AC2ED187A0F4B596986
:10191000D1655B681A7D002A3FF47EAF5B7D07EEE0
:10192000903AF8EE677AF1EE677A7AE7B43D0020F4
:10193000AD3D0020AC3D0020D43C00201C00002028
:1019400000000020701D0020901E0020F81D0020C7
:1019500008B56420FFF74EFB034B196800200BF01D
:1019600017F90BF029F9FCE7A83D002010B50AF0A3
:10197000D1FD044602F066FB204602F0A3FA2146A0
:10198000064801F01FF92146054801F01BF92046E1
:1019900004F034F90120FFF72DFBE8E7901E00204A
:1019A000F81D002010B52DED028B82B011E003234D
:1019B0008DF8053000238DF804300AF0ABFD00905F
:1019C00011E000980BF08AF81A4B1B6813F0080F0F
:1019D0001AD132230022694617480068FFF7BCFC81
:1019E00010F1020FE3D09DF804304BB1012BEBD185
:1019F0009DF80530002BE4D168460AF0A7FEE0E729
:101A000068460AF0A3FEDFE70BF050F8B0EE408A1C
:101A10000BF052F8F0EE408A009C2046F0EE480AA7
:101A200003F026F82046F0EE480AB0EE680A03F00C
:101A3000EDFBCEE7B43D0020A83D002010B500220C
:101A400028E041F2707302FB03F31B0907EE903AA2
:101A5000F8EE677A554B02F5807103EB8101C1ED19
:101A6000007A02F5087103EB8101C1ED007A02F5FD
:101A7000507103EB8101C1ED007A02F58C6103EB3B
:101A80008101C1ED007A02F5B06103EB8103C3ED82
:101A9000007A01320F2AD4D900232BE007EE903AC6
:101AA000F8EE677A9FED427A67EE877A9FED417A8A
:101AB00067EE877A3D4A03F5887102EB8101C1ED3B
:101AC000007A03F50C7102EB8101C1ED007A03F598
:101AD000547102EB8101C1ED007A03F58E6102EBD6
:101AE0008101C1ED007A03F5B26102EB8102C2ED22
:101AF000007A01330F2BD1D94FF0000E27E02B4B8A
:101B000001EB0E1203EB8200DFF8B4C0C0F800C096
:101B100002F5907003EB8000C0F800C002F5107071
:101B200003EB8000DFF894C0C0F800C002F55870E5
:101B300003EB8000C0F800C002F5906203EB820363
:101B40001D4A1A6001310F29D9D90EF1010EBEF1DB
:101B50000F0F01D80021F6E7002223E0134902F518
:101B6000C26301EB830300201860A2F10803DB08C5
:101B70004FF4FA6C0CFB03F307EE903AF8EE677A39
:101B800002F5C46301EB8303C3ED007A02F5C6637B
:101B900001EB8303186002F5C86301EB8301C1ED1B
:101BA000007A01320F2AD9D900233FE0303E0020CD
:101BB0000000F0420000803D0000C8420000C84123
:101BC0000000A042AA4A03F5CA6102EB810100208D
:101BD000086003F5CE6102EB8101086003F5D26174
:101BE00002EB8101086007EE903AB8EE677ADFED0C
:101BF000A17A27EE277AF2EE0E6AC7EE267A9FEDDB
:101C00009E7A77EEC77A03F5CC6102EB8101C1EDD4
:101C1000007A03F5D06102EB8101C1ED007A03F592
:101C2000D46102EB8102C2ED007A01330F2BC9D9D6
:101C30008F4A02F5805302F5B4519048086003F2D0
:101C400084618F48086003F5D1608E49016003F21A
:101C50008C608D4C046003F5D2604FF081440460C9
:101C600003F29460894C046003F5D360884C0460EF
:101C700003F29C60874C046002F5B550016003F2EA
:101C8000A4618548086003F5D5618448086003F2C3
:101C9000AC618348086003F5D6604FF08041016075
:101CA00003F2B460016003F5D7617E48086003F277
:101CB000BC61F1EE047AC1ED007A02F5B6517A48C2
:101CC000086003F2C4617948086003F5D961784877
:101CD000086003F2CC617748086003F5DA60764962
:101CE000016003F2D460754C046003F5DB60744C52
:101CF000046002F5B750DFF8E4C1C0F800C003F299
:101D0000DC60DFF8DCE1C0F800E003F2E4600160D1
:101D100003F5ED60B1EE0E7A80ED007A03F26C709F
:101D2000C0ED007A03F5EE60016003F27470C0F854
:101D300000E003F5EF60C0F800C003F27C700160C2
:101D400002F5BC545F48206003F28474206003F6FF
:101D5000080484ED007A03F60C04C4ED007A03F560
:101D60000164216003F61404C4F800E003F6180EC1
:101D7000CEF800C003F61C0CCCF8001002F5C152DE
:101D8000106003F62402106003F628024E49116029
:101D9000692283F8E42A03F503614C4A0A6003F6DA
:101DA00034014B48086003F638014A48086003F6DE
:101DB0003C010A6040F6C412A3F8C02A4FF4FA723C
:101DC000A3F8C22A4FF41662A3F8C42A40F6E961C8
:101DD000A3F8C61A40F2A112A3F8C82AA3F8CA1A97
:101DE000A3F8CC2A002283F8CE2A83F8CF2A83F8DE
:101DF000D02A83F8D12A83F8D22A83F8D32A83F809
:101E0000D42A83F8D52A022183F8D61A83F8D72A50
:101E100083F8D82A032083F8D90A83F8DA2A83F8CA
:101E2000DB2A012183F8DC1A83F8DD1A83F8DE1A35
:101E300083F8DF1A83F8E01A83F8E10A83F8E22ACC
:101E400083F8E32A83F8E42A83F8E51A83F8E61A8C
:101E500083F8E72A83F8E82A83F8E92A83F8EA2A4C
:101E600083F8EB1A83F8EC1A1B4B1A705A7010BDEA
:101E7000303E002000004843000048420000C843B4
:101E800000002041000070410000E4420000C84111
:101E90000000FA44CDCC4C3E0000404100006041BF
:101EA0009A9909410000A0410000344300007A43A0
:101EB0000080BB44008054440AD7233C0AD7A33B8C
:101EC0006F12833A00008C420000DC420000A842FE
:101ED0000000A0420000B042B03D00200000C84217
:101EE0000000C8C208B500F083FD08BD70B582B01F
:101EF0007C22002191480CF09BFA914C41F6ED2593
:101F00002A46002120460CF093FA2946204600F08C
:101F10002BFD002800F0D280FFF7E4FF89480AF08B
:101F2000B7FA8948FFF7E2F8884B1860002800F0FC
:101F3000CB8087498748FEF747FF874B93F8D43A11
:101F4000002B40F0C380844C94F8D00A0AF0AEFB1A
:101F5000824A08211020FFF772F9814B1860814AEC
:101F600000218148FEF7ECFF804D0D21284604F04A
:101F7000BDFA0E217E4804F0B9FA94F8DE1A7D48C5
:101F800004F09CFD94F8DF1A7B4804F0E3FC7B4EE0
:101F900094F8E01A304604F0FBFB3146284601F085
:101FA0002DFD02F023FB03F02FF84FF4FA70FFF73A
:101FB00021F894F8E53A002B2FD094F8E73A002B5B
:101FC00000F08C8044F62063009308230C226C49B7
:101FD0006C4800F023FC6C4C6C4D2146284603F005
:101FE0008DFB16230193803C0094664B5F4A294683
:101FF000674800F057FDA4F5DD6393F8E93A002B3C
:1020000076D1554C04F5D16393ED000A604800F099
:10201000A1FD94F8E53A002B75D14F4B93F8E63AC1
:1020200063B34D4B93F8E83A002B72D044F620632B
:102030000093002304225249564800F0EFFB564C0F
:10204000564D2146284603F059FB17230193803C47
:102050000094504B464A2946514800F023FDA4F510
:10206000F16393F8EA3A002B5DD14D4C9FED4D0A98
:10207000204600F06FFD204601F016FF444803F0B3
:102080008DFDFFF71DFA484A00214848FEF758FF2A
:10209000474A00214748FEF753FF474A0021474877
:1020A000FEF74EFF464A00214648FEF749FF012150
:1020B000264B1868FFF73CF802B070BDFFF7BEFC76
:1020C000414801F073FA27E700BF32E73F49A1F624
:1020D000D32393F8D20A0AF01FFB34E744F62063B7
:1020E00000930C2308222649264800F097FB72E74C
:1020F000134B03F5BC52D2ED000A92ED010A2448BD
:1021000001F032FA7DE704F5DA61214801F080FF41
:1021100083E744F6206300930423002218491D48F6
:1021200000F07CFB8BE7064B03F5C152D2ED000AB1
:1021300092ED010A1A4801F017FA96E7B43D002023
:10214000303E0020009E002068FB0008D43C0020A8
:10215000709D002098020020304E002078FB00087F
:10216000A83D002044FB0008A51900081C00002021
:1021700000000020A01D0020881D0020701D0020F0
:10218000B89D0020781E002098550020501E002089
:10219000901E0020E01D002038560020B81D0020B1
:1021A000F81D002000000000B4FA00086D190008B6
:1021B00020FB000851190008FCFA00080918000863
:1021C000D8FA0008D1170008F4F5000803590020D8
:1021D00008B500F021FC08BD08B50221024B1868C3
:1021E000FEF7A6FF08BD00BFD43C0020F0B583B0C9
:1021F00004460023009301930AF08CF90090174ED7
:102200004FF48071304605F08DFE0546071E18BF5D
:1022100001274FF40071304605F084FE003818BFE6
:102220000120B4F5807F0BD0B4F5007F10D00023DF
:102230001A4669460A480068FFF74CF803B0F0BD3B
:10224000002DF1D101238DF804308DF80570EEE7F3
:1022500002238DF804308DF80500E8E70004024001
:10226000A83D002008B522E0FFF7A0FA714B93F8D3
:10227000E53AB3B1704800F015FF12E06D4B93F8EA
:10228000E63A73B16D4800F00DFF0AE06C4A518ADE
:10229000684BA3F8C81A118AA3F8C61A127E83F8ED
:1022A000DA2A4FF6FF71674B1868FEF76EFF4FF0A2
:1022B000FF3300224FF6FF7162480068FEF785FF8A
:1022C00001381D28EDD801A353F820F06922000839
:1022D0002D2400086D2200087D2200088D220008B0
:1022E000452300085D230008632300086D230008D0
:1022F0007723000881230008892300089123000820
:1023000099230008A1230008A9230008B12300088D
:10231000B9230008C1230008CB230008D3230008F9
:10232000DD230008E5230008EF230008F723000859
:102330000124000809240008152400081D240008B1
:1023400025240008404A518A3A4BA3F8CC1A118A36
:10235000A3F8CA1A127E83F8DB2AA2E70AF08EFCE1
:102360009FE79FED3A0A0AF083FC9AE79FED380A4F
:102370000AF07EFC95E79FED370A0AF079FC90E7BA
:10238000354803F097F98CE7344803F093F988E770
:10239000334803F08FF984E7324803F08BF980E784
:1023A000314803F099F97CE7304803F095F978E774
:1023B0002F4803F091F974E72E4803F08DF970E788
:1023C00001212D4803F04AF96BE72B4803F05DF932
:1023D00067E70121294803F041F962E7274803F044
:1023E00054F95EE70121264803F038F959E72448FB
:1023F00003F04BF955E70121224803F02FF950E78C
:10240000204803F042F94CE71F4B01221A700AF0F2
:10241000A9FB46E71C4B00221A7042E71A4B012227
:102420005A703EE7184B00225A703AE7FFF706FB56
:1024300037E700BF304E0020901E0020F81D00201E
:102440001C00002028150020000000200000C842C9
:1024500000007A430000FA433C00002048000020BE
:1024600054000020600000206C0000207800002054
:102470008400002090000020A80000209C00002084
:10248000C0000020B4000020B03D002008B5054881
:10249000054B036005F06CF800B908BD03F060F867
:1024A000FBE700BF20590020003002400268094BC2
:1024B0009A4200D0704782B000230193064B1A6BFA
:1024C00042F480521A631B6B03F480530193019B07
:1024D00002B07047003002400038024000000000A7
:1024E000002800F038812DE9F8430D4616460446D1
:1024F0000768002F52D01046FDF7FCFF96A3D3E9E2
:102500000023FEF78BF9804689463F68F86AFDF79D
:10251000E1FF42464B46FEF757F8FEF767FAFDB17A
:10252000012D79D06368002B40F0CF807B63A368D6
:10253000002B40F0D78023681B6800225A63E368B1
:10254000002B40F0E28023681B6800225A63236955
:10255000002B40F0ED8023681B6800225A631BE0CB
:10256000E3686BB122695AB1042B19D0082B1AD039
:1025700000233B642369CBB923681B68DA6A5A637A
:10258000A36833BB23681B6800225A636368002B6F
:1025900032D123681B68586366752575BDE8F883DA
:1025A0000023BB63E6E70023FB63E3E7042B06D0CD
:1025B000082B09D023681B68DA6A1A64E0E72368ED
:1025C0001B68DA6A9A63DBE723681B68DA6ADA63F6
:1025D000D6E7042B06D0082B09D023681B680022FD
:1025E0001A64D3E723681B6800229A63CEE7236846
:1025F0001B680022DA63C9E7042B05D0082B07D03B
:1026000023681B681864C7E723681B689863C3E7DF
:1026100023681B68D863BFE7E3686BB123695BB1CC
:10262000042B16D0082B17D000233B64E368B3B902
:1026300023681B68DA6A5A6363681BBB23681B68DC
:1026400000225A63A368002B2FD123681B685863AC
:10265000A2E70023BB63E9E70023FB63E6E7042B63
:1026600006D0082B09D023681B68DA6A1A64E3E7EE
:1026700023681B68DA6A9A63DEE723681B68DA6AF4
:10268000DA63D9E7042B06D0082B09D023681B682E
:1026900000221A64D6E723681B6800229A63D1E7F8
:1026A00023681B680022DA63CCE7042B05D0082BD3
:1026B00007D023681B6818646EE723681B6898635B
:1026C0006AE723681B68D86366E7042B04D0082BED
:1026D00005D000233B642AE70023BB6327E70023E0
:1026E000FB6324E7042B06D0082B09D023681B6862
:1026F00000221A6423E723681B6800229A631EE7FE
:1027000023681B680022DA6319E7042B06D0082B24
:1027100009D023681B6800221A6418E723681B6825
:1027200000229A6313E723681B680022DA630EE72E
:10273000042B06D0082B09D023681B6800221A64DA
:102740002AE723681B6800229A6325E723681B6831
:102750000022DA6320E770470000000000E06F40CD
:10276000034678B102686AB1416861B91268516381
:102770009A68C2B91A6812680021516300225A751A
:1027800002229A757047042905D0082907D01268DB
:1027900000211164ECE7126800219163E8E71268F8
:1027A0000021D163E4E7042A06D0082A09D01A6878
:1027B000126800211164E1E71A6812680021916330
:1027C000DCE71A6812680021D163D7E738B50546FF
:1027D00099B10C4644F62063994200D91C4606F094
:1027E000FDFC002202FB0443B0FBF3F3013BB3F515
:1027F000803F05D3013292B2F4E7FFF7B1FF0CE05E
:10280000296809688A622A681268D3622A68D360D4
:102810006A7D297D2846FFF763FE38BD00284FD02A
:1028200010B5044629B30160426083600023C36091
:10283000036103758375084606F0C4FEBDF80810F1
:102840002046FFF7C3FF6368A3B923681B68002213
:102850005A63A3680BBB23681B6800225A63616834
:10286000206807F031FBA168206807F02DFB0023EA
:10287000637510BD042B06D0082B09D023681B6894
:1028800000221A64E5E723681B6800229A63E0E7E8
:1028900023681B680022DA63DBE7042B06D0082BD1
:1028A00009D023681B6800221A64D8E723681B68D4
:1028B00000229A63D3E723681B680022DA63CEE71D
:1028C0007047034688B102687AB1817D01290CD92D
:1028D000416859B9126851639A68BAB91A6812689E
:1028E0000021516300225A759A757047042905D05A
:1028F000082907D0126800211164EDE71268002151
:102900009163E9E712680021D163E5E7042A06D064
:10291000082A09D01A68126800211164E2E71A68CF
:10292000126800219163DDE71A6812680021D16303
:10293000D8E7000000B583B000220192094B196B63
:1029400041F4800119631B6B03F480030193019B25
:102950000721382004F0F8FD382004F005FE03B00C
:102960005DF804FB003802400246B8B1C1B10D4B1E
:1029700001205874052018744FF40030986000F15D
:102980000060D860B1F5003F03D90020586018609E
:102990007047044B59601A6001207047002070474F
:1029A000002070472859002010B586B005F094F833
:1029B000002300930D4B1A7C0292012203925B7C50
:1029C00001930223049305A9684605F07DF928B90F
:1029D000059BB3F1FF3F07D0002400E0002405F081
:1029E00093F8204606B010BD0124F8E728590020CE
:1029F000084B1A680AB1002306E070470549C96808
:102A0000C95C02F8011B0133024949689942F5D8B3
:102A1000704700BF2859002070B5194B1C683CB3A3
:102A2000FFF7C2FF064620B305F056F80025144B09
:102A30005B68AB420CD9124BD96822880023294429
:102A4000012005F09BF810B902340235EFE70026AB
:102A50000B4B1A6800230A494968994209D9117831
:102A60000748C068C05C884207D101320133F2E7F1
:102A7000002605F049F8304670BD0026F9E700BF92
:102A80002859002050B103781F2B07D8044802684A
:102A9000012101FA03F322EA03020260704700BF3A
:102AA000B43D002070B584B0089E9DF824500028E5
:102AB0003CD00446002A39D0002B37D0002E35D028
:102AC0008160C26043600023436106611A4B8B60E2
:102AD00083681A4A5A6083681B68194A1A618368B6
:102AE0001B68184ADA606B4600210091019102913F
:102AF000039100F1280202922C220392024612480E
:102B0000FEF786FA60624FF4FA61FEF7D5FA257097
:102B10001F2D05D80D490B680122AA4013430B60F5
:102B2000002384F8553084F8563002E0084800F05D
:102B30003DFD04B070BD00BF00007F4300007FC3B7
:102B400000007A4300007AC3852A0008B43D0020C3
:102B500074F6000890F8563093B9B5EEC00AF1EE5D
:102B600010FA09D4DFED077AB4EEE70AF1EE10FAB5
:102B700004DDB0EE670A01E09FED030A80ED050A6F
:102B8000704700BF0000C84200000000012380F829
:102B90005630B5EEC00AF1EE10FA09D4DFED077A2F
:102BA000B4EEE70AF1EE10FA04DDB0EE670A01E0D8
:102BB0009FED030A80ED050A704700BF0000C84280
:102BC00000000000002800F0F88170B52DED028BA8
:102BD00084B00D460446836833B1C06820B1636891
:102BE00013B194F855601EB104B0BDEC028B70BDFA
:102BF00003F00CFDF0EE408AB4EE400AF1EE10FA5C
:102C00001ED684ED060A94ED050AA06802F083FD45
:102C100094ED050A206908F065F9B0EE408ADFED11
:102C2000C17AB4EEE70AF1EE10FA19DBDFEDBE7AF5
:102C3000B4EEE70AF1EE10FA49D99FEDBC8A11E033
:102C400021781F2906D8BA48036801228A4023EA5E
:102C500002030360002211466068FFF741FCC3E7EE
:102C60009FEDB28AB0EE680A2946A06802F056FDD0
:102C700070EE087A9FEDAB7AF4EEC77AF1EE10FAB7
:102C800027D59FEDA88AB5EEC08AF1EE10FAD4BF21
:102C900001250025A368D3ED057AF5EEC07AF1EEA3
:102CA00010FA31D4B1EE047AF4EEC77AF1EE10FAEC
:102CB0003CDCB5EEC08AF1EE10FA2ED4DFED9D7A41
:102CC000B4EEE78AF1EE10FA6BDC00232FE0012668
:102CD000C8E7B0EE680A2946A06802F01FFD30EE92
:102CE000080ADFED917AB4EEE70AF1EE10FA02DDA0
:102CF0009FED8D8AC7E7B0EE680A2946A06802F00A
:102D00000DFD30EE088ABEE7B9EE047AF4EEC77A1C
:102D1000F1EE10FACDD5012309E0DFED877AB4EEAC
:102D2000E78AF1EE10FA3AD4002300E001238DF88F
:102D30000F309DF80F30B3B394F85430002B38D0D7
:102D4000002E4FD0DFED7D7A78EEE77AF5EEC07A8F
:102D5000F1EE10FA00F1C1809FED797AF4EEC77AB6
:102D6000F1EE10FA4CBF01230023002B00F0EE809F
:102D7000DFED6C7AB4EEE78AF1EE10FA40F1B7803D
:102D80006068B0EE678AB1EE488AFCEEC87ACDED95
:102D9000017A9DF804202946FFF7A2FB24E70123CE
:102DA000C5E70123C3E74FF4FA61606AFEF784F9CF
:102DB000C2E76068B5EEC08AF1EE10FA09D4FCEE05
:102DC000C87ACDED017A9DF804202946FFF788FBEB
:102DD0000AE7B1EE488AFCEEC87ACDED017A9DF89B
:102DE0000420F2E7DFED557A78EEE77AF5EEC07A67
:102DF000F1EE10FA1FD49FED527AF4EEC77AF1EE9D
:102E000010FA4CBF012300239BB3DFED467AB4EEEA
:102E1000E78AF1EE10FA18D56068B0EE678AB1EE75
:102E2000488AFCEEC87ACDED017A9DF80420294647
:102E3000FFF756FBD8E69FED447AF4EEC77AF1EE41
:102E400010FACCBF01230023DEE7D4ED087AF4EEBC
:102E5000C87AF1EE10FA3AD46068B5EEC08AF1EEA5
:102E600010FADCD4FCEEC87ACDED017A9DF804208E
:102E7000DDE7F5EEC08AF1EE10FA1ED4DFED307A10
:102E8000F4EEE78AF1EE10FA4CBF01230023002B89
:102E9000E2D0D4ED077AF1EE677AF4EEC87AF1EE7B
:102EA00010FA17DCDFED207AB4EEE78AF1EE10FAC3
:102EB000D2DD6068B0EE678AD4E7DFED237AF4EE06
:102EC000E78AF1EE10FACCBF01230023DFE7B0EE72
:102ED000678AC1E7B0EE678ABEE79FED1B7AF4EE22
:102EE000C77AF1EE10FACCBF012300233DE7236936
:102EF000D3ED0F7AB1EE047A77EE877AF4EEC87AE2
:102F0000F1EE10FA53D46068B5EEC08AF1EE10FA13
:102F10003FF539AFFCEEC87ACDED017A9DF804207B
:102F200039E700BF00007FC300007F4300000000BE
:102F3000B43D002000007A4300007AC30000C8427C
:102F4000CDCC4C3F00007F43CDCC4CBFF5EEC08ACA
:102F5000F1EE10FA21D45FED067AF4EEE78AF1EE95
:102F600010FA4CBF01230023002BCCD02369D3EDF2
:102F7000007AB1EE047A77EEC77AF4EEC87AF1EE11
:102F800010FA17DC5FED117AB4EEE78AF1EE10FA71
:102F9000B9DD6068B0EE678ABCE75FED157AF4EEE4
:102FA000E78AF1EE10FACCBF01230023DCE7B0EE94
:102FB000678AA8E7B0EE678AA5E77047002380F824
:102FC0005530704738B50446002510E064220021D2
:102FD0006068FFF785FA0320FEF70CF80022012154
:102FE0006068FFF77DFA0320FEF704F80135202D15
:102FF000ECD9002510E0642200216068FFF770FA28
:103000000220FDF7F7FF322201216068FFF768FA1E
:103010000220FDF7EFFF0135312DECD9002510E03E
:10302000642200216068FFF75BFA0120FDF7E2FFF0
:10303000322201216068FFF753FA0120FDF7DAFF21
:103040000135632DECD9002211466068FFF748FA7C
:1030500038BD70B50546002616E064220021686878
:10306000FFF73EFA0120FDF7C5FF32220121686813
:10307000FFF736FA0120FDF7BDFF0134C72CECD96C
:103080006420FDF7B7FF0136012E01D80024F5E7D3
:10309000002211466868FFF723FA002385F85530AF
:1030A00070BD00002DE9F04F2DED028B87B0B0B15F
:1030B00004466420FDF79EFF03F01EFEF2EE067A42
:1030C000B4EEE70AF1EE10FA0DD4AB4B93F878307A
:1030D000009363B107B0BDEC028BBDE8F08FA74849
:1030E00000F064FAF6E7A64800F060FAF2E7012380
:1030F00084F8553003F000FE9FEDA27AC7EE007A07
:103100009FEDA17A27EE877ABCEEC77A8DED017A22
:103110009DF804709FED9D7A67EE877AFCEEE77A62
:1031200017EE906A5FFA86F90025ADF81650ADF8F3
:103130001450ADF8125000230393C6F34606DDF891
:103140000080AA46AB4607E0187DFDF773FE18E045
:10315000B2460AF10A060546B14524D9F2B2012168
:103160006068FFF7BDF99620FDF744FFE3681A7E1B
:10317000002AE9D0187DFDF75DFEC0F57F600F30B5
:1031800080B22D1A0135022DE2D808F101085FFA4C
:1031900088F88344B8F1180FDBD9BBFBF8FB1FFAA2
:1031A0008BFBADF816B06068FFF7DAFA4FF4967053
:1031B000FDF720FFE3681A7EAAB1187DFDF73AFEFD
:1031C000C0F57F600F3080B2ADF812006068FFF785
:1031D00078FB7E08DDF800A04FF00008C346CDF86C
:1031E0000480454611E0187DFDF724FEECE7187DCC
:1031F000FDF720FE1EE0B046A7F10A03434501D8C3
:103200000123019308F10A060546B74224D9F2B218
:1032100000216068FFF764F99620FDF7EBFEE36894
:103220001A7E002AE3D0187DFDF704FEC0F57F600A
:103230000F3080B22D1A0135022DDCD80AF1010AB7
:103240005FFA8AFA8344BAF1180FD5D9BBFBFAFBAF
:103250001FFA8BFBADF814B0002211466068FFF72F
:103260003FF940F2DC50FDF7C5FE019B9BB9E368D6
:10327000BDF816205A82E368BDF814201A82204651
:10328000FFF7A0FEE06803F0C1F9F1EE047A30EE3A
:10329000270A002315E02046FFF7DBFE1AE707EEBA
:1032A000903AF8EE677AB4EE007A67EE877A226990
:1032B00067EE807A03F1100102EB8102C2ED007A21
:1032C00001330F2B1BD8082BE9D9A3F1080207EE15
:1032D000102AB8EE477AF1EE0C6AC7EE267A9FED17
:1032E0002C7A37EE407A67EE877A226977EE807A19
:1032F00003F1100102EB8102C2ED007AE0E72369DD
:10330000D3ED107AB6EE007A77EE877AC3ED107AB5
:103310002369D3ED1F7A77EEC77AC3ED1F7A009E3B
:103320000025DFED1C8AA846AA4650E0002DCCBF40
:1033300000210121606815F1310F0ADA164B83FB79
:103340000523EA17A2EB2312D2B2FFF7C9F8009EB9
:1033500047E0114B83FB0523EA17C2EB2312D2B2DD
:10336000F3E7BEEE007AB4EEC70AF1EE10FACCBF76
:103370000123002359E000BFB43D002094F600086B
:10338000B8F600089A9949410000204300003443F0
:103390000000C842000000001F85EB514FF00008FC
:1033A000C2466F4981FB0531EB17C3EB21139A44E9
:1033B00008F101089AFBF8F307EE103AB8EEC77A65
:1033C00002EB800282ED007AF0EE678A013D6FF039
:1033D000310303FB09F3AB4231DA312EA6D80136B3
:1033E000F6B20120FDF706FEE06803F00FF9B0EE3B
:1033F000408A2069102140300AF06EFF226900F1F6
:10340000100302EB8303D3ED007A38EE670AB5EEC2
:10341000C00AF1EE10FAA4D4B6EE007AB4EEC70AF0
:10342000F1EE10FA4CBF01230023002BCED0F4EEB6
:10343000678AF1EE10FAB1D1F0EE687AB1E7009E3A
:103440000025DFED488AA846A9463AE0002DCCBF0A
:1034500000210121606815F1310F0ADA404B83FB2E
:103460000523EA17A2EB2312D2B2FFF739F8009E28
:1034700030E03B4B83FB0523EA17C2EB2312D2B2A9
:10348000F3E7BEEE007AB4EEC70AF1EE10FACCBF55
:103490000123002342E0324981FB0531EB17C3EBE6
:1034A0002113994408F10108072809D999FBF8F379
:1034B00007EE903AF8EEE77A02EB8002C2ED007A6E
:1034C0000135322307FB03F3AB4234DD312EBDD887
:1034D0000136F6B20120FDF78DFDE06803F096F8A5
:1034E000B0EE408A2069102140300AF0F5FE2269D2
:1034F00000F1100302EB8303D3ED007A38EE670A84
:10350000B5EEC00AF1EE10FABBD4B6EE007AB4EE16
:10351000C70AF1EE10FA4CBF01230023002BCFD0D5
:10352000F4EE678AF1EE10FAB5D0F0EE678A4FF04C
:103530000008C146AFE7002211466068FEF7D0FFE1
:103540004FF47A70FDF756FD2046FFF73BFD20460D
:10355000FFF734FD4FF47A70FDF74CFDBAE500BF7C
:103560001F85EB5100000000C0B1012280F85420FB
:103570009FED0B6A20EE060ADFED0A6AC0EE267A9E
:103580009FED097A77EE877AC0ED077A60EE860ABA
:10359000C0EEA67A77EE877AC0ED087A704700BF52
:1035A00000007F430000C84200000000C0B170B5B9
:1035B0009AB0064601AC64252A46002120460AF04E
:1035C00037FF3346074A294620460AF0FBFE2046CD
:1035D000FCF7E6FD81B2204609F052FE1AB070BD3C
:1035E000704700BFDCF60008C0B170B59AB006465F
:1035F00001AC64252A46002120460AF019FF334613
:10360000074A294620460AF0DDFE2046FCF7C8FDA1
:1036100081B2204609F034FE1AB070BD704700BF79
:10362000E8F600081AB9084205D1104670478143F0
:1036300003D000207047012070470120704780B1FF
:1036400010B582B0044620230193019B202B11D09A
:103650004FF0500383F31188BFF36F8FBFF34F8F89
:10366000FEE74FF0500383F31188BFF36F8FBFF372
:103670004F8FFEE7002340F8043B01F01FFF0123BA
:103680002377204602B010BD38B5202000F02CFE74
:10369000044628B1002540F8045B01F00FFF2577B0
:1036A000204638BD88B12DE9F0410C4616461D462E
:1036B0000746B1F1807F11D34FF0500383F3118897
:1036C000BFF36F8FBFF34F8FFEE74FF0500383F3CD
:1036D0001188BFF36F8FBFF34F8FFEE741B94FF0F3
:1036E000500383F31188BFF36F8FBFF34F8FFEE753
:1036F00008F018F950B9069B43B14FF0500383F31B
:103700001188BFF36F8FBFF34F8FFEE707F042FEC4
:10371000D7F800802A4621464046FFF783FFF8B1DC
:103720008EB328EA04033B600023069307F0CCFE27
:10373000069B93B148B94FF0E0234FF08052C3F895
:10374000042DBFF34F8FBFF36F8F08F043F980460E
:1037500010F0007F1AD028F07F484046BDE8F08185
:10376000069B002BE2D05EB900210DB141F08061D3
:10377000069A2143381D07F0ADFF4FF00008D5E74A
:103780004FF08071F1E700230693CFE702F0B2F823
:10379000D7F800802A4621464046FFF743FF18B17C
:1037A00016B128EA04043C6002F0C6F8D3E770B111
:1037B00070B50C460546B1F1807F11D34FF0500330
:1037C00083F31188BFF36F8FBFF34F8FFEE74FF086
:1037D000500383F31188BFF36F8FBFF34F8FFEE762
:1037E00002F088F82E6826EA04042C6002F0A4F89F
:1037F000304670BD08B5FFF7DAFF08BD08B50A46C8
:1038000000230146014808F0C1FD08BDF537000856
:10381000EFF311834FF0500282F31188BFF36F8FE3
:10382000BFF34F8F006883F311887047F8B568B114
:103830000D460446B1F1807F11D34FF0500383F35E
:103840001188BFF36F8FBFF34F8FFEE74FF0500328
:1038500083F31188BFF36F8FBFF34F8FFEE700F143
:103860000C0607F097FD206923682B43236000278F
:103870000AE0216832EA010105D111E0216841F036
:10388000007107F0B5FF2846B0420ED045680368C6
:1038900023F07F4213F0806FEBD121681142F2D008
:1038A00013F0807FEAD01743E8E7236823EA070391
:1038B000236007F009FE2068F8BD08B5FFF7B6FFE2
:1038C00008BD000008B513460A460146014808F045
:1038D0005DFD08BDBB38000838B503F091F9274BF2
:1038E00093F8EB1A51B1D3F8303807EE903AF4EE72
:1038F000C07AF1EE10FA11D5012500E000251F4B2A
:1039000093F8EC2A62B1D3F8383807EE903AF4EE27
:10391000C07AF1EE10FA23D5012402E00025EEE78B
:103920000024174B5B8813F0010301D001B11D4641
:103930000BB102B11C462946124801F081FE8DB13F
:103940000F4A136843F04003136021460E4801F00C
:1039500077FE6CB10A4A136843F08003136038BDE8
:103960000024DEE7064A136823F040031360ECE707
:10397000034A136823F080031360F0E7304E002001
:10398000B43D0020A80000209C00002008B509F0EC
:103990007BF96420FDF72EFB0120FDF72BFBFBE7F5
:1039A00008B5FEF7A3FA6420FDF724FBFBE700004F
:1039B00008B50A4A00210A48FDF7C2FA094B186007
:1039C000094A00210948FDF7BBFA094B186009486C
:1039D000FDF78CFB084B186008BD00BFC4FB000856
:1039E0008D39000864590020A0FB0008A1390008A7
:1039F0006059002090FB00085C59002020B119B1EB
:103A0000024A1060024B1960704700BF6C590020D9
:103A10006859002010B52DED068B09F047F8B0EE7F
:103A2000409A02F063FFF0EE409A03F02BF8B0EEFC
:103A3000408A404B93F8CF3A012B35D0022B3DD032
:103A4000002B6BD1F0EE690AB0EE490A3A4807F054
:103A500083F9B0EE407A374BB3F8C43A07EE903AA8
:103A6000F8EE677A67EEA97A67EE897ADFED336A56
:103A700027EE260A67EE807A9FED317A67EE877A25
:103A80009FED307A67EE877A9FED2F7A38EE078ABE
:103A90009FED2E7A28EE078A87EE880A2C4B83ED5D
:103AA0001A0ABDEC068B10BDF0EE690AB0EE490AA9
:103AB000284807F051F9B0EE407ACCE708F0F6FF5D
:103AC000F0EE408A02F012FFF0EE400A224CB0EE17
:103AD000680A204607F040F9B0EE40AAA4F59054D9
:103AE000F0EE690AB0EE490A204607F035F9DFED3D
:103AF000137A2AEE27AA60EE0A8AF0EE690AB0EE7F
:103B0000490A04F5906007F027F9F7EE007A77EE9E
:103B1000CA7A20EE270A38EE807A9CE70F48FFF732
:103B200063FD0B4A136843F0010313609FED0C7AA9
:103B300091E700BF304E0020303E00200AD7233CE2
:103B4000B5B7E7416F12833A33938843136F7944D3
:103B5000B43D0020B04200203050002020F7000883
:103B60000000000010B52DED028BFFF753FFB0EE03
:103B7000408A4D4B93F8CF3A012B0ED0022B26D022
:103B8000002B43D04948FFF72FFD494A136843F003
:103B900001031360DFED478A06E0434BD3F8A836F4
:103BA00007EE903AC0EE278A414B1B6813F4005F82
:103BB0002FD1414B1868002872D002F031FD3F48E8
:103BC00007F090F9DFED3B7A30EE278A23E008F02A
:103BD0006DFFF0EE408A02F089FEF0EE400A384CAC
:103BE000B0EE680A204607F0B7F8D4F8A83407EE1C
:103BF000903AC8EE278ADFED337A20EE270AF7EEF7
:103C0000007A77EEC07A68EEA78ACDE7DFED298AE1
:103C1000CAE79FED288A264B1B6813F4004F09D191
:103C2000294B186830B102F07BFE284807F05AF99A
:103C300038EE008ADFED267AB4EEE78AF1EE10FA6C
:103C40000EDBDFED247AB4EEE78AF1EE10FA07D846
:103C500028EE888A9FED207AC8EE077A78EEA78A48
:103C600002F0CEFF1D4807F03DF9DFED1D7AB4EEFE
:103C7000E70AF1EE10FA0EDBDFED1A7AB4EEE70A8E
:103C8000F1EE10FA07D89FED147AC0EE077A67EECE
:103C9000A87A78EEA78AB0EE680ABDEC028B10BD58
:103CA0009FED048AB7E700BF304E002020F70008E0
:103CB000B43D0020000000006C5900207056002028
:103CC000305000200AD7233C68590020F0560020CD
:103CD000000048C4000048440000C842705800205A
:103CE0000000FAC30000FA4308B52DED028BFFF780
:103CF00039FFB0EE408A08F0D9FE9FED047AC0EE9D
:103D0000077A88EE270ABDEC028B08BD0000F0425E
:103D100010B52DED028BFFF77DFE534B93F8CF3A94
:103D2000012B44D0B0EE408A022B1AD0A3BB4E4BDD
:103D3000D3F8A43607EE903AC0EE278A4B4B1B68A7
:103D400013F4005F36D14A4B186800285ED002F0A9
:103D500067FC484807F0C6F8DFED477A30EE278A5F
:103D60002AE008F0A3FEF0EE408A02F0BFFDF0EE7C
:103D7000400A424CB0EE680A204606F0EDFFD4F847
:103D8000A43407EE903AC8EE278ADFED3D7A20EEA4
:103D9000270A68EE808AD1E73A48FFF725FC334AC4
:103DA000136843F001031360DFED338AC6E7DFEDEC
:103DB000328AC3E79FED308A2C4B1B6813F4004F07
:103DC00009D1314B186830B102F0AAFD2F4807F035
:103DD00089F838EE008ADFED2E7AB4EEE78AF1EE4C
:103DE00010FA16DBDFED2B7AB4EEE78AF1EE10FA6B
:103DF00036D868EE886A9FED287AC6EE877A78EE24
:103E0000A78ADFED1D7A38EE278A04E09FED1A8A33
:103E1000D2E79FED198A02F0F3FE204807F062F81E
:103E2000DFED1F7AB4EEE70AF1EE10FA10DBDFEDFA
:103E30001D7AB4EEE70AF1EE10FA09D89FED167A72
:103E4000C0EE077A67EEA87A78EEA78A38EE008A85
:103E5000064B83ED1B8AB0EE680ABDEC028B10BDE9
:103E60009FED058AD7E700BF304E0020B43D00200B
:103E70006C590020705600200000000030500020D7
:103E80000AD7233C20F7000868590020F05600208C
:103E9000000048C4000048440000C842F057002019
:103EA0000000FAC30000FA4308B510B1034A1060DD
:103EB00008BD0348FFF77AFBFAE700BF70590020FE
:103EC00034F70008494B1B68002B00F08E8010B5BA
:103ED0002DED028B0446FFF71BFFB0EE408A444BEA
:103EE000D3F8B43607EE903A9FED427A67EE877AC0
:103EF000FCEEE77A17EE903AA3422BD8DFED3E7A3C
:103F0000B4EEE78AF1EE10FA5CDD3C4B1B6813F06F
:103F1000080F57D0364BD3F8AC2607EE902A88EE20
:103F2000270AD3F8B03607EE903A20EE270AF6EECD
:103F3000007A20EE270AB5EEC00AF1EE10FA1BD483
:103F4000F7EE007AB4EEE70AF1EE10FA16DDB0EE05
:103F5000670A13E008F0BCFD0028CFD1244BD3F84A
:103F6000B83608EE103A012001F09CFB234A136892
:103F700043F4806313602FE09FED210A0AF0DCFE1A
:103F8000DFED207A80EE278ADFED1F7A28EE278A80
:103F9000B5EEC08AF1EE10FA09D4DFED1C7AB4EE6A
:103FA000E78AF1EE10FA04DDB0EE678A01E09FEDDA
:103FB000148A012001F076FB104A136843F48063F1
:103FC000136009E0002001F06DFB0C4A136823F434
:103FD000806313609FED0A8AB0EE480A034B1868AD
:103FE000FEF7B8FDBDEC028B10BD70477059002084
:103FF000304E002000247449CDCCCC3DB43D00208F
:1040000000000000DB0F4940000048430000C842A8
:1040100010B558B151B1074A1060074C204601F065
:104020006DFB064BA3600023636010BD0448FFF7DF
:10403000BDFAFAE79C590020745900200000C842DC
:1040400050F70008F8B5184B1B68ABB10446174B86
:1040500093F87830032B10D0154AD2F8883600EE4A
:10406000103A124B002183F87910D2F8CC26DA618D
:104070000D4B1868FEF76EFDF8BD0C4D022385F858
:1040800079300B4ED6F8C83600EE103A094F384654
:1040900001F041FB08F00AFD2146384601F03EFBE5
:1040A000D6F8C836EB61E3E79C590020B43D002008
:1040B000304E002074590020014B93F8790070476E
:1040C000B43D00202DE9F0478AB005AD00240594E9
:1040D000069407940894099400944C4B1A6B42F090
:1040E00004021A631A6B02F004020092009A01940F
:1040F0001A6B42F080021A631A6B02F0800201927E
:10410000019A02941A6B42F001021A631A6B02F0D0
:1041100001020292029A03941A6B42F002021A639D
:104120001A6B02F002020392039A04941A6B42F093
:1041300008021A631B6B03F008030493049BDFF867
:10414000D4A022464FF47051504603F0F2FE304F97
:1041500022464FF23F41384603F0EBFEDFF8B880CD
:1041600022464FF40741404603F0E3FEDFF8AC90EF
:1041700022460421484603F0DCFE4FF470530593B9
:1041800001260696079408942946504603F0E6FD5A
:104190004FF23F4305930696079408942946384604
:1041A00003F0DCFD4FF4E063059306960794089452
:1041B0002946404603F0D2FD4FF40043059306968E
:1041C000079408962946404603F0C8FD042305934A
:1041D0000696079408942946484603F0BFFD4FF41D
:1041E000407305934FF444130693079429463846C9
:1041F00003F0B4FD22460521172003F0A5F917208E
:1042000003F0B2F90AB0BDE8F08700BF0038024001
:10421000000402400008024000000240000C02407E
:10422000124A12F0070F1ED0D11D21F00701C1F56F
:10423000705313440A460E48026000214160134443
:10424000083B23F007030B48036059601960991A73
:1042500051601360084B1960084B1960084B4FF010
:1042600000421A6070474FF47053E4E7C0590020D1
:10427000B8590020B4590020AC590020B059002092
:10428000A0590020164B1A461B688342FBD3516885
:1042900002EB010C844509D0416800EB010C634539
:1042A00009D00360904219D0106070474068014403
:1042B00051601046F0E710B40A4C2468A3420BD0BA
:1042C0005B681944416013681B680360904200D02A
:1042D00010605DF8044B70470460F7E7704700BF5B
:1042E000B8590020B459002038B5044607F052F8F8
:1042F000384B1B68B3B1384B1B681C4250D1002CA3
:1043000050D004F1080214F0070F02D022F0070287
:104310000832002A55D0314B1B68934253D33049A1
:104320000C6804E0FFF77CFFE5E721461C46636864
:10433000934202D22368002BF7D1264B1B68A3427D
:1043400043D00D68083523680B6063689B1A102BF7
:1043500010D9A01810F0070F08D04FF0500383F3C6
:104360001188BFF36F8FBFF34F8FFEE7436062602A
:10437000FFF788FF626819490B689B1A0B6019499F
:1043800009688B4201D217490B60134B1B6813431A
:10439000636000232360144A13680133136002E052
:1043A000002500E0002507F08FF815F0070F0ED06C
:1043B0004FF0500383F31188BFF36F8FBFF34F8F1C
:1043C000FEE70025EFE70025EDE70025EBE72846AF
:1043D00038BD00BFB4590020A0590020B0590020BA
:1043E000B8590020AC590020A8590020002834D02A
:1043F00038B50446A0F1080550F8043C174A126885
:10440000134208D14FF0500383F31188BFF36F8F2D
:10441000BFF34F8FFEE750F8081C41B14FF0500337
:1044200083F31188BFF36F8FBFF34F8FFEE723EA4B
:10443000020340F8043C06F0ADFF54F8041C084A9F
:1044400013680B4413602846FFF71CFF054A1368E6
:104450000133136007F038F838BD7047A0590020C9
:10446000B0590020A459002008B50B480B4B03603D
:104470000B4B436000238360C3604FF480420261B2
:1044800043618361C361036203F070FD00B908BD3D
:1044900001F066F8FBE700BFC09500200054004023
:1044A000A086010030B589B00023039304930593DF
:1044B000069307930268144B9A4201D009B030BDAD
:1044C00000250195114C236B43F002032363236BFA
:1044D00003F002030193019BC0230393122304936F
:1044E000032306930423079303A9094803F036FC2A
:1044F0000295236C43F400132364236C03F400132C
:104500000293029BDAE700BF0054004000380240EB
:104510000004024080B110B50446806820B101213A
:1045200001F08EF802232375E06820B1012101F02B
:1045300087F80223237510BD70470000D8B110B56D
:104540000446806820B1002101F07AF80323237526
:10455000E06820B1002101F073F803232375064BB6
:104560001B781BB1A268054B9A4200D010BD0448CD
:1045700008F08AF8FAE77047B03D00203C000020C0
:104580009000002038B500240BE02846FFF7D6FF46
:10459000124A136843F4802313601148FFF706F8AA
:1045A0000134104B1B78A34217D904EB44030E4D82
:1045B00005EBC3052B7D022BF2D107F0ABFF6B6837
:1045C000C01A07EE900AF8EEE77AB7EE007AF4EE3A
:1045D000C77AF1EE10FAE3DDD7E738BDB43D00202D
:1045E00068F70008D59600201496002008B5754B92
:1045F00093F8CE3A9BB1012B61D07348FEF7D6FFFA
:10460000724B1B78002B40F0C480714A136843F44E
:104610008023136043F001031360002008BD6B4B3F
:1046200004221A70674B93F8D63A013B032BE7D864
:10463000DFE803F0020E1B2E664B674A9A601A628F
:1046400000221A61654A9A62654B02221A70D7E706
:10465000604B00221A61614A9A625F4A9A600C328A
:104660001A625F4B02221A70CAE75A4B00221A6183
:104670005A4A9A62584A9A6002F12401D96002F1BA
:104680000C01196218325A62554B02221A70B7E7B0
:10469000504B00221A61514A1A64524A9A65524A92
:1046A0009A624D4A9A6002F10C01196202F11801F6
:1046B000996324321A654A4B04221A70A0E7434BCF
:1046C00006221A703F4B93F8D63A013B032B97D83A
:1046D000DFE803F0021141233E4B00221A61434AF6
:1046E0009A62434A1A643C4A9A601A629A633C4B43
:1046F00003221A7084E7374B00221A613B4A9A6200
:104700003B4A1A64344A9A6002F10C011962183269
:104710009A63334B03221A7072E72A4B022283F802
:10472000D62A2B4A136843F480231360294B0022B6
:104730001A612E4A9A622E4A1A64274A9A6002F136
:104740000C01196218329A63254B03221A7029480A
:10475000FEF72CFF54E71B4B022283F8D62A1C4A93
:10476000136843F4802313601A4B00221A611F4A16
:104770009A621F4A1A64184A9A6002F10C0119627F
:1047800018329A63164B03221A701A48FEF70EFF6E
:1047900036E707EE903AF8EE677ADFED176A86EEB5
:1047A000A77A0B4B83ED087A00231A4601211348A0
:1047B000FCF72EFC10B10121FCF77EFC0120104B10
:1047C00018702BE7304E0020CCF70008D69600205A
:1047D000B43D0020149600203C000020000034432B
:1047E000D59600200000B443000007440000F042CA
:1047F0000000704384F70008000034448545000839
:10480000D796002008B5134B00221A70124B93F86C
:10481000CE3A2BB1012B1BD01048FEF7C7FE17E094
:104820000F4B00221A610F4A1A640F4A9A650F4A09
:104830009A620F4A9A6002F10C01196202F11801A2
:10484000996324321A6504230A4A13700A4A1370C2
:1048500008BD00BFD4960020304E0020CCF70008E1
:1048600014960020000034430000B44300000744C5
:104870003C000020D5960020D696002008B5114BAC
:1048800001221A70104B93F8CE3A2BB1934218D0F4
:104890000E48FEF78BFE14E00D4B00221A610D4A04
:1048A0009A620D4A9A6002F12401D96002F10C016A
:1048B000196218325A62094B02221A70084B0422FC
:1048C0001A7008BDD4960020304E0020CCF70008A6
:1048D00014960020000034433C000020D5960020B0
:1048E000D696002008B502F007FAB2EE0C7AC7EEB1
:1048F000007A0F4BD3F8903600EE103A20EE270ADC
:10490000F6EE007AB4EEE70AF1EE10FA09D4F1EE11
:10491000007AB4EEE70AF1EE10FA04DDB0EE670AB1
:1049200001E0B6EE000A034B83ED1C0A08BD00BF90
:10493000304E0020B43D0020C0B110B5044607F051
:10494000E9FD03462268121A002A0EDB6068C31ACA
:10495000002B0ADB012323752246054907F02AFEB6
:1049600022460449206807F025FE10BD704700BFAD
:104970003D4500081545000808B52DED028B08F0EF
:1049800095F8B0EE408A01F0B1FF344B93F8D73A76
:10499000002B4BD0314BD3F8943608EE903A02F00E
:1049A0002FF92F4806F09EFAFAEE0E7AB4EEE70AD7
:1049B000F1EE10FA08DBF2EE0E7AB4EEE70AF1EE51
:1049C00010FA01D878EE808A244BB3F8C03A07EE8B
:1049D000903AF8EE677AF4EEC87AF1EE10FA20D841
:1049E0001E4BB3F8C23A07EE103AB8EE477A37EEEC
:1049F000877AB4EEC87AF1EE10FA12DBF4EE477A59
:104A0000F1EE10FA27D038EE678ADFED166A76EEFF
:104A1000E86A28EE268A37EE677AC8EE077A78EEDB
:104A2000A78AB0EE680ABDEC028B08BD0E4B93F866
:104A30007830032B05D0094BD3F8843608EE903A32
:104A4000ADE7F0EE400AB0EE480A084806F084F9F7
:104A5000F0EE408AA3E7DFED038AE2E7304E002064
:104A60007057002000000000B43D002030470020B7
:104A70002DE9F8432DED088BBC4B93F8D63A002B6B
:104A800000F0D981F0EE409AB0EE609A0646B84B3D
:104A90001B78002B00F0CF81B64B1B68C3F3C00717
:104AA00013F0080F00F0C781B04AD2F8902607EE45
:104AB000902AB6EE007AF4EEC77AF1EE10FA06DB31
:104AC000B1EE007AF4EEC77AF1EE10FA1BD9B6EE29
:104AD000007AF4EEC77AF1EE10FA09D4B1EE007A5A
:104AE000F4EEC77AF1EE10FA04DDF0EE477A01E059
:104AF000F6EE007A17EE902A9C49C1F8902643F40E
:104B000080239C4A1360FFF737FFF0EE40AAB5EE12
:104B1000C00AF1EE10FA09D4DFED977AB4EEE70A95
:104B2000F1EE10FA04DDF0EE67AA01E0DFED9AAADB
:104B3000904CC4ED09AAFFF7D5FEB0EE40AA236859
:104B4000C3F30014894A92F8D62A042A0BD0002411
:104B500000BF864B93F8D63A042B15D0F0EE69BA15
:104B60000027002424E04CB943F00403814A136079
:104B70008248FEF71BFDFFF781FEE9E7FFF742FEE3
:104B800007F08EFF0446E3E77D4B1B7853B907EE31
:104B9000904AF8EE67BADFED7B7A6BEEA7BA7BEE50
:104BA000A9BADEE7F0EE69BA0027DAE787B1013487
:104BB000754B1B78A34240F23E8104EB4403734DD6
:104BC00005EBC3052B7D002BF0D0032BEED0EEE7D9
:104BD00007F078FF04EB44026C4B03EBC203D3ED08
:104BE000048A78EEEA8A03E0DFED667A78EEA78A37
:104BF000F5EEC08AF1EE10FAF6D403E0DFED617A4B
:104C000078EEE78ADFED5F7AF4EEE78AF1EE10FAEC
:104C1000F4DAB5EE409AF1EE10FA0AD069EE277A8E
:104C20009FED5B7A87EE87BA2AEE0B8A38EEC88A48
:104C300006E09FED59BAF7E7DFED527A38EE278AA2
:104C4000B5EEC08AF1EE10FAF6D403E0DFED4D7A4E
:104C500038EE678ADFED4B7AB4EEE78AF1EE10FAB0
:104C6000F4DAB0EE481AF0EE690A09F0F3FA002817
:104C70009DD178EEEB8AF5EEC08AF1EE10FA62D49F
:104C8000B5EEC09AF1EE10FA62D9F5EEC08AF1EEF7
:104C900010FA5FD99FED3B7A29EE077ADFED3D6A86
:104CA000C6EE877A67EEA87AFCEEE77A17EE903ABE
:104CB000334404EB4401354A02EBC102536038EE41
:104CC0006B8AB5EEC08AF1EE10FA45D4B5EEC09A03
:104CD000F1EE10FA45D9B5EEC08AF1EE10FA42D9DC
:104CE0009FED287A29EE077ADFED2A6AC6EE877AE9
:104CF00067EE887AFCEEE77A17EE903A334404EBDD
:104D00004402224941F832302846FFF715FE174B7E
:104D100093F8D83A002B42D0144BD3F8983607EECC
:104D2000903AF4EEC97AF1EE10FA37DD0F4B93F8B2
:104D3000D63A012B77D00D4B93F8D93A012B74D981
:104D4000013BDBB22BE0DFED0F7A78EEA78A97E725
:104D50000023ADE70023ABE7DFED0A7A38EE278AC0
:104D6000B4E70023CAE70023C8E700BF304E0020A5
:104D7000D7960020B43D002000002042F8F700083C
:104D8000D49600200000B443D5960020149600204D
:104D900000606A47C0E1644C000000000023022B61
:104DA00028BF022398464FF001091FED058AB8F18C
:104DB000000F3CD0224BD3F89C2607EE902A37EE0A
:104DC0008A7A27EE0B7A38EE078AD3F8A03607EEF8
:104DD000103AB4EEC87AF1EE10FA28D4194904EB6F
:104DE000440001EBC00253689FED177A67EE877AA3
:104DF000FCEEE77A17EE90CA634441F830302AEEB1
:104E0000077ABCEEC77A17EE101A0B44536009F10B
:104E100001095FFA89F92846FFF78EFD08F1FF388E
:104E20005FFA88F8C3E70023B9E70023B7E7074B29
:104E300083F87A90BBE6BDEC088BBDE8F88300BF31
:104E4000304E00201496002000007A44B43D00202B
:104E500008B5104B01221A700F4B93F8CE3A2BB1C4
:104E6000934215D00D48FEF7A1FB11E00C4B002238
:104E70001A610C4A9A620C4A9A6002F12401D960C4
:104E800002F10C01196218325A62084B02221A70A0
:104E900008BD00BFD8960020304E002028F800083A
:104EA000DC960020000034436C000020DB960020DC
:104EB00008B5124B00221A70114B93F8CE3A2BB161
:104EC000012B19D00F48FEF771FB15E00E4B0F4A6E
:104ED0001A610F4A1A6400229A650E4A9A620E4AB3
:104EE0009A6002F10C01196202F1180199632432EF
:104EF0001A650A4B04221A7008BD00BFD89600201C
:104F0000304E002028F80008DC9600200000B44352
:104F100000000744000034436C000020DB960020B2
:104F200080B110B50446806820B1002100F088FBF4
:104F300003232375E06820B1002100F081FB0323E7
:104F4000237510BD7047000038B5002400E001341F
:104F50000F4B1B78A34219D904EB44030D4D05EB0D
:104F6000C3052B7D022BF2D107F0D4FA6B68C01A6F
:104F70000028ECDD2846FFF7D3FF074A136843F407
:104F8000002313600548FEF711FBE0E738BD00BFC2
:104F9000DB960020DC960020B43D002054F8000889
:104FA00080B110B50446806820B1012100F048FBB3
:104FB00002232375E06820B1012100F041FB0223A8
:104FC000237510BD70470000C0B110B5044607F04E
:104FD000A1FA03462268121A002A0EDB6068C31A7F
:104FE000002B0ADB012323752246054907F0E2FA6C
:104FF00022460449206807F0DDFA10BD704700BF63
:10500000214F0008A14F000808B55A4B93F8D53A34
:10501000002B00F0AD80574A92F8CE2A9AB1012AAF
:1050200050D05548FEF7C2FA544B1B78002B40F085
:105030009180534A136843F48023136043F00103C3
:105040001360002095E04F4A04211170022B0FD00D
:10505000032B20D0012BE7D14B4B4C4A9A601A62AC
:1050600000221A614A4A9A62444B02221A70DBE714
:10507000454B00221A61464A9A62444A9A6002F1FC
:105080002401D96002F10C01196218325A623B4BBB
:1050900002221A70C8E73C4B3E4A1A613E4A1A6423
:1050A00000229A653A4A9A62384A9A6002F10C01E3
:1050B000196202F11801996324321A652F4B0422F8
:1050C0001A70B1E72F4A06211170022B12D0032B60
:1050D00022D0012BA8D12C4B00221A612F4A9A62B0
:1050E0002F4A1A64294A9A601A629A63234B032250
:1050F0001A7099E7244B00221A61284A9A62284ABA
:105100001A64224A9A6002F10C01196218329A63F9
:105110001A4B03221A7087E7164B022283F8D52A0E
:10512000174A136843F400231360174B00221A61D7
:105130001A4A9A621A4A1A64144A9A6002F10C01D5
:10514000196218329A630D4B03221A701548FEF744
:105150002DFA69E700231A4601211348FBF758FF8F
:1051600010B10121FBF7A8FF0120104B187000E0DF
:10517000012008BD304E002028F80008DB960020F2
:10518000B43D0020DA960020DC9600206C00002060
:10519000000034430000B443000007440000F04224
:1051A0000000704370F80008494F0008D9960020AD
:1051B00008B5FEF799FDDFED0F7A80EE277A0E4BEA
:1051C000D3F8C43607EE903AC7EE277A9FED0B7AF4
:1051D00067EE877A9FED0A7A67EE877A094B1B782C
:1051E00007EE103AB8EE477A87EE870A064B83ED52
:1051F0001D0A08BDCDCC2C3F304E0020000070426F
:1052000000007A44DA960020B43D0020F8B52DED78
:10521000088B9A4B93F8D53A002B00F02C81B0EE16
:10522000409AF0EE608A0546954A1278002A00F00E
:105230002281944A1278002A00F01D81924A126855
:10524000C2F3C00612F0080F00F015818B49D1F8A7
:10525000C0160AEE101AB5EEC0AAF1EE10FA09D483
:10526000DFED8A7AB4EEE7AAF1EE10FA04DDB0EED3
:1052700067AA01E09FED86AAC2F30014032B0BD0AE
:10528000002400BF7D4B93F8D53A032B15D0F0EEE8
:10529000499A0026002424E04CB942F004027A4BDB
:1052A0001A607C48FEF782F9FFF7D2FDE9E7FFF7C5
:1052B000FFFD07F0F5FB0446E3E7774B1B7853B996
:1052C00007EE904AF8EE679ADFED747A69EEA79AD6
:1052D00079EE899ADEE7F0EE499A0026DAE786B1A0
:1052E00001346F4B1B78A34240F2C58004EB4403AA
:1052F0006C4F07EBC3073B7D032BF0D0002BEED0A8
:10530000EEE707F0DFFBB0EE40BA04EB4402654B7A
:1053100003EBC203D3ED047A77EECAAA03E0DFED14
:105320005F7A7AEEA7AAF5EEC0AAF1EE10FAF6D4EB
:1053300003E0DFED5A7A7AEEE7AADFED587AF4EE71
:10534000E7AAF1EE10FAF4DAF5EE408AF1EE10FA7F
:105350000CD068EEA77A9FED547A87EE878AFFF724
:1053600027FF20EE088A3AEEC88A06E09FED488AB9
:10537000F5E7DFED4A7A38EE278AB5EEC08AF1EE1E
:1053800010FAF6D403E0DFED457A38EE678ADFEDF8
:10539000437AB4EEE78AF1EE10FAF4DAB0EE481A86
:1053A000F0EE490AB0EE4B0A08F054FF002897D1FE
:1053B0007AEEE97AF5EEC07AF1EE10FA49D4F5EE1C
:1053C000C08AF1EE10FA49D9F5EEC07AF1EE10FA82
:1053D00046D9DFED326A68EEA66A9FED346A86EE42
:1053E000267A67EE277AFCEEE77A17EE903AE8180D
:1053F00038EE698AB5EEC08AF1EE10FA32D4F5EED5
:10540000C08AF1EE10FA32D9B5EEC08AF1EE10FA88
:105410002FD99FED227A28EE877ADFED246AC6EE37
:10542000877A67EE887AFCEEE77A17EE902AA91859
:105430009B1A312B7FF654AF1A4B04EB440203EB5B
:10544000C20CCCF8040043F832103846FFF7BCFD1C
:1054500046E79FED127A77EE877AB0E70023C6E73A
:105460000023C4E7DFED0D7A38EE278AC7E7002274
:10547000DDE70022DBE7BDEC088BF8BD304E0020F5
:10548000D996002038000020B43D002000003443AD
:1054900000000000C0F80008D89600200000B443C7
:1054A000DB960020DC96002000606A47C0E1644C77
:1054B000014B00221A7070473800002000F10803E9
:1054C00043604FF0FF328260C360036100230360DA
:1054D000704700230361704743684B609A688A6095
:1054E000516099600861036801330360704730B40C
:1054F0000D68B5F1FF3F11D000F108031C465B6851
:105500001A68AA42FAD963684B6099608C6061603E
:10551000086103680133036030BC70470469F2E737
:105520000369416882688A60416851605A688242B2
:1055300006D0002202611A68013A1A6018687047A2
:1055400082685A60F5E7000008B50268034B9A428A
:1055500000D008BD01F0F0FBFBE700BF00480140B0
:1055600072B6FEE710B594B008AC30220021204698
:1055700008F05EFF002303930493059306930793BB
:1055800001931F4A116C41F080511164126C02F0BA
:1055900080520192019A02931A490A6822F4404209
:1055A00042F400420A600A6802F440420292029AFF
:1055B0000222089201210B9110210C910E920F935F
:1055C00008231093C02211920622129213932046B0
:1055D00003F008FC78B90F23039302210491002300
:1055E00005934FF480520692079303A803F04AFEF6
:1055F00018B914B010BDFFF7B3FFFFF7B1FF00BF3C
:10560000003802400070004008B501F07BFBFFF756
:10561000A9FFFEF757FDFDF78DF906F09BFBFBF7A1
:105620003FFA06F07BFAFCF731FFFEF71DFF06F0AC
:10563000C7FAFBF757FCFEF7BBF9FBF765FCFEE783
:1056400058B108B572B6027A0AB162B608BD0A4608
:105650008188006802F06DFCF7E77047A0B138B5AB
:105660000D46044672B68188006802F05BFC003883
:1056700018BF01206072012323722A46A188206886
:1056800002F057FC62B638BD704750B108B572B62B
:1056900000220272427A8188006802F04AFC62B6F7
:1056A00008BD704708B501460148FFF7C9FF08BDAE
:1056B000B400002078B110B504460121FFF7CEFFF9
:1056C0000320FBF797FC2046FFF7DFFF0021204671
:1056D000FFF7B6FF10BD704778B110B50446012141
:1056E000FFF7BCFF0A20FBF785FC2046FFF7CDFF44
:1056F00000212046FFF7A4FF10BD7047034648B1C4
:1057000041B10022C2600261426182610020D86121
:105710005A621960704780ED080A70470368002BD1
:1057200079D0C2698A1A07EE902AF8EE677A9FED5F
:105730003B7AC7EE876A90ED086A36EE406AD3ED91
:10574000005A65EE865A90ED037AD3ED017AB6EEF3
:10575000005A67EE857A67EEA67A90ED055A35EE27
:10576000065A67EE857A77EE277AC0ED037A93EDD5
:10577000047AF4EEC77AF1EE10FA38DD80ED037AA0
:10578000D3ED027A77EEA77A90ED067A30EE477A7B
:1057900067EE877A93ED057A37EE077A37EE665A29
:1057A000D0ED044A25EE245A77EE857AF1EE677A39
:1057B00037EE267AC7EE876AC0ED046AD0ED037A29
:1057C00077EEA57A76EEA77AC0ED097A90ED027AA7
:1057D000F4EEC77AF1EE10FA13DD80ED097A80ED70
:1057E000056A80ED060AC16190ED090A704793EDE4
:1057F000037AF4EEC77AF1EE10FAC1D580ED037AA0
:10580000BEE790ED017AF4EEC77AF1EE10FAE6D534
:1058100080ED097AE3E79FED020A7047002474499E
:105820000000000082B0002301930D4B1B68B3F110
:10583000FF3F08D04FF0500383F31188BFF36F8F01
:10584000BFF34F8FFEE74FF0500383F31188BFF390
:105850006F8FBFF34F8F019B002BFCD002B07047BE
:10586000CC00002008480068006880F308884FF0EA
:10587000000080F3148862B661B6BFF34F8FBFF3A8
:105880006F8F00DF00BF000008ED00E0DFF80C00C4
:10589000016841F4700101607047000088ED00E08C
:1058A0004FF0807340F8043C21F0010140F8081CDF
:1058B000054B40F80C3C40F8202C6FF0020340F8F8
:1058C000243C4438704700BF255800080000000001
:1058D000074B19680868B0E8F04F80F30988BFF3F8
:1058E0006F8F4FF0000080F311887047AFF3008096
:1058F0006C9D00204FF0500383F31188BFF36F8F2E
:10590000BFF34F8F0B4A136801331360012B00D094
:1059100070474FF0E023D3F8043D13F0FF0FF7D0AA
:105920004FF0500383F31188BFF36F8FBFF34F8F96
:10593000FEE700BFCC000020094B1B6843B94FF0C5
:10594000500383F31188BFF36F8FBFF34F8FFEE7D0
:10595000013B034A13600BB983F31188704700BF02
:10596000CC0000200000000000000000000000004B
:10597000EFF30980BFF36F8F154B1A681EF0100FFD
:1059800008BF20ED108A20E9F04F10602DE90900D2
:105990004FF0500080F31188BFF34F8FBFF36F8F2C
:1059A00005F034FE4FF0000080F3118809BC19683F
:1059B0000868B0E8F04F1EF0100F08BFB0EC108A76
:1059C00080F30988BFF36F8F704700BFAFF300808B
:1059D0006C9D002008B54FF0500383F31188BFF38E
:1059E0006F8FBFF34F8F05F0E3FC28B14FF0E0233A
:1059F0004FF08052C3F8042D002383F3118808BDB3
:105A00004FF0E022002313619361054B1B680549A9
:105A1000A1FB03139B09013B5361072313617047EB
:105A2000D8000020D34D62104FF0E023D3F8002DB2
:105A30003D4B9A421CD04FF0E023D3F8002D3B4B56
:105A40009A421ED030B583B0394B1A78D2B2019247
:105A5000FF221A701B78DBB28DF803309DF80330FB
:105A600003F05003334A1370334B07221A601BE0D4
:105A70004FF0500383F31188BFF36F8FBFF34F8F45
:105A8000FEE74FF0500383F31188BFF36F8FBFF32E
:105A90004F8FFEE7284A1368013B13609DF80330DF
:105AA0005B00DBB28DF803309DF8033013F0800FFC
:105AB000F0D1214B1B68032B08D04FF0500383F328
:105AC0001188BFF36F8FBFF34F8FFEE71B021A4A97
:105AD000136003F4E0631360019BDBB2144A13709C
:105AE0004FF0E024D4F8203D43F47003C4F8203D87
:105AF000D4F8203D43F07043C4F8203DFFF780FF09
:105B000000250E4B1D60FFF7C1FED4F8343F43F073
:105B10004043C4F8343FFFF7A5FE05F077FDFFF7DB
:105B200081FE284603B030BD71C20F4170C20F41E3
:105B300000E400E0A09700209C970020CC0000200B
:105B4000EFF305830F2B0ED9114A9A5C114B1B788A
:105B50009A4208D24FF0500383F31188BFF36F8F3E
:105B6000BFF34F8FFEE74FF0E023D3F80C3D03F473
:105B7000E063094A1268934208D94FF0500383F357
:105B80001188BFF36F8FBFF34F8FFEE7704700BFE1
:105B9000F0E300E0A09700209C97002008B1014AA4
:105BA00010607047A497002008B50E4B1B78C3B94E
:105BB0000C4B01221A700C4B1B680C4A92F8E52A18
:105BC00013F4800F07D032B1094B186818B19FED5C
:105BD000090AFCF7DBFF00210748FFF73FFDFFF74D
:105BE00067FC08BDA1970020B43D0020304E002086
:105BF000A497002000000000B400002010B5044667
:105C0000214B93F8CF3A022B02D093B9012200E046
:105C100001221E4B1B68C3F3C05302B15BB101F0FC
:105C20003BF858B9194B93F87830032B07D0002470
:105C300005E00022EDE7FFF7B7FFF0E70024124B85
:105C400093F8E13A4FF47A7202FB03F3A34203D2D2
:105C50000D4B93F8E23A83B900F0D2FF0A4BD3F828
:105C6000283807EE903AB4EEE70AF1EE10FA03D4C2
:105C7000054B93F8E33A1BB910BDFFF795FFEBE72F
:105C8000FFF792FFF8E700BF304E0020B43D002040
:105C900010B50446FFF72EFEA26BE36B9A4204D0C8
:105CA0000024FFF749FE204610BD0124F9E710B596
:105CB0000446FFF71FFEA36B23B90124FFF73CFE48
:105CC000204610BD0024F9E770B504461546866BE2
:105CD000026C5AB903681BB100200136A66370BD7F
:105CE000806805F02FFE0023A360F6E76DB94068D9
:105CF00008F0D2FB6368226C13446360A26893428D
:105D000019D3236863602846E7E7C06808F0C4FB3E
:105D1000E368226C51429B1AE3602268934202D2EC
:105D2000A3680B44E360022D01D00020D5E726B123
:105D3000013E0020D1E72846CFE70020CDE703460B
:105D4000026C6AB110B50846D9681144D9609C68E4
:105D5000A14201D31968D960D96808F09DFB10BD34
:105D6000704738B50546FFF7C5FD95F8454064B264
:105D700001E0013C64B2002C0ADD6B6A43B105F11D
:105D8000240005F0EFFC0028F3D005F0C5FDF0E796
:105D9000FF2385F84530FFF7CFFDFFF7ABFD95F802
:105DA000444064B201E0013C64B2002C0ADD2B697E
:105DB00043B105F1100005F0D5FC0028F3D005F043
:105DC000ABFDF0E7FF2385F84430FFF7B5FD38BDA4
:105DD00038B5E0B10D460446FFF78CFD2368E26B51
:105DE000216C01FB0230A0600020A0636360013AD7
:105DF00002FB0133E360FF2384F8443084F845302C
:105E0000FDB9236963B9FFF797FD012038BD4FF055
:105E1000500383F31188BFF36F8FBFF34F8FFEE7FB
:105E200004F1100005F09EFC0028ECD04FF0E023B8
:105E30004FF08052C3F8042DBFF34F8FBFF36F8F25
:105E4000E1E704F11000FFF739FB04F12400FFF74C
:105E500035FBD8E738B51D46049C0B4649B924608C
:105E6000E063236401212046FFF7B2FF84F84C5021
:105E700038BD2260F4E740B94FF0500383F3118836
:105E8000BFF36F8FBFF34F8FFEE710B584B01C4692
:105E9000844653B192B189B94FF0500383F311880E
:105EA000BFF36F8FBFF34F8FFEE74FF0500383F3C5
:105EB0001188BFF36F8FBFF34F8FFEE76AB1502396
:105EC0000393039B502B13D04FF0500383F311889F
:105ED000BFF36F8FBFF34F8FFEE70029EFD04FF076
:105EE000500383F31188BFF36F8FBFF34F8FFEE72B
:105EF000039B012384F8463000949DF818306046D7
:105F0000FFF7A8FF204604B010BD40B94FF0500382
:105F100083F31188BFF36F8FBFF34F8FFEE7F0B5A8
:105F200083B00D461446064601FB00F05030FEF7E4
:105F3000DBF9074650B1002380F846300090234635
:105F400000F1500229463046FFF784FF384603B07F
:105F5000F0BDF0B585B0019288B10F461D460446EC
:105F6000B1B1022D20D1E36B012B1DD04FF05003B6
:105F700083F31188BFF36F8FBFF34F8FFEE74FF0AE
:105F8000500383F31188BFF36F8FBFF34F8FFEE78A
:105F9000036C002BE5D04FF0500383F31188BFF35F
:105FA0006F8FBFF34F8FFEE705F0BCFC064658B974
:105FB000019B002B48D04FF0500383F31188BFF3AF
:105FC0006F8FBFF34F8FFEE700263DE02A4639462C
:105FD0002046FFF779FE636A7BB948B14FF0E023B2
:105FE0004FF08052C3F8042DBFF34F8FBFF36F8F74
:105FF000FFF7A2FC012005B0F0BD04F1240005F07C
:10600000B1FB0028F4D04FF0E0234FF08052C3F8EA
:10601000042DBFF34F8FBFF36F8FE9E7FFF78CFCC1
:106020000020E8E702A805F027FC012619E000237C
:1060300084F8443021E0002384F8453023E02046F2
:10604000FFF78FFE05F040FAFFF754FCA26BE36BFD
:106050009A42BBD3022DB9D0019B002BDED0002E7B
:10606000E0D0FFF769FC05F095F9FFF743FC94F8E1
:10607000442052B2B2F1FF3FD9D094F8452052B239
:10608000B2F1FF3FD7D0FFF757FC01A902A805F0F6
:10609000FFFBD8B92046FFF7FBFD0028CFD00199C0
:1060A00004F1100005F0FEFA2046FFF75AFE05F055
:1060B0000BFA0028C8D14FF0E0234FF08052C3F80C
:1060C000042DBFF34F8FBFF36F8FBDE72046FFF75F
:1060D00048FE05F0F9F900208DE72DE9F84390B16D
:1060E0000F4616461C460546B1B1022C20D1EB6B7B
:1060F000012B1DD04FF0500383F31188BFF36F8F36
:10610000BFF34F8FFEE74FF0500383F31188BFF3C7
:106110006F8FBFF34F8FFEE7036C002BE5D04FF07E
:10612000500383F31188BFF36F8FBFF34F8FFEE7E8
:10613000FFF706FDEFF311884FF0500383F311884A
:10614000BFF36F8FBFF34F8FAA6BEB6B9A4206D3EF
:10615000022C04D0002088F31188BDE8F88395F85C
:1061600045904FFA89F9AB6B224639462846FFF72E
:10617000ABFDB9F1FF3F06D009F101035BB285F831
:1061800045300120E7E76B6A0BB90120E3E705F131
:10619000240005F0E7FA18B126B101203060DAE7F3
:1061A0000120D8E70120D6E7F0B585B0019290B183
:1061B0000F460446C1B105F0B5FB064600BB019B86
:1061C000002B5ED04FF0500383F31188BFF36F8F25
:1061D000BFF34F8FFEE74FF0500383F31188BFF3F7
:1061E0006F8FBFF34F8FFEE7036C002BE3D04FF0B0
:1061F000500383F31188BFF36F8FBFF34F8FFEE718
:1062000000263EE039462046FFF799FD013DA56393
:10621000236923B9FFF790FB012005B0F0BD04F11D
:10622000100005F09FFA0028F4D04FF0E0234FF063
:106230008052C3F8042DBFF34F8FBFF36F8FE9E790
:10624000FFF77AFB0020E8E702A805F015FB01261E
:1062500021E0002384F8443029E0002384F845300D
:106260002BE02046FFF77DFD05F02EF909E02046E2
:10627000FFF777FD05F028F92046FFF718FD002805
:106280003FD1FFF737FBA56B002DBBD1019B002B46
:10629000D6D0002ED8D0FFF74FFB05F07BF8FFF7E4
:1062A00029FB94F844305BB2B3F1FF3FD1D094F8AE
:1062B00045305BB2B3F1FF3FCFD0FFF73DFB01A903
:1062C00002A805F0E5FA0028D1D12046FFF7EFFC3F
:1062D0000028C6D0019904F1240005F0E3F9204616
:1062E000FFF73FFD05F0F0F80028CAD14FF0E0239A
:1062F0004FF08052C3F8042DBFF34F8FBFF36F8F61
:10630000BFE7002089E72DE9F843B0B10D4690467C
:106310000446D9B1FFF714FCEFF311874FF0500397
:1063200083F31188BFF36F8FBFF34F8FA66BCEB986
:10633000002087F31188BDE8F8834FF0500383F302
:106340001188BFF36F8FBFF34F8FFEE7036C002BF5
:10635000E0D04FF0500383F31188BFF36F8FBFF38A
:106360004F8FFEE794F844904FFA89F9294620466A
:10637000FFF7E5FC731EA363B9F1FF3F06D009F1F7
:1063800001035BB284F844300120D2E723690BB9E2
:106390000120CEE704F1100005F0E4F930B1B8F1C6
:1063A000000F05D00120C8F80000C2E70120C0E7B7
:1063B0000120BEE70023072B0CD8074A52F83320F0
:1063C0000AB10133F7E7044A42F8331002EBC30283
:1063D00050607047704700BFA897002070B5044612
:1063E0000D461646FFF786FA94F844305BB2B3F1D7
:1063F000FF3F0DD094F845305BB2B3F1FF3F0BD0B7
:10640000FFF79AFAA36B5BB12046FFF7AAFC70BDB9
:10641000002384F84430EDE7002384F84530EFE7AB
:106420003246294604F1240005F080F9ECE700002B
:1064300008B520B180ED010A0170027208BD024862
:10644000FDF7B4F8FAE700BFF4F8000810B582B021
:106450000446007AFAF71AFD8DED010A9DED017AE6
:10646000F5EE007AB4EEE77AF1EE10FA2FDB9DED4F
:10647000017AF1EE037AB4EEE77AF1EE10FA2AD857
:106480002378ABB1DDED017AF5EE407AF1EE10FA4A
:1064900024D09DED017AF1EE047A77EEC77A94ED7F
:1064A000017A67EE877A9DED017A87EE870A10E020
:1064B00094ED017ADDED017A27EE277ADDED016AB0
:1064C000F1EE047A77EEE67A87EE270A01E09FED97
:1064D000050A02B010BD9FED030AFAE79FED020A1C
:1064E000F7E700BF0000C07F0000807F08B528B13B
:1064F00003460D2906D00E2927D008BD4048FDF7D8
:1065000055F8FAE73F4A92F8DC2A002A38D0012AE7
:10651000F3D10D291DD00E29EFD103221A750422C3
:106520005A750022DA751A76997540F2A1125A82CC
:1065300040F659521A821F29DFD8334803680122D6
:106540008A4023EA02030360D7E72E4A92F8DD2A45
:10655000DBE71A7502225A750022DA751A769975E8
:1065600040F2A1125A8240F659521A821F29C4D809
:106570002548036801228A4023EA02030360BCE73E
:106580000D291FD00E29B8D103221A7504225A757D
:106590000022DA751B4A92F8DB0A003818BF012086
:1065A00018769975B2F8CC0A5882B2F8CA2A1A82BB
:1065B0001F29A2D81448036801228A4023EA020353
:1065C00003609AE701221A7502225A750022DA75D1
:1065D0000C4A92F8DA0A003818BF0120187699752B
:1065E000B2F8C80A5882B2F8C62A1A821F2984D87B
:1065F0000548036801228A4023EA020303607CE71E
:106600000CF90008304E0020B43D002010B190ED90
:10661000000A70479FED010A704700BF0000C07F6D
:1066200010B190ED010A70479FED010A704700BF5D
:106630000000C07F38B588B10D46044603698BB9A8
:10664000837D1F2B06D84B480268012101FA03F312
:106650001A430260484B2360636038BD4748FCF72B
:10666000A5FFFAE7007DFAF7E5FB07EE900A237E27
:10667000002B42D0F8EE677A228A07EE102AF8EE55
:10668000476A638A07EE103AB8EE477A9A4251D0C9
:1066900077EEE67A9FED3A6A67EE867A77EE666A7B
:1066A00087EEA67ADFED377A37EE277A84ED007A27
:1066B000E368D4ED027A77EE676AE56084ED027AEA
:1066C000ED1A3DD100236360F8EE047AB4EEE77A68
:1066D000F1EE10FA06D4DFED2C7AB4EEE77AF1EEA3
:1066E00010FA3ADDA37D1F2BB7D82248026801219A
:1066F00001FA03F31A430260AFE7F8EE677A628AA1
:1067000007EE102AF8EE476A238A07EE103AB8EE31
:10671000477A9A4211D077EEE67A9FED196A67EED2
:10672000867A77EE666A87EEA67ADFED167A37EE1E
:10673000277ABBE79FED137AB8E79FED127AB5E7AA
:1067400007EE905AF8EE677A86EEA76ADFED0F7AC9
:1067500066EE277AC4ED017AB6E7A37D1F2B3FF6DC
:106760007CAF04480268012101FA03F322EA030224
:10677000026072E7B43D00200000C07F20F90008ED
:106780000000C842000000000000CD42002474490F
:1067900008B598B10346A9B1012920D140F24712AA
:1067A00002824FF46E624282052202750F490A6826
:1067B00022F400420A600E4A136008BD0D48FCF73F
:1067C000F5FEFAE70022028240F6FF7242820522BD
:1067D000027506490A6822F400420A60EBE70349A1
:1067E0000A6842F400420A60E5E700BFB43D0020B9
:1067F000FC9700202CF9000810B52DED028B354BCD
:106800001B68002B4BD004461A69002A4BD0187D18
:10681000FAF710FB07EE900AF8EE677A2D4B1B682B
:10682000198A07EE101AF8EE476A5A8A07EE102AFC
:10683000B8EE477A914244D077EEE67A9FED266A29
:1068400067EE867A37EE667A87EE878ADFED237AFF
:1068500038EE278AD9682046D3ED020AB0EE480AFE
:1068600007F060FD1B4B1B6883ED008A83ED010A76
:1068700083ED028ADC60B5EEC08AF1EE10FA06DB29
:10688000DFED177AB4EEE78AF1EE10FA1CD9154A5B
:10689000136843F400431360BDEC028B10BD124833
:1068A000FCF784FEF8E70F4A136843F400431360D3
:1068B0000D48FCF77BFE074B1B6800221A605A60EC
:1068C000EAE79FED068AC5E7064A136823F400430A
:1068D0001360E1E7FC9700200000C84200000000C0
:1068E0000000F042B43D002040F9000808B5084B14
:1068F0001B6813B193ED000A08BD064A136843F400
:10690000004313600448FCF751FE9FED040AF3E7CF
:10691000FC970020B43D002040F900080000000072
:1069200008B5084B1B6813B193ED010A08BD064A70
:10693000136843F4004313600448FCF737FE9FEDEF
:10694000040AF3E7FC970020B43D002040F900085A
:106950000000000070B58AB0044611B3012942D18D
:10696000062200219FED230AFFF762FD04AD224EAF
:106970000FCE0FC596E8030085E803000AAB13E9C4
:1069800007008DE8070004AB0ECB204605F02EF87B
:106990001A4B1C601A4A136823F4003313600AB0C0
:1069A00070BD062200219FED170AFFF741FD0DF192
:1069B000100C154D0FCDACE80F0095E803008CE8E6
:1069C00003000AAB13E907008DE8070004AB0ECB08
:1069D000204605F00BF8094B1C60094A136823F4A4
:1069E00000331360DBE7064A136843F40033136097
:1069F000D5E700BF00401C460CF50008F8970020C2
:106A0000B43D002000E0924524F5000808B5174B7E
:106A10001868B8B105F05EF8DFED157AB4EEE70A54
:106A2000F1EE10FA19DBDFED137AB4EEE70AF1EEBE
:106A300010FA12D8104B1A6822F400321A6083ED53
:106A4000110A11E00D48FCF7B1FD0B4B1A6842F436
:106A500000321A600A4A5A6406E0074B1A6842F488
:106A600000321A60064A5A6408BD00BFF897002039
:106A7000000048C200001643B43D002054F900084D
:106A80000000204208B5094B1B681BB1084B93ED71
:106A9000110A08BD0748FCF789FD054A136843F44D
:106AA000003313609FED040AF3E700BFF89700205E
:106AB000B43D002054F900080000204270B58AB0AF
:106AC00020B3044659B301294BD1072200219FED81
:106AD000280AFFF7ADFC04AD264E0FCE0FC596E891
:106AE000030085E803000AAB13E907008DE80700FF
:106AF00004AB0ECB204604F079FF1F4B1C601F4AED
:106B0000136823F4803313600AB070BD1C48FCF78F
:106B10004DFD1A4A136843F480331360F4E70722EB
:106B200000219FED130AFFF783FC0DF1100C154DAA
:106B30000FCDACE80F0095E803008CE803000AAB2A
:106B400013E907008DE8070004AB0ECB204604F0E4
:106B50004DFF094B1C60094A136823F4803313600E
:106B6000D2E7064A136843F480331360CCE700BFD2
:106B700000E092453CF50008F4970020B43D002069
:106B800068F9000854F5000810B5174B1868B8B13B
:106B900004F0A0FFDFED157AB4EEE70AF1EE10FA8B
:106BA00019DBDFED137AB4EEE70AF1EE10FA12D832
:106BB000104B1A6822F480321A6083ED100A11E03B
:106BC0000C4C236843F4803323600B48FCF7EEFC45
:106BD0000A4B236406E0074B1A6842F480321A60BD
:106BE000064A1A6410BD00BFF4970020000048C296
:106BF00000001643B43D002068F900080000704210
:106C000008B5094B1B681BB1084B93ED100A08BD72
:106C1000064A136843F4803313600548FCF7C6FC4A
:106C20009FED040AF3E700BFF4970020B43D002075
:106C300068F900080000704210B504460820FAF711
:106C4000F9F8B0F5006F34BF002001200E4B1B781F
:106C5000834203D00D4B1C600B4B18700B4B1B6811
:106C6000E41AC72C01D90A4B1870094B1B782BB9B1
:106C7000084A136843F08053136010BD054A136837
:106C800023F080531360F8E7F0970020EC97002082
:106C9000E8970020B43D0020034B1868C0F3007053
:106CA00080F00100704700BFB43D0020014B93ED20
:106CB000120A7047B43D002008B50920FAF7BAF867
:106CC00007EE900AF8EE677A9FED077A67EE877A0B
:106CD000DFED066A87EEA67ADFED057A67EE277AA2
:106CE000044BC3ED157A08BD3333534000F07F45A4
:106CF00066662641B43D0020014B93ED150A7047AE
:106D0000B43D002008B50B4B1A6842F400721A60BB
:106D10001A6842F480621A601A6842F480721A603B
:106D2000032000F0FFFB0F2003F080F901F0FCF9D5
:106D3000002008BD003C0240034A1168034B1B7849
:106D40000B441360704700BF00980020D000002063
:106D5000014B1868704700BF0098002038B5044602
:106D6000FFF7F6FF0546B4F1FF3F02D0044B1B7856
:106D70001C44FFF7EDFF401BA042FAD338BD00BF13
:106D8000D00000204A4B5A6822F440325A605A68B8
:106D900041680A435A600268536823F48073536061
:106DA00002685368016943EA01235360026853682B
:106DB00023F0407353600268536881680B4353604B
:106DC0000268936823F40063936002689368C16863
:106DD0000B439360826A374B9A4257D0026893689C
:106DE00023F07063936002689368816A0B43936039
:106DF0000268936823F04053936002689368C16A05
:106E00000B4393600268936823F002039360026867
:106E10009368017E43EA4103936090F82030002B91
:106E20003FD00268536843F40063536002685368BC
:106E300023F46043536001684B68426A013A43EAB5
:106E400042334B600268D36A23F47003D362016853
:106E5000CB6AC269013A43EA0253CB620268936883
:106E600023F4007393600268936890F8301043EA4B
:106E7000412393600268936823F4806393600268FF
:106E80009368416943EA812393607047026893687D
:106E900023F0706393600268936823F0405393601B
:106EA000B0E70268536823F400635360CAE700BF89
:106EB000002301400100000F38B310B50446036CF5
:106EC00043B1236C13F0100F0BD00120002384F882
:106ED0003C3010BDF9F708FF0023636484F83C30B0
:106EE000EFE7236C23F4885323F0020343F00203FB
:106EF00023642046FFF746FF00206064236C23F0E4
:106F0000030343F001032364E0E70120704700001E
:106F100010B582B013460022019290F83C20012A5D
:106F200000F094800446012280F83C2002689068BA
:106F300010F0010F13D1906840F001009060464AB4
:106F40001068464AA2FB0020800C00EB4000019034
:106F500002E001980138019001980028F9D12268D7
:106F6000906810F4807F03D0906820F48070906067
:106F70002268906810F0010F5DD0206C20F4E06072
:106F800020F0010040F480702064526812F4806F99
:106F900005D0226C22F4405242F480522264226CCA
:106FA00012F4805F34D0626C22F006026264002228
:106FB00084F83C20A26B2A48D063A26B2948106455
:106FC000A26B2948D06422686FF02200106020680C
:106FD000426842F0806242602068826842F48072B7
:106FE000826020680A4600F14C01A06B00F0B2FB01
:106FF0001E4B5B6813F01F0F0DD123689A6812F0C7
:10700000405F25D19A6842F080429A6000201BE0E0
:1070100000226264CBE72368154A934201D0002026
:1070200012E09A6812F0405F14D19A6842F08042F0
:107030009A60002008E0236C43F010032364636C23
:1070400043F001036364002002B010BD0220FBE79F
:107050000020F9E70020F7E7D800002083DE1B437B
:1070600099700008777000088370000800230140C1
:1070700000200140704708B5806BFFF7FBFF08BD9B
:10708000704708B5806B40230364436C43F00403EE
:107090004364FFF7F5FF08BD08B50346806B026C3B
:1070A00012F0500F25D1036C43F40073036403689E
:1070B0009A6812F0405F19D1027EBAB9DA6A12F406
:1070C000700F03D09A6812F4806F0FD15A6822F0C3
:1070D00020025A60036C23F480730364036C13F47E
:1070E000805F03D1036C43F001030364F9F768FE8A
:1070F00008BD026C12F0100F04D1826BD26C1846DE
:107100009047F5E7FFF7BCFFF2E7000030B482B02C
:107110000022019290F83C20012A00F0B68003463C
:10712000012280F83C200A68092A40D90468E068F6
:1071300092B202EB42021E3A4FF0070C0CFA02F236
:1071400020EA0202E2601C68E0680A8802EB420260
:107150001E3A8D6805FA02F20243E2604A68062A86
:107160003CD81C68606B02EB8202053A4FF01F0CA2
:107170000CFA02F220EA020262631C68606B4A6841
:1071800002EB8202053AB1F800C00CFA02F20243A7
:10719000626318683E4A904250D018683C4A904258
:1071A00055D0002083F83C0002B030BC7047046822
:1071B000206992B202EB42024FF0070C0CFA02F285
:1071C00020EA020222611C6820690A8802EB42025E
:1071D0008D6805FA02F202432261BFE70C2A16D835
:1071E0001D68286B02EB8202233A1F2404FA02F284
:1071F00020EA02022A631D68286B4A6802EB8202B9
:10720000233A0C8804FA02F202432A63C1E71D689C
:10721000E86A02EB8202413A1F2404FA02F220EAF1
:107220000202EA621D68E86A4A6802EB8202413A99
:107230000C8804FA02F20243EA62AAE70A68122AF8
:10724000ABD11448426842F480024260A5E70A6864
:10725000103A012AA5D80F48426842F40002426061
:107260000A68102A9DD10C4A12680C49A1FB02122F
:10727000920C02EB82025200019202E0019A013A62
:107280000192019A002AF9D18BE702208CE700BF16
:107290000020014000230140D800002083DE1B4372
:1072A00090F83C20012A00F0F28030B4034601221D
:1072B00080F83C200A68092A40F289800568E8685D
:1072C00092B202EB42021E3A072404FA02F220EACA
:1072D0000202EA601D68E8688C680A8802EB4202D4
:1072E0001E3A94402043E8601868826B22F44012F2
:1072F00082631C68A26B0869013842EA0052A263EB
:107300001C68A06B4A680D69521BD2B20332D2B21C
:1073100002EB82024FF01F0C0CFA02F220EA02028A
:10732000A2631C68A06B4A680D69521BD2B203327B
:10733000D2B202EB8202B1F800C00CFA02F20243B0
:10734000A2638869534A904256D01868826822F432
:1073500070228260186882688C6922438260186893
:10736000826822F44012826018688268CC692243E5
:1073700082604A7D002A4AD01868426842F48062DE
:1073800042600A7D002A48D01868426842F4805260
:1073900042604A68022A46D0032A4FD0012A58D1B7
:1073A000186842696FF30B02426118684269CC6841
:1073B000224342611868384A904255D01868364ACC
:1073C00090425AD0002083F83C0030BC70470568DA
:1073D000286992B202EB4202072404FA02F220EA80
:1073E00002022A611D6828698C680A8802EB420241
:1073F00094402043286177E71868826822F470225D
:1074000082601868826822F440128260B1E71868CE
:10741000426822F480624260B3E71868426822F44E
:1074200080524260B5E7186882696FF30B0282618F
:1074300018688269CC6822438261BBE71868C26918
:107440006FF30B02C2611868C269CC682243C26143
:10745000B0E71868026A6FF30B0202621868026AEA
:10746000CC6822430262A5E70A68122AA6D10B481B
:10747000426842F480024260A0E70A68103A012A9A
:10748000A0D806494A6842F400024A609AE70220FE
:10749000704700BF01000F000020014000230140A1
:1074A000002807DB00F01F02400901239340024A35
:1074B00042F82030704700BF00E100E0002808DB00
:1074C0000901C9B200F1604000F5614080F8001385
:1074D000704700F00F000901C9B2014B1954704701
:1074E00014ED00E000B500F00700C0F1070CBCF19E
:1074F000040F28BF4FF0040C031D062B0FD9C31E29
:107500004FF0FF3E0EFA0CF021EA000199400EFA0E
:1075100003FE22EA0E0241EA02005DF804FB0023AA
:10752000EEE70000074AD36823F4E0631B041B0C5A
:10753000000200F4E060034343F0BF6343F4003310
:10754000D360704700ED00E010B50446054BD868E5
:10755000C0F30220FFF7C6FF01462046FFF7AEFF4B
:1075600010BD00BF00ED00E008B5FFF799FF08BDB2
:1075700058B110B5044643791BB101236371002053
:1075800010BD0371FAF792FFF7E70120704730B49E
:1075900005682C6824F480242C6004686360836888
:1075A000402B05D0036899600368DA6030BC7047EF
:1075B00003689A600368D960F8E7000010B40368B4
:1075C000D9B210390A4AA2FB01421209094CA25C45
:1075D000C2655F2907D96FF3090304338365806DA2
:1075E0005DF8044B70476FF309038365F7E700BF4D
:1075F000ABAAAAAAE8FB0008836A826992B9012BA8
:107600000AD0022B02D00BB100207047C36A13F0DE
:10761000807F28D100207047C36AB3F1C07F24D097
:1076200000207047B2F5005F09D0022B25D9032B4B
:1076300025D1C36A13F0807F23D100207047032B2C
:1076400003D8DFE803F01404140A00207047C36A6B
:1076500013F0807F0DD100207047C36AB3F1C07F63
:1076600009D0002070470120704701207047012099
:1076700070470120704701207047012070470020AB
:10768000704701207047000070B50446FFF760FBAB
:10769000002C5BD00546022384F83530002384F8A3
:1076A00034302268136823F00103136023681A68DA
:1076B00012F0010F0AD0FFF74BFB431B052BF5D946
:1076C00020236365032084F8350070BD1A682049C3
:1076D00011406268A0680243E068024320690243E7
:1076E00060690243A0690243E0690243206A0243E1
:1076F0000A43616A04291ED01A602668756925F05C
:107700000705636A1D43042B07D1A36A1D43E36A7F
:107710001BB12046FFF770FF90B975612046FFF757
:107720004DFFE26D3F23934083600020606501239D
:1077300084F83530C9E7E16A206B01430A43DBE78F
:1077400040236365012084F83500BEE70120BCE7D3
:107750003F8010F038B50446856D90F8340001285C
:107760002AD0012084F8340094F83500012804D090
:10777000002384F83430022038BD022084F835001C
:10778000002060652046FFF702FFE26D3F23934033
:10779000AB602268136843F016031360236C23B1B7
:1077A0002268136843F0080313602268136843F0EB
:1077B000010313600020DFE70220DDE7F0B583B0AE
:1077C000044600230193724B1D68724BA3FB0535E1
:1077D000AD0A876D3E68C26D08239340334210D0D6
:1077E00003681A6812F0040F0BD01A6822F0040222
:1077F0001A60C26D08239340BB60436D43F00103E0
:107800004365E26D01239340334209D022685269F7
:1078100012F0800F04D0BB60636D43F00203636518
:10782000E26D04239340334209D02268126812F0BB
:10783000020F04D0BB60636D43F004036365E26D27
:1078400010239340334224D02268126812F0080FAC
:107850001FD0BB6023681A6812F4802F0DD01B68FC
:1078600013F4002F04D1236C9BB12046984710E0FD
:10787000A36C73B1204698470BE01A6812F4807F1E
:1078800003D11A6822F008021A60236C0BB120465B
:107890009847E26D20239340334254D02268126807
:1078A00012F0100F4FD0BB6094F83530052B0ED07E
:1078B00023681A6812F4802F33D01B6813F4002F4A
:1078C0002AD1636C002B3ED0204698473BE02268CB
:1078D000136823F0160313602268536923F08003B2
:1078E0005361236CA3B12268136823F0080313606B
:1078F000E26D3F239340BB60012384F835300023C1
:1079000084F83430236D002B3FD0204698473CE06C
:10791000A36C002BE7D1EBE7E36BA3B120469847BC
:1079200011E01A6812F4807F09D11A6822F010025F
:107930001A60012384F83530002384F83430E36B77
:107940000BB120469847636DFBB1636D13F0010FD7
:1079500017D0052384F835302268136823F001031B
:107960001360019B01330193AB4204D823681B6869
:1079700013F0010FF5D1012384F83530002384F88A
:107980003430E36C0BB12046984703B0F0BD00BF24
:10799000D8000020B5814E1B10B40A490C6924F4AC
:1079A00040740C610C6944F440740C610C6944F03F
:1079B00001040C610260BFF36F8F43605DF8044BFC
:1079C000704700BF003C0240074B1A6922F4407226
:1079D0001A611A6942F400721A611A6942F00102CE
:1079E0001A610160704700BF003C0240074B1A69F2
:1079F00022F440721A611A6942F480721A611A699B
:107A000042F001021A610180704700BF003C024051
:107A1000064B1A6922F440721A611A691A611A69CE
:107A200042F001021A610170704700BF003C024041
:107A3000274BDB6813F0100F07D0264AD36943F0B9
:107A40001003D361224B1022DA60214BDB6813F064
:107A5000200F07D01F4AD36943F00803D3611C4BA2
:107A60002022DA601A4BDB6813F0400F07D0194A66
:107A7000D36943F00403D361154B4022DA60144B01
:107A8000DB6813F0800F07D0124AD36943F002037A
:107A9000D3610F4B8022DA600D4BDB6813F4807FDB
:107AA00008D00C4AD36943F00103D361084B4FF46B
:107AB0008072DA60064BDB6813F0020F07D0054ACC
:107AC000D36943F02003D361014B0222DA6070478F
:107AD000003C024004980020094B1B69002B01DB8D
:107AE00000207047064B074A5A6002F188325A60FC
:107AF0001B69002B01DB002070470120704700BF8D
:107B0000003C024023016745034A136943F00043E8
:107B100013610020704700BF003C024038B50446A6
:107B2000144B0022DA61FFF713F90546124BDB68AC
:107B300013F4803F0AD0B4F1FF3FF7D024B1FFF730
:107B400007F9401BA042F1D903200DE00A4BDB6886
:107B500013F0010F02D0084B0122DA60064BDB68FC
:107B600013F4F97F01D1002038BDFFF761FF012038
:107B7000FAE700BF04980020003C0240F8B5164622
:107B80001B4A127E012A30D004460D461F46184B70
:107B900001221A764CF25030FFF7C0FF90B9ACB119
:107BA000012C18D0022C1BD032463B462846FFF74A
:107BB000F3FE4CF25030FFF7B1FF0E4A136923F089
:107BC000010313610A4B00221A76F8BDF1B2284670
:107BD000FFF71EFFEDE7B1B22846FFF707FFE8E722
:107BE00031462846FFF7F0FEE3E70220EDE700BF4D
:107BF00004980020003C0240074B1A6922F44072AE
:107C00001A611A6942F004021A611A6942EA0022F2
:107C100042F480321A617047003C0240012905D0CD
:107C2000022906D039B14FF4407104E04FF480715D
:107C300001E04FF400710B4B1A6922F440721A6193
:107C40001A690A431A611A6922F0F8021A611A695C
:107C500042EAC00040F0020018611A6942F4803222
:107C60001A617047003C0240164B1B6813F4007FFA
:107C700010D0144B1A6822F400721A601A6842F489
:107C800000621A601A6822F400621A601A6842F4EC
:107C900000721A600B4B1B6813F4806F10D0094BF5
:107CA0001A6822F480621A601A6842F480521A60DC
:107CB0001A6822F480521A601A6842F480621A60CC
:107CC000704700BF003C0240F8B5224B1B7E012BE1
:107CD0003ED004460E461F4B01221A764CF250301D
:107CE000FFF71CFF074670BB4FF0FF33336023687C
:107CF000012B16D0A568E368A2681344AB4220D9D3
:107D0000217C2846FFF78AFF4CF25030FFF706FF30
:107D1000114A136923F0FA031361074680B901354C
:107D2000E9E76168207CFFF767FF4CF25030FFF70E
:107D3000F5FE0746084A136923F00403136100E0C7
:107D40003560FFF791FF034B00221A763846F8BDE5
:107D50000227FBE704980020003C024000230F2B81
:107D600000F2D78070B582B065E085684FEA430EB7
:107D7000032404FA0EF425EA0405CC6804FA0EF490
:107D80002C438460446824EA02044A68C2F3001267
:107D90009A40224342605CE0DC08083450F824201A
:107DA00003F00705AD004FF00F0E0EFA05FE22EAB4
:107DB0000E0E0A69AA4042EA0E0240F824205CE056
:107DC000042200E0002202FA0EF22A430234514D4E
:107DD00045F82420504A94686FEA0C0224EA0C0506
:107DE0004E6816F4801F01D04CEA04054A4CA56089
:107DF000E46802EA04054E6816F4001F01D04CEA5C
:107E00000405454CE560646802EA04054E6816F412
:107E1000003F01D04CEA04053F4C656024682240D5
:107E20004D6815F4803F01D04CEA04023A4C2260C0
:107E300001330F2B6BD801229A400C6804EA020C24
:107E400032EA0404F4D14C6804F00304013C012C30
:107E50008BD94A6802F00302032A09D0C4685D0086
:107E60000322AA4024EA02048A68AA402243C2608C
:107E70004A6802F00302022A8ED004684FEA430ED9
:107E8000032202FA0EF224EA02044A6802F0030214
:107E900002FA0EF2224302604A6812F4403FC7D051
:107EA000002201921D4A546C44F480445464526C84
:107EB00002F480420192019A9C08A51C154A52F8CE
:107EC000255003F0030E4FEA8E0E0F2202FA0EF237
:107ED00025EA0205124A90423FF474AF02F580622F
:107EE00090420ED002F5806290420CD002F5806282
:107EF00090420AD002F5806290423FF461AF0722BF
:107F000061E701225FE702225DE703225BE702B03F
:107F100070BD704700380140003C0140003802400D
:107F2000000002400369194201D00120704700207F
:107F300070470AB1816170470904816170474369E4
:107F400001EA030221EA030141EA0241816170472B
:107F500008B5054B5B69034200D108BD024B58616F
:107F6000FAF744F9F9E700BF003C0140002800F0AF
:107F7000CC8070B5044690F83D30002B77D0242398
:107F800084F83D302268136823F0010313602268EF
:107F9000136843F4004313602268136823F400431A
:107FA000136001F025FA62685A4B9A4264D85A4B22
:107FB00098428CBF00230123002B40F0A880574932
:107FC000A1FB00318B0C25686A6822F03F0242EA6F
:107FD00091426A6021680A6A22F03F0266684D4D4C
:107FE000AE424FD8013313430B622168CA6922F4B1
:107FF0004F4222F0FF026568464B9D424CD8431E1B
:108000006D00B3FBF5F3013340F6FC70034278D00A
:10801000C3F30B031A43CA6121680B6823F0C00342
:10802000E269206A024313430B6021688B6823F4E2
:10803000034323F0FF032269E068024313438B608C
:108040002168CB6823F0FF036269A06902431343F0
:10805000CB602268136843F00103136000202064A2
:10806000202384F83D30206384F83E0070BD80F802
:108070003C30FCF717FA82E7294B98428CBF00236B
:10808000012399E74FF4967505FB03F3254DA5FBF6
:1080900003539B090133A6E7A668BEB9431E05EB4F
:1080A000450CB3FBFCF30133C3F30B03B3FA83F3C7
:1080B0005B0943BBC6B9431E05EB4505B3FBF5F3AE
:1080C0000133C3F30B0343F40043A3E7431E05EB63
:1080D000850C0CEB8C0CB3FBFCF30133C3F30B03EB
:1080E000B3FA83F35B09E4E7431E05EB850505EB73
:1080F0008505B3FBF5F30133C3F30B0343F44043AE
:1081000088E7042386E7012384E7012070470120E4
:10811000ACE700BFA08601007F841E0083DE1B4306
:10812000FF083D00D34D621000B583B000220092DD
:108130000D4B596C41F480415964596C01F48041F4
:10814000009100990192196C41F0805119641B6CE7
:1081500003F080530193019B0F216FF00100FFF7A3
:10816000F3F903B05DF804FB003802402DE9F04359
:1081700083B0D0F8008001EBC10300EB83039A6A5F
:108180005B6A9A4254D807460C469B1A01EBC1021F
:1081900000EB8202D2699A4200D31A4602F1030927
:1081A0004FEA990915E006F103094FEA9909BB79ED
:1081B00004EBC40507EB8505296A0093B3B2E2B26C
:1081C000404602F016FB2B6A33442B62AB6A334401
:1081D000AB6208EB441303F510639B699BB24B45FC
:1081E00012D304EBC40307EB83039A6A5B6A9A42D7
:1081F0000AD24BB19B1A04EBC40207EB8202D66988
:108200009E42D0D31E46CEE704EBC40307EB8307A0
:108210007A6ABB6A9A420FD804F00F040122A24086
:10822000D8F8343823EA0203C8F83438002000E0D4
:10823000012003B0BDE8F0830020FAE730B583B039
:1082400000287AD00446056890F89534C3B103231A
:1082500084F89534B5F1A04F17D0206802F07AF871
:10826000237C8DF80030231D0ECB206801F0B1FF78
:1082700070B1022384F895340125284603B030BD3F
:1082800080F8943405F012F8E1E70023A371E4E7E5
:108290000021206802F0C3FC0246B8B903462079E9
:1082A000984218D903EBC30104EB81010120487502
:1082B0000B75CB8500200876C861086203EBC3010B
:1082C00004EB810148620133DBB2E8E7022384F862
:1082D00095340125D1E7904217D902EBC20304EB94
:1082E0008303002183F8551283F8542283F858122F
:1082F000C3F85C12C3F8601202EBC20304EB830301
:10830000C3F864120132D2B2E5E7237C8DF8003065
:10831000231D0ECB206802F073F8054620B102231E
:1083200084F895340125A8E700236374012384F8B9
:108330009534206802F032FC9FE701259DE7036831
:1083400090F89424012A1AD010B50446012280F82E
:108350009424DA6812F0400F02D0427B012A09D03F
:10836000206801F0F1FF206802F00AFC002084F888
:10837000940410BD9A6B42F480329A63F0E70220B5
:108380007047000070B504460D460068066C00EBAF
:10839000411303F530639A68A179012911D0384956
:1083A0008E4256D03DB905EBC50304EB8303D3F8E9
:1083B0006432002B5ED0E9B2204604F0C3FF0020F7
:1083C00070BD12F0080F09D02E498E42F7D912F471
:1083D000004FF4D04FF400429A60F0E712F0200F03
:1083E00002D020229A60EAE712F0280FE7D125494F
:1083F0008E4206D912F4004F03D04FF400429A6027
:10840000DDE705EBC50204EB8202D2F874121B69AA
:10841000C3F31203CB1AC2F868327DB905EBC5026B
:1084200004EB8202D2F864226AB105EBC50204EBC8
:108430008202D2F860121944C2F86012E9B22046F2
:1084400004F080FFBBE704F29C42012102F026FC0D
:10845000F4E712F4004F03D04FF400429A60AEE705
:1084600012F0200F01D020229A60E9B2204604F0D9
:1084700069FFA4E704F29C42002102F00FFC9AE796
:108480000A31544F0A30544F38B5044603681D6C06
:1084900003EB4113D3F8081B0E4A954207D903F5A5
:1084A000306311F4004F02D04FF400429A6020462E
:1084B00004F040FF074B9D4202D9A379012B01D064
:1084C000002038BD04F29C420121206802F0E6FB46
:1084D000F6E700BF0A30544F90F89434012B0CD0CB
:1084E00010B50446012380F894344174006802F00A
:1084F00037FB002084F8940410BD0220704738B583
:1085000005468C4611F0800F2BD101F00F0E0EEBBB
:10851000CE04A40004F514740444211D0EEBCE0E09
:1085200000EB8E0E00208EF855020CF00F0C81F837
:1085300000C0C2F30A028A600B714A780AB1A1F83E
:108540001AC0022B1CD095F89434012B1BD00123A8
:1085500085F89434286802F030F8002085F89404F7
:1085600038BD01F00F0000EBC00189001031294433
:10857000043100EBC00005EB800001244475D4E712
:1085800000234B71DFE70220EAE710B504460A46F4
:1085900011F0800F20D101F00F0000EBC0039B0011
:1085A00003F514732344191D00EBC00004EB800095
:1085B000002380F8553202F00F020A7094F89434C8
:1085C000012B18D0012384F89434206802F042F87B
:1085D000002084F8940410BD01F00F0000EBC003EC
:1085E0009B0010332344191D00EBC00004EB8000F6
:1085F00001234375DFE70220EDE710B5144601F0D3
:108600000F0C0CEBCC01890001F51471014404310D
:108610000CEBCC0E00EB8E0ECEF86022CEF864325E
:108620000023CEF868328EF855328EF854C2827923
:10863000012A04D0006802F0F3F8002010BDCEF843
:108640007042F7E701F00F0101EBC10100EB81007F
:10865000D0F86802704710B5144601F00F0C0CEB0F
:10866000CC0189001031014404310CEBCC0E00EB3D
:108670008E0ECEF82020CEF824300023CEF82830FD
:1086800001238EF815308EF814C082799A4204D0F6
:10869000006802F0C5F8002010BDCEF83040F7E7C2
:1086A00038B501F00F050279AA4238D304460B46CB
:1086B00011F0800F1FD101EBC101890001F5147188
:1086C0000144043103EBC30300EB8303002283F86E
:1086D000552201238B700D7094F89434012B20D017
:1086E000012384F89434206802F0DFF985B100207A
:1086F00084F8940438BD05EBC501890010310144AC
:10870000043105EBC50300EB830301225A75E0E752
:1087100004F29C42A179206802F0C0FAE7E7012048
:10872000E8E70220E6E701F00F0302799A4230D32E
:1087300010B5044611F0800F1ED103EBC301890070
:1087400001F514710144043103EBC30200EB820212
:10875000002082F8550200228A700B7094F894343D
:10876000012B18D0012384F89434206802F0CAF950
:10877000002084F8940410BD03EBC301890010317C
:108780000144043103EBC30200EB82020120507567
:10879000E1E7012070470220EDE708B511F0800FF6
:1087A0000CD101F00F0101EBC101890001F5147139
:1087B00001440431006801F0BDFF08BD01F00F0164
:1087C00001EBC1018900103101440431F2E72DE9C8
:1087D000F04F83B004460568284602F01CFA10B139
:1087E00003B0BDE8F08F0646206802F0E5F90028E6
:1087F000F6D005F50067BB68C3F30D23C4F8D43485
:10880000206802F0D9F910F0020F04D022685369F1
:1088100003F002035361206802F0CEF910F0100F4C
:1088200015D02268936923F010039361D5F8208056
:1088300008F00F0908F4F013B3F5802F4CD0B3F50E
:10884000402F6FD02268936943F010039361206832
:1088500002F0B2F910F4002F76D1206802F0ACF9E2
:1088600010F4802F40F0E080206802F0A5F9002885
:10887000C0F26181206802F09FF910F4006F09D006
:10888000BB6813F0010F40F06E812268536903F456
:1088900000635361206802F08FF910F4805F40F0AC
:1088A0006681206802F088F910F4005F40F0B3811F
:1088B000206802F081F910F0080F40F0C4812068B0
:1088C00002F07AF910F0800F00F0D781AB6923F045
:1088D0008003AB610126C0E147F6F07318EA030F8D
:1088E000B0D04FEA181A4FEAC903019309EBC90B3C
:1088F00004EB8B0BC8F30A12DBF86012284602F077
:10890000B1F8DBF86032CAF30A0A5344CBF860329C
:10891000DBF86832019A4A4404EB82025344C2F8FD
:1089200068328FE7082204F29C41284602F09AF848
:1089300009EBC90304EB8303D3F86822C8F30A18D0
:108940004244C3F868227DE7206802F039F9804686
:10895000B14635E005EB49130122C3F8082B49461F
:108960002046FFF70FFD3CE005EB49130822C3F852
:10897000082B49462046FFF787FD35E009EBC90380
:1089800004EB830393F85732012B41D005EB4913D5
:108990000222C3F8082B1AF0200F04D005EB49136C
:1089A0002022C3F8082B1AF4005F05D005EB491309
:1089B0004FF40052C3F8082B09F101094FEA580897
:1089C000B8F1000F3FF449AF18F0010FF4D05FFA8F
:1089D00089FB5946206802F003F9824610F0010F26
:1089E000B8D11AF0080FBFD11AF0100F04D005EB60
:1089F00049131022C3F8082B1AF0020FCBD06B6971
:108A000013F0800FBAD07B6843F480637B60B5E7D6
:108A100009EBC90304EB8303002283F8572259466C
:108A2000204604F0DDFCB1E7206802F0D1F8804672
:108A3000B14625E05946204604F090FC1AF0080F94
:108A400004D005EB49130822C3F808291AF0100FC7
:108A500004D005EB49131022C3F808291AF0400F7F
:108A600004D005EB49134022C3F808291AF0020F7D
:108A700040D11AF0800F59D109F101094FEA580885
:108A8000B8F1000F3FF4F0AE18F0010FF4D05FFA28
:108A900089FB5946206802F0ACF8824610F0010FBD
:108AA000CCD009F00F02012101FA02F27B6B23EA1C
:108AB00002037B6305EB4913C3F80819A3798B42C2
:108AC000B8D109EBC90304EB83031A6AD9690A44D4
:108AD0001A62B9F1000FADD109EBC90304EB8303AE
:108AE0005B6A002BA6D104F29C420121206802F0AF
:108AF000D5F89FE74946284601F032FC09EBC90347
:108B000004EB8303DB7D012B05D005EB4913022227
:108B1000C3F80829ADE709EBC90304EB830300227E
:108B2000DA755946204604F061FCEEE749462046D6
:108B3000FFF71CFBA0E77B6823F001037B6094F840
:108B4000CC34012B08D0204604F044FC2268536941
:108B500003F0004353618DE6002184F8CC142046D5
:108B600000F03FF9F2E7204604F01CFC8DE67B683C
:108B700023F001037B601021206801F0F1FB1AE073
:108B800005EB46134FF67F31C3F80819D3F80029D7
:108B900022F40012C3F80029C3F8081BD3F8002BF5
:108BA00022F40012C3F8002BD3F8002B42F000622D
:108BB000C3F8002B01362379B342E1D8FB6943F0B7
:108BC0000113FB61E37BDBB1D7F8843043F00B0387
:108BD000C7F884307B6C43F00B037B64D5F8003816
:108BE00023F4FE63C5F8003804F29C42A1792068A2
:108BF00002F054F82268536903F48053536150E63D
:108C00007B6943F4005343F02B037B613B6943F0E2
:108C10000B033B61E2E7206802F032F8206801F0C4
:108C2000BBFCE071266800F0DDFB0146E2793046CE
:108C300001F018FB204604F0A2FB2268536903F4FC
:108C40000053536134E6204604F093FB22685369D5
:108C500003F00803536132E601362379B3420CD99D
:108C600006EBC60304EB830393F85732012BF3D1D1
:108C7000F1B22046FFF791FDEEE7206801F09CFF7E
:108C800010F4801F25D1206801F096FF10F4001F1A
:108C900059D0012326E001362379B3421BD905EBD5
:108CA0004613D3F8002906EBC60304EB83031B7EAF
:108CB000012BF0D1002AEEDA06EBC60304EB8303A6
:108CC0000122DA7566F07F01C9B22046FFF765FD23
:108CD000E1E70126E0E72268536903F4801353615A
:108CE000D1E7013322799A4228D905EB4312D2F811
:108CF000001B03EBC30204EB820292F85822012A04
:108D0000EFD10029EDDA01F48031D4F8D42402F057
:108D100001029142E5D103EBC30204EB820201217F
:108D200082F85712AA6942F08002AA616A6912F0B9
:108D3000800FD6D17B6843F400737B60226853694F
:108D400003F400135361206801F036FF10F0804FE8
:108D500010D1206801F030FF10F0040F3FF440AD57
:108D600023685D6815F0040F0DD1226853682B430A
:108D7000536035E5204604F03FFB2268536903F059
:108D800080435361E5E7204604F03CFBEDE710B477
:108D90000468606A31B940EA0240A06200205DF8D0
:108DA000044B70478C46A36A00EB1340002308E095
:108DB00003F1400104EB8101496800EB11400133EC
:108DC000DBB20CF1FF318B42F2D340EA02400CF1EE
:108DD0003F0104EB81046060E0E703685962002012
:108DE00070477047002800F0E08170B582B00446FB
:108DF000036813F0010F3BD09F4B9B6803F00C03FB
:108E0000042B2CD09C4B9B6803F00C03082B21D027
:108E10006368B3F5803F4FD0B3F5A02F52D0964B87
:108E20001A6822F480321A601A6822F480221A60CA
:108E30006368002B50D0FDF78BFF05468E4B1B68F7
:108E400013F4003F14D1FDF783FF401B6428F5D9CC
:108E50000320B1E1884B5B6813F4800FD8D0864BB8
:108E60001B6813F4003F03D06368002B00F09F8160
:108E7000236813F0020F54D07F4B9B6813F00C0F44
:108E80003ED07D4B9B6803F00C03082B33D0E36886
:108E9000002B68D0794B01221A60FDF759FF054677
:108EA000754B1B6813F0020F54D1FDF751FF401BA7
:108EB0000228F5D903207FE16F4A136843F4803319
:108EC0001360B5E76C4B1A6842F480221A601A6886
:108ED00042F480321A60ABE7FDF73AFF0546664B75
:108EE0001B6813F4003FC3D0FDF732FF401B64281A
:108EF000F5D9032060E1604B5B6813F4800FC6D1A5
:108F00005D4B1B6813F0020F03D0E368012B40F0A8
:108F10005081594A136823F0F803216943EAC103D9
:108F20001360236813F0080F42D063696BB3534B8F
:108F30000122C3F8802EFDF70BFF05464E4B5B6FF9
:108F400013F0020F34D1FDF703FF401B0228F5D9BF
:108F5000032031E1484A136823F0F803216943EA0A
:108F6000C1031360DDE7454B00221A60FDF7F0FEF8
:108F70000546414B1B6813F0020FD2D0FDF7E8FE07
:108F8000401B0228F5D9032016E13C4B0022C3F810
:108F9000802EFDF7DDFE0546374B5B6F13F0020FA9
:108FA00006D0FDF7D5FE401B0228F5D9032003E1CA
:108FB000236813F0040F77D02F4B1B6C13F0805FE6
:108FC00033D1002301932C4B1A6C42F080521A6467
:108FD0001B6C03F080530193019B0125284B1B68F8
:108FE00013F4807F23D0A368012B34D0052B38D015
:108FF000214B1A6F22F001021A671A6F22F0040245
:109000001A67A368002B3DD0FDF7A2FE06461A4B57
:109010001B6F13F0020F46D1FDF79AFE801B41F241
:1090200088339842F3D90320C6E00025D6E7144AD6
:10903000136843F480731360FDF78AFE0646104BF5
:109040001B6813F4807FCED1FDF782FE801B0228BF
:10905000F5D90320B0E0084A136F43F0010313670A
:10906000CFE7054B1A6F42F004021A671A6F42F0FD
:1090700001021A67C5E700BF0038024000004742FE
:1090800000700040FDF764FE0646524B1B6F13F064
:10909000020F08D0FDF75CFE801B41F28833984236
:1090A000F3D9032088E0EDB9A369002B00F0838099
:1090B000484A926802F00C02082A51D0022B17D0BD
:1090C000454B00221A66FDF743FE0446414B1B68E0
:1090D00013F0007F42D0FDF73BFE001B0228F5D9BC
:1090E000032069E03B4A136C23F080531364DBE7F1
:1090F000394B00221A66FDF72BFE0546354B1B68DF
:1091000013F0007F06D0FDF723FE401B0228F5D99F
:10911000032051E0E369226A1343626A43EA82133F
:10912000A26A5208013A43EA0243E26A43EA02634E
:10913000284A5360284B01221A66FDF709FE0446AF
:10914000244B1B6813F0007F06D1FDF701FE001BC6
:109150000228F5D903202FE000202DE000202BE08D
:10916000012B2BD01B4B5B6803F48001E269914219
:1091700026D103F03F02216A8A4223D1616A47F671
:10918000C0721A40B2EB811F1ED103F44031A26AB3
:109190005208013AB1EB024F18D103F07063E26A52
:1091A000B3EB026F14D1002006E0012070470120CC
:1091B00002E0012000E0002002B070BD0120FBE7CA
:1091C0000120F9E70120F7E70120F5E70120F3E7A7
:1091D0000120F1E7003802400000474208B5264B65
:1091E0009B6803F00C03042B41D0082B41D1224B88
:1091F0005A6802F03F025B6813F4800F12D01E4BD6
:109200005968C1F388111D480023A1FB0001F7F73D
:109210000DFC194B5B68C3F3014301335B00B0FBEA
:10922000F3F008BD144B5868C0F388104FEA401C97
:10923000BCEB000C6EEB0E0E4FEA8E1343EA9C6300
:109240004FEA8C11B1EB0C0163EB0E03DB0043EA38
:109250005173C90011EB000C43F100039902002384
:109260004FEA8C2041EA9C51F7F7E0FBD1E7034835
:10927000D7E70348D5E700BF0038024040787D01BA
:109280000024F400002800F09B8070B50D460446D1
:109290004F4B1B6803F007038B4208D2CBB24C4AFA
:1092A0001370136803F007038B4240F08B80236830
:1092B00013F0020F17D013F0040F04D0454A93683F
:1092C00043F4E0539360236813F0080F04D0414A3D
:1092D000936843F4604393603E4A936823F0F0033D
:1092E000A1680B439360236813F0010F32D06368C9
:1092F000012B21D09A1E012A25D9364A126812F074
:10930000020F61D033498A6822F0030213438B6055
:10931000FDF71EFD06462F4B9B6803F00C036268A9
:10932000B3EB820F16D0FDF713FD801B41F288339B
:109330009842F0D9032042E0264A126812F4003F16
:10934000E0D101203BE0234A126812F0007FD9D11E
:10935000012034E01E4B1B6803F00703AB4207D922
:10936000EAB21B4B1A701B6803F00703AB422DD106
:10937000236813F0040F06D0164A936823F4E053D1
:10938000E1680B439360236813F0080F07D0114A7C
:10939000936823F46043216943EAC1039360FFF7B4
:1093A0001DFF0C4B9B68C3F303130B4AD35CD840DF
:1093B0000A4B18600A4B186800F038FE002070BD98
:1093C000012070470120FAE70120F8E70120F6E7C5
:1093D000003C024000380240F8FB0008D8000020A2
:1093E000D4000020014B1868704700BFD80000204F
:1093F00008B5FFF7F7FF044B9B68C3F38223034ACA
:10940000D35CD84008BD00BF00380240F0FB000824
:1094100008B5FFF7E7FF044B9B68C3F34233034AE9
:10942000D35CD84008BD00BF00380240F0FB000804
:109430000F2303600B4B9A6802F0030242609A68A4
:1094400002F0F00282609A6802F4E052C2609B6807
:10945000DB0803F4E0530361034B1B6803F00703CD
:109460000B60704700380240003C024030B4026A92
:10947000036A23F0010303624568836923F07303E1
:109480000C681C4322F002028B6813430B4A904283
:1094900006D0456084614A684263036230BC70470D
:1094A00023F00803CA681A4322F0040325F4407528
:1094B0004A692A438D691543EBE700BF000001406C
:1094C00030B4036A026A22F4807202624468C2699C
:1094D00022F073020D68154323F400738A6843EA8F
:1094E00002230D4A904206D04460C5614A68C263B7
:1094F000036230BC704723F40063CA6843EA022366
:1095000023F4806324F440544A6944EA02148A69CB
:1095100044EA0214E8E700BF0000014030B4036AE7
:10952000026A22F4805202624468C26922F4E6426E
:109530000D6842EA052223F400538D6843EA05339F
:10954000074DA84206D04460C2614A6802640362C3
:1095500030BC704724F480444D6944EA8514F2E736
:109560000000014010B4036A046A24F0010404629C
:10957000846924F0F00C4CEA021223F00A030B4336
:10958000826103625DF8044B704710B4036A046A99
:1095900024F010040462846924F4704C4CEA023212
:1095A00023F0A00343EA0113826103625DF8044BD8
:1095B0007047836823F070030B4343F00703836015
:1095C0007047000090F83D30012B2AD1022380F82B
:1095D0003D300368154A934218D0B3F1804F15D03F
:1095E000A2F57C42934211D002F5806293420DD0E5
:1095F00002F58062934209D002F59A32934205D077
:109600001A6842F001021A60002070479A6802F05E
:109610000702062A07D01A6842F001021A600020E9
:109620007047012070470020704700BF00000140D4
:1096300090F83D30012B2FD1022380F83D30026895
:10964000D36843F00103D3600368154A934218D0EE
:10965000B3F1804F15D0A2F57C42934211D002F5B0
:10966000806293420DD002F58062934209D002F5E8
:109670009A32934205D01A6842F001021A60002023
:1096800070479A6802F00702062A07D01A6842F06B
:1096900001021A60002070470120704700207047C7
:1096A000000001407047704770477047704770472F
:1096B00070B504460368DE681D6915F0020F10D00E
:1096C00016F0020F0DD06FF002021A61012303772A
:1096D00003689B6913F0030F5ED0FFF7E6FF0023DA
:1096E000237715F0040F12D016F0040F0FD0236863
:1096F0006FF004021A610223237723689B6913F435
:10970000407F4FD02046FFF7D0FF0023237715F08E
:10971000080F12D016F0080F0FD023686FF0080260
:109720001A61042323772368DB6913F0030F40D009
:109730002046FFF7BAFF0023237715F0100F12D051
:1097400016F0100F0FD023686FF010021A61082373
:1097500023772368DB6913F4407F31D02046FFF77D
:10976000A4FF0023237715F0010F02D016F0010F9C
:109770002DD115F0800F02D016F0800F2FD115F0EB
:10978000400F02D016F0400F31D115F0200F02D05B
:1097900016F0200F33D170BDFFF786FF2046FFF78C
:1097A00085FF9CE72046FFF77FFF2046FFF77EFFFF
:1097B000ABE72046FFF778FF2046FFF777FFBAE7D1
:1097C0002046FFF771FF2046FFF770FFC9E72368C7
:1097D0006FF001021A612046FBF7B6FEC9E7236865
:1097E0006FF080021A61204600F01FFCC7E7236873
:1097F0006FF040021A612046FFF759FFC5E7236862
:109800006FF020021A61204600F00EFCC3E7000052
:109810000368294A90420ED0B0F1804F0BD0A2F5D8
:109820007C42904207D002F58062904203D002F55C
:109830008062904203D123F070034A6813431E4AAA
:1098400090421AD0B0F1804F17D0A2F57C429042DE
:1098500013D002F5806290420FD002F580629042F0
:109860000BD002F59A32904207D002F58062904206
:1098700003D002F58062904203D123F44073CA689A
:10988000134323F080034A69134303608B68C36268
:109890000B688362084B98420AD001234361036935
:1098A00013F0010F03D0036923F001030361704734
:1098B0000B690363F1E700BF0000014040B310B53E
:1098C000044690F83D30F3B1022384F83D30214640
:1098D00051F8040BFFF79CFF012384F8463084F80D
:1098E0003E3084F83F3084F8403084F8413084F8CA
:1098F000423084F8433084F8443084F8453084F8AA
:109900003D30002010BD80F83C3002F0B3F9DBE7B9
:109910000120704740B310B5044690F83D30F3B1D4
:10992000022384F83D30214651F8040BFFF770FF05
:10993000012384F8463084F83E3084F83F3084F8C0
:10994000403084F8413084F8423084F8433084F861
:10995000443084F8453084F83D30002010BD80F854
:109960003C30FFF79FFEDBE70120704740B310B5A6
:10997000044690F83D30F3B1022384F83D3021468F
:1099800051F8040BFFF744FF012384F8463084F8B4
:109990003E3084F83F3084F8403084F8413084F819
:1099A000423084F8433084F8443084F8453084F8F9
:1099B0003D30002010BD80F83C30FFF774FEDBE73F
:1099C0000120704730B4036A026A22F0100202627A
:1099D0004468826922F4E6420D6842EA052223F0D7
:1099E00020038D6843EA05130C4DA84206D044605D
:1099F00082614A688263036230BC704723F080034F
:109A0000CD6843EA051323F0400324F440644D6914
:109A100044EA85048D6944EA8504E8E700000140D2
:109A200090F83C30012B28D010B50446012380F873
:109A30003C300C2A1CD8DFE802F0071B1B1B0C1B58
:109A40001B1B111B1B1B16000068FFF70FFD0020DE
:109A50000FE00068FFF7B6FF00200AE00068FFF79C
:109A60002FFD002005E00068FFF758FD002000E012
:109A70000120002384F83C3010BD0220704738B527
:109A800090F83C30012B66D004460D46012380F847
:109A90003C300C2A5AD8DFE802F0075959591B59B3
:109AA00059593059595944000068FFF7DFFC2268C2
:109AB000936943F0080393612268936923F00403D8
:109AC00093612268936929690B43936100203EE00A
:109AD0000068FFF777FF2268936943F4006393619E
:109AE0002268936923F480639361226893692969EA
:109AF00043EA01239361002029E00068FFF7E0FCBE
:109B00002268D36943F00803D3612268D36923F044
:109B10000403D3612268D36929690B43D361002010
:109B200015E00068FFF7FAFC2268D36943F400638C
:109B3000D3612268D36923F48063D3612268D36937
:109B4000296943EA0123D361002000E001200023BA
:109B500084F83C3038BD0220FCE710B4846824F45B
:109B60007F4C42EA03220A4342EA0C0282605DF81B
:109B7000044B704790F83C30012B78D010B5044668
:109B8000012380F83C30022380F83D30026893685E
:109B900023F47F4323F0770393600B68602B4CD052
:109BA00023D8402B54D011D8202B03D00AD80BB186
:109BB000102B05D119462068FFF7FBFC002028E098
:109BC000012026E0302BF5D0012022E0502B0AD1D5
:109BD000CA6849680068FFF7C5FC50212068FFF794
:109BE000E8FC002015E0012013E0B3F5805F3AD0D7
:109BF000B3F5005F14D0702B37D1CB684A68896801
:109C00000068FFF7AAFF2268936843F07703936028
:109C10000020012384F83D30002384F83C3010BD3F
:109C2000CB684A6889680068FFF797FF22689368E5
:109C300043F4804393600020EBE7CA6849680068FA
:109C4000FFF7A3FC60212068FFF7B3FC0020E0E7EA
:109C5000CA6849680068FFF785FC40212068FFF763
:109C6000A8FC0020D5E70020D3E70120D1E702209F
:109C7000704701F01F014FF0010C0CFA01FC036A60
:109C800023EA0C030362036A8A40134303627047AA
:109C900010B50446084689BB94F83E30013B18BF16
:109CA0000123002B60D100283ED1022384F83E30EE
:109CB000012201462068FFF7DCFF23682C4A93420B
:109CC00042D023682A4A934243D0B3F1804F40D018
:109CD000A2F57C4293423CD002F58062934238D098
:109CE00002F58062934234D002F59A32934230D02A
:109CF0001A6842F001021A60002034E0042907D0FB
:109D000008290BD094F84130013B18BF0123C8E764
:109D100094F83F30013B18BF0123C2E794F840306C
:109D2000013B18BF0123BCE7042805D0082807D051
:109D3000022384F84130BBE7022384F83F30B7E7C1
:109D4000022384F84030B3E75A6C42F400425A646C
:109D5000B7E79A6802F00702062A07D01A6842F0AD
:109D600001021A60002010BD0120FCE70020FAE784
:109D70000000014010B504460846002937D194F888
:109D80003E30013B18BF0123002B40F09580002896
:109D900043D1022384F83E302268D36843F00203A3
:109DA000D360012201462068FFF763FF2368454A1C
:109DB000934271D02368434A934272D0B3F1804FEB
:109DC0006FD0A2F57C4293426BD002F58062934241
:109DD00067D002F58062934263D002F59A329342D3
:109DE0005FD01A6842F001021A60002065E0042981
:109DF00007D008290BD094F84130013B18BF01234C
:109E0000C2E794F83F30013B18BF0123BCE794F848
:109E10004030013B18BF0123B6E7042824D00828AE
:109E20002BD0022384F841300C2847D801A353F8E3
:109E300020F000BF999D0008BD9E0008BD9E00084F
:109E4000BD9E00086F9E0008BD9E0008BD9E0008D4
:109E5000BD9E0008819E0008BD9E0008BD9E0008B2
:109E6000BD9E00088D9E0008022384F83F302268C2
:109E7000D36843F00403D36093E7022384F84030AF
:109E80002268D36843F00803D3608AE72268D36866
:109E900043F01003D36084E75A6C42F400425A64E2
:109EA00088E79A6802F00702062A09D01A6842F089
:109EB00001021A60002000E0012010BD0120FCE733
:109EC0000020FAE70000014010B50446084689BBAF
:109ED00094F83E30013B18BF0123002B60D10028CD
:109EE0003ED1022384F83E30012201462068FFF76C
:109EF000C0FE23682C4A934242D023682A4A9342E8
:109F000043D0B3F1804F40D0A2F57C4293423CD085
:109F100002F58062934238D002F58062934234D0D9
:109F200002F59A32934230D01A6842F001021A6068
:109F3000002034E0042907D008290BD094F84130E0
:109F4000013B18BF0123C8E794F83F30013B18BF1D
:109F50000123C2E794F84030013B18BF0123BCE75E
:109F6000042805D0082807D0022384F84130BBE735
:109F7000022384F83F30B7E7022384F84030B3E788
:109F80005A6C42F400425A64B7E79A6802F007023A
:109F9000062A07D01A6842F001021A60002010BD9C
:109FA0000120FCE70020FAE70000014090F83C2087
:109FB000012A35D010B40346012280F83C20022249
:109FC00080F83D2002685068946820F0700C0868A2
:109FD00040EA0C0050601A681248824212D0B2F176
:109FE000804F0FD0A0F57C4082420BD000F58060FE
:109FF000824207D000F58060824203D000F59A309B
:10A00000824204D124F080044968214391600122F6
:10A0100083F83D20002083F83C005DF8044B704736
:10A0200002207047000001407047704730B589B08A
:10A030000546002401941D4B5A6C42F480225A6458
:10A040005B6C03F480230193019B02A903A8FFF733
:10A05000EFF9FFF7DDF9164AA2FB00239B0C013B49
:10A060001448154A026040F2E732C260436004615E
:10A0700084608461FFF722FC044610B1204609B0D9
:10A0800030BD0C48FFF7D4FA04460028F6D11A2058
:10A09000FDF76AFA0F2D01D90124EFE700222946C6
:10A0A0001A20FDF751FA054B1D60E7E70038024022
:10A0B00083DE1B432498002000480140D400002088
:10A0C000FEE7000090B0EFF3148313F0020F25D0E9
:10A0D000EFF309831A680F925A680E929A680D92EC
:10A0E000DA680C921A690B925A690A929A69099273
:10A0F000DA6908920B4A916A0791D16A0691516B0D
:10A100000591926B049253F8042C039253F8082C97
:10A11000029253F80C3C019300BFFEE7EFF3088373
:10A12000D8E700BF00ED00E0FEE7FEE7FEE770477E
:10A1300008B54FF48070FDF70BFF4FF40070FDF78A
:10A1400007FF08BD08B50248FFF7B2FA08BD00BF17
:10A150002498002008B502F035FA0248FFF7A8FA63
:10A1600008BD00BF009E002008B50248FDF726FB91
:10A1700008BD00BF3802002008B50248FEF727FBE3
:10A1800008BD00BF18B9002082B000230193019BD5
:10A1900001330193019BB3F1706F15D80369002B54
:10A1A000F5DA00230193036943F001030361019B86
:10A1B00001330193019BB3F1706F08D8036913F069
:10A1C000010FF4D1002000E0032002B0704703200B
:10A1D000FBE784B010B5044603A880E80E009DF8A4
:10A1E0001130012B21D1A36B23F48033A363E368E7
:10A1F00023F4840323F04003E360E36823F4401373
:10A20000E3609DF81830012B0AD02046FFF7BCFF11
:10A210009DF80E30012B1CD0BDE8104004B07047F3
:10A22000E36843F48013E360EFE7E36843F040033F
:10A23000E3602046FFF7A8FF9DF8153023B9A36B14
:10A2400043F48033A363E3E7A36B23F48033A36376
:10A25000DEE7A36843F00603A360A36843F020038E
:10A26000A360D9E7022A0AD00922C36823F47053F5
:10A27000C360C36843EA8223C36000207047234B56
:10A280000B44234A93422FD9224B0B44224A934238
:10A290002CD9A1F57403A3F51053204A934227D972
:10A2A000A1F18373A3F5E7431D4A934222D31D4BCB
:10A2B0000B441D4A93421FD91C4B0B441C4A93422A
:10A2C0001CD31C4B0B441C4A934219D3A1F1B77306
:10A2D000A3F55853194A934214D3194B0B44194A06
:10A2E000934211D20722C0E70F22BEE70E22BCE73D
:10A2F0000D22BAE70C22B8E70B22B6E70A22B4E730
:10A300000922B2E70822B0E70622AEE7405327FF52
:10A31000FF340C00401E1BFF3F420F007F4F120016
:10A3200020D6130060B6E5FE5FE3160000D3CEFE34
:10A3300040771B00C05BB3FEC09121002075380040
:10A34000E05459FEE09C4100836843F001038360C0
:10A3500000207047836823F001038360002070476A
:10A3600082B000230193019B01330193019BB3F160
:10A37000706F15D80369002BF5DA0023019389016A
:10A3800041F020010161019B01330193019BB3F175
:10A39000706F08D8036913F0200FF4D1002000E09B
:10A3A000032002B070470320FBE782B00023019333
:10A3B000019B01330193019BB3F1706F13D80369C3
:10A3C000002BF5DA0023019310230361019B013375
:10A3D0000193019BB3F1706F08D8036913F0100F5C
:10A3E000F4D1002000E0032002B070470320FBE717
:10A3F000D0F800381943C0F800180020704700005A
:10A4000084B0F8B5044607A880E80E00002306E0F3
:10A4100003F1400204EB82020021516001330E2B54
:10A42000F6D99DF8266006BBD4F8043843F0020341
:10A43000C4F80438A36B43F40013A363A36B23F4A1
:10A440000023A363A36B23F48023A3630023C4F836
:10A45000003E9DF82130012B15D19DF81F306BB9BE
:10A4600000212046FFF7C4FF11E0A36B23F4001383
:10A47000A363A36B43F40023A363E7E70121204612
:10A48000FFF7B6FF03E003212046FFF7B1FF1021DD
:10A490002046FFF765FF054600B101252046FFF77E
:10A4A00084FF00B1012504F5006C0023CCF81030C6
:10A4B000CCF81430CCF81C300DE04FF09040C2F8CE
:10A4C000000902E00020C2F8000900220A614FF6EC
:10A4D0007F328A6001339DF81C1099420ED904EB3B
:10A4E000431202F51061D2F800090028EADA002BC5
:10A4F000E3D14FF00060C2F80009E6E700230AE06C
:10A50000BBB14FF09047C2F8007B002202614FF6CA
:10A510007F3282600133994210D904EB431202F575
:10A520003060D2F8007B002FEADB0027C2F8007B06
:10A53000EBE74FF00067C2F8007BE6E7DCF810308D
:10A5400023F48073CCF810300023A3616FF08043B4
:10A5500063619DF81E301BB9A36943F01003A3612A
:10A56000A2690C4B1343A3619DF822301BB1A36970
:10A5700043F00803A361012E04D02846BDE8F8404B
:10A5800004B07047A36943F0804343F00403A36120
:10A59000F3E700BF00383C80D0F8083803F006032A
:10A5A000022B04D0062B04D02BB9002070470220C8
:10A5B0007047022070470F20704710B591F800C017
:10A5C0004B78012B23D000F5006ED0F81C380CF02E
:10A5D0000F040122A24043EA0243C0F81C3800EBFA
:10A5E0004C10D0F8003B13F4004F0ED1D0F8003BD4
:10A5F0008A68C2F30A02097942EA8142134343F0AE
:10A60000805343F40043C0F8003B002010BDD0F855
:10A610001C280CF00F0E03FA0EF39BB21343C0F884
:10A620001C3800EB4C10D0F8003913F4004FECD17B
:10A63000D0F800398A68C2F30A02097942EA8142F5
:10A6400042EA8C52134343F0805343F40043C0F872
:10A650000039DAE730B40B784A78012A26D000EBCB
:10A660004313D3F8002B002A52DBD0F83C480A7879
:10A6700002F00F024FF0010C0CFA02F224EA02423F
:10A68000C0F83C28D0F81C28097801F00F010CFA1A
:10A6900001FC22EA0C42C0F81C28D3F8001B234A14
:10A6A0000A40C3F8002B002030BC704700EB431376
:10A6B000D3F80029002A1EDBD0F83C580A7802F0B3
:10A6C0000F02012404FA02F292B225EA0202C0F853
:10A6D0003C28D0F81C28097801F00F018C40A4B266
:10A6E00022EA0402C0F81C28D3F80019104A0A40D4
:10A6F000C3F80029D7E7D3F8002942F00062C3F875
:10A700000029D3F8002942F08042C3F80029D3E79A
:10A71000D3F8002B42F00062C3F8002BD3F8002BD3
:10A7200042F08042C3F8002B9FE700BF0078F3EFB0
:10A73000007833EC10B483B00246002301934878CC
:10A7400001280BD00B7802EB4313D3F8000B002841
:10A750002DDB002003B05DF8044B70470B7802EB53
:10A760004313D3F80049002C01DB0020F2E7D3F8B3
:10A77000004944F00064C3F800490B7802EB43132E
:10A78000D3F8004944F08044C3F80049019B0133E9
:10A790000193019C42F210739C42DBD80B7802EBD0
:10A7A0004313D3F80039002BF0DB0020D2E7D3F8B5
:10A7B000000B40F00060C3F8000B0B7802EB431372
:10A7C000D3F8000B40F08040C3F8000B019B01332D
:10A7D0000193019842F21073984208D80B7802EB6B
:10A7E0004313D3F8003B002BF0DB0020B2E701203D
:10A7F000B0E710B59DF8084084B903334FEA930ED3
:10A800004FF0000C08E000EB023303F5805351F8E1
:10A81000044B1C600CF1010CF445F4D3002010BD76
:10A82000F0B583B00C784B78012B2DD000EB441C95
:10A830000CF530631D696FF312051D611D696FF31F
:10A84000DC451D61002C40F0CE800C690CB18C6899
:10A850000C618C680C621D69C4F312042C431C61EA
:10A860001C6944F400241C61012A00F0DF800B798C
:10A87000012B00F0E180DCF8003B43F00443CCF80E
:10A88000003B002003B0F0BD0B6973BB00EB441329
:10A89000D3F810596FF3DC45C3F81059D3F81059A9
:10A8A00045F40025C3F81059D3F810596FF3120579
:10A8B000C3F81059012A54D000EB4414D4F80039DD
:10A8C00043F00443C4F800390B79012B72D00B69B3
:10A8D000002BD6D0D0F83438097801F00F010122CE
:10A8E0008A401343C0F83438CBE700EB441303F538
:10A8F00010631D696FF312051D611D696FF3DC455F
:10A900001D6184B90E698D68AE4200D90D611D6963
:10A9100045F400251D611D690E69C6F3120C45EA58
:10A920000C051D61C6E70D698E683544013DB5FB18
:10A93000F6F51E691FFA85FC494F07EAC545354300
:10A940001D610D79012DE6D11D6925F0C0451D6100
:10A950001D694FEA4C7C0CF0C04C45EA0C051D61AA
:10A96000D9E7CB691BB100EB4412C2F814390B795B
:10A97000012B08D000EB4414D4F8003943F0044311
:10A98000C4F800397DE7D0F8083813F4807F08D187
:10A9900000EB4412D2F8003943F00053C2F80039FA
:10A9A000E8E700EB4412D2F8003943F08053C2F8D4
:10A9B0000039DFE7D0F8083813F4807F0CD1D4F8E1
:10A9C000003943F00053C4F8003900920B8A0A782A
:10A9D000C968FFF70EFF54E7D4F8003943F08053FD
:10A9E000C4F80039F1E70C6954B91C698D68C5F3E6
:10A9F00012052C431C611C6944F400241C6133E7DC
:10AA00008D682C44013CB4FBF5F4A4B204FB05F5BD
:10AA10000D621D69124E06EAC4442C431C611C6978
:10AA20000D6AC5F312052C431C611DE7CA68002A94
:10AA30003FF41DAF5A611AE7D0F8083813F4807F4D
:10AA400006D1DCF8003B43F00053CCF8003B12E7A2
:10AA5000DCF8003B43F08053CCF8003B0BE700BF31
:10AA60000000F81F10B5844608464FEA920E02F027
:10AA70000302002305E00CF58051096840F8041B2F
:10AA800001337345F7D37AB10CF5805CDCF80040F4
:10AA90000021CBB2DB0024FA03F300F8013B0131C3
:10AAA000013A92B2002AF4D110BD0B784A78012AFB
:10AAB00014D000EB4310D0F8002B002A06DB2BB19A
:10AAC000D0F8003B23F08043C0F8003BD0F8003BB7
:10AAD00043F40013C0F8003B0020704700EB431024
:10AAE000D0F80029002A06DB2BB1D0F8003923F07A
:10AAF0008043C0F80039D0F8003943F40013C0F89F
:10AB00000039E9E70B784A78012A0ED000EB4310B0
:10AB1000D0F8003B23F40013C0F8003B0B79023B54
:10AB2000DBB2012B15D90020704700EB4310D0F8A1
:10AB3000003923F40013C0F800390B79023BDBB273
:10AB4000012BF0D8D0F8003943F08053C0F8003919
:10AB5000E9E7D0F8003B43F08053C0F8003BE2E760
:10AB6000D0F8003823F4FE63C0F80038D0F800387D
:10AB7000090101F4FE610B43C0F800380020704762
:10AB8000D0F8003E23F00303C0F8003ED0F80438AC
:10AB900023F00203C0F8043800207047D0F8003ECC
:10ABA00023F00303C0F8003ED0F8043843F002035A
:10ABB000C0F804380020704742698069104070472F
:10ABC000D0F8183800F50060C0691840000C7047D4
:10ABD000D0F8183800F50060C069184080B270479E
:10ABE00000EB4111D1F8082B00F5006040691040DE
:10ABF0007047D0F81028D0F8343801F00F0C23FA41
:10AC00000CF3DB01DBB2134300EB411000F51060E5
:10AC1000806818407047406900F00100704738B5FF
:10AC20000546C36823F0C043C360012913D019BB94
:10AC3000C36843F08043C36000240A20FCF78EF809
:10AC40000A342846FFF7E7FF08B1C72CF5D9C82C0E
:10AC500014D0002038BDC36843F00053C360002403
:10AC60000A20FCF77BF80A342846FFF7D4FF0128B6
:10AC7000EDD0C72CF4D9EAE70120EBE70120E9E7A2
:10AC8000D0F800396FF30A03C0F80039D0F804385F
:10AC900043F48073C0F804380020704710B4046C8B
:10ACA000154B9C4203D9D0F8003B002B16DB002447
:10ACB000C0F8104BD0F8104B44F40024C0F8104BEF
:10ACC000D0F8104B44F01804C0F8104BD0F8104BDB
:10ACD00044F0C044C0F8104B012903D000205DF8B7
:10ACE000044B7047C0F8142BD0F8003B43F080238E
:10ACF000C0F8003BF2E700BF0A30544F10B50346DE
:10AD00000C4A0D490D48006840B10C4800680344E6
:10AD1000521A934206D8094A136010BD0748084CDE
:10AD20000460F2E703F08CFB0C2303604FF0FF306C
:10AD3000F3E700BF00000120000400006C98002031
:10AD400048C10020034AD2F8883043F47003C2F8A7
:10AD50008830704700ED00E000B500F58063D3ED6A
:10AD6000006AF4EEC06AF1EE10FA0ADC00F23C432D
:10AD7000D3ED006AF4EEC06AF1EE10FA01D4F0EE01
:10AD8000406A00F5886393ED007AB4EEE07AF1EE64
:10AD900010FA0ADC00F27C4393ED007AB4EEE07A1C
:10ADA000F1EE10FA01D4B0EE607A002301E0013335
:10ADB000DBB20E2B0AD803F2011200EB8202D2EDB5
:10ADC000007AF4EEE67AF1EE10FAF0D90E2B14D8F0
:10ADD00003F1010C5FFA8CFC00220E2A0FD802F25C
:10ADE000111100EB8101D1ED007AF4EEC77AF1EE9A
:10ADF00010FA04D80132D2B2EFE79C46ECE70E2AF3
:10AE000002D8511CC9B200E0114603F5807E00EB68
:10AE10008E0E9EED004A0CF5807E00EB8E0E9EEDB0
:10AE2000005A02F5887E00EB8E0EDEED004A01F539
:10AE3000887E00EB8E0E9EED006A02EB031E00EB97
:10AE40008E0EDEED007A02EB0C1200EB8202D2EDE8
:10AE5000005A01EB031300EB830393ED003A01EB7F
:10AE60000C1100EB8100D0ED003AB4EE454AF1EE52
:10AE700010FA06D076EEC46A35EE445A86EE850A9C
:10AE800001E09FED170AF4EE464AF1EE10FA06D003
:10AE900037EE647A76EE646A87EE266A01E09FED0B
:10AEA000106AB7EE007A77EE406A66EEA77A37EE60
:10AEB000467A67EE877A60EE255A27EE257A77EE96
:10AEC000877A66EE836A66EE866A77EEA67A20EE69
:10AED000230A20EE060A37EE800A5DF804FB00BF65
:10AEE00000000000F0EE407A90ED107AB4EEC07AE7
:10AEF000F1EE10FA09DC90ED1F0AB4EEE70AF1EE6C
:10AF000010FA01D49FED020A704790ED000A7047D5
:10AF10000000C07F084B1B681B6823B9074B4FF02C
:10AF2000FF321A607047044B1B68DB68DB685A68A5
:10AF3000024B1A60704700BFE0980020789800200C
:10AF40002DE9F04780460D4617469946089EDDF8E4
:10AF500024A00A9C9200A521206B03F069FA236BC0
:10AF600007F18042013A03EB820727F00707A5B3F8
:10AF70004FF0000CBCF10F0F09D815F80C3004EBA2
:10AF80000C0282F8343013B10CF1010CF2E700230B
:10AF900084F84330372E00D93726E662E664002570
:10AFA0002565201DFAF795FA04F11800FAF791FAD1
:10AFB0002461C6F13806A6616462656584F858505C
:10AFC0004A4641463846FAF76BFC2060BAF1000F5A
:10AFD00001D0CAF80040BDE8F087002384F834307F
:10AFE000D8E7000038B5002407E004EB84029300A2
:10AFF0000E481844FAF762FA0134372CF5D90C4D93
:10B000002846FAF75BFA0B4C2046FAF757FA0A483B
:10B01000FAF754FA0948FAF751FA0948FAF74EFADA
:10B02000084B1D60084B1C6038BD00BF0C99002008
:10B03000F8980020E4980020C8980020B4980020D8
:10B040009C980020E0980020DC98002010B5044671
:10B05000FAF750FC224A136801331360214B1B6836
:10B060005BB1214B1B686BB91E4B1B68DA6AE36A44
:10B070009A4207D81B4B1C6004E01A4B1C601368F3
:10B08000012B29D0194A1368013313606364E06A05
:10B09000174B1B68984201D9154B186000EB8000D4
:10B0A000211D144B03EB8000FAF716FAFAF744FC63
:10B0B0000D4B1B687BB10B4B1B68DA6AE36A9A4243
:10B0C00009D24FF0E0234FF08052C3F8042DBFF3B4
:10B0D0004F8FBFF36F8F10BDFFF784FFD2E700BF24
:10B0E000989800206C9D00208C9800207C9800206F
:10B0F000909800200C99002010B5044690F8593023
:10B1000063B1012B11D0022B0ED04FF0500383F30B
:10B110001188BFF36F8FBFF34F8FFEE7006BF9F716
:10B1200065F92046F9F762F910BDF9F75FF9FBE719
:10B130000F4B1B68D3B110B5FAF7DCFB0D4BDB6886
:10B14000DC68201DFAF7ECF90B4A1368013B136029
:10B15000074A1368013B1360FAF7EEFB2046FFF73E
:10B16000CBFF034B1B68002BE6D110BD704700BF1F
:10B17000B0980020B49800209898002008B5FFF7F8
:10B18000D7FF074B1B68012BF9D94FF0E0234FF095
:10B190008052C3F8042DBFF34F8FBFF36F8FEEE7DC
:10B1A0000C99002070B504460D46174B1E68174BCE
:10B1B00018680430FAF7B4F9B4F1FF3F0DD0344405
:10B1C000124B1B685C60A64210D9114B18680F4BDC
:10B1D00019680431FAF78BF970BD002DEFD00B4BD5
:10B1E000196804310B48FAF777F9F5E70A4B186844
:10B1F000064B19680431FAF77AF9084B1B68A34229
:10B20000EAD9064B1C60E7E7949800206C9D00206B
:10B21000DC9800209C980020E0980020789800207E
:10B2200030B587B00B9C7CB10C9DB5B15C25049505
:10B23000049D5C2D1AD04FF0500383F31188BFF3A7
:10B240006F8FBFF34F8FFEE74FF0500383F31188EA
:10B25000BFF36F8FBFF34F8FFEE74FF0500383F3C1
:10B260001188BFF36F8FBFF34F8FFEE7049D0C9DD6
:10B270002C63022485F8594000240394029505AC00
:10B2800001940A9C0094FFF75BFE0C98FFF7DEFE2A
:10B29000059807B030BD2DE9F04385B007468846D4
:10B2A00014461E469000F9F71FF808B381465C204B
:10B2B000F9F71AF80546A8B1C0F83090002380F8D5
:10B2C0005930039302900D9B01930C9B00933346DE
:10B2D000224641463846FFF733FE2846FFF7B6FEC2
:10B2E000012007E04846F9F781F84FF0FF3001E010
:10B2F0004FF0FF3005B0BDE8F083000010B588B016
:10B3000000240594069407AA06A905A8F6F766F88E
:10B31000059B0293069B019300942346079A1749C5
:10B320001748FFF77DFF174B1860C0B100F018FEFB
:10B33000012815D14FF0500383F31188BFF36F8FAD
:10B34000BFF34F8F104B4FF0FF321A600F4B0122AB
:10B350001A600F4B00221A60FAF766FB03E0002028
:10B36000B0F1FF3F01D008B010BD4FF0500383F3A0
:10B370001188BFF36F8FBFF34F8FFEE77CF9000892
:10B380007DB1000874980020789800208C980020E7
:10B3900094980020024A136801331360704700BF7D
:10B3A00070980020014B1868704700BF94980020E7
:10B3B000F8B53A4B1B68002B69D1394B1D68013534
:10B3C0001D60C5B9374B1B681B6843B14FF0500374
:10B3D00083F31188BFF36F8FBFF34F8FFEE7314ABE
:10B3E0001168314B186810601960304A13680133D6
:10B3F0001360FFF78FFD2E4B1B68AB423DD9002732
:10B400002C4B1B68DB6A03EB83039A002A4B9B5887
:10B41000012B00D90127294B1B68002B3CD00127A9
:10B420003AE001271F4B1B681B6843B31D4B1B6889
:10B43000DB68DC6863689D4226D3261D3046FAF738
:10B440006FF8A36A1BB104F11800FAF769F8E36A10
:10B450001B4A1268934201D9194A136003EB830314
:10B460009A00314614481044FAF736F8E26A114B54
:10B470001B68DB6A9A42D4D2D4E70027D2E70C4B90
:10B480004FF0FF321A60BBE7094A1360B8E70D4A74
:10B4900013680133136000273846F8BD7098002008
:10B4A00094980020E0980020DC98002080980020EC
:10B4B000789800206C9D00200C9900208498002032
:10B4C000909800208898002038B5354B1B6843B908
:10B4D0004FF0500383F31188BFF36F8FBFF34F8F8B
:10B4E000FEE7FAF707FA2E4B1A68013A1A601B6852
:10B4F000002B4FD12B4B1B680BB900244BE00024D1
:10B50000294B1B681BB3284BDB68DC6804F118006F
:10B51000FAF706F8251D2846FAF702F8E06A234BE9
:10B520001B68984201D9214B186000EB8000294626
:10B530001F4B03EB8000F9F7CFFFE26A1D4B1B683E
:10B54000DB6A9A42DCD31C4B01221A60D8E70CB1AB
:10B55000FFF7E0FC194B1C6884B9174B1C68D4B189
:10B560004FF0E0234FF08052C3F8042DBFF34F8F0C
:10B57000BFF36F8F01240EE0013C07D0FFF718FFE7
:10B580000028F9D00C4B01221A60F5E70B4B002282
:10B590001A60E2E70024FAF7CFF9204638BD00BF71
:10B5A0007098002098980020C8980020909800205B
:10B5B0000C9900206C9D0020849800208898002021
:10B5C00010B5A8B10446104B1B6843B14FF05003AF
:10B5D00083F31188BFF36F8FBFF34F8FFEE7FFF741
:10B5E000D9FE00212046FFF7DDFDFFF76DFF48B9CA
:10B5F0004FF0E0234FF08052C3F8042DBFF34F8F7C
:10B60000BFF36F8F10BD00BF70980020204B1B68E8
:10B610001BB1204B01221A6070471E4B00221A609A
:10B620001D4B1B6803EB83018A001C498A585AB9D9
:10B630000BB1013BF6E74FF0500383F31188BFF3E2
:10B640006F8FBFF34F8FFEE7084603EB83018A003D
:10B65000024451684968516003EB830C4FEA8C0245
:10B660000832024491420BD003EB830291000B4A53
:10B670000A445268D1680A4A1160074A1360704749
:10B68000486862469100054A0A445060ECE700BFF2
:10B690007098002084980020909800200C99002039
:10B6A0006C9D002058B110B50C46094A116818313C
:10B6B000F9F71DFF01212046FFF774FD10BD4FF083
:10B6C000500383F31188BFF36F8FBFF34F8FFEE7F3
:10B6D0006C9D002070B110B514460246114B1B68DA
:10B6E0008BB94FF0500383F31188BFF36F8FBFF313
:10B6F0004F8FFEE74FF0500383F31188BFF36F8F36
:10B70000BFF34F8FFEE7084B186841F0004181619D
:10B71000196818311046F9F7DFFE01212046FFF7BE
:10B7200041FD10BD709800206C9D002038B570B1AF
:10B730000D4614460A4A11681831F9F7CDFE0CB1CE
:10B740004FF0FF3521462846FFF72CFD38BD4FF05E
:10B75000500383F31188BFF36F8FBFF34F8FFEE762
:10B760006C9D002038B5C368DC6824B304F118056B
:10B770002846F9F7D5FE184B1B682BBB251D28461C
:10B78000F9F7CEFEE06A154B1B68984201D9134BBE
:10B79000186000EB80002946114B03EB8000F9F79D
:10B7A0009BFEE26A0F4B1B68DB6A9A4211D90120AB
:10B7B0000D4B186038BD4FF0500383F31188BFF371
:10B7C0006F8FBFF34F8FFEE729460848F9F784FED5
:10B7D000E7E70020EEE700BF709800209098002077
:10B7E0000C9900206C9D002084980020C8980020AF
:10B7F00038B51C4B1B6843B94FF0500383F31188D5
:10B80000BFF36F8FBFF34F8FFEE741F00041016040
:10B81000C468F4B1F9F784FE251D2846F9F780FEC7
:10B82000E06A114B1B68984201D90F4B186000EB7E
:10B83000800029460D4B03EB8000F9F74DFEE26ACC
:10B840000B4B1B68DB6A9A4202D90A4B01221A6031
:10B8500038BD4FF0500383F31188BFF36F8FBFF3F0
:10B860004F8FFEE770980020909800200C990020E0
:10B870006C9D002084980020034B1B680360034BE1
:10B880001B684360704700BF809800209498002098
:10B89000E0B170B50C46054609B3FAF72BF81C4B1E
:10B8A00019686B68C81A2268B2F1FF3F28D0DFF828
:10B8B00064C0DCF800C02E68664501D08B4224D9F4
:10B8C000824215D80023236001241AE04FF0500370
:10B8D00083F31188BFF36F8FBFF34F8FFEE74FF0F5
:10B8E000500383F31188BFF36F8FBFF34F8FFEE7D1
:10B8F0005B1A134423602846FFF7BEFF002400E0D4
:10B900000024FAF719F8204670BD0124F9E700BFBA
:10B910009498002080980020014B01221A60704703
:10B9200084980020054B1B6833B1054B1B680BB195
:10B930000020704702207047012070478C9800203B
:10B940007098002000283BD038B504461E4B1B6879
:10B95000834208D04FF0500383F31188BFF36F8FF9
:10B96000BFF34F8FFEE7036D43B94FF0500383F3EE
:10B970001188BFF36F8FBFF34F8FFEE7013B036565
:10B98000C16AC26C91421DD00BB1002038BD051DAB
:10B990002846F9F7C5FDE06CE062C0F13803A36109
:10B9A0000A4B1B68984201D9084B186000EB8000D5
:10B9B0002946074B03EB8000F9F78EFD0120E5E7F0
:10B9C000002070470020E1E76C9D00209098002047
:10B9D0000C990020044A136898691368DB6A12689E
:10B9E000C3F13803936170476C9D002084B010B59B
:10B9F0002DED028B0DF1140C8CE80E00002860D0A8
:10BA000004469DED080A03F0C3F9F0EE408A9DED6F
:10BA1000090A03F0BDF9B0EE408A9DED0A0A03F071
:10BA2000B7F99FED2A6ADDED057A77EE867AF7EEB3
:10BA3000005AC5EEA76ADDED067A77EE867A85EEC6
:10BA4000A77ADDED077A77EE867A85EEA76A37EE7C
:10BA5000667A78EE685AC7EE257A36EE666A70EE38
:10BA6000685A86EE257A37EE677A30EE486AC7EE76
:10BA7000065A38EE887A37EE007A85EE876A84EDCA
:10BA8000056A68EEA85A28EE887A35EE877A28EE9D
:10BA9000088A37EE087A26EE077A77EEC77AC4ED81
:10BAA000047A26EE256A77EE867A27EEA80A76EEE5
:10BAB000C06AC4ED036ABDEC028BBDE8104004B05F
:10BAC00070470348F7F772FDF5E700BF33938843EB
:10BAD00084F9000810B50446FAF7B8FC03F058F9E9
:10BAE00060EE006A66EE806AD4ED037A94ED047A23
:10BAF00027EE007A77EE877A94ED057A27EE267A9C
:10BB000077EE877AB7EE007A87EE270ADFED027AC2
:10BB100030EE670A10BD00BF3393884300B58FB085
:10BB200000230A930B930C930D93089309930193AD
:10BB30000293039304930593069307931F484FF0D2
:10BB4000804202605322426083604FF0FF32C26045
:10BB500003618361FDF7B2FE00BB4FF480530A938B
:10BB60000AA91648FEF706F8D8B91448FDF7D2FE20
:10BB7000D0B900230893099308A91048FEF716FAD4
:10BB8000A8B90022019202920392059201A90B48E2
:10BB9000FDF746FF70B90FB05DF804FBF9F7E0FC64
:10BBA000DBE7F9F7DDFCE0E7F9F7DAFCE1E7F9F7C5
:10BBB000D7FCE6E7F9F7D4FCEDE700BF009E0020D4
:10BBC00000B58FB000230A930B930C930D93089349
:10BBD00009930193029303930493059306930793A8
:10BBE0002248234A02603F22426083604FF0FF32C6
:10BBF000C26003618361FDF761FE40BB4FF4805377
:10BC00000A930AA91948FDF7B5FF18BB1748FDF7B5
:10BC100081FE10BB402308930023099308A9134811
:10BC2000FEF7C4F9E0B93023019300220292039297
:10BC3000059201A90D48FDF7F3FEA0B90B4B1A6858
:10BC4000936943F0080393610FB05DF804FBF9F7C3
:10BC500087FCD3E7F9F784FCD8E7F9F781FCD9E74B
:10BC6000F9F77EFCDFE7F9F77BFCE7E7709D002042
:10BC7000000C004000B585B00368B3F1804F08D0D8
:10BC80001B4A93421AD01B4A934224D005B05DF858
:10BC900004FB0022019203F50E33196C41F00101FF
:10BCA00019641B6C03F001030193019B06211C2006
:10BCB000FBF74AFC1C20FBF757FCE7E70023029345
:10BCC0000D4B1A6C42F002021A641B6C03F0020363
:10BCD0000293029BDAE700230393074B1A6C42F0AE
:10BCE00008021A641B6C03F008030393039BCDE75F
:10BCF00000040040000C00400038024000B587B04E
:10BD000000230193029303930493059302680E4B5F
:10BD10009A4202D007B05DF804FB002300930B4B5E
:10BD20001A6B42F004021A631B6B03F004030093C6
:10BD3000009B4FF47073019302230293059301A9B2
:10BD40000348FCF70BF8E5E7000400400038024028
:10BD50000008024000B58FB000230A930B930C93A8
:10BD60000D9308930993019302930393049305930E
:10BD7000069307932F48304A0260436083604FF672
:10BD8000FF72C26003618361FDF798FD002839D11D
:10BD90004FF480530A930AA92648FDF7EBFE0028CA
:10BDA00033D12448FDF7E2FD002831D10023089368
:10BDB000099308A91F48FEF7F9F860BB60230193B7
:10BDC000002202920392059201A91A48FDF757FE3C
:10BDD00020BB04220DEB02011648FDF750FE00BB0C
:10BDE000082201A91348FDF74AFEE8B90C2201A96F
:10BDF0001048FDF744FED0B90E48FFF77FFF0FB0A3
:10BE00005DF804FBF9F7ACFBC2E7F9F7A9FBC8E75B
:10BE1000F9F7A6FBCAE7F9F7A3FBCFE7F9F7A0FB11
:10BE2000D7E7F9F79DFBDBE7F9F79AFBDEE7F9F7D0
:10BE300097FBE1E7B89D002000040040064B1A681C
:10BE400013682BB90123036023B9D36818687047BE
:10BE50000023F8E700207047489F002008B54160A4
:10BE6000006191420CD8D21A83699A4201D3012011
:10BE700008BD011D094B1868F9F739FB0020F7E7E9
:10BE80009A4201D2994206D2011D054B1868F9F772
:10BE90002EFB0020ECE70120EAE700BF449F0020D2
:10BEA000489F002030B583B0F9F724FD114B1B6883
:10BEB0001BB1F9F741FD03B030BD0F4D2846F9F72E
:10BEC000FDFA0E4C2046F9F7F9FA0D4B1D600D4BAB
:10BED0001C60002300930C4B0C4A10210A20F9F738
:10BEE000CAFF044B18600028E3D00949FAF762FA48
:10BEF000DFE700BF409F0020609F00204C9F002094
:10BF0000489F0020449F0020489E0020989E0020CB
:10BF10009CF900082DE9F041079F41B94FF050030B
:10BF200083F31188BFF36F8FBFF34F8FFEE7064691
:10BF300014461D4688468FB1FFF7B4FF3E60C7F830
:10BF40001880FD61069B3B62381DF9F7C2FA2CB1DF
:10BF500097F8283043F0040387F82830BDE8F081D3
:10BF600010B588B0FFF79EFF124B1B68CBB10024C1
:10BF70000594069407AA06A905A8F5F73BFA059BC0
:10BF80000293069B0193022300932346079A0A49D2
:10BF90000A48FFF745F90A4B186010B1012008B0B4
:10BFA00010BD4FF0500383F31188BFF36F8FBFF3C1
:10BFB0004F8FFEE7409F0020A4F9000851C30008FE
:10BFC0003C9F00202DE9F04182B004468846174688
:10BFD0001D462C20F8F788F9064658B1002380F852
:10BFE00028300190089B00932B463A464146204654
:10BFF000FFF790FF304602B0BDE8F08110B584B085
:10C0000084462C20039003982C2808D04FF050032E
:10C0100083F31188BFF36F8FBFF34F8FFEE7039851
:10C02000079860B10220079C84F8280001940698C4
:10C0300000906046FFF76EFF079804B010BD4FF008
:10C04000500383F31188BFF36F8FBFF34F8FFEE769
:10C05000B8B19C4603461848006858B300B585B08F
:10C0600000910192029305291CDCFFF75BFC02287A
:10C0700010D000231A4669460F480068F9F769FF97
:10C0800015E04FF0500383F31188BFF36F8FBFF3B8
:10C090004F8FFEE70023069A694607480068F9F7C4
:10C0A00058FF04E0002362466946FAF716F805B027
:10C0B0005DF804FB00207047409F002070B582B0FF
:10C0C0001B4B1B681A6862B3DB681E68DC68251DA1
:10C0D0002846F9F725FA236A2046984794F828302D
:10C0E00013F0040FECD0A36933449E4207D263607F
:10C0F000246129460E4B1868F9F7F9F9E0E70021A9
:10C1000000910B4632462046FFF7A2FF0028D7D108
:10C110004FF0500383F31188BFF36F8FBFF34F8F3E
:10C12000FEE7044A106802490860136002B070BD5F
:10C13000489F0020449F002038B50546FFF732F99C
:10C140000446074B1B68834205D800232B60044B31
:10C150001C60204638BDFFF7B1FF01232B60F6E7D6
:10C16000389F002070B582B006460D461749096811
:10C17000C968CC68201DF9F7D3F994F828C01CF0E1
:10C18000040F08D12CF0010C84F828C0236A204643
:10C19000984702B070BDA16933462A463144204613
:10C1A000FFF75CFE0028F1D0002100910B463246DB
:10C1B0002046FFF74DFF0028E8D14FF0500383F3EE
:10C1C0001188BFF36F8FBFF34F8FFEE7489F0020AA
:10C1D00070B582B006460C46FFF7DCF801A8FFF701
:10C1E000ABFF019B33BB0546E4B9B04213D22246F4
:10C1F000711B124B1868FAF7F1F8FFF765F9D8B917
:10C200004FF0E0234FF08052C3F8042DBFF34F8F5F
:10C21000BFF36F8F10E0FFF757F929463046FFF75D
:10C22000A1FF09E0064A126812680AB90124DEE794
:10C230001C46DCE7FFF748F902B070BD409F0020C4
:10C24000449F002010B588B002E0049B002B0FDA59
:10C25000002204A93D4B1868F9F7A6FF002872D008
:10C26000049B002BF1DA07990698059B9847ECE7A9
:10C27000069C636913B1201DF9F752F903A8FFF773
:10C280005BFF0246049B092BE2D8DFE803F00505BB
:10C29000052F364E05052F3694F8283043F001035C
:10C2A00084F82830059BA16919442046FFF7D6FD84
:10C2B0000028CDD0236A2046984794F8283013F000
:10C2C000040FC5D0A269002100910B4605980244D5
:10C2D0002046FFF7BDFE0028BAD14FF0500383F38C
:10C2E0001188BFF36F8FBFF34F8FFEE794F82830AC
:10C2F00023F0010384F82830AAE794F8283043F0AB
:10C30000010384F828300599A16129B1034601444D
:10C310002046FFF7A3FD9BE74FF0500383F31188FE
:10C32000BFF36F8FBFF34F8FFEE794F8283013F001
:10C33000020F04D023F0010384F8283088E7204658
:10C34000F8F754F884E708B010BD00BF409F002004
:10C3500000B583B001A8FFF771FD0199FFF738FF21
:10C36000FFF770FFF6E740B110B50446F9F7C2FADF
:10C37000E469F9F7E1FA204610BD4FF0500383F36A
:10C380001188BFF36F8FBFF34F8FFEE710B584B0F6
:10C3900014461A466FF00103009301900291039432
:10C3A0000023694602480068F9F797FE04B010BD03
:10C3B000409F00200020632819DC00EB80039A00D6
:10C3C0000C4B13445B7C0BB10130F4E7094B134475
:10C3D0005B8A9BB201339BB203B9012300EB80025D
:10C3E0009100044A0A4453820123537470474FF06A
:10C3F000FF307047749F0020F0B4234B1D68002D60
:10C4000039D02E68706A00236FF0004C1F461C461E
:10C4100007E003EB8304A1001C4C675894460124F9
:10C420000133632B29DC03EB83029100174A0A4492
:10C43000527C012AF4D103EB83018A0013498A5804
:10C44000121A04D4002CE4D09445E9DDE1E703EBB3
:10C4500083039A000D4B9F5877632A68D36843F093
:10C460000203D3602A68536ADB1B002B03DB53698A
:10C4700043F002035361F0BC7047002CECD1F36829
:10C4800023F00203F360F6E744A70020749F002026
:10C49000002837D038B51C4C2060FCF7A3FF1B4B9D
:10C4A000A3FB00239B0C22681168013B8B6211687F
:10C4B0004B6943F001034B61136800245C62EFF3A6
:10C4C000108572B64FF4FA622146114801F0B0FFB0
:10C4D000214608E001EB81020D4B03EB82030022B1
:10C4E0005A745A8201316329F4DD15F0010F00D12D
:10C4F00062B6054C2068FDF79BF800212068FDF727
:10C5000039FC38BD704700BF44A7002083DE1B43C1
:10C51000749F0020034B1B6813B11B68586A704757
:10C520000020704744A7002008B5FFF7F3FF024B37
:10C53000A3FB0030800908BDD34D62102DE9F04106
:10C5400071B3074615468846184B1B6853B3EFF383
:10C55000108672B6FFF72EFF041E1BDB144A04EB95
:10C560008403990002EB83035750C3F8088000222C
:10C570005A60DD6001221A745B8A9BB203B91346CC
:10C58000A4B244EA0344FFF737FF16F0010F0AD1C3
:10C5900062B608E016F0010F00D162B6002402E096
:10C5A000002400E000242046BDE8F08144A70020DC
:10C5B000749F002008B5FFF7C1FF003818BF0120A5
:10C5C00008BD00002B4B1B68002B52D01B681A695A
:10C5D00012F0020F4DD070B51A6922F002021A61F2
:10C5E000EFF3108572B6234B1B681B685E6A00244C
:10C5F00010E002B19047EFF3108572B604EB8403AC
:10C600009A001D4B134400225A74DA605A609A60F3
:10C610001A740134632C25DC04EB84039A00164B56
:10C6200013445B7C012BF4D104EB84029300124A87
:10C63000D358F31A002BECDB04EB84039A000E4B67
:10C64000134402225A745A689968D8681B7CDBB27A
:10C6500015F0010F00D162B6002BCAD00029CAD054
:10C660008847C8E7FFF7C8FE15F0010F00D162B692
:10C6700070BD704744A70020749F002018B108B512
:10C68000F9F703F808BD704768B110B50446FFF725
:10C6900041FF224604496430FFF78CFF0121204608
:10C6A000F8F7DCFF10BD70477DC6000808B5164BD3
:10C6B00000221A7058B1012820D01448F6F776FFEE
:10C6C0000020134B83F8D00AFFF7F0FF15E00E4B64
:10C6D00002221A763C22DA750B4BDA7D197E521A49
:10C6E0009A7564221A610B490A6822F008000860F2
:10C6F00022F028020A6001221A7008BD024B0122B2
:10C700001A761D22DA75E7E760A70020ACF9000869
:10C71000304E0020B43D00200A4B00221A700A4619
:10C7200021B1084B012119705A607047064A1368FD
:10C7300043F02001116023F0100343F02003136045
:10C74000704700BF4CA70020B43D002010B59D4BA2
:10C750001978002942D00379002B4BD00468994BFB
:10C760009868A4EB000CDA68821AD8609C601B6998
:10C77000634553D8002A51D007EE90CAF8EE675AA5
:10C7800007EE902AF8EE677A85EEA77AF7EE087A38
:10C79000B4EEE77AF1EE10FA49DB8A4B1B7E07EE26
:10C7A000903AF8EEE77AF0EE086A67EEA67AF4EED1
:10C7B000C77AF1EE10FA3ADB824B9A8A9B7D013BF5
:10C7C0009A422CD0804B5A6801325A6000227F482E
:10C7D00002709A607B4B00229A822DE07C48F6F72B
:10C7E000E5FE794A136843F00101116043F021032B
:10C7F000136013E0744A00239361136823F0080167
:10C800001160002182F8781023F0806121F0080186
:10C81000116023F0406323F00803136010BD6B4BDD
:10C8200001221A70684A936801339360D2E7654A1F
:10C83000938A013393820021644B1A78EAB16248EB
:10C84000036843F0080303605E4BD87D05EE100AD1
:10C85000B8EE455ADFED5F7A87EE857A988A07EE63
:10C86000900AF8EE677A67EE277A5B4BD3F88C363E
:10C8700006EE903A77EEA67A09E05348036823F073
:10C8800008030360E0E79FED536A77EE867AF5EEE2
:10C89000C07AF1EE10FAF6D403E09FED4E6A77EE1F
:10C8A000C67A9FED4C6AF4EEC67AF1EE10FAF4DA2D
:10C8B000454BC3ED047A39B99FED486AC6EE254A67
:10C8C00084EE856A83ED066A3E4B9B7D013B984270
:10C8D00006DA77EE277A25E0DFED3E7A76EEA76A74
:10C8E000F5EEC06AF1EE10FAF6D403E0DFED397A26
:10C8F00076EEE76ADFED377AF4EEE76AF1EE10FAEA
:10C90000F4DA374BC3ED006A2F4B93F87830032BE2
:10C9100000F2AF80DFE803F01B3B66949FED2D7AB9
:10C9200077EE877AF5EEC07AF1EE10FAF6D403E0EE
:10C930009FED287A77EEC77A9FED267AF4EEC77AD4
:10C94000F1EE10FAF4DA264BC3ED007ADCE752B9C7
:10C950001D4BD3ED067AF5EE407AF1EE10FA02D0D7
:10C96000012283F87820184B93F87830022B40F09E
:10C97000858015490A6842F080620A60032B40F006
:10C980008380114A136843F00063136046E752B98D
:10C990000D4BD3ED067AF5EE407AF1EE10FA02D1A6
:10C9A00083F87820DFE7002ADDD0074BD3ED067A45
:10C9B000F5EE407AF1EE10FAD5D0022283F8782015
:10C9C000D1E700BF60A70020B43D002048A70020A9
:10C9D000FCF900080000B443304E0020C0E1644C74
:10C9E0007CA70020A2B92B4B93ED067A2A4BD3F8F3
:10C9F000803607EE903ADFED296A77EEE67AB4EEFC
:10CA0000E77AF1EE10FA03D5224B012183F8781072
:10CA1000002AA8D01F4B93ED067A1F4BD3F880361F
:10CA200007EE903ADFED1D6A77EEA67AB4EEE77A6C
:10CA3000F1EE10FA97DD174B032283F8782092E786
:10CA4000144B93ED067A144BD3F8803607EE903AE8
:10CA5000DFED126A77EEE67AB4EEE77AF1EE10FADD
:10CA600081D5002A3FF47FAF0A4B022283F8782059
:10CA700079E7084B002283F8782074E705490A68B3
:10CA800022F080620A6079E7024A136823F00063AB
:10CA90001360C3E6B43D0020304E00200000484241
:10CAA000014B187A704700BF4CA70020014B93ED53
:10CAB000060A7047B43D0020014B93ED040A70470D
:10CAC000B43D0020014B93ED000A70477CA7002085
:10CAD000014B93F878007047B43D0020124B1B784F
:10CAE00003B3124B1B78EBB9114B1B687D2B13D88A
:10CAF00030B4104A136823F0005313600C4B1D68C8
:10CB00000D490A68821A0D4C44F8252008601A68FD
:10CB100001321A6030BC7047064A136843F0005374
:10CB200013607047704700BFDC00002084A700201E
:10CB300088A70020B43D002080A7002008AA00207C
:10CB4000004870478CA7002040F27B20704700000F
:10CB5000034B18687D2894BF00200120704700BF58
:10CB600088A700200123044A1370044A1370044B61
:10CB700000221A60704700BF84A70020DC0000205C
:10CB800088A70020014B00221A707047DC000020AB
:10CB900041B1054A116028B9044B3C221A70044B7C
:10CBA000044A1A60704700BF14AC002008AC002093
:10CBB0000CAC002008FC000870B582B0264B1B6846
:10CBC0007BB3264B93ED007AB5EE407AF1EE10FA86
:10CBD00027D0234B1A6822B3224B1B780BB307EEE6
:10CBE000903AF8EEE77A67EE877ADFED1F6A86EE15
:10CBF000A77AFCEEC77A17EE904A04B901241B4BC2
:10CC00001B68D35C93B9174B1B78013B174A12681A
:10CC100093421CD90132154B1A602046F4F7EAF909
:10CC200002E06420F4F7E6F902B070BD002500953B
:10CC3000019501238DF80430FFF76CFC00902B4622
:10CC40002A46694604480068F4F744FBDBE7074BD3
:10CC500000221A60E1E700BF14AC002010AC0020F5
:10CC60000CAC002008AC002000606A4704AC002037
:10CC7000014B83ED000A704710AC0020014B0022ED
:10CC80001A60704710AC002008B500220F49104808
:10CC900000F060FC70B90F490D4800F072FC60B9FB
:10CCA0000D490B4800F039FA50B9094800F089FCE9
:10CCB00048B908BDF8F754FCEDE7F8F751FCEFE789
:10CCC000F8F74EFCF1E7F8F74BFCF2E7B001002073
:10CCD00018AC0020240100206801002010B5D0F815
:10CCE000D43203F1B00250F822408CB100EB820044
:10CCF00043687BB194F80002FF280DD09B6894F83C
:10CD0000012221469847FF2384F80032002010BDFD
:10CD10000320FCE70020FAE70020F8E70A2303805D
:10CD2000004870475C010020F8B506460F4F82218D
:10CD3000384600F0F9FD05460121384600F0F4FDC3
:10CD400004468121384600F0EFFD0DB11022AA7192
:10CD50001CB1402222710022627118B1402202717E
:10CD600000224271432333800048F8BDE0000020D8
:10CD7000F8B506460F4F8221384600F0D5FD05462E
:10CD80000121384600F0D0FD04468121384600F0EC
:10CD9000CBFD0DB11022AA711CB1402222710022DC
:10CDA000627118B140220271002242714323338024
:10CDB0000048F8BDE0000020F8B506460F4F82217C
:10CDC000384600F0B1FD05460121384600F0ACFDC3
:10CDD00004468121384600F0A7FD0DB11022AA714A
:10CDE0001CB1002222710222627118B1002202716C
:10CDF00002224271432333800048F8BDE000002046
:10CE000038B5D0F8D432B03350F8235095B1044639
:10CE100000F048FBC5F80C02D4F8D432B03304EB70
:10CE200083046368DB6805F50371D5F8040298474D
:10CE3000002038BD0320FCE738B5D0F8C852D0F840
:10CE4000D432B03350F8234084B301F00F0303EB26
:10CE5000830200EB820292694AB103EBC30C05EB3B
:10CE60008C05ED69B2FBF5FC05FB1C2292B1002399
:10CE7000C4F81432D0F8D432B03300EB83004368E6
:10CE80001B69ABB10A4604F50471D4F8080298474F
:10CE9000002038BD03EB830300EB830300249C6177
:10CEA0002346224600F046FB2046F2E70320F0E747
:10CEB0000020EEE7F0B583B0D0F8D43203F1B00231
:10CEC00050F8227000228DF80720ADF80420002FC2
:10CED00078D004460D46097811F0600634D0202E33
:10CEE00069D1EA882AB311F0800F0ED16B7887F8E8
:10CEF0000032EA883F2A1AD8D2B287F8012239468E
:10CF0000204601F07AF9002659E0B03300EB8303A4
:10CF10005B689B68394668789847EA88072A28BF83
:10CF200007223946204601F053F9002647E0402207
:10CF3000E3E7B03300EB83035B689B68002229467C
:10CF40006878984700263AE06F780B2F2ED8DFE8F4
:10CF500007F006362D2D2D2D2D2D2D2D152490F875
:10CF60009C32032B04D0294600F01BFD032626E04B
:10CF7000022201A901F02CF93E4620E090F89C32F3
:10CF8000032B04D0294600F00CFD032617E00122F4
:10CF90000DF1070101F01CF911E090F89C32032B10
:10CFA0000DD0294600F0FDFC032608E0294600F0DC
:10CFB000F8FC032603E0294600F0F3FC0326304684
:10CFC00003B0F0BD0326FAE738B50446812100F02E
:10CFD00091FA002525870121204600F08BFAA4F85C
:10CFE00078518221204600F085FAA4F84C50A4F82C
:10CFF0004E50D4F8D43203F1B00254F822209AB142
:10D00000B03304EB83035B685B689847D4F8D43291
:10D01000B03354F8230000F04FFAD4F8D432B033D0
:10D0200044F82350C4F8BC52002038BD70B5044603
:10D030004FF4077000F03CFA002849D005464FF441
:10D040000772002101F0F4F9D4F8D432B03344F877
:10D050002350C4F8BC52237C002B41D14FF4007301
:10D0600002228121204600F03AFA012626874FF459
:10D07000007302223146204600F031FAA4F87861AC
:10D080001023A4F84E30082303228221204600F00A
:10D0900026FA0123A4F84C300026C5F80462D4F81F
:10D0A000D432B03304EB83035B681B689847C5F840
:10D0B0001462C5F81862D5F8042262B3257C1DBB42
:10D0C0004FF400730121204600F03CFA284670BD61
:10D0D000D4F8D432B033002244F823200225F5E7F7
:10D0E000402302228121204600F0F9F901262687FB
:10D0F000402302223146204600F0F1F9A4F878617D
:10D100001023A4F84E30BEE740230121204600F052
:10D1100019FA0025DAE70225D8E739B1D0F8D43278
:10D12000B03300EB8300416000207047032070475C
:10D13000D0F8D432B03350F823302BB1C3F80812F2
:10D14000C3F810220020704703207047D0F8D43273
:10D15000B03350F823301BB1C3F8041200207047DD
:10D160000320704708B5D0F8D432B03350F82320EC
:10D170008AB1D2F814320BB1012008BD0123C2F8E4
:10D180001432D2F81032C362D2F80822812100F0A2
:10D19000D1F90020F1E70320EFE710B5D0F8D43241
:10D1A000B03350F8232092B1047C44B94FF400739B
:10D1B000D2F80422012100F0C5F9204610BD402319
:10D1C000D2F80422012100F0BDF90024F5E7032480
:10D1D000F3E70020704700207047002070470000F0
:10D1E000F0B583B005460E460A68174B1B6813441A
:10D1F00040F21E418B4202D9134B00211960124F9D
:10D200003C6829461148204401F046F933681C4423
:10D210003C603F2B0AD90E4C29462046FFF796FF6B
:10D220002046FFF7BAFF002003B0F0BD074B009384
:10D23000019400231A46694606480068F4F74AF844
:10D2400000223A60E7E700BFF4AE00202C15002072
:10D2500018AC00206C1D002010B5064C00220649B9
:10D260002046FFF765FF05492046FFF76FFF0020C6
:10D2700010BD00BF18AC0020F8AE0020F8B20020AE
:10D28000094BD3F8BC32D3F814320BB101207047EC
:10D2900010B5054C0A4601462046FFF749FF2046D7
:10D2A000FFF760FF10BD00BF18AC002030B589B09B
:10D2B0000023039304930593069307930368B3F144
:10D2C000A04F01D009B030BD03AA00250195174C2D
:10D2D000236B43F001032363236B03F001030193EA
:10D2E000019B4FF4C053039302230493032306933B
:10D2F0000A23079311460E48FAF730FD636B43F09B
:10D30000800363630295636C43F480436364636CDE
:10D3100003F480430293029B2A4607214320FAF735
:10D3200013F94320FAF720F9CCE700BF0038024098
:10D330000000024008B500F29C41D0F8E00400F083
:10D3400056F908BD08B501EBC10300EB8303D3F820
:10D350006022D0F8E00400F017FA08BD08B501EB30
:10D36000C10300EB83031A6AD0F8E00400F06CFA02
:10D3700008BD08B5D0F8E00400F0B4F908BD10B558
:10D380000446C379022B09D10121D4F8E00400F04E
:10D390008CF9D4F8E00400F056F910BDF8F7E0F885
:10D3A000F2E7000010B50446D0F8E00400F080F980
:10D3B0002268D2F8003E43F00103C2F8003EE37A4F
:10D3C00023B1034A136943F00603136110BD00BF84
:10D3D00000ED00E008B5D0F8E00400F077F908BDF2
:10D3E00008B5D0F8E00400F0A3F908BD08B5D0F8FE
:10D3F000E00400F087F908BD08B5D0F8E00400F0BB
:10D40000ADF908BD08B5D0F8E00400F0A9F908BDF1
:10D4100002780AB10020704710B503461548C0F8DD
:10D42000E034C3F8C8024FF0A04303600423037143
:10D430000222C2710023837142728372C37203732A
:10D440008373C373FAF7FAFE80B90A4C8021204631
:10D45000FBF7C3FC402200212046FBF798FC80220A
:10D4600001212046FBF793FC002010BDF8F778F867
:10D47000EBE700BF18B90020D0F8C83211F0800FD8
:10D4800008D101F07F0101EBC10103EB810393F8A7
:10D490005602704701F07F0101EBC10103EB8103EC
:10D4A000987D704708B5D0F8C802FBF7CBF808BDE7
:10D4B00000487047F8B600207047032805D8DFE819
:10D4C00000F005040205012070470320704708B5ED
:10D4D000D0F8C802FAF733FFFFF7EFFF08BD08B531
:10D4E00094461A466346D0F8C802FBF708F8FFF7DF
:10D4F000E4FF08BD08B5D0F8C802FBF746F8FFF70F
:10D50000DCFF08BD08B5D0F8C802FBF7C9F8FFF783
:10D51000D4FF08BD08B5D0F8C802FBF704F9FFF73F
:10D52000CCFF08BD08B5D0F8C802FAF7D5FFFFF761
:10D53000C4FF08BD08B5D0F8C802FBF78CF8FFF7A8
:10D54000BCFF08BD08B5D0F8C802FBF756F8FFF7D6
:10D55000B4FF08BD98B108B503460020C3F8B8026F
:10D56000C3F8C402C3F8D00209B1C3F8B412012150
:10D5700083F89C121A701846FFF74AFF08BD032073
:10D58000704710B582B00023ADF80630B9B104463B
:10D59000C0F8B812D0F8D422CB6A43B1AE3250F8FA
:10D5A0002230DB6A0DF106009847C4F8D002D4F8A7
:10D5B000D8320133C4F8D832002002B010BD0320A5
:10D5C000FBE708B5FFF783FF08BD08B5D0F8B83210
:10D5D00013B11B68984708BD0020FCE708B5D0F8D8
:10D5E000B8325B68984700B908BD0320FCE738B53E
:10D5F000044600F2AA25284600F0BFF90123C4F82A
:10D600009432B4F8B032C4F8983294F8AA1201F007
:10D610001F03012B07D0022B0AD073B929462046DD
:10D6200000F080FB38BD2946204600F0B6FBF9E744
:10D630002946204600F0F3FBF4E701F08001204684
:10D64000FFF760FFEEE7F8B50446012380F89C324F
:10D650000023C0F894324360C0F8A43280F8A032AE
:10D66000D0F8B832DBB15B68DBB1002198470746E0
:10D67000C8B94023002211462046FFF730FF01269B
:10D68000A4F864614025C4F860512B460022802133
:10D690002046FFF724FFA68425623846F8BD002700
:10D6A000E7E70027E5E70327E3E701740020704779
:10D6B00090F89C32042B04D090F89C32DBB280F8B6
:10D6C0009D32042380F89C320020704790F89C32F1
:10D6D000042B01D00020704790F89D32DBB280F817
:10D6E0009C32F7E708B590F89C32032B01D000205C
:10D6F00008BDD0F8B832002BF9D0DB69002BF6D08A
:10D700009847F4E708B5D0F8D432AE3350F8233058
:10D7100053B190F89C22032A01D0002008BD1B6A57
:10D7200023B198470020F9E70320F7E70020F5E749
:10D7300008B5D0F8D432AE3350F8233053B190F856
:10D740009C22032A01D0002008BD5B6A23B19847C0
:10D750000020F9E70320F7E70020F5E700207047F5
:10D7600008B5012380F89C32D0F8B83223B15B6849
:10D770000179984710B908BD0020FCE70320FAE7BB
:10D78000002070470020704738B504460D46002938
:10D7900041D11346D0F89422032A01D0084638BD5F
:10D7A000D0F85C11D0F86021914209D890F8AA32E3
:10D7B00003F01F03012B0ED0022B1AD028460FE0D6
:10D7C000891AC0F85C118A4228BF0A46194600F03F
:10D7D00023FD2846E3E790F8AE12FFF7D1FF18B912
:10D7E00094F89C32032B09D0204600F01DFD2846FA
:10D7F000D5E790F8AE12FFF7C5FFF0E700F1AE03F2
:10D8000054F823301A69002AEED0C4F8D4021B69F8
:10D8100020469847E8E701F07F01FFF7B3FF88B99A
:10D8200094F89C32032BBAD100F1AE0354F82330A4
:10D830009A69002AB3D0C4F8D4029B6929462046CD
:10D840009847ACE70020AAE738B504460D46002902
:10D850004AD11346D0F89422022A07D094F8A002A5
:10D8600018B1002384F8A032284638BDC269016A85
:10D870008A420DD88A4217D094F89C32032B27D0C5
:10D8800080212046FFF73EFE204600F0D8FCE5E769
:10D89000521AC261194600F0A8FC00231A46194624
:10D8A0002046FFF74FFED9E783699942E4D8D0F8C4
:10D8B00098229342E0D20022114600F096FC00210B
:10D8C000C4F898120B460A462046FFF73BFEC5E710
:10D8D000D4F8B832DA68002AD2D00022C4F8D422B0
:10D8E000DB6820469847CBE741F08001FFF74AFF0D
:10D8F00088B994F89C32032BB7D100F1AE0354F8E9
:10D9000023305A69002AB0D0C4F8D4025B69294692
:10D9100020469847A9E70020A7E70B880278134420
:10D920000B80037818447047428803789A4218D9CC
:10D9300030B583B004460D46ADF806306388BDF8B7
:10D9400006209A420AD20DF10601FFF7E6FF43785E
:10D95000052BF3D18378AB42F0D100E0002003B077
:10D9600030BD002070470346002002E00130C0B205
:10D9700001331A78002AF9D170470B7803704B787D
:10D9800043708B78CA7843EA022343800B794A7943
:10D9900043EA022383808B79CA7943EA0223C38056
:10D9A000704710B504468021FFF7ACFD00212046EA
:10D9B000FFF7A8FD10BD30B583B004460D46002327
:10D9C000ADF806304A88130A013B062B00F2AA8004
:10D9D000DFE803F0041E32A8A88C9900D0F8B43216
:10D9E0001B680DF10601007C9847EA88002A00F0C8
:10D9F000A380BDF80630002B00F099809A4228BF22
:10DA00001A46ADF806200146204600F0E1FB8CE006
:10DA1000037C43B9D0F8B8329B6A0DF106009847F1
:10DA200002234370E1E7D0F8B832DB6A0DF106005B
:10DA3000984702234370D8E7D2B2052A52D8DFE8CC
:10DA400002F003101D2A3744D0F8B4325B6823B1CA
:10DA50000DF10601007C9847C7E72946FFF7A1FFB3
:10DA600063E0D0F8B4329B6823B10DF10601007C6D
:10DA70009847BAE72946FFF794FF56E0D0F8B4324A
:10DA8000DB6823B10DF10601007C9847ADE729461C
:10DA9000FFF787FF49E0D0F8B4321B6923B10DF1DD
:10DAA0000601007C9847A0E72946FFF77AFF3CE093
:10DAB000D0F8B4325B6923B10DF10601007C9847C0
:10DAC00093E72946FFF76DFF2FE0D0F8B4329B694A
:10DAD00023B10DF10601007C984786E72946FFF740
:10DAE00060FF22E02946FFF75CFF1EE0037C33B9AC
:10DAF000D0F8B8325B6B0DF10600984775E7294600
:10DB0000FFF74FFF11E0037C43B9D0F8B8321B6B2D
:10DB10000DF1060098470723437066E72946FFF793
:10DB200040FF02E02946FFF73CFF03B030BD294625
:10DB30002046FFF736FFF8E7204600F075FBF4E7D4
:10DB400038B504468B88F3B9CB88E3B94B887F2B73
:10DB500019D803F07F0590F89C32032B0CD080F885
:10DB60009E522946FFF7DEFC204600F05DFB35B1F2
:10DB7000022384F89C3209E0FFF713FF06E001233B
:10DB800084F89C3202E02046FFF70BFF38BD00000E
:10DB900070B504460E468D782F4B1D70012D10D8A0
:10DBA00090F89C32DAB2022B0FD0032A26D0FFF76E
:10DBB000F8FE294B19782046FFF710FD032528466B
:10DBC00070BDFFF7EEFE0325F9E7A5B145602946D4
:10DBD000FFF7FBFC054638B131462046FFF7E1FE72
:10DBE000022384F89C32EAE7204600F01DFB032361
:10DBF00084F89C32E3E700F017FBE0E7CDB1416821
:10DC00008D4225D0C9B2FFF7E9FC134B197861604A
:10DC10002046FFF7DAFC0546B0B131462046FFF753
:10DC2000C0FE21792046FFF7D9FC022384F89C32FC
:10DC3000C5E7022380F89C3245602946FFF7CEFCF9
:10DC4000204600F0F1FABAE7204600F0EDFAB6E718
:10DC500000F0EAFA0025B2E7FCBD002008B5CB8849
:10DC6000012B0BD190F89C32DAB2022B09D9032A8E
:10DC700011D10122011D00F0ABFA01E0FFF791FE86
:10DC800008BD52B23AB10146002341F8083F0122D3
:10DC900000F09EFAF4E7FFF784FEF1E708B590F88C
:10DCA0009C32013B022B12D8CB88022B0CD10123D2
:10DCB000C360D0F8A4320BB10323C360022200F189
:10DCC0000C0100F085FA08BDFFF76BFEFBE7FFF7DC
:10DCD00068FEF8E708B54B88012B04D0022B07D06B
:10DCE000FFF75FFE08BDC0F8A43200F09DFAF9E727
:10DCF0008B881B0A80F8A03200F096FAF2E708B58C
:10DD000090F89C32013B022B09D84B88012B00D0A4
:10DD100008BD0023C0F8A43200F086FAF8E7FFF748
:10DD200040FEF5E738B50C7804F06004202C06D0EE
:10DD3000402C04D06CB1FFF734FE002407E0D0F88B
:10DD4000D432AE3350F823309B68984704462046BF
:10DD500038BD4D78092D1DD8DFE805F012191C16C5
:10DD60001C08051C0F0BFFF726FEF0E7FFF7E8FE87
:10DD7000EDE7FFF70DFF0446E9E7FFF76FFFE6E782
:10DD8000FFF78CFF2C46E2E7FFF7A4FFDFE7FFF782
:10DD9000B6FFDCE7FFF705FED9E770B505460C4690
:10DDA0000B7803F06003202B07D0402B05D023B164
:10DDB000FFF7F7FD0026304670BD95F89C32013B19
:10DDC000022B26D82179012905D921462846FFF7BB
:10DDD000E8FD0026EFE72846FFF7D2FC68B900F11E
:10DDE000AE0255F82220916889B1C5F8D402936833
:10DDF000214628469847064600E00326E388002B84
:10DE0000D9D1002ED7D1284600F00EFAD3E7032649
:10DE1000F4E721462846FFF7C4FD0026CBE72DE9AD
:10DE2000F04106460D468B88DFB20C7804F06004A2
:10DE3000202C08D0402C06D0DCB1FFF7B2FD002426
:10DE40002046BDE8F08139463046FFF79BFC04468A
:10DE5000002840F0FC80C6F8D40200F1AE0356F86A
:10DE600023309B68002BEBD0294630469847044668
:10DE7000E6E791F80180B8F1010F31D0B8F1030F56
:10DE800005D0B8F1000F67D0FFF78BFDD8E790F809
:10DE90009C32DAB2022B04D0032A12D0FFF781FDA4
:10DEA000CEE70FB1802F04D129463046FFF779FD28
:10DEB000C6E73946FFF726FB80213046FFF722FBF5
:10DEC000BEE74B8823B91FB1802F01D0CB881BB18F
:10DED000304600F0A9F9B3E73946FFF713FBF7E73F
:10DEE00090F89C32DAB2022B04D0032A12D0FFF74A
:10DEF00058FDA5E70FB1802F04D129463046FFF722
:10DF000050FD9DE73946FFF7FDFA80213046FFF7C7
:10DF1000F9FA95E74B88002B92D117F07F0F17D1B4
:10DF2000304600F081F939463046FFF72BFC0028D7
:10DF300086D1C6F8D40200F1AE0256F822209268CB
:10DF4000002A00F08680294630469047044677E74D
:10DF50003946FFF7DFFAE3E790F89C22D1B2022AB4
:10DF600006D0032929D02946FFF71BFD444667E761
:10DF70000FB1802F13D113F0800F15D107F07F0759
:10DF800007EB8707B90001F5A8713144043100237C
:10DF90000B600222304600F01BF9444650E7294648
:10DFA000FFF7FFFC44464BE707F07F0707EB8707C7
:10DFB000B900103131440431E9E75BB2002B1FDBBB
:10DFC00007F00F0202EB820200EB8202B2F864213A
:10DFD00022B3002B27DB07F07F0303EB83039C00B6
:10DFE00004F5A874344404340FB1802F24D10023E5
:10DFF000236002222146304600F0EAF844461FE73B
:10E0000007F00F0202EB820200EB8202928C002AE0
:10E01000DFD12946FFF7C5FC444611E72946FFF743
:10E02000C0FC44460CE707F07F0303EB83039C002E
:10E03000103434440434D7E739463046FFF71CFA2D
:10E0400010B101232360D4E700232360D1E700242B
:10E05000F6E60446F4E600B370B50D4616460446EF
:10E06000FFF781FC01304300B3F5007F06D89BB277
:10E0700033802B7003236B7002230AE04FF400738C
:10E08000F6E7EA5401345A1CD2B20021A9540233F3
:10E09000DBB22278002AF4D170BD704712230B80C6
:10E0A000004870479C01002004230B800048704703
:10E0B00098010020002393421ED200B510E00CF11D
:10E0C000370C01F813C000014FEA430C0CF1010CAE
:10E0D0004FF0000E01F80CE00133DBB2934209D29D
:10E0E0004FEA107CB0F1204FE9D20CF1300C01F86E
:10E0F00013C0E8E75DF804FB7047000038B50B4B30
:10E10000D3F8100AD3F8144AD3F8183AC01800D13B
:10E1100038BD074D08222946FFF7CCFF042205F140
:10E1200010012046FFF7C6FFF2E700BF0070FF1F97
:10E130007E01002008B51A230B80FFF7DFFF01489E
:10E1400008BD00BF7C01002008B50A4628B9054972
:10E150000548FFF780FF034808BD02490248FFF762
:10E160007AFFF8E700BE002020FA000810B50A4642
:10E17000034C21460348FFF76EFF204610BD00BF49
:10E1800000BE00203CFA000808B50A4628B9054937
:10E190000548FFF760FF034808BD02490248FFF742
:10E1A0005AFFF8E700BE002050FA000808B50A46FA
:10E1B00028B905490548FFF74EFF034808BD024945
:10E1C0000248FFF748FFF8E700BE00205CFA0008AD
:10E1D00008B513460222C0F894228361C3610A463F
:10E1E0000021FFF7A7F9002008BD08B513460A462D
:10E1F0000021FFF79FF9002008BD08B51346032250
:10E20000C0F89422C0F85831C0F85C310A460021A9
:10E21000FFF798F9002008BD08B513460A4600210B
:10E22000FFF790F9002008BD08B50422C0F8942239
:10E2300000231A461946FFF77DF9002008BD08B5EE
:10E240000522C0F8942200231A461946FFF77AF9EE
:10E25000002008BDF4EEC10AF1EE10FA0FD5B4EEBD
:10E26000E00AF1EE10FA06DBB4EEC10AF1EE10FAA4
:10E2700003D4002070470020704701207047B4EE9F
:10E28000E00AF1EE10FA06DAB4EEC10AF1EE10FA85
:10E2900003D501207047012070470020704700001F
:10E2A000C0434FF0000C944511D210B411F80C305B
:10E2B0004340DBB2074C54F8233083EA10200CF1C2
:10E2C000010C9445F2D3C0435DF8044B7047C04342
:10E2D000704700BF44FC0008F9B100B584468E4683
:10E2E00090ED007A37EE407AB0EEC77A0123002035
:10E2F00000E00133734513D20CEB8302D2ED007AB8
:10E3000077EEC07AF0EEE77AB4EEE77AF1EE10FA43
:10E31000EFDDB0EE677A1846EBE74FF0FF3070475D
:10E320005DF804FBB4EE400AF1EE10FA13D6F4EEF9
:10E33000600AF1EE10FA11D6401A12D070EE600A9F
:10E3400007EE900AF8EE677A80EEA70ADFED067A0C
:10E3500020EE270A70479FED050A70479FED030ADC
:10E3600070479FED020A70470024744900000000C6
:10E37000DFF834D0FCF7E6FC0C480D490D4A0023C9
:10E3800002E0D458C4500433C4188C42F9D30A4A6A
:10E390000A4C002301E013600432A242FBD300F0D8
:10E3A00055F8F7F731F97047000001200000002010
:10E3B0001C020020880001081C02002048C1002027
:10E3C000FEE700000CB430B5184B0C1E1D689DB064
:10E3D00008DA8B232B604FF0FF301DB0BDE83040D2
:10E3E00002B070474FF40273ADF814304FF00003E1
:10E3F0001B9314BF04F1FF332346049307934FF696
:10E40000FF7302900690ADF81630209A21AB02A956
:10E410002846019300F0A6F9431CBCBF8B232B6058
:10E42000002CDAD0029B00221A70D6E7CC01002023
:10E4300002440346934200D1704703F8011BF9E7F9
:10E44000014B1868704700BFCC01002070B50D4B20
:10E450000D4D5B1B9C100026A64209D101F04AF825
:10E460000A4D0B4B5B1B9C100026A64205D170BDCC
:10E4700055F8043B98470136EEE755F8043B9847BA
:10E480000136F2E7800001088000010880000108E1
:10E4900084000108704770470A44914200F1FF333D
:10E4A00000D1704710B511F8014B03F8014F9142AC
:10E4B000F9D110BD38B50546002941D051F8043CCA
:10E4C0000C1F002BB8BFE41800F0E0F81D4A1368D9
:10E4D00033B9636014602846BDE8384000F0DCB80A
:10E4E000A34208D9206821188B4201BF19685B68D4
:10E4F00009182160EDE71A465B680BB1A342FAD90F
:10E5000011685018A0420BD1206801445018834272
:10E510001160E0D118685B68536008441060DAE766
:10E5200002D90C232B60D6E7206821188B4204BF48
:10E5300019685B68636004BF091821605460CAE70A
:10E5400038BD00BF44C1002070B50F4E0C46316885
:10E55000054611B900F0AAFB30602146284600F0BC
:10E56000A5FB431C03D14FF0FF34204670BDC41CF3
:10E5700024F00304A042F8D0211A284600F096FBAC
:10E580000130F2D1EFE700BF40C100202DE9F84390
:10E59000CD1C25F0030508350C2D38BF0C25002DAA
:10E5A000064601DBA94204D90C2333600020BDE8F4
:10E5B000F883DFF8D48000F069F8D8F800301C4602
:10E5C00044BB29463046FFF7BFFF431C044658D1E1
:10E5D000D8F800402746002F43D1002C4BD02368A9
:10E5E0003946304604EB030900F060FB814542D117
:10E5F00021686D1A29463046FFF7A6FF01303AD050
:10E6000023682B442360D8F800305A6862BBC8F8EE
:10E6100000700FE02268521B20D40B2A17D9611911
:10E62000A342256018BF5960636808BFC8F800108E
:10E6300062514B60304600F02FF804F10B00231DAF
:10E6400020F00700C21A1CBF1B1AA350AFE7626874
:10E65000A3420CBFC8F800205A60EBE72346646869
:10E66000AEE73C467F68B6E71A465B68A342FBD13B
:10E6700000235360DEE70C233360304600F00CF8D3
:10E6800094E70560D6E700BF44C100200148FFF7CA
:10E6900001BF00BF3CC100200148FFF7FCBE00BF26
:10E6A0003CC100202DE9F0478E681F46BE428246DD
:10E6B0000C469046334653D8B1F90C0010F4906FD5
:10E6C0002BD065692368096905EB4505A3EB0109B2
:10E6D00005EBD5757B1C6D104B44AB422A4684BFBD
:10E6E0001D462A46430527D511465046FFF74EFFE3
:10E6F000064658B321694A46FFF7CEFEA38923F4A4
:10E70000906343F08003A381266165614E44A5EBCD
:10E7100009052660A5603E463B461F4620683A46EE
:10E72000414600F0A9FAA3689B1BA36023683B4401
:10E7300023600020BDE8F087504600F0C7FA064687
:10E740000028E1D121695046FFF7B4FE0C23CAF836
:10E750000030A38943F04003A3814FF0FF30E9E785
:10E760003E46DBE72DE9F04F98468B891B069DB0AE
:10E7700007460D46144610D50B6973B94021FFF7C3
:10E7800005FF2860286130B90C233B604FF0FF3053
:10E790001DB0BDE8F08F40236B6100230993202357
:10E7A0008DF82930CDF80C803023DFF89C818DF86E
:10E7B0002A304FF0010923469A4613F8012B0AB17B
:10E7C000252AF9D1BAEB040B0BD05B462246294629
:10E7D0003846FFF767FF013000F0A780099A5A44D6
:10E7E00009929AF80030002B00F09F8000234FF030
:10E7F000FF32CDE905230AF1010A049307938DF84E
:10E8000053301A935446052214F8011B4E48F1F771
:10E81000CFFC049AD8B9D00644BF20238DF85330DA
:10E82000110744BF2B238DF853309AF800302A2B60
:10E8300015D0079A544600204FF00A0C214611F8D3
:10E84000013B303B092B4BD9B0B1079214E0A0EB50
:10E85000080309FA03F313430493A246D2E7039B88
:10E86000191D1B680391002BBBBF5B4242F00202E3
:10E8700007930793B8BF049223782E2B0AD16378AD
:10E880002A2B32D1039B1A1D1B68039243EAE373C0
:10E8900002340593DFF8C0A0217803225046F1F737
:10E8A00087FC38B1049BA0EB0A004022824013434E
:10E8B0000134049314F8011B24488DF82810062213
:10E8C000F1F776FC002836D0214B1BBB039B0733A6
:10E8D00023F0070308330393099B334409936AE742
:10E8E0000CFB02320C460120A8E7002301340593FB
:10E8F00019464FF00A0C204610F8012B303A092A2D
:10E9000003D9002BC6D00591C4E70CFB01210446B6
:10E910000123F0E703AB00932A460E4B04A93846C7
:10E92000AFF30080421C0646D6D1AB895B063FF5AB
:10E930002DAF09982CE703AB00932A46054B04A999
:10E94000384600F079F8EDE7440001084E00010870
:10E9500000000000A5E600084A0001082DE9F04784
:10E96000164698468A680B69DDF820909342B8BF36
:10E970001346336091F8432007460C460AB1013331
:10E9800033602368990642BF3368023333602568D9
:10E9900015F0060506D104F1190AE36832689B1ADE
:10E9A000AB4226DC94F843302268003B18BF0123B9
:10E9B00092062BD404F1430241463846C847013041
:10E9C0001ED02368226903F00603042B02BFE5680A
:10E9D0003368ED1AA3680CBF25EAE575002593425C
:10E9E000C4BF9B1AED1800261A34B5421AD1002074
:10E9F00008E00123524641463846C847013003D15A
:10EA00004FF0FF30BDE8F0870135C6E7E1185A1C2A
:10EA1000302081F84300224494F8451082F84310D6
:10EA20000233C7E70123224641463846C847013032
:10EA3000E6D00136D9E700002DE9FF470F7E0C9E96
:10EA4000782F914680460C469A4601F1430207D83A
:10EA5000622F0AD8002F00F0D280582F00F0B78024
:10EA600004F1420684F842703AE0A7F16303152BE3
:10EA7000F6D801A151F823F0D1EA0008E5EA000830
:10EA800061EA000861EA000861EA000861EA00083A
:10EA9000E5EA000861EA000861EA000861EA0008A6
:10EAA00061EA0008E5EB00080FEB00089BEB0008AB
:10EAB00061EA000861EA000807EC000861EA000862
:10EAC0000FEB000861EA000861EA0008A3EB000808
:10EAD00033681A1D1B68326004F1420684F8423024
:10EAE00001239DE033682068191D3160060601D5B9
:10EAF0001D6803E04506FBD5B3F90050002D03DA8D
:10EB00002D236D4284F8433059480A2310E02168D0
:10EB10003368080653F8045B02D4490648BFADB217
:10EB20006F2F5348336059D10823002184F84310D4
:10EB30006668A660002E05DB21682E4321F00401E3
:10EB400021604DD01646B5FBF3F103FB1157C75DAD
:10EB500006F8017D2F46BB420D46F4D9082B0BD198
:10EB60002368DF0708D5236961689942DEBF302337
:10EB700006F8013C06F1FF36921B2261CDF800A099
:10EB80004B4603AA21464046FFF7E8FE01304CD130
:10EB90004FF0FF3004B0BDE8F087236843F0200356
:10EBA00023603448782784F84570236831681F064D
:10EBB00051F8045B02D45F0648BFADB23160D9079B
:10EBC00044BF43F0200323601DB11023ADE7284864
:10EBD000E9E7236823F020032360F6E70A23A4E78C
:10EBE0001646BBE7336825686169181D30602E063C
:10EBF0001B6801D5196002E06806FBD51980002367
:10EC000023611646BAE733681A1D32601E686268CF
:10EC100000213046F1F7CCFA08B1801B60606368D0
:10EC20002361002384F84330A8E72369324649462C
:10EC30004046D0470130ABD023689B0713D4E0682F
:10EC4000039B9842B8BF1846A4E7012332464946C1
:10EC50004046D04701309BD00135E36803995B1AE9
:10EC6000AB42F2DCEBE7002504F11906F5E700BF43
:10EC70005500010866000108884210B501EB020446
:10EC800002D98442234607D8431EA14207D011F877
:10EC9000012B03F8012FF8E70244824200D110BD96
:10ECA00013F8011D02F8011DF7E7000038B5064D05
:10ECB0000023044608462B60FCF720F8431C02D1D1
:10ECC0002B6803B1236038BD38C100202DE9F04125
:10ECD000074614460D4621B9BDE8F0411146FFF73D
:10ECE00055BC2AB9FFF7E6FB25462846BDE8F0816A
:10ECF00000F01AF88442064602D8B4EB500FF4D85C
:10ED000021463846FFF742FC804608B94546ECE705
:10ED1000B4422246294628BF3246FFF7BDFB2946AA
:10ED20003846FFF7C7FBF1E751F8043C181F002BEA
:10ED3000BCBF0B58C018704708B52DED028BB0EE64
:10ED4000408A00F063F8B4EE488AF1EE10FAF0EE73
:10ED5000408A0AD6B0EE480A00F04AF8F7EE007A88
:10ED6000B4EEE70AF1EE10FA04DCB0EE680ABDEC8E
:10ED7000028B08BDFFF764FBBDEC028B034621222A
:10ED80001A600248BDE8084000F03AB8F4F60008FE
:10ED900008B52DED028BB0EE408A00F031F9B4EEEB
:10EDA000488AF1EE10FA0FD6B5EEC08AF1EE10FAED
:10EDB0000ADCB5EE408AF1EE10FA08D1FFF740FB0D
:10EDC00022239FED090A0360BDEC028B08BDFFF70B
:10EDD00037FBBDEC028B034621221A600348BDE8D5
:10EDE000084000F00DB800BF000080FFF4F60008F6
:10EDF00010EE103A23F0004300EE103A704700BFC7
:10EE00009FED010A704700BF0000C07F38B510EECB
:10EE1000105A25F00044B4F17E5F2DED048BF0EE26
:10EE2000407A7FD077D8B4F17C5F0ED2B4F1485FDE
:10EE300080F090809FED627A30EE077AF7EE006AFC
:10EE4000B4EEE67AF1EE10FA62DCB0EE670AFFF794
:10EE5000CFFFF7EE007A37EEC08AB6EE007A28EEE2
:10EE6000078ADFED586A9FED587A9FED586A9FED4B
:10EE7000585ADFED585ADFED588AE8EE076A9FEDE1
:10EE8000577AA8EE067AA6EE885A9FED556ADFED0E
:10EE9000556AA7EE086AE5EE085A9FED537AA6EE8A
:10EEA000087AE5EE886AE7EE087AE6EE888AB0EE40
:10EEB000480AB0EE679A00F09DF94C4B68EE888ADC
:10EEC0009C4288EE896A38D810EE103A6FF30B0333
:10EED00006EE903AA6EEE68A70EE267A9FED447A28
:10EEE000C8EE274AF0EE005AA4EEE57ADFED417A4B
:10EEF00030EE000AB0EE675A90EE067AA6EEE55ABA
:10EF000037EE457A37EEC70A002D01DCB1EE400A34
:10EF1000BDEC048B38BDBDEC048B70EE407A87EEFF
:10EF2000A70A38BDBDEC048B9FED310A9FED327A04
:10EF300027EE800AA7EE870A38BDA0EE060A9FEDED
:10EF40002F7ADFED2D7AF0EE006AA0EE267A37EE0A
:10EF5000C70AD9E720EE007ADFED1B6A9FED196A38
:10EF6000DFED1B5A9FED195ADFED1A4AA7EE266A0C
:10EF7000BDEC048BE6EE075ADFED186A9FED186AC8
:10EF8000E7EE056AE5EE874AA6EE876A9FED155A19
:10EF9000DFED155ADFED106AA4EE875AE6EE075A48
:10EFA000E5EE076AB7EE006AA5EE876A26EE877A75
:10EFB000C7EE066AE0EE267AB0EE670A38BD00BFFB
:10EFC000CAF24971047F4F3A08EF11382EC69D3DB1
:10EFD000461124BDA80A4E3EABAA2A3E613330BF7B
:10EFE0002D57014090B0A6BE39D119C09999793FEB
:10EFF0002EBD3BB3DB0F493FDB0FC93F2EBD3B337B
:10F0000010EE102A32F000432FD0002A134633DBD3
:10F01000B2F1FF4F40DAB2F5000F34DB4FF0000CD5
:10F020006448C3F31601084400F4000282F07E52E3
:10F030000A43DB1500EE102A7F3B5F4A634401F16F
:10F040000F0CF7EE007A0CEA020230EE670A03EBCF
:10F05000D05322BBB5EE400AF1EE10FA62D1002B7C
:10F0600040F090809FED550A70479FED557ADFED97
:10F07000537A87EE270A704770EE407A9FED4F7AF9
:10F0800087EE870A7047DFED4F7A60EE277A6FF0E0
:10F09000180C17EE903AC3E730EE000A7047F0EE16
:10F0A000007A70EE277A07EE103A80EE274A46483B
:10F0B000C1F55712084402F522720243002A9FED5F
:10F0C000433ADFED434ADFED435ADFED433A9FED2C
:10F0D000435ADFED437ADFED436A24EE046AF8EE2B
:10F0E000C72A26EE067AE7EE034AA7EE235AE4EE95
:10F0F000875AE5EE076AE5EE877A67EE867AE6EEEE
:10F10000877A2ADDB6EE007A20EE077A27EE007ABB
:10F1100077EE877A67EE847A3BBB37EE677A30EE1C
:10F12000470A70479FED307AF6EE007AE0EE477AB4
:10F1300020EE007A27EE277A002BF0D007EE903AE7
:10F140009FED2A6ADFED2A6AF8EEE77AA7EEC67A23
:10F1500037EE400A97EEA60A704770EE677A67EEC0
:10F16000847AE3B930EE670A70479FED206ADFEDDD
:10F17000206AE2EE867A37EE677A37EE400A92EE40
:10F18000A60A704707EE903A9FED180A9FED187A8D
:10F19000F8EEE77A27EE800AA7EE870A7047DFEDE0
:10F1A000136A9FED137AE2EEE67A37EEC00A92EE2A
:10F1B000870A704720FB4A00F0FF7F000000000034
:10F1C000000000CC0000004C305CCFFF9788173E59
:10F1D00025333A3E2549923E4FD01C3E298E633E50
:10F1E000ABAA2A3FCDCCCC3EABAAAA3ED1F717376B
:10F1F0008071313FB1EEC00A704700BF2DE9F04782
:10F20000089D0F4604468C46002B48D18A4216467C
:10F2100061D9B2FA82F34BB1C3F1200201FA03FCC7
:10F2200020FA02F29E4042EA0C0C9C404FEA164E35
:10F23000B7B2BCFBFEF1220C0EFB11CC42EA0C4231
:10F2400001FB07F0904209D9B21801F1FF3C80F0B0
:10F25000EE80904240F2EB8002393244121AA4B29E
:10F26000B2FBFEF00EFB102244EA024400FB07F75B
:10F27000A74209D9341900F1FF3280F0DA80A742A1
:10F2800040F2D7803444023840EA0140E41B0021B8
:10F290001DB1DC400023C5E90043BDE8F0878B4287
:10F2A00006D90DB1C5E9000100210846BDE8F08787
:10F2B000B3FA83F1002948D1BB4202D3824200F263
:10F2C0000781841A67EB030201209446002DE4D0E5
:10F2D000C5E9004CE1E7002A00F09280B2FA82F31F
:10F2E000002B40F0A8808A1A4FEA164E1FFA86FCBF
:10F2F0000121200CB2FBFEF70EFB172240EA02426E
:10F300000CFB07F0904207D9B21807F1FF3802D280
:10F31000904200F2E2804746121AA4B2B2FBFEF01D
:10F320000EFB102244EA02440CFB00FCA44507D962
:10F33000341900F1FF3202D2A44500F2CB8010460E
:10F34000A4EB0C0440EA0740A2E7C1F120068B4081
:10F3500022FA06FC4CEA030C07FA01F420FA06F341
:10F36000F7404FEA1C49234300FA01F81FFA8CFECC
:10F37000B7FBF9F01C0C09FB107744EA074400FBCB
:10F380000EF7A74202FA01F20AD91CEB040400F1BD
:10F39000FF3A80F09B80A74240F298800238644494
:10F3A000E41B9FB2B4FBF9F309FB134447EA04449E
:10F3B00003FB0EFEA64509D91CEB040403F1FF373D
:10F3C00080F08280A6457FD9023B644443EA004036
:10F3D000A4EB0E04A0FB02E7BC427346B94663D31C
:10F3E00060D05DB1B8EB030264EB090404FA06F6E1
:10F3F00022FA01F31E43CC40C5E9006400214CE72A
:10F400006208480842EAC1710B0C43EA00438AB221
:10F4100042EA0342B3FBF6F1E407B4463746B64688
:10F420001F23B0FBF6F0D21B41EA004161E76146C1
:10F4300014E7104628E7C3F1200120FA01F29E40AC
:10F4400027FA01F19F403A434FEA164E1FFA86FC15
:10F45000B1FBFEF70EFB1710110C41EA004107FB50
:10F460000CF8884504FA03F43AD9711807F1FF3013
:10F4700001D288451FD8A1EB0801B1FBFEF808FBBB
:10F480000CF70EFB181192B242EA0142BA422FD297
:10F49000B21808F1FF31C6D2BA42C4D2A8F10201B3
:10F4A0003244C0E7F0459CD2BEEB020367EB0C0789
:10F4B0000138B94695E7A6EB08084144B81EB1FBF0
:10F4C000FEF808FB0CF7DCE73B467FE7504667E7B2
:10F4D0000846FBE63444023832E7023F32441BE779
:10F4E000A1EB08013846B1FBFEF808FB0CF7C8E7B2
:10F4F000414698E7F8B500BFF8BC08BC9E46704787
:0CF50000F8B500BFF8BC08BC9E46704780
:10F50C00000020C10000C8410000A04200CC1246FF
:10F51C00008000450040A143000020C10000C8410C
:10F52C000000B44200CC1246008000459A19734387
:10F53C000000A0C10000C8410000B4420050754654
:10F54C000020004500006643000020C10000C841B7
:10F55C000000B44200EEAD4600409C450000134450
:10F56C00416E616C6F6720696E70757420696E698D
:10F57C0074206661696C65642120616463206F721C
:10F58C002074696D65722068616E646C65206973A6
:10F59C00206E756C6C2E0000496E76616C6964206F
:10F5AC00696E64657820696E20616E616C6F67208E
:10F5BC00696E7075742E0000303032004A696D53DC
:10F5CC0074696D20323032352E313200636F6E74B7
:10F5DC00726F6C6C65725F636D6473007461736BD6
:10F5EC005F636F6D6D7300004E6F742061626C65AC
:10F5FC0020746F20696E697420656570726F6D0080
:10F60C0075706461746572006C6F6E675F726F7594
:10F61C0074696E657300000073656E736F725F744E
:10F62C0061736B00636F6E74726F6C6C65722074B7
:10F63C0065737400747269676765722064726976A9
:10F64C00656E0000636F6E74726F6C6C6572206611
:10F65C006C616773000000007472696767657220E3
:10F66C007175657565000000456C656374726F6E2D
:10F67C006963207468726F74746C6520696E697448
:10F68C00206661696C656400455442204175746F55
:10F69C002D54756E65206661696C65642E20455429
:10F6AC0042206973206E756C6C2100004554422019
:10F6BC004175746F2D54756E65206661696C656457
:10F6CC002E205662617420746F6F206C6F7721004E
:10F6DC004572726F723A2025730A00005761726E80
:10F6EC00696E673A2025730A00000000656E676931
:10F6FC006E655F666C61677300000000696E69740B
:10F70C005F7461736B00000064656661756C7454A2
:10F71C0061736B00556E6B6E6F776E206675656CE2
:10F72C0020747970652E000067617320696E6A65BC
:10F73C006374696F6E20696E6974206661696C65AB
:10F74C0064210000476F7665726E657220696E6980
:10F75C0074206661696C65642100000069676E69DC
:10F76C0074696F6E207761746368646F6720666973
:10F77C007265642E00000000436F696C206F6E2070
:10F78C00706C7567206E6F7420706F737369626C28
:10F79C006520666F7220362063796C696E646572C1
:10F7AC00732C2064656661756C74696E6720746F68
:10F7BC002077617465736420737061726B2E000026
:10F7CC0069676E6974696F6E20696E697420666111
:10F7DC00696C65642E20756E6B6F776E206669722E
:10F7EC00696E67206F726465722E000043616D2034
:10F7FC007068617365206E6F74206B6E6F776E2E00
:10F80C0020537769746368696E6720746F20776121
:10F81C007374656420737061726B2E00696E6A6517
:10F82C006374696F6E20696E6974206661696C65BA
:10F83C00642E20756E6B6F776E20666972696E67C9
:10F84C00206F726465722E00696E6A656374696FED
:10F85C006E207761746368646F6720666972656493
:10F86C002E00000053657175656E7469616C2069BA
:10F87C006E6A656374696F6E206E6F7420706F733F
:10F88C007369626C6520666F7220362063796C69CF
:10F89C006E646572732C2064656661756C74696E38
:10F8AC006720746F20626174636820666972652ECC
:10F8BC000000000043616D207068617365206E6FFD
:10F8CC0074206B6E6F776E2E205377697463686942
:10F8DC006E6720746F20626174636820696E6A655C
:10F8EC006374696F6E2E00005265736973746F7266
:10F8FC0020696E6974206661696C65642100000082
:10F90C007470732073656E736F72206973206E75DB
:10F91C006C6C0000747073206973206E756C6C00D5
:10F92C006D61702073656E736F72206973206E75D4
:10F93C006C6C00006D61702073656E736F72206E5D
:10F94C006F20696E697421006961742073656E7330
:10F95C006F72206973206E756C6C0000636C742080
:10F96C0073656E736F72206973206E756C6C00001A
:10F97C0049444C4500000000546865726D6973740D
:10F98C006F7220696E6974206661696C6564210010
:10F99C00546D725100000000546D72205376630058
:10F9AC005472696767657220696E697469616C6904
:10F9BC007A6174696F6E206661696C65642E20577C
:10F9CC006865656C2074797065206E6F7420726543
:10F9DC00636F676E697A65642E2044656661756C29
:10F9EC0074696E6720746F2035382D322E0000003C
:10F9FC004372616E6B2074726967676572206973FC
:10FA0C00206E6F7420696E697469616C697A6564C3
:10FA1C002E000000536D6172742047656E65726133
:10FA2C00746F7220436F6E74726F6C6C6572000031
:10FA3C00416C6972657A612045736B616E646172A9
:10FA4C006900000043444320436F6E666967000001
:10FA5C0043444320496E746572666163650000001F
:10FA6C00D8F5000800000000700C00205C000000BD
:10FA7C00700A0020000200001800000000000000C6
:10FA8C0000000000E8F5000800000000CC14002085
:10FA9C005C000000CC0C00200008000018000000E6
:10FAAC0000000000000000000CF600080000000040
:10FABC00E81E00205C000000441F00200004000031
:10FACC0020000000000000000000000014F60008F8
:10FADC0000000000442300205C000000A023002054
:10FAEC0000020000180000000000000000000000F0
:10FAFC0024F6000800000000A02500205C00000097
:10FB0C00FC2500200004000028000000000000007C
:10FB1C000000000030F6000800000000FC29002066
:10FB2C005C000000582A0020000200002F0000009A
:10FB3C00000000000000000040F60008000000007B
:10FB4C00582C00205C000000B42C00200010000099
:10FB5C002E000000000000000000000050F600081D
:10FB6C0000000000B43C00202000000064F60008F7
:10FB7C0000000000D83C002050000000283D002070
:10FB8C0080000000F8F60008000000003C5900203E
:10FB9C002000000008F70008000000000000000032
:10FBAC000000000000000000001000003000000009
:10FBBC00000000000000000014F700080000000026
:10FBCC000000000000000000000000000008000021
:10FBDC0030000000000000000000000000061016BD
:10FBEC0000061016000000000102030400000000D3
:10FBFC0000000000010203040607080901010101CD
:10FC0C0001010101010101010101010101010101D8
:10FC1C0001010101010101010101010101010101C8
:10FC2C0001010101010101010101010101010101B8
:10FC3C00010101010101000000000000963007776E
:10FC4C002C610EEEBA51099919C46D078FF46A70C4
:10FC5C0035A563E9A395649E3288DB0EA4B8DC79E4
:10FC6C001EE9D5E088D9D2972B4CB609BD7CB17E64
:10FC7C00072DB8E7911DBF906410B71DF220B06A34
:10FC8C004871B9F3DE41BE847DD4DA1AEBE4DD6D44
:10FC9C0051B5D4F4C785D38356986C13C0A86B6444
:10FCAC007AF962FDECC9658A4F5C0114D96C066364
:10FCBC00633D0FFAF50D088DC8206E3B5E10694C44
:10FCCC00E44160D5727167A2D1E4033C47D4044B84
:10FCDC00FD850DD26BB50AA5FAA8B5356C98B24264
:10FCEC00D6C9BBDB40F9BCACE36CD832755CDF45E4
:10FCFC00CF0DD6DC593DD1ABAC30D9263A00DE5114
:10FD0C008051D7C81661D0BFB5F4B42123C4B35603
:10FD1C009995BACF0FA5BDB89EB802280888055F83
:10FD2C00B2D90CC624E90BB1877C6F2F114C6858E3
:10FD3C00AB1D61C13D2D66B69041DC760671DB01D1
:10FD4C00BC20D2982A10D5EF8985B1711FB5B606A3
:10FD5C00A5E4BF9F33D4B8E8A2C9077834F9000FE3
:10FD6C008EA8099618980EE1BB0D6A7F2D3D6D0883
:10FD7C00976C6491015C63E6F4516B6B62616C1C73
:10FD8C00D83065854E0062F2ED95066C7BA5011BA3
:10FD9C00C1F4088257C40FF5C6D9B06550E9B71243
:10FDAC00EAB8BE8B7C88B9FCDF1DDD62492DDA1503
:10FDBC00F37CD38C654CD4FB5861B24DCE51B53A23
:10FDCC007400BCA3E230BBD441A5DF4AD795D83D23
:10FDDC006DC4D1A4FBF4D6D36AE96943FCD96E3463
:10FDEC00468867ADD0B860DA732D0444E51D033343
:10FDFC005F4C0AAAC97C0DDD3C710550AA41022753
:10FE0C0010100BBE86200CC925B56857B3856F2022
:10FE1C0009D466B99FE461CE0EF9DE5E98C9D92982
:10FE2C002298D0B0B4A8D7C7173DB359810DB42EC2
:10FE3C003B5CBDB7AD6CBAC02083B8EDB6B3BF9A0E
:10FE4C000CE2B6039AD2B1743947D5EAAF77D29D9A
:10FE5C001526DB048316DC73120B63E3843B64947A
:10FE6C003E6A6D0DA85A6A7A0BCF0EE49DFF09937A
:10FE7C0027AE000AB19E077D44930FF0D2A30887EA
:10FE8C0068F2011EFEC206695D5762F7CB6765809A
:10FE9C0071366C19E7066B6E761BD4FEE02BD3899A
:10FEAC005A7ADA10CC4ADD676FDFB9F9F9EFBE8EFA
:10FEBC0043BEB717D58EB060E8A3D6D67E93D1A13A
:10FECC00C4C2D83852F2DF4FF167BBD16757BCA61A
:10FEDC00DD06B53F4B36B248DA2B0DD84C1B0AAFBA
:10FEEC00F64A0336607A0441C3EF60DF55DF67A83A
:10FEFC00EF8E6E3179BE69468CB361CB1A8366BCCA
:10FF0C00A0D26F2536E2685295770CCC03470BBB19
:10FF1C00B91602222F260555BE3BBAC5280BBDB219
:10FF2C00925AB42B046AB35CA7FFD7C231CFD0B5B9
:10FF3C008B9ED92C1DAEDE5BB0C2649B26F263ECAB
:10FF4C009CA36A750A936D02A906099C3F360EEBB9
:10FF5C008567077213570005824ABF95147AB8E279
:10FF6C00AE2BB17B381BB60C9B8ED2920DBED5E559
:10FF7C00B7EFDC7C21DFDB0BD4D2D38642E2D4F1A9
:10FF8C00F8B3DD686E83DA1FCD16BE815B26B9F639
:10FF9C00E177B06F7747B718E65A0888706A0FFF99
:10FFAC00CA3B06665C0B0111FF9E658F69AE62F859
:10FFBC00D3FF6B6145CF6C1678E20AA0EED20DD759
:10FFCC005483044EC2B30339612667A7F71660D079
:10FFDC004D476949DB776E3E4A6AD1AEDC5AD6D9B9
:10FFEC00660BDF40F03BD83753AEBCA9C59EBBDED9
:04FFFC007FCFB247BA
:020000040801F1
:10000000E9FFB5301CF2BDBD8AC2BACA3093B35302
:10001000A6A3B4240536D0BA9306D7CD2957DE540B
:10002000BF67D9232E7A66B3B84A61C4021B685DE4
:10003000942B6F2A37BE0BB4A18E0CC31BDF055A5D
:100040008DEF022D232D302B2000686C4C0065664F
:100050006745464700303132333435363738394119
:10006000424344454600303132333435363738392F
:08007000616263646566000033
:080078002801FF7F01000000D8
:04008000850A0008E5
:04008400610A000805
:100088000000000000000000000000000000000068
:10009800C90B210503000E0000000000000000004D
:1000A800000000000000000000000000C90B21054E
:1000B80001000D00000000000100000000040240E3
:1000C80020000000000000000004024010000000B2
:1000D80000000000000402400800000000000000CA
:1000E800000C02400400000000000000000802406C
:1000F8000010000000000000000802400008000096
:100108000000000000080240000400000000000099
:1001180000000240008000000000000000040240CF
:100128000004000000000000000002400001000080
:100138000000000000000240000200000000000073
:10014800000002400004000000000000AAAAAAAAB9
:1001580001000000100000000024F400010000006D
:1001680009024300020100C0320904000001020232
:1001780001000524001001052401000104240202E5
:100188000524060001070582030800100904010080
:10019800020A00000007050102400000070581026D
:1001A800400000002DD00008C9CF0008B5CE0008D7
:1001B80000000000DDCC000839CE000801CE0008A0
:1001C800000000000000000000000000B9CD000899
:1001D80071CD000829CD00081DCD00080A060002CF
:1001E800000000400100000059D20008D3D10008E7
:1001F800D7D10008E1D10008DBD100081A030000BC
:1002080000000000000000000000000000000000E6
:1002180000000000000000000403090412010002AD
:10022800020200408304405700020102030100005B
:100238009DE00008A9E000086DE1000849E1000818
:1002480035E1000889E10008ADE10008D00100208F
:100258000000000000C0002068C00020D0C00020BE
:100268000000000000000000000000000000000086
:100278000000000000000000000000000000000076
:100288000000000000000000000000000000000066
:0C0298000000000000000000000000005A
:040000050800E3719B
:00000001FF
